study_id,survey_id,site_id,point_id,year,month,day,elevation,geoid,position,cover_class,Genus_species,geoid12b,geoid18,geoid09,elevation_navd88_geoid12b,dem_raster,i,elevation_DEM,latitude,longitude,elevation_error
Holmquist et al 2021,July and August 2016 20m Grid Survey,GCW,1,2016,8,1,0.113,GEOID12B,wetland,Typha angustifolia,Typha angustifolia,-33.331199645996094,-33.371246337890625,-33.329566955566406,0.113,MD_West_GCS_3m_NAVDm.tif,19,0.3807522654533386,38.87517271273743,-76.55193453475067,0.26775226545333863
Holmquist et al 2021,July and August 2016 20m Grid Survey,GCW,2,2016,8,1,0.16725,GEOID12B,wetland,Schoenoplectus americanus,Schoenoplectus americanus,-33.331199645996094,-33.371246337890625,-33.329566955566406,0.16725,MD_West_GCS_3m_NAVDm.tif,19,0.3906606137752533,38.87517671599004,-76.55170232062059,0.22341061377525329
Holmquist et al 2021,July and August 2016 20m Grid Survey,GCW,3,2016,8,1,0.116,GEOID12B,wetland,Iva frutescens,Iva frutescens,-33.331199645996094,-33.371246337890625,-33.329566955566406,0.116,MD_West_GCS_3m_NAVDm.tif,19,0.2394016534090042,38.87517895243415,-76.5514731746469,0.1234016534090042
Holmquist et al 2021,July and August 2016 20m Grid Survey,GCW,4,2016,8,1,0.211,GEOID12B,wetland,Typha angustifolia,Typha angustifolia,-33.35449981689453,-33.398616790771484,-33.3565673828125,0.211,MD_West_GCS_3m_NAVDm.tif,19,0.40703150629997253,38.874640949011855,-76.55122987007748,0.19603150629997254
Holmquist et al 2021,July and August 2016 20m Grid Survey,GCW,5,2016,8,1,0.174,GEOID12B,wetland,Spartina cynosuroides,Spartina cynosuroides,-33.35449981689453,-33.398616790771484,-33.3565673828125,0.174,MD_West_GCS_3m_NAVDm.tif,19,0.304203599691391,38.87482233736011,-76.55123528947446,0.130203599691391
Holmquist et al 2021,July and August 2016 20m Grid Survey,GCW,6,2016,8,1,0.171,GEOID12B,wetland,Iva frutescens,Iva frutescens,-33.331199645996094,-33.371246337890625,-33.329566955566406,0.171,MD_West_GCS_3m_NAVDm.tif,19,0.4152987599372864,38.875001383685806,-76.55123725744346,0.24429875993728636
Holmquist et al 2021,July and August 2016 20m Grid Survey,GCW,7,2016,8,1,0.147,GEOID12B,wetland,Iva frutescens,Iva frutescens,-33.331199645996094,-33.371246337890625,-33.329566955566406,0.147,MD_West_GCS_3m_NAVDm.tif,19,0.3311964273452759,38.87518153684661,-76.55124205064031,0.1841964273452759
Holmquist et al 2021,July and August 2016 20m Grid Survey,GCW,8,2016,8,1,0.184,GEOID12B,wetland,Schoenoplectus americanus,Schoenoplectus americanus,-33.35449981689453,-33.398616790771484,-33.3565673828125,0.184,MD_West_GCS_3m_NAVDm.tif,19,0.28548306226730347,38.87464484714449,-76.55100020573524,0.10148306226730347
Holmquist et al 2021,July and August 2016 20m Grid Survey,GCW,9,2016,8,1,0.13,GEOID12B,wetland,Phragmites australis,Phragmites australis,-33.35449981689453,-33.398616790771484,-33.3565673828125,0.13,MD_West_GCS_3m_NAVDm.tif,19,0.34377220273017883,38.87482439589156,-76.55100437419455,0.21377220273017883
Holmquist et al 2021,July and August 2016 20m Grid Survey,GCW,10,2016,8,1,-0.012,GEOID12B,wetland,NA,NA,-33.331199645996094,-33.371246337890625,-33.329566955566406,-0.012,MD_West_GCS_3m_NAVDm.tif,19,0.3466215431690216,38.87500513831313,-76.55100822282213,0.3586215431690216
Holmquist et al 2021,July and August 2016 20m Grid Survey,GCW,11,2016,8,1,0.216,GEOID12B,wetland,Spartina alterniflora,Spartina alterniflora,-33.331199645996094,-33.371246337890625,-33.329566955566406,0.216,MD_West_GCS_3m_NAVDm.tif,19,0.2502051889896393,38.875184372855486,-76.55101162371996,0.034205188989639285
Holmquist et al 2021,July and August 2016 20m Grid Survey,GCW,12,2016,8,1,0.191,GEOID12B,wetland,Iva frutescens,Iva frutescens,-33.35449981689453,-33.398616790771484,-33.3565673828125,0.191,MD_West_GCS_3m_NAVDm.tif,19,0.4009544849395752,38.87464659235982,-76.55076909977176,0.2099544849395752
Holmquist et al 2021,July and August 2016 20m Grid Survey,GCW,13,2016,8,1,0.15,GEOID12B,wetland,Iva frutescens,Iva frutescens,-33.35449981689453,-33.398616790771484,-33.3565673828125,0.15,MD_West_GCS_3m_NAVDm.tif,19,0.4606257379055023,38.874828025141554,-76.55077117605987,0.3106257379055023
Holmquist et al 2021,July and August 2016 20m Grid Survey,GCW,14,2016,8,1,0.042,GEOID12B,wetland,Spartina cynosuroides,Spartina cynosuroides,-33.331199645996094,-33.371246337890625,-33.329566955566406,0.042,MD_West_GCS_3m_NAVDm.tif,19,0.3779158294200897,38.87500802345962,-76.5507781318162,0.33591582942008974
Holmquist et al 2021,July and August 2016 20m Grid Survey,GCW,15,2016,8,1,0.069,GEOID12B,wetland,Iva frutescens,Iva frutescens,-33.331199645996094,-33.371246337890625,-33.329566955566406,0.069,MD_West_GCS_3m_NAVDm.tif,19,0.3626227080821991,38.87518800800051,-76.55078137552907,0.2936227080821991
Holmquist et al 2021,July and August 2016 20m Grid Survey,GCW,17,2016,8,1,0.162,GEOID12B,wetland,Schoenoplectus americanus,Schoenoplectus americanus,-33.35449981689453,-33.398616790771484,-33.3565673828125,0.162,MD_West_GCS_3m_NAVDm.tif,19,0.34844061732292175,38.874651442186085,-76.55053894886076,0.18644061732292175
Holmquist et al 2021,July and August 2016 20m Grid Survey,GCW,18,2016,8,1,-0.04,GEOID12B,wetland,Iva frutescens,Iva frutescens,-33.35449981689453,-33.398616790771484,-33.3565673828125,-0.04,MD_West_GCS_3m_NAVDm.tif,19,0.3393729329109192,38.87483056209748,-76.55054284171277,0.37937293291091917
Holmquist et al 2021,July and August 2016 20m Grid Survey,GCW,19,2016,8,1,0.151,GEOID12B,wetland,Iva frutescens,Iva frutescens,-33.331199645996094,-33.371246337890625,-33.329566955566406,0.151,MD_West_GCS_3m_NAVDm.tif,19,0.4434928297996521,38.87501147337667,-76.55054822597,0.2924928297996521
Holmquist et al 2021,July and August 2016 20m Grid Survey,GCW,20,2016,8,1,0.167,GEOID12B,wetland,Phragmites australis,Phragmites australis,-33.331199645996094,-33.371246337890625,-33.329566955566406,0.167,MD_West_GCS_3m_NAVDm.tif,19,0.3389084041118622,38.87519079959003,-76.55055083232021,0.17190840411186217
Holmquist et al 2021,July and August 2016 20m Grid Survey,GCW,21,2016,8,1,0.15,GEOID12B,wetland,Iva frutescens,Iva frutescens,-33.331199645996094,-33.371246337890625,-33.329566955566406,0.15,MD_West_GCS_3m_NAVDm.tif,19,0.4225308299064636,38.87537170681016,-76.55055380735311,0.2725308299064636
Holmquist et al 2021,July and August 2016 20m Grid Survey,GCW,22,2016,8,1,-0.035,GEOID12B,wetland,Spartina cynosuroides,Spartina cynosuroides,-33.331199645996094,-33.371246337890625,-33.329566955566406,-0.035,MD_West_GCS_3m_NAVDm.tif,19,0.39285415410995483,38.875550871323775,-76.55053194916549,0.42785415410995487
Holmquist et al 2021,July and August 2016 20m Grid Survey,GCW,23,2016,8,1,0.19725,GEOID12B,wetland,Schoenoplectus americanus,Schoenoplectus americanus,-33.35449981689453,-33.398616790771484,-33.3565673828125,0.19725,MD_West_GCS_3m_NAVDm.tif,19,0.4208258390426636,38.874469688122595,-76.55029998519838,0.22357583904266357
Holmquist et al 2021,July and August 2016 20m Grid Survey,GCW,24,2016,8,1,0.19,GEOID12B,wetland,Iva frutescens,Iva frutescens,-33.35449981689453,-33.398616790771484,-33.3565673828125,0.19,MD_West_GCS_3m_NAVDm.tif,19,0.4317323565483093,38.874650499767185,-76.55030032057321,0.24173235654830932
Holmquist et al 2021,July and August 2016 20m Grid Survey,GCW,25,2016,8,1,0.20425,GEOID12B,wetland,Iva frutescens,Iva frutescens,-33.35449981689453,-33.398616790771484,-33.3565673828125,0.20425,MD_West_GCS_3m_NAVDm.tif,19,0.5051752328872681,38.874841319246954,-76.55031446983388,0.3009252328872681
Holmquist et al 2021,July and August 2016 20m Grid Survey,GCW,26,2016,8,1,0.262,GEOID12B,wetland,Iva frutescens,Iva frutescens,-33.331199645996094,-33.371246337890625,-33.329566955566406,0.262,MD_West_GCS_3m_NAVDm.tif,19,0.5328421592712402,38.87501170953339,-76.55032212342766,0.2708421592712402
Holmquist et al 2021,July and August 2016 20m Grid Survey,GCW,27,2016,8,1,0.29325,GEOID12B,wetland,Iva frutescens,Iva frutescens,-33.331199645996094,-33.371246337890625,-33.329566955566406,0.29325,MD_West_GCS_3m_NAVDm.tif,19,0.5479903817176819,38.87520350971259,-76.55032586482396,0.2547403817176819
Holmquist et al 2021,July and August 2016 20m Grid Survey,GCW,28,2016,8,1,0.336,GEOID12B,wetland,C4,NA,-33.331199645996094,-33.371246337890625,-33.329566955566406,0.336,MD_West_GCS_3m_NAVDm.tif,19,0.35052531957626343,38.87537755942962,-76.55032071622941,0.014525319576263407
Holmquist et al 2021,July and August 2016 20m Grid Survey,GCW,29,2016,8,1,0.31725000000000003,GEOID12B,wetland,C4,NA,-33.331199645996094,-33.371246337890625,-33.329566955566406,0.31725000000000003,MD_West_GCS_3m_NAVDm.tif,19,0.40262824296951294,38.87555899363376,-76.55032794422718,0.08537824296951291
Holmquist et al 2021,July and August 2016 20m Grid Survey,GCW,30,2016,8,1,0.25,GEOID12B,wetland,Typha angustifolia,Typha angustifolia,-33.35449981689453,-33.398616790771484,-33.3565673828125,0.25,MD_West_GCS_3m_NAVDm.tif,19,0.471281498670578,38.87410968744498,-76.5500771670474,0.221281498670578
Holmquist et al 2021,July and August 2016 20m Grid Survey,GCW,31,2016,8,1,0.209,GEOID12B,wetland,Schoenoplectus americanus,Schoenoplectus americanus,-33.35449981689453,-33.398616790771484,-33.3565673828125,0.209,MD_West_GCS_3m_NAVDm.tif,19,0.40367236733436584,38.87429205043365,-76.5500621208243,0.19467236733436585
Holmquist et al 2021,July and August 2016 20m Grid Survey,GCW,32,2016,8,1,0.278,GEOID12B,wetland,C4,NA,-33.35449981689453,-33.398616790771484,-33.3565673828125,0.278,MD_West_GCS_3m_NAVDm.tif,19,0.4334321618080139,38.87447984796304,-76.5500707542048,0.1554321618080139
Holmquist et al 2021,July and August 2016 20m Grid Survey,GCW,33,2016,8,1,0.234,GEOID12B,wetland,Schoenoplectus americanus,Schoenoplectus americanus,-33.35449981689453,-33.398616790771484,-33.3565673828125,0.234,MD_West_GCS_3m_NAVDm.tif,19,0.3845697045326233,38.87465831867092,-76.55007060874952,0.15056970453262328
Holmquist et al 2021,July and August 2016 20m Grid Survey,GCW,34,2016,8,1,0.2692,GEOID12B,wetland,C4,NA,-33.35449981689453,-33.398616790771484,-33.3565673828125,0.2692,MD_West_GCS_3m_NAVDm.tif,19,0.423507958650589,38.874837576975395,-76.55007588900911,0.154307958650589
Holmquist et al 2021,July and August 2016 20m Grid Survey,GCW,35,2016,8,1,0.264,GEOID12B,wetland,Iva frutescens,Iva frutescens,-33.331199645996094,-33.371246337890625,-33.329566955566406,0.264,MD_West_GCS_3m_NAVDm.tif,19,0.44695529341697693,38.875197511931894,-76.55009282510416,0.18295529341697692
Holmquist et al 2021,July and August 2016 20m Grid Survey,GCW,36,2016,8,1,0.31,GEOID12B,wetland,C4,NA,-33.331199645996094,-33.371246337890625,-33.329566955566406,0.31,MD_West_GCS_3m_NAVDm.tif,19,0.3621165454387665,38.87537885117991,-76.55009380260496,0.05211654543876648
Holmquist et al 2021,July and August 2016 20m Grid Survey,GCW,37,2016,8,1,0.31,GEOID12B,wetland,C4,NA,-33.331199645996094,-33.371246337890625,-33.329566955566406,0.31,MD_West_GCS_3m_NAVDm.tif,19,0.4783644378185272,38.87556049672494,-76.55009953605914,0.16836443781852722
Holmquist et al 2021,July and August 2016 20m Grid Survey,GCW,38,2016,8,1,0.169,GEOID12B,wetland,Phragmites australis,Phragmites australis,-33.331199645996094,-33.371246337890625,-33.329566955566406,0.169,MD_West_GCS_3m_NAVDm.tif,19,0.357435017824173,38.87572928204496,-76.5500979353637,0.18843501782417296
Holmquist et al 2021,July and August 2016 20m Grid Survey,GCW,39,2016,8,1,0.231,GEOID12B,wetland,Schoenoplectus americanus,Schoenoplectus americanus,-33.35449981689453,-33.398616790771484,-33.3565673828125,0.231,MD_West_GCS_3m_NAVDm.tif,19,0.3760938346385956,38.87339916292583,-76.54982068871138,0.14509383463859557
Holmquist et al 2021,July and August 2016 20m Grid Survey,GCW,40,2016,8,1,0.203,GEOID12B,wetland,Schoenoplectus americanus,Schoenoplectus americanus,-33.35449981689453,-33.398616790771484,-33.3565673828125,0.203,MD_West_GCS_3m_NAVDm.tif,19,0.4239620864391327,38.873579752641085,-76.54982518786473,0.22096208643913268
Holmquist et al 2021,July and August 2016 20m Grid Survey,GCW,41,2016,8,1,0.252,GEOID12B,wetland,C4,NA,-33.35449981689453,-33.398616790771484,-33.3565673828125,0.252,MD_West_GCS_3m_NAVDm.tif,19,0.4057110548019409,38.874119415350485,-76.5498385245249,0.15371105480194092
Holmquist et al 2021,July and August 2016 20m Grid Survey,GCW,42,2016,8,1,0.239,GEOID12B,wetland,C4,NA,-33.35449981689453,-33.398616790771484,-33.3565673828125,0.239,MD_West_GCS_3m_NAVDm.tif,19,0.43076595664024353,38.87465875508642,-76.54984564133318,0.19176595664024354
Holmquist et al 2021,July and August 2016 20m Grid Survey,GCW,43,2016,8,1,0.261,GEOID12B,wetland,C4,NA,-33.35449981689453,-33.398616790771484,-33.3565673828125,0.261,MD_West_GCS_3m_NAVDm.tif,19,0.42977946996688843,38.874840419409445,-76.5498533571315,0.16877946996688842
Holmquist et al 2021,July and August 2016 20m Grid Survey,GCW,44,2016,8,1,0.299,GEOID12B,wetland,C4,NA,-33.331199645996094,-33.371246337890625,-33.329566955566406,0.299,MD_West_GCS_3m_NAVDm.tif,19,0.34944337606430054,38.87501680431977,-76.54984131580089,0.05044337606430055
Holmquist et al 2021,July and August 2016 20m Grid Survey,GCW,45,2016,8,1,0.222,GEOID12B,wetland,Phragmites australis,Phragmites australis,-33.331199645996094,-33.371246337890625,-33.329566955566406,0.222,MD_West_GCS_3m_NAVDm.tif,19,0.5544871091842651,38.87519868545711,-76.54985441962384,0.33248710918426516
Holmquist et al 2021,July and August 2016 20m Grid Survey,GCW,46,2016,8,1,0.244,GEOID12B,wetland,Iva frutescens,Iva frutescens,-33.331199645996094,-33.371246337890625,-33.329566955566406,0.244,MD_West_GCS_3m_NAVDm.tif,19,0.5177938342094421,38.87537800565829,-76.54987309323865,0.27379383420944214
Holmquist et al 2021,July and August 2016 20m Grid Survey,GCW,47,2016,8,1,0.226,GEOID12B,wetland,Phragmites australis,Phragmites australis,-33.331199645996094,-33.371246337890625,-33.329566955566406,0.226,MD_West_GCS_3m_NAVDm.tif,19,0.3861578404903412,38.87556198594652,-76.54987061172493,0.16015784049034118
Holmquist et al 2021,July and August 2016 20m Grid Survey,GCW,48,2016,8,1,0.26,GEOID12B,wetland,Phragmites australis,Phragmites australis,-33.331199645996094,-33.371246337890625,-33.329566955566406,0.26,MD_West_GCS_3m_NAVDm.tif,19,0.3931894302368164,38.87574345277934,-76.54986197761457,0.1331894302368164
Holmquist et al 2021,July and August 2016 20m Grid Survey,GCW,49,2016,8,1,0.21,GEOID12B,wetland,Typha angustifolia,Typha angustifolia,-33.35449981689453,-33.398616790771484,-33.3565673828125,0.21,MD_West_GCS_3m_NAVDm.tif,19,0.29215484857559204,38.87303329638033,-76.54954363287929,0.08215484857559205
Holmquist et al 2021,July and August 2016 20m Grid Survey,GCW,50,2016,8,1,0.206,GEOID12B,wetland,Schoenoplectus americanus,Schoenoplectus americanus,-33.35449981689453,-33.398616790771484,-33.3565673828125,0.206,MD_West_GCS_3m_NAVDm.tif,19,0.4023670554161072,38.87322090664227,-76.54959489891925,0.1963670554161072
Holmquist et al 2021,July and August 2016 20m Grid Survey,GCW,51,2016,8,1,0.146,GEOID12B,wetland,Schoenoplectus americanus,Schoenoplectus americanus,-33.35449981689453,-33.398616790771484,-33.3565673828125,0.146,MD_West_GCS_3m_NAVDm.tif,19,0.42127513885498047,38.87340005397808,-76.54959333751358,0.27527513885498045
Holmquist et al 2021,July and August 2016 20m Grid Survey,GCW,52,2016,8,1,0.185,GEOID12B,wetland,Schoenoplectus americanus,Schoenoplectus americanus,-33.35449981689453,-33.398616790771484,-33.3565673828125,0.185,MD_West_GCS_3m_NAVDm.tif,19,0.39907196164131165,38.87358376131815,-76.54959173682938,0.21407196164131165
Holmquist et al 2021,July and August 2016 20m Grid Survey,GCW,53,2016,8,1,0.184,GEOID12B,wetland,Schoenoplectus americanus,Schoenoplectus americanus,-33.35449981689453,-33.398616790771484,-33.3565673828125,0.184,MD_West_GCS_3m_NAVDm.tif,19,0.44431430101394653,38.8739751415015,-76.54959285994592,0.26031430101394654
Holmquist et al 2021,July and August 2016 20m Grid Survey,GCW,54,2016,8,1,0.222,GEOID12B,wetland,C4,NA,-33.35449981689453,-33.398616790771484,-33.3565673828125,0.222,MD_West_GCS_3m_NAVDm.tif,19,0.46059879660606384,38.874121800373246,-76.54960248896138,0.23859879660606384
Holmquist et al 2021,July and August 2016 20m Grid Survey,GCW,55,2016,8,1,0.197,GEOID12B,wetland,C4,NA,-33.35449981689453,-33.398616790771484,-33.3565673828125,0.197,MD_West_GCS_3m_NAVDm.tif,19,0.39064621925354004,38.87430370244337,-76.54961130428106,0.19364621925354003
Holmquist et al 2021,July and August 2016 20m Grid Survey,GCW,56,2016,8,1,0.202,GEOID12B,wetland,Schoenoplectus americanus,Schoenoplectus americanus,-33.35449981689453,-33.398616790771484,-33.3565673828125,0.202,MD_West_GCS_3m_NAVDm.tif,19,0.39885184168815613,38.874483292939566,-76.54961165459812,0.19685184168815612
Holmquist et al 2021,July and August 2016 20m Grid Survey,GCW,57,2016,8,1,0.291,GEOID12B,wetland,C4,NA,-33.35449981689453,-33.398616790771484,-33.3565673828125,0.291,MD_West_GCS_3m_NAVDm.tif,19,0.37447890639305115,38.87466337459745,-76.54961912790037,0.08347890639305117
Holmquist et al 2021,July and August 2016 20m Grid Survey,GCW,58,2016,8,1,0.247,GEOID12B,wetland,C4,NA,-33.35449981689453,-33.398616790771484,-33.3565673828125,0.247,MD_West_GCS_3m_NAVDm.tif,19,0.4491842985153198,38.874845157435686,-76.54961995239655,0.20218429851531983
Holmquist et al 2021,July and August 2016 20m Grid Survey,GCW,59,2016,8,1,0.268,GEOID12B,wetland,Iva frutescens,Iva frutescens,-33.331199645996094,-33.371246337890625,-33.329566955566406,0.268,MD_West_GCS_3m_NAVDm.tif,19,0.37952855229377747,38.875027229966896,-76.54962474859175,0.11152855229377745
Holmquist et al 2021,July and August 2016 20m Grid Survey,GCW,60,2016,8,1,0.193,GEOID12B,wetland,Phragmites australis,Phragmites australis,-33.331199645996094,-33.371246337890625,-33.329566955566406,0.193,MD_West_GCS_3m_NAVDm.tif,19,0.5044674873352051,38.8752038610998,-76.54962742088264,0.3114674873352051
Holmquist et al 2021,July and August 2016 20m Grid Survey,GCW,61,2016,8,1,0.271,GEOID12B,wetland,Phragmites australis,Phragmites australis,-33.331199645996094,-33.371246337890625,-33.329566955566406,0.271,MD_West_GCS_3m_NAVDm.tif,19,0.636945903301239,38.875385101632446,-76.54963312126777,0.365945903301239
Holmquist et al 2021,July and August 2016 20m Grid Survey,GCW,62,2016,8,1,0.191,GEOID12B,wetland,Phragmites australis,Phragmites australis,-33.331199645996094,-33.371246337890625,-33.329566955566406,0.191,MD_West_GCS_3m_NAVDm.tif,19,0.4121328294277191,38.8755638407565,-76.5496392284588,0.2211328294277191
Holmquist et al 2021,July and August 2016 20m Grid Survey,GCW,63,2016,8,1,0.297,GEOID12B,wetland,Phragmites australis,Phragmites australis,-33.331199645996094,-33.371246337890625,-33.329566955566406,0.297,MD_West_GCS_3m_NAVDm.tif,19,0.4982299208641052,38.87574254560421,-76.5496418075657,0.20122992086410524
Holmquist et al 2021,July and August 2016 20m Grid Survey,GCW,64,2016,8,1,0.319,GEOID12B,wetland,Iva frutescens,Iva frutescens,-33.331199645996094,-33.371246337890625,-33.329566955566406,0.319,MD_West_GCS_3m_NAVDm.tif,19,0.43268218636512756,38.87592233221662,-76.54964367244264,0.11368218636512756
Holmquist et al 2021,July and August 2016 20m Grid Survey,GCW,65,2016,8,1,0.33,GEOID12B,wetland,Phragmites australis,Phragmites australis,-33.331199645996094,-33.371246337890625,-33.329566955566406,0.33,MD_West_GCS_3m_NAVDm.tif,19,0.5372037887573242,38.876105169052096,-76.54964790909273,0.2072037887573242
Holmquist et al 2021,July and August 2016 20m Grid Survey,GCW,66,2016,8,1,0.13,GEOID12B,wetland,Phragmites australis,Phragmites australis,-33.331199645996094,-33.371246337890625,-33.329566955566406,0.13,MD_West_GCS_3m_NAVDm.tif,19,0.32071077823638916,38.87628451469179,-76.5496504099861,0.19071077823638916
Holmquist et al 2021,July and August 2016 20m Grid Survey,GCW,67,2016,8,1,-0.119,GEOID12B,wetland,Phragmites australis,Phragmites australis,-33.331199645996094,-33.371246337890625,-33.329566955566406,-0.119,MD_West_GCS_3m_NAVDm.tif,19,0.32239025831222534,38.87646720014198,-76.54962531740652,0.44139025831222534
Holmquist et al 2021,July and August 2016 20m Grid Survey,GCW,68,2016,8,1,0.121,GEOID12B,wetland,Schoenoplectus americanus,Schoenoplectus americanus,-33.35449981689453,-33.398616790771484,-33.3565673828125,0.121,MD_West_GCS_3m_NAVDm.tif,19,0.4253818988800049,38.87304064696188,-76.54935639862505,0.3043818988800049
Holmquist et al 2021,July and August 2016 20m Grid Survey,GCW,69,2016,8,1,0.117,GEOID12B,wetland,Schoenoplectus americanus,Schoenoplectus americanus,-33.35449981689453,-33.398616790771484,-33.3565673828125,0.117,MD_West_GCS_3m_NAVDm.tif,19,0.3864053189754486,38.87322483725039,-76.54935507291546,0.2694053189754486
Holmquist et al 2021,July and August 2016 20m Grid Survey,GCW,70,2016,8,1,0.216,GEOID12B,wetland,Schoenoplectus americanus,Schoenoplectus americanus,-33.35449981689453,-33.398616790771484,-33.3565673828125,0.216,MD_West_GCS_3m_NAVDm.tif,19,0.3830939829349518,38.87340422430039,-76.54936125074695,0.16709398293495178
Holmquist et al 2021,July and August 2016 20m Grid Survey,GCW,71,2016,8,1,0.144,GEOID12B,wetland,Schoenoplectus americanus,Schoenoplectus americanus,-33.35449981689453,-33.398616790771484,-33.3565673828125,0.144,MD_West_GCS_3m_NAVDm.tif,19,0.4082386791706085,38.87358580343536,-76.54936588549424,0.2642386791706085
Holmquist et al 2021,July and August 2016 20m Grid Survey,GCW,72,2016,8,1,0.208,GEOID12B,wetland,Schoenoplectus americanus,Schoenoplectus americanus,-33.35449981689453,-33.398616790771484,-33.3565673828125,0.208,MD_West_GCS_3m_NAVDm.tif,19,0.4377139210700989,38.8737675629103,-76.549369152474,0.2297139210700989
Holmquist et al 2021,July and August 2016 20m Grid Survey,GCW,73,2016,8,1,0.195,GEOID12B,wetland,Schoenoplectus americanus,Schoenoplectus americanus,-33.35449981689453,-33.398616790771484,-33.3565673828125,0.195,MD_West_GCS_3m_NAVDm.tif,19,0.45387399196624756,38.87395059561511,-76.54937153649384,0.25887399196624755
Holmquist et al 2021,July and August 2016 20m Grid Survey,GCW,74,2016,8,1,0.212,GEOID12B,wetland,Schoenoplectus americanus,Schoenoplectus americanus,-33.35449981689453,-33.398616790771484,-33.3565673828125,0.212,MD_West_GCS_3m_NAVDm.tif,19,0.40392178297042847,38.874304892702526,-76.54937699427848,0.19192178297042847
Holmquist et al 2021,July and August 2016 20m Grid Survey,GCW,75,2016,8,1,0.15,GEOID12B,wetland,Schoenoplectus americanus,Schoenoplectus americanus,-33.35449981689453,-33.398616790771484,-33.3565673828125,0.15,MD_West_GCS_3m_NAVDm.tif,19,0.4718173146247864,38.874489419105814,-76.54937817741074,0.32181731462478635
Holmquist et al 2021,July and August 2016 20m Grid Survey,GCW,76,2016,8,1,0.261,GEOID12B,wetland,C4,NA,-33.35449981689453,-33.398616790771484,-33.3565673828125,0.261,MD_West_GCS_3m_NAVDm.tif,19,0.40935587882995605,38.874668464937415,-76.54938833652862,0.14835587882995604
Holmquist et al 2021,July and August 2016 20m Grid Survey,GCW,77,2016,8,1,0.257,GEOID12B,wetland,C4,NA,-33.35449981689453,-33.398616790771484,-33.3565673828125,0.257,MD_West_GCS_3m_NAVDm.tif,19,0.39242589473724365,38.8748471147107,-76.5493909943933,0.13542589473724365
Holmquist et al 2021,July and August 2016 20m Grid Survey,GCW,78,2016,8,1,0.286,GEOID12B,wetland,Iva frutescens,Iva frutescens,-33.331199645996094,-33.371246337890625,-33.329566955566406,0.286,MD_West_GCS_3m_NAVDm.tif,19,0.42766812443733215,38.87502722742684,-76.54939612784267,0.14166812443733218
Holmquist et al 2021,July and August 2016 20m Grid Survey,GCW,79,2016,8,1,0.255,GEOID12B,wetland,Schoenoplectus americanus,Schoenoplectus americanus,-33.331199645996094,-33.371246337890625,-33.329566955566406,0.255,MD_West_GCS_3m_NAVDm.tif,19,0.460408478975296,38.87520649250221,-76.54939859164176,0.20540847897529602
Holmquist et al 2021,July and August 2016 20m Grid Survey,GCW,80,2016,8,1,0.326,GEOID12B,wetland,C4,NA,-33.331199645996094,-33.371246337890625,-33.329566955566406,0.326,MD_West_GCS_3m_NAVDm.tif,19,0.4781908094882965,38.875387439223125,-76.54940063089617,0.1521908094882965
Holmquist et al 2021,July and August 2016 20m Grid Survey,GCW,81,2016,8,1,0.232,GEOID12B,wetland,Phragmites australis,Phragmites australis,-33.331199645996094,-33.371246337890625,-33.329566955566406,0.232,MD_West_GCS_3m_NAVDm.tif,19,0.44637227058410645,38.87556787360388,-76.54940664752128,0.21437227058410643
Holmquist et al 2021,July and August 2016 20m Grid Survey,GCW,82,2016,8,1,0.31,GEOID12B,wetland,C4,NA,-33.331199645996094,-33.371246337890625,-33.329566955566406,0.31,MD_West_GCS_3m_NAVDm.tif,19,0.4855770468711853,38.87574839839609,-76.5494112828673,0.1755770468711853
Holmquist et al 2021,July and August 2016 20m Grid Survey,GCW,83,2016,8,1,0.289,GEOID12B,wetland,Schoenoplectus americanus,Schoenoplectus americanus,-33.331199645996094,-33.371246337890625,-33.329566955566406,0.289,MD_West_GCS_3m_NAVDm.tif,19,0.4760172665119171,38.8759288079693,-76.54941305694638,0.18701726651191714
Holmquist et al 2021,July and August 2016 20m Grid Survey,GCW,84,2016,8,1,0.298,GEOID12B,wetland,Schoenoplectus americanus,Schoenoplectus americanus,-33.331199645996094,-33.371246337890625,-33.329566955566406,0.298,MD_West_GCS_3m_NAVDm.tif,19,0.46303728222846985,38.87610831570581,-76.54941896134979,0.16503728222846986
Holmquist et al 2021,July and August 2016 20m Grid Survey,GCW,85,2016,8,1,0.363,GEOID12B,wetland,C4,NA,-33.331199645996094,-33.371246337890625,-33.329566955566406,0.363,MD_West_GCS_3m_NAVDm.tif,19,0.4068105220794678,38.87628888526004,-76.54942158046947,0.043810522079467784
Holmquist et al 2021,July and August 2016 20m Grid Survey,GCW,86,2016,8,1,0.336,GEOID12B,wetland,C4,NA,-33.331199645996094,-33.371246337890625,-33.329566955566406,0.336,MD_West_GCS_3m_NAVDm.tif,19,0.4370211660861969,38.87646894350952,-76.54942266688015,0.10102116608619688
Holmquist et al 2021,July and August 2016 20m Grid Survey,GCW,87,2016,8,1,0.293,GEOID12B,wetland,Phragmites australis,Phragmites australis,-33.331199645996094,-33.371246337890625,-33.329566955566406,0.293,MD_West_GCS_3m_NAVDm.tif,19,0.5545085668563843,38.87664765082569,-76.54943049064234,0.2615085668563843
Holmquist et al 2021,July and August 2016 20m Grid Survey,GCW,88,2016,8,1,0.186,GEOID12B,wetland,Schoenoplectus americanus,Schoenoplectus americanus,-33.35449981689453,-33.398616790771484,-33.3565673828125,0.186,MD_West_GCS_3m_NAVDm.tif,19,0.43330562114715576,38.873046242730254,-76.54912210772574,0.24730562114715576
Holmquist et al 2021,July and August 2016 20m Grid Survey,GCW,89,2016,8,1,0.207,GEOID12B,wetland,Schoenoplectus americanus,Schoenoplectus americanus,-33.35449981689453,-33.398616790771484,-33.3565673828125,0.207,MD_West_GCS_3m_NAVDm.tif,19,0.40632885694503784,38.87322745319679,-76.54912532751185,0.19932885694503785
Holmquist et al 2021,July and August 2016 20m Grid Survey,GCW,90,2016,8,1,0.229,GEOID12B,wetland,Schoenoplectus americanus,Schoenoplectus americanus,-33.35449981689453,-33.398616790771484,-33.3565673828125,0.229,MD_West_GCS_3m_NAVDm.tif,19,0.451405793428421,38.873406454011416,-76.54913005550156,0.222405793428421
Holmquist et al 2021,July and August 2016 20m Grid Survey,GCW,91,2016,8,1,0.119,GEOID12B,wetland,Schoenoplectus americanus,Schoenoplectus americanus,-33.35449981689453,-33.398616790771484,-33.3565673828125,0.119,MD_West_GCS_3m_NAVDm.tif,19,0.4459315240383148,38.873591060232116,-76.54912726280014,0.3269315240383148
Holmquist et al 2021,July and August 2016 20m Grid Survey,GCW,92,2016,8,1,0.188,GEOID12B,wetland,Schoenoplectus americanus,Schoenoplectus americanus,-33.35449981689453,-33.398616790771484,-33.3565673828125,0.188,MD_West_GCS_3m_NAVDm.tif,19,0.4356260597705841,38.873766916264024,-76.54913878118305,0.2476260597705841
Holmquist et al 2021,July and August 2016 20m Grid Survey,GCW,93,2016,8,1,0.169,GEOID12B,wetland,Schoenoplectus americanus,Schoenoplectus americanus,-33.35449981689453,-33.398616790771484,-33.3565673828125,0.169,MD_West_GCS_3m_NAVDm.tif,19,0.44523555040359497,38.873941702817945,-76.54913854181521,0.27623555040359493
Holmquist et al 2021,July and August 2016 20m Grid Survey,GCW,94,2016,8,1,0.229,GEOID12B,wetland,C4,NA,-33.35449981689453,-33.398616790771484,-33.3565673828125,0.229,MD_West_GCS_3m_NAVDm.tif,19,0.38627269864082336,38.87430964201038,-76.54914877872488,0.15727269864082336
Holmquist et al 2021,July and August 2016 20m Grid Survey,GCW,95,2016,8,1,0.26,GEOID12B,wetland,C4,NA,-33.35449981689453,-33.398616790771484,-33.3565673828125,0.26,MD_West_GCS_3m_NAVDm.tif,19,0.4330546259880066,38.874489710834474,-76.5491517895199,0.17305462598800658
Holmquist et al 2021,July and August 2016 20m Grid Survey,GCW,96,2016,8,1,0.204,GEOID12B,wetland,C4,NA,-33.35449981689453,-33.398616790771484,-33.3565673828125,0.204,MD_West_GCS_3m_NAVDm.tif,19,0.3410681486129761,38.87466956936597,-76.54915706664357,0.1370681486129761
Holmquist et al 2021,July and August 2016 20m Grid Survey,GCW,97,2016,8,1,0.237,GEOID12B,wetland,Schoenoplectus americanus,Schoenoplectus americanus,-33.35449981689453,-33.398616790771484,-33.3565673828125,0.237,MD_West_GCS_3m_NAVDm.tif,19,0.406141459941864,38.87484969859754,-76.54916231510538,0.16914145994186403
Holmquist et al 2021,July and August 2016 20m Grid Survey,GCW,98,2016,8,1,0.282,GEOID12B,wetland,C4,NA,-33.331199645996094,-33.371246337890625,-33.329566955566406,0.282,MD_West_GCS_3m_NAVDm.tif,19,0.34725871682167053,38.87502986241888,-76.54916291886295,0.06525871682167056
Holmquist et al 2021,July and August 2016 20m Grid Survey,GCW,99,2016,8,1,0.301,GEOID12B,wetland,Schoenoplectus americanus,Schoenoplectus americanus,-33.331199645996094,-33.371246337890625,-33.329566955566406,0.301,MD_West_GCS_3m_NAVDm.tif,19,0.4896347224712372,38.87521162335481,-76.54916811060963,0.1886347224712372
Holmquist et al 2021,July and August 2016 20m Grid Survey,GCW,100,2016,8,1,0.289,GEOID12B,wetland,C4,NA,-33.331199645996094,-33.371246337890625,-33.329566955566406,0.289,MD_West_GCS_3m_NAVDm.tif,19,0.45827674865722656,38.87538963184708,-76.54917156097791,0.16927674865722658
Holmquist et al 2021,July and August 2016 20m Grid Survey,GCW,101,2016,8,1,0.3274,GEOID12B,wetland,Schoenoplectus americanus,Schoenoplectus americanus,-33.331199645996094,-33.371246337890625,-33.329566955566406,0.3274,MD_West_GCS_3m_NAVDm.tif,19,0.48131439089775085,38.87557137116168,-76.54917620824214,0.15391439089775083
Holmquist et al 2021,July and August 2016 20m Grid Survey,GCW,102,2016,8,1,0.321,GEOID12B,wetland,C4,NA,-33.331199645996094,-33.371246337890625,-33.329566955566406,0.321,MD_West_GCS_3m_NAVDm.tif,19,0.4304324984550476,38.87575086683008,-76.54918112267598,0.1094324984550476
Holmquist et al 2021,July and August 2016 20m Grid Survey,GCW,103,2016,8,1,0.3,GEOID12B,wetland,Iva frutescens,Iva frutescens,-33.331199645996094,-33.371246337890625,-33.329566955566406,0.3,MD_West_GCS_3m_NAVDm.tif,19,0.5481570959091187,38.87592998961547,-76.5491827644833,0.24815709590911866
Holmquist et al 2021,July and August 2016 20m Grid Survey,GCW,104,2016,8,1,0.265,GEOID12B,wetland,Iva frutescens,Iva frutescens,-33.331199645996094,-33.371246337890625,-33.329566955566406,0.265,MD_West_GCS_3m_NAVDm.tif,19,0.37272337079048157,38.87611161157459,-76.54918824159225,0.10772337079048155
Holmquist et al 2021,July and August 2016 20m Grid Survey,GCW,105,2016,8,1,0.301,GEOID12B,wetland,Schoenoplectus americanus,Schoenoplectus americanus,-33.331199645996094,-33.371246337890625,-33.329566955566406,0.301,MD_West_GCS_3m_NAVDm.tif,19,0.46088042855262756,38.87629141359641,-76.54919166191267,0.15988042855262757
Holmquist et al 2021,July and August 2016 20m Grid Survey,GCW,106,2016,8,1,0.338,GEOID12B,wetland,C4,NA,-33.331199645996094,-33.371246337890625,-33.329566955566406,0.338,MD_West_GCS_3m_NAVDm.tif,19,0.4437406659126282,38.87647217140405,-76.54919503385605,0.10574066591262815
Holmquist et al 2021,July and August 2016 20m Grid Survey,GCW,107,2016,8,1,0.31,GEOID12B,wetland,C4,NA,-33.331199645996094,-33.371246337890625,-33.329566955566406,0.31,MD_West_GCS_3m_NAVDm.tif,19,0.5460789799690247,38.87665094359615,-76.54919729065044,0.23607897996902466
Holmquist et al 2021,July and August 2016 20m Grid Survey,GCW,108,2016,8,1,0.23,GEOID12B,wetland,Schoenoplectus americanus,Schoenoplectus americanus,-33.35449981689453,-33.398616790771484,-33.3565673828125,0.23,MD_West_GCS_3m_NAVDm.tif,19,0.26622626185417175,38.87279811645758,-76.54889144969162,0.03622626185417174
Holmquist et al 2021,July and August 2016 20m Grid Survey,GCW,109,2016,8,1,-0.191,GEOID12B,wetland,Schoenoplectus americanus,Schoenoplectus americanus,-33.35449981689453,-33.398616790771484,-33.3565673828125,-0.191,MD_West_GCS_3m_NAVDm.tif,19,0.4408303499221802,38.87286949689827,-76.54888627905635,0.6318303499221802
Holmquist et al 2021,July and August 2016 20m Grid Survey,GCW,110,2016,8,1,0.277,GEOID12B,wetland,Schoenoplectus americanus,Schoenoplectus americanus,-33.35449981689453,-33.398616790771484,-33.3565673828125,0.277,MD_West_GCS_3m_NAVDm.tif,19,0.44369521737098694,38.87304953323644,-76.54889106345284,0.16669521737098691
Holmquist et al 2021,July and August 2016 20m Grid Survey,GCW,111,2016,8,1,0.203,GEOID12B,wetland,Schoenoplectus americanus,Schoenoplectus americanus,-33.35449981689453,-33.398616790771484,-33.3565673828125,0.203,MD_West_GCS_3m_NAVDm.tif,19,0.41799646615982056,38.87323007634621,-76.54889432579962,0.21499646615982054
Holmquist et al 2021,July and August 2016 20m Grid Survey,GCW,112,2016,8,1,0.036,GEOID12B,wetland,Schoenoplectus americanus,Schoenoplectus americanus,-33.35449981689453,-33.398616790771484,-33.3565673828125,0.036,MD_West_GCS_3m_NAVDm.tif,19,0.4161303639411926,38.8734102824646,-76.5488985376058,0.38013036394119265
Holmquist et al 2021,July and August 2016 20m Grid Survey,GCW,113,2016,8,1,0.268,GEOID12B,wetland,Schoenoplectus americanus,Schoenoplectus americanus,-33.35449981689453,-33.398616790771484,-33.3565673828125,0.268,MD_West_GCS_3m_NAVDm.tif,19,0.41609498858451843,38.87358953020884,-76.54890163357265,0.14809498858451842
Holmquist et al 2021,July and August 2016 20m Grid Survey,GCW,114,2016,8,1,0.08,GEOID12B,wetland,Schoenoplectus americanus,Schoenoplectus americanus,-33.35449981689453,-33.398616790771484,-33.3565673828125,0.08,MD_West_GCS_3m_NAVDm.tif,19,0.452741414308548,38.873761975981495,-76.54889376949828,0.37274141430854796
Holmquist et al 2021,July and August 2016 20m Grid Survey,GCW,115,2016,8,1,0.206,GEOID12B,wetland,C4,NA,-33.35449981689453,-33.398616790771484,-33.3565673828125,0.206,MD_West_GCS_3m_NAVDm.tif,19,0.41708827018737793,38.87395029055036,-76.54890894678958,0.21108827018737794
Holmquist et al 2021,July and August 2016 20m Grid Survey,GCW,116,2016,8,1,0.256,GEOID12B,wetland,Schoenoplectus americanus,Schoenoplectus americanus,-33.35449981689453,-33.398616790771484,-33.3565673828125,0.256,MD_West_GCS_3m_NAVDm.tif,19,0.46921437978744507,38.87431271583136,-76.54891845186945,0.21321437978744506
Holmquist et al 2021,July and August 2016 20m Grid Survey,GCW,117,2016,8,1,0.273,GEOID12B,wetland,Iva frutescens,Iva frutescens,-33.35449981689453,-33.398616790771484,-33.3565673828125,0.273,MD_West_GCS_3m_NAVDm.tif,19,0.42485660314559937,38.87449074329329,-76.54892251284875,0.15185660314559934
Holmquist et al 2021,July and August 2016 20m Grid Survey,GCW,118,2016,8,1,0.129,GEOID12B,wetland,Iva frutescens,Iva frutescens,-33.35449981689453,-33.398616790771484,-33.3565673828125,0.129,MD_West_GCS_3m_NAVDm.tif,19,0.36409029364585876,38.874672864317105,-76.54892637455595,0.23509029364585876
Holmquist et al 2021,July and August 2016 20m Grid Survey,GCW,119,2016,8,1,0.231,GEOID12B,wetland,Schoenoplectus americanus,Schoenoplectus americanus,-33.35449981689453,-33.398616790771484,-33.3565673828125,0.231,MD_West_GCS_3m_NAVDm.tif,19,0.4423210024833679,38.874852810536325,-76.54892979715515,0.2113210024833679
Holmquist et al 2021,July and August 2016 20m Grid Survey,GCW,120,2016,8,1,0.322,GEOID12B,wetland,C4,NA,-33.331199645996094,-33.371246337890625,-33.329566955566406,0.322,MD_West_GCS_3m_NAVDm.tif,19,0.37139514088630676,38.87503320396351,-76.54893279145928,0.049395140886306754
Holmquist et al 2021,July and August 2016 20m Grid Survey,GCW,121,2016,8,1,0.267,GEOID12B,wetland,Iva frutescens,Iva frutescens,-33.331199645996094,-33.371246337890625,-33.329566955566406,0.267,MD_West_GCS_3m_NAVDm.tif,19,0.3982985317707062,38.87521360132433,-76.54893752650442,0.13129853177070616
Holmquist et al 2021,July and August 2016 20m Grid Survey,GCW,122,2016,8,1,0.301,GEOID12B,wetland,C4,NA,-33.331199645996094,-33.371246337890625,-33.329566955566406,0.301,MD_West_GCS_3m_NAVDm.tif,19,0.4916155934333801,38.875393273138776,-76.548941934598,0.19061559343338014
Holmquist et al 2021,July and August 2016 20m Grid Survey,GCW,123,2016,8,1,0.303,GEOID12B,wetland,C4,NA,-33.331199645996094,-33.371246337890625,-33.329566955566406,0.303,MD_West_GCS_3m_NAVDm.tif,19,0.4913618862628937,38.875573473553075,-76.5489452129955,0.18836188626289369
Holmquist et al 2021,July and August 2016 20m Grid Survey,GCW,124,2016,8,1,0.325,GEOID12B,wetland,Iva frutescens,Iva frutescens,-33.331199645996094,-33.371246337890625,-33.329566955566406,0.325,MD_West_GCS_3m_NAVDm.tif,19,0.5192911028862,38.875754418552376,-76.54895077849008,0.19429110288619994
Holmquist et al 2021,July and August 2016 20m Grid Survey,GCW,125,2016,8,1,0.286,GEOID12B,wetland,C4,NA,-33.331199645996094,-33.371246337890625,-33.329566955566406,0.286,MD_West_GCS_3m_NAVDm.tif,19,0.47657594084739685,38.87593340729923,-76.54895233611686,0.19057594084739687
Holmquist et al 2021,July and August 2016 20m Grid Survey,GCW,126,2016,8,1,0.034,GEOID12B,wetland,Iva frutescens,Iva frutescens,-33.331199645996094,-33.371246337890625,-33.329566955566406,0.034,MD_West_GCS_3m_NAVDm.tif,19,0.4233395755290985,38.87611215167488,-76.5489580498752,0.3893395755290985
Holmquist et al 2021,July and August 2016 20m Grid Survey,GCW,127,2016,8,1,0.108,GEOID12B,wetland,Phragmites australis,Phragmites australis,-33.331199645996094,-33.371246337890625,-33.329566955566406,0.108,MD_West_GCS_3m_NAVDm.tif,19,0.47408434748649597,38.8762934964068,-76.54896201032065,0.366084347486496
Holmquist et al 2021,July and August 2016 20m Grid Survey,GCW,128,2016,8,1,0.315,GEOID12B,wetland,Phragmites australis,Phragmites australis,-33.331199645996094,-33.371246337890625,-33.329566955566406,0.315,MD_West_GCS_3m_NAVDm.tif,19,0.5290689468383789,38.876475321003845,-76.54896647690434,0.2140689468383789
Holmquist et al 2021,July and August 2016 20m Grid Survey,GCW,129,2016,8,1,0.274,GEOID12B,wetland,Schoenoplectus americanus,Schoenoplectus americanus,-33.35449981689453,-33.398616790771484,-33.3565673828125,0.274,MD_West_GCS_3m_NAVDm.tif,19,0.4776812791824341,38.87287341566993,-76.54865538729949,0.20368127918243406
Holmquist et al 2021,July and August 2016 20m Grid Survey,GCW,130,2016,8,1,0.147,GEOID12B,wetland,Schoenoplectus americanus,Schoenoplectus americanus,-33.35449981689453,-33.398616790771484,-33.3565673828125,0.147,MD_West_GCS_3m_NAVDm.tif,19,0.40094172954559326,38.87305545384878,-76.54866006471408,0.25394172954559324
Holmquist et al 2021,July and August 2016 20m Grid Survey,GCW,131,2016,8,1,0.11,GEOID12B,wetland,Schoenoplectus americanus,Schoenoplectus americanus,-33.35449981689453,-33.398616790771484,-33.3565673828125,0.11,MD_West_GCS_3m_NAVDm.tif,19,0.46998703479766846,38.87323436537343,-76.54866609212277,0.35998703479766847
Holmquist et al 2021,July and August 2016 20m Grid Survey,GCW,132,2016,8,1,0.245,GEOID12B,wetland,Schoenoplectus americanus,Schoenoplectus americanus,-33.35449981689453,-33.398616790771484,-33.3565673828125,0.245,MD_West_GCS_3m_NAVDm.tif,19,0.4375394284725189,38.87341379148198,-76.54866864958404,0.19253942847251893
Holmquist et al 2021,July and August 2016 20m Grid Survey,GCW,133,2016,8,1,0.16,GEOID12B,wetland,Schoenoplectus americanus,Schoenoplectus americanus,-33.35449981689453,-33.398616790771484,-33.3565673828125,0.16,MD_West_GCS_3m_NAVDm.tif,19,0.443541944026947,38.873594782900966,-76.5486700422363,0.283541944026947
Holmquist et al 2021,July and August 2016 20m Grid Survey,GCW,134,2016,8,1,0.243,GEOID12B,wetland,Schoenoplectus americanus,Schoenoplectus americanus,-33.35449981689453,-33.398616790771484,-33.3565673828125,0.243,MD_West_GCS_3m_NAVDm.tif,19,0.4581672251224518,38.87377434044356,-76.54867355935212,0.2151672251224518
Holmquist et al 2021,July and August 2016 20m Grid Survey,GCW,135,2016,8,1,0.231,GEOID12B,wetland,Schoenoplectus americanus,Schoenoplectus americanus,-33.35449981689453,-33.398616790771484,-33.3565673828125,0.231,MD_West_GCS_3m_NAVDm.tif,19,0.36066702008247375,38.873954230491144,-76.54867918165337,0.12966702008247374
Holmquist et al 2021,July and August 2016 20m Grid Survey,GCW,136,2016,8,1,0.153,GEOID12B,wetland,C4,NA,-33.35449981689453,-33.398616790771484,-33.3565673828125,0.153,MD_West_GCS_3m_NAVDm.tif,19,0.43170174956321716,38.874135191913304,-76.54868419326141,0.27870174956321714
Holmquist et al 2021,July and August 2016 20m Grid Survey,GCW,137,2016,8,1,0.174,GEOID12B,wetland,C4,NA,-33.35449981689453,-33.398616790771484,-33.3565673828125,0.174,MD_West_GCS_3m_NAVDm.tif,19,0.46883097290992737,38.87431519435816,-76.54868745501791,0.2948309729099274
Holmquist et al 2021,July and August 2016 20m Grid Survey,GCW,138,2016,8,1,0.205,GEOID12B,wetland,Phragmites australis,Phragmites australis,-33.35449981689453,-33.398616790771484,-33.3565673828125,0.205,MD_West_GCS_3m_NAVDm.tif,19,0.41742798686027527,38.87449479001937,-76.5486928520358,0.21242798686027528
Holmquist et al 2021,July and August 2016 20m Grid Survey,GCW,139,2016,8,1,0.206,GEOID12B,wetland,Phragmites australis,Phragmites australis,-33.35449981689453,-33.398616790771484,-33.3565673828125,0.206,MD_West_GCS_3m_NAVDm.tif,19,0.37140944600105286,38.87467404810982,-76.54869720431756,0.16540944600105287
Holmquist et al 2021,July and August 2016 20m Grid Survey,GCW,140,2016,8,1,0.285,GEOID12B,wetland,C4,NA,-33.35449981689453,-33.398616790771484,-33.3565673828125,0.285,MD_West_GCS_3m_NAVDm.tif,19,0.32653263211250305,38.87485634110978,-76.54869829113836,0.041532632112503076
Holmquist et al 2021,July and August 2016 20m Grid Survey,GCW,141,2016,8,1,0.296,GEOID12B,wetland,NA,NA,-33.331199645996094,-33.371246337890625,-33.329566955566406,0.296,MD_West_GCS_3m_NAVDm.tif,19,0.41087964177131653,38.87503640414338,-76.54870173877678,0.11487964177131654
Holmquist et al 2021,July and August 2016 20m Grid Survey,GCW,142,2016,8,1,0.123,GEOID12B,wetland,Iva frutescens,Iva frutescens,-33.331199645996094,-33.371246337890625,-33.329566955566406,0.123,MD_West_GCS_3m_NAVDm.tif,19,0.34942859411239624,38.87521590328853,-76.54870693788698,0.22642859411239624
Holmquist et al 2021,July and August 2016 20m Grid Survey,GCW,143,2016,8,1,0.295,GEOID12B,wetland,C4,NA,-33.331199645996094,-33.371246337890625,-33.329566955566406,0.295,MD_West_GCS_3m_NAVDm.tif,19,0.4653695225715637,38.87539629394916,-76.54871149933284,0.17036952257156374
Holmquist et al 2021,July and August 2016 20m Grid Survey,GCW,144,2016,8,1,0.311,GEOID12B,wetland,C4,NA,-33.331199645996094,-33.371246337890625,-33.329566955566406,0.311,MD_West_GCS_3m_NAVDm.tif,19,0.3639129102230072,38.87557612121133,-76.54871573734759,0.052912910223007203
Holmquist et al 2021,July and August 2016 20m Grid Survey,GCW,145,2016,8,1,0.297,GEOID12B,wetland,C4,NA,-33.331199645996094,-33.371246337890625,-33.329566955566406,0.297,MD_West_GCS_3m_NAVDm.tif,19,0.3169076442718506,38.87575793899568,-76.54871936154805,0.0199076442718506
Holmquist et al 2021,July and August 2016 20m Grid Survey,GCW,146,2016,8,1,0.353,GEOID12B,wetland,C4,NA,-33.331199645996094,-33.371246337890625,-33.329566955566406,0.353,MD_West_GCS_3m_NAVDm.tif,19,0.41189318895339966,38.87593616677352,-76.54872190496155,0.05889318895339968
Holmquist et al 2021,July and August 2016 20m Grid Survey,GCW,147,2016,8,1,0.233,GEOID12B,wetland,Phragmites australis,Phragmites australis,-33.331199645996094,-33.371246337890625,-33.329566955566406,0.233,MD_West_GCS_3m_NAVDm.tif,19,0.4697677195072174,38.87611548525427,-76.54872781504535,0.2367677195072174
Holmquist et al 2021,July and August 2016 20m Grid Survey,GCW,148,2016,8,1,0.198,GEOID12B,wetland,Phragmites australis,Phragmites australis,-33.331199645996094,-33.371246337890625,-33.329566955566406,0.198,MD_West_GCS_3m_NAVDm.tif,19,0.3619866967201233,38.87629675643296,-76.54873052833966,0.16398669672012328
Holmquist et al 2021,July and August 2016 20m Grid Survey,GCW,149,2016,8,1,0.265,GEOID12B,wetland,C4,NA,-33.35449981689453,-33.398616790771484,-33.3565673828125,0.265,MD_West_GCS_3m_NAVDm.tif,19,0.42784661054611206,38.87287728296714,-76.54842630412452,0.16284661054611205
Holmquist et al 2021,July and August 2016 20m Grid Survey,GCW,150,2016,8,1,0.211,GEOID12B,wetland,Schoenoplectus americanus,Schoenoplectus americanus,-33.35449981689453,-33.398616790771484,-33.3565673828125,0.211,MD_West_GCS_3m_NAVDm.tif,19,0.3923945724964142,38.873058227084215,-76.5484278679832,0.1813945724964142
Holmquist et al 2021,July and August 2016 20m Grid Survey,GCW,151,2016,8,1,0.193,GEOID12B,wetland,Schoenoplectus americanus,Schoenoplectus americanus,-33.35449981689453,-33.398616790771484,-33.3565673828125,0.193,MD_West_GCS_3m_NAVDm.tif,19,0.3845805525779724,38.87323748109067,-76.54843457080854,0.1915805525779724
Holmquist et al 2021,July and August 2016 20m Grid Survey,GCW,152,2016,8,1,0.222,GEOID12B,wetland,Schoenoplectus americanus,Schoenoplectus americanus,-33.35449981689453,-33.398616790771484,-33.3565673828125,0.222,MD_West_GCS_3m_NAVDm.tif,19,0.36722007393836975,38.873417613222166,-76.5484368894156,0.14522007393836975
Holmquist et al 2021,July and August 2016 20m Grid Survey,GCW,153,2016,8,1,0.249,GEOID12B,wetland,Schoenoplectus americanus,Schoenoplectus americanus,-33.35449981689453,-33.398616790771484,-33.3565673828125,0.249,MD_West_GCS_3m_NAVDm.tif,19,0.4183691740036011,38.87359746989558,-76.54844027408787,0.16936917400360108
Holmquist et al 2021,July and August 2016 20m Grid Survey,GCW,154,2016,8,1,0.111,GEOID12B,wetland,Schoenoplectus americanus,Schoenoplectus americanus,-33.35449981689453,-33.398616790771484,-33.3565673828125,0.111,MD_West_GCS_3m_NAVDm.tif,19,0.3757421672344208,38.87377829775609,-76.54844516686447,0.2647421672344208
Holmquist et al 2021,July and August 2016 20m Grid Survey,GCW,155,2016,8,1,0.22,GEOID12B,wetland,Iva frutescens,Iva frutescens,-33.35449981689453,-33.398616790771484,-33.3565673828125,0.22,MD_West_GCS_3m_NAVDm.tif,19,0.359567254781723,38.87395963954818,-76.54844935615415,0.13956725478172302
Holmquist et al 2021,July and August 2016 20m Grid Survey,GCW,156,2016,8,1,0.088,GEOID12B,wetland,C4,NA,-33.35449981689453,-33.398616790771484,-33.3565673828125,0.088,MD_West_GCS_3m_NAVDm.tif,19,0.4336410164833069,38.874137187178484,-76.5484535899328,0.3456410164833069
Holmquist et al 2021,July and August 2016 20m Grid Survey,GCW,157,2016,8,1,0.145,GEOID12B,wetland,Schoenoplectus americanus,Schoenoplectus americanus,-33.35449981689453,-33.398616790771484,-33.3565673828125,0.145,MD_West_GCS_3m_NAVDm.tif,19,0.3649482727050781,38.87431748922422,-76.54845532449575,0.21994827270507813
Holmquist et al 2021,July and August 2016 20m Grid Survey,GCW,158,2016,8,1,0.259,GEOID12B,wetland,Phragmites australis,Phragmites australis,-33.35449981689453,-33.398616790771484,-33.3565673828125,0.259,MD_West_GCS_3m_NAVDm.tif,19,0.44995006918907166,38.87449885631538,-76.54846168155255,0.19095006918907165
Holmquist et al 2021,July and August 2016 20m Grid Survey,GCW,159,2016,8,1,0.212,GEOID12B,wetland,Iva frutescens,Iva frutescens,-33.35449981689453,-33.398616790771484,-33.3565673828125,0.212,MD_West_GCS_3m_NAVDm.tif,19,0.4026070237159729,38.874674646132206,-76.54846324907868,0.1906070237159729
Holmquist et al 2021,July and August 2016 20m Grid Survey,GCW,160,2016,8,1,0.256,GEOID12B,wetland,Iva frutescens,Iva frutescens,-33.35449981689453,-33.398616790771484,-33.3565673828125,0.256,MD_West_GCS_3m_NAVDm.tif,19,0.3834474980831146,38.87485767348961,-76.54846875465387,0.12744749808311462
Holmquist et al 2021,July and August 2016 20m Grid Survey,GCW,161,2016,8,1,0.295,GEOID12B,wetland,C4,NA,-33.331199645996094,-33.371246337890625,-33.329566955566406,0.295,MD_West_GCS_3m_NAVDm.tif,19,0.3412303030490875,38.87503808754885,-76.5484729124964,0.04623030304908754
Holmquist et al 2021,July and August 2016 20m Grid Survey,GCW,162,2016,8,1,0.235,GEOID12B,wetland,Iva frutescens,Iva frutescens,-33.331199645996094,-33.371246337890625,-33.329566955566406,0.235,MD_West_GCS_3m_NAVDm.tif,19,0.37483370304107666,38.87521792796877,-76.5484775190175,0.13983370304107667
Holmquist et al 2021,July and August 2016 20m Grid Survey,GCW,163,2016,8,1,0.292,GEOID12B,wetland,NA,NA,-33.331199645996094,-33.371246337890625,-33.329566955566406,0.292,MD_West_GCS_3m_NAVDm.tif,19,0.32913655042648315,38.875398517470785,-76.54847999774901,0.03713655042648317
Holmquist et al 2021,July and August 2016 20m Grid Survey,GCW,164,2016,8,1,0.172,GEOID12B,wetland,Iva frutescens,Iva frutescens,-33.331199645996094,-33.371246337890625,-33.329566955566406,0.172,MD_West_GCS_3m_NAVDm.tif,19,0.34761637449264526,38.87557918540593,-76.54848539463752,0.17561637449264528
Holmquist et al 2021,July and August 2016 20m Grid Survey,GCW,165,2016,8,1,0.283,GEOID12B,wetland,C4,NA,-33.331199645996094,-33.371246337890625,-33.329566955566406,0.283,MD_West_GCS_3m_NAVDm.tif,19,0.37232527136802673,38.8757590586593,-76.5484882037083,0.08932527136802676
Holmquist et al 2021,July and August 2016 20m Grid Survey,GCW,166,2016,8,1,0.323,GEOID12B,wetland,C4,NA,-33.331199645996094,-33.371246337890625,-33.329566955566406,0.323,MD_West_GCS_3m_NAVDm.tif,19,0.42922183871269226,38.87594026541487,-76.54849237893538,0.10622183871269225
Holmquist et al 2021,July and August 2016 20m Grid Survey,GCW,167,2016,8,1,0.308,GEOID12B,wetland,Phragmites australis,Phragmites australis,-33.331199645996094,-33.371246337890625,-33.329566955566406,0.308,MD_West_GCS_3m_NAVDm.tif,19,0.5569303035736084,38.876121330611845,-76.54849771540063,0.2489303035736084
Holmquist et al 2021,July and August 2016 20m Grid Survey,GCW,168,2016,8,1,0.277,GEOID12B,wetland,C4,NA,-33.35449981689453,-33.398616790771484,-33.3565673828125,0.277,MD_West_GCS_3m_NAVDm.tif,19,0.4393153190612793,38.872879617057734,-76.54819525112426,0.16231531906127927
Holmquist et al 2021,July and August 2016 20m Grid Survey,GCW,169,2016,8,1,0.276,GEOID12B,wetland,C4,NA,-33.35449981689453,-33.398616790771484,-33.3565673828125,0.276,MD_West_GCS_3m_NAVDm.tif,19,0.3879781663417816,38.873059647201806,-76.54819982615793,0.1119781663417816
Holmquist et al 2021,July and August 2016 20m Grid Survey,GCW,170,2016,8,1,0.194,GEOID12B,wetland,Schoenoplectus americanus,Schoenoplectus americanus,-33.35449981689453,-33.398616790771484,-33.3565673828125,0.194,MD_West_GCS_3m_NAVDm.tif,19,0.3910425305366516,38.87323963659148,-76.54820271740365,0.1970425305366516
Holmquist et al 2021,July and August 2016 20m Grid Survey,GCW,171,2016,8,1,0.142,GEOID12B,wetland,Schoenoplectus americanus,Schoenoplectus americanus,-33.35449981689453,-33.398616790771484,-33.3565673828125,0.142,MD_West_GCS_3m_NAVDm.tif,19,0.4243590533733368,38.87341985421621,-76.54820742337549,0.2823590533733368
Holmquist et al 2021,July and August 2016 20m Grid Survey,GCW,172,2016,8,1,0.178,GEOID12B,wetland,C4,NA,-33.35449981689453,-33.398616790771484,-33.3565673828125,0.178,MD_West_GCS_3m_NAVDm.tif,19,0.3750637173652649,38.87359959089741,-76.54821102387963,0.1970637173652649
Holmquist et al 2021,July and August 2016 20m Grid Survey,GCW,173,2016,8,1,0.274,GEOID12B,wetland,C4,NA,-33.35449981689453,-33.398616790771484,-33.3565673828125,0.274,MD_West_GCS_3m_NAVDm.tif,19,0.42672353982925415,38.87378076723475,-76.54821274216098,0.15272353982925413
Holmquist et al 2021,July and August 2016 20m Grid Survey,GCW,174,2016,8,1,0.114,GEOID12B,wetland,Iva frutescens,Iva frutescens,-33.35449981689453,-33.398616790771484,-33.3565673828125,0.114,MD_West_GCS_3m_NAVDm.tif,19,0.41507863998413086,38.87396154516489,-76.54821936237293,0.30107863998413087
Holmquist et al 2021,July and August 2016 20m Grid Survey,GCW,175,2016,8,1,0.051,GEOID12B,wetland,Iva frutescens,Iva frutescens,-33.35449981689453,-33.398616790771484,-33.3565673828125,0.051,MD_West_GCS_3m_NAVDm.tif,19,0.42417627573013306,38.87414086333039,-76.54822258503003,0.37317627573013307
Holmquist et al 2021,July and August 2016 20m Grid Survey,GCW,176,2016,8,1,0.237,GEOID12B,wetland,C4,NA,-33.35449981689453,-33.398616790771484,-33.3565673828125,0.237,MD_West_GCS_3m_NAVDm.tif,19,0.39607980847358704,38.87432067768556,-76.54822780116015,0.15907980847358705
Holmquist et al 2021,July and August 2016 20m Grid Survey,GCW,177,2016,8,1,0.274,GEOID12B,wetland,C4,NA,-33.35449981689453,-33.398616790771484,-33.3565673828125,0.274,MD_West_GCS_3m_NAVDm.tif,19,0.42845767736434937,38.87450005875196,-76.54823035667236,0.15445767736434934
Holmquist et al 2021,July and August 2016 20m Grid Survey,GCW,178,2016,8,1,0.141,GEOID12B,wetland,Iva frutescens,Iva frutescens,-33.35449981689453,-33.398616790771484,-33.3565673828125,0.141,MD_West_GCS_3m_NAVDm.tif,19,0.3898313641548157,38.87468125396338,-76.54823472677496,0.2488313641548157
Holmquist et al 2021,July and August 2016 20m Grid Survey,GCW,179,2016,8,1,0.154,GEOID12B,wetland,Iva frutescens,Iva frutescens,-33.35449981689453,-33.398616790771484,-33.3565673828125,0.154,MD_West_GCS_3m_NAVDm.tif,19,0.40278446674346924,38.87486217376403,-76.54823608232313,0.24878446674346924
Holmquist et al 2021,July and August 2016 20m Grid Survey,GCW,180,2016,8,1,0.219,GEOID12B,wetland,Iva frutescens,Iva frutescens,-33.331199645996094,-33.371246337890625,-33.329566955566406,0.219,MD_West_GCS_3m_NAVDm.tif,19,0.42498263716697693,38.87504167385291,-76.54824325142101,0.20598263716697693
Holmquist et al 2021,July and August 2016 20m Grid Survey,GCW,181,2016,8,1,0.142,GEOID12B,wetland,C4,NA,-33.331199645996094,-33.371246337890625,-33.329566955566406,0.142,MD_West_GCS_3m_NAVDm.tif,19,0.4093398451805115,38.875221001442355,-76.54824712001313,0.26733984518051146
Holmquist et al 2021,July and August 2016 20m Grid Survey,GCW,182,2016,8,1,0.314,GEOID12B,wetland,C4,NA,-33.331199645996094,-33.371246337890625,-33.329566955566406,0.314,MD_West_GCS_3m_NAVDm.tif,19,0.35026687383651733,38.87540238291532,-76.5482503530989,0.03626687383651733
Holmquist et al 2021,July and August 2016 20m Grid Survey,GCW,183,2016,8,1,0.3,GEOID12B,wetland,C4,NA,-33.331199645996094,-33.371246337890625,-33.329566955566406,0.3,MD_West_GCS_3m_NAVDm.tif,19,0.3813462257385254,38.87558301869208,-76.54825274006247,0.0813462257385254
Holmquist et al 2021,July and August 2016 20m Grid Survey,GCW,184,2016,8,1,0.227,GEOID12B,wetland,Phragmites australis,Phragmites australis,-33.331199645996094,-33.371246337890625,-33.329566955566406,0.227,MD_West_GCS_3m_NAVDm.tif,19,0.45423266291618347,38.87576290002228,-76.54825833835481,0.22723266291618346
Holmquist et al 2021,July and August 2016 20m Grid Survey,GCW,185,2016,8,1,0.164,GEOID12B,wetland,Iva frutescens,Iva frutescens,-33.331199645996094,-33.371246337890625,-33.329566955566406,0.164,MD_West_GCS_3m_NAVDm.tif,19,0.3880358636379242,38.875943201693865,-76.54826281612424,0.2240358636379242
Holmquist et al 2021,July and August 2016 20m Grid Survey,GCW,186,2016,8,1,0.28,GEOID12B,wetland,C4,NA,-33.35449981689453,-33.398616790771484,-33.3565673828125,0.28,MD_West_GCS_3m_NAVDm.tif,19,0.43941694498062134,38.87306349758727,-76.54797059213215,0.1594169449806213
Holmquist et al 2021,July and August 2016 20m Grid Survey,GCW,187,2016,8,1,0.259,GEOID12B,wetland,C4,NA,-33.35449981689453,-33.398616790771484,-33.3565673828125,0.259,MD_West_GCS_3m_NAVDm.tif,19,0.4070225656032562,38.87324318210619,-76.54797133216313,0.14802256560325622
Holmquist et al 2021,July and August 2016 20m Grid Survey,GCW,188,2016,8,1,0.185,GEOID12B,wetland,Schoenoplectus americanus,Schoenoplectus americanus,-33.35449981689453,-33.398616790771484,-33.3565673828125,0.185,MD_West_GCS_3m_NAVDm.tif,19,0.39446938037872314,38.873423862381586,-76.5479758055209,0.20946938037872315
Holmquist et al 2021,July and August 2016 20m Grid Survey,GCW,189,2016,8,1,0.202,GEOID12B,wetland,Schoenoplectus americanus,Schoenoplectus americanus,-33.35449981689453,-33.398616790771484,-33.3565673828125,0.202,MD_West_GCS_3m_NAVDm.tif,19,0.3913065791130066,38.87360438523265,-76.54798059825893,0.18930657911300658
Holmquist et al 2021,July and August 2016 20m Grid Survey,GCW,190,2016,8,1,0.246,GEOID12B,wetland,Schoenoplectus americanus,Schoenoplectus americanus,-33.35449981689453,-33.398616790771484,-33.3565673828125,0.246,MD_West_GCS_3m_NAVDm.tif,19,0.42876383662223816,38.87378497374481,-76.5479838363043,0.18276383662223816
Holmquist et al 2021,July and August 2016 20m Grid Survey,GCW,191,2016,8,1,0.266,GEOID12B,wetland,C4,NA,-33.35449981689453,-33.398616790771484,-33.3565673828125,0.266,MD_West_GCS_3m_NAVDm.tif,19,0.35403111577033997,38.87396413848236,-76.54798775817144,0.08803111577033995
Holmquist et al 2021,July and August 2016 20m Grid Survey,GCW,192,2016,8,1,0.197,GEOID12B,wetland,Iva frutescens,Iva frutescens,-33.35449981689453,-33.398616790771484,-33.3565673828125,0.197,MD_West_GCS_3m_NAVDm.tif,19,0.41977065801620483,38.874143360013726,-76.5479914738171,0.22277065801620483
Holmquist et al 2021,July and August 2016 20m Grid Survey,GCW,193,2016,8,1,0.274,GEOID12B,wetland,Phragmites australis,Phragmites australis,-33.35449981689453,-33.398616790771484,-33.3565673828125,0.274,MD_West_GCS_3m_NAVDm.tif,19,0.4441643953323364,38.87432456060519,-76.54799543992586,0.1701643953323364
Holmquist et al 2021,July and August 2016 20m Grid Survey,GCW,194,2016,8,1,0.228,GEOID12B,wetland,Iva frutescens,Iva frutescens,-33.35449981689453,-33.398616790771484,-33.3565673828125,0.228,MD_West_GCS_3m_NAVDm.tif,19,0.4500165581703186,38.8745033140012,-76.54799912242844,0.2220165581703186
Holmquist et al 2021,July and August 2016 20m Grid Survey,GCW,195,2016,8,1,0.206,GEOID12B,wetland,Phragmites australis,Phragmites australis,-33.35449981689453,-33.398616790771484,-33.3565673828125,0.206,MD_West_GCS_3m_NAVDm.tif,19,0.36967355012893677,38.87468498574762,-76.54800425155383,0.16367355012893678
Holmquist et al 2021,July and August 2016 20m Grid Survey,GCW,196,2016,8,1,0.155,GEOID12B,wetland,Kosteletzkya  virginica,Kosteletzkya  virginica,-33.35449981689453,-33.398616790771484,-33.3565673828125,0.155,MD_West_GCS_3m_NAVDm.tif,19,0.40626174211502075,38.87486477280194,-76.54800676924764,0.2512617421150207
Holmquist et al 2021,July and August 2016 20m Grid Survey,GCW,197,2016,8,1,0.255,GEOID12B,wetland,C4,NA,-33.331199645996094,-33.371246337890625,-33.329566955566406,0.255,MD_West_GCS_3m_NAVDm.tif,19,0.34319689869880676,38.87504432363047,-76.5480114720293,0.08819689869880676
Holmquist et al 2021,July and August 2016 20m Grid Survey,GCW,198,2016,8,1,0.229,GEOID12B,wetland,C4,NA,-33.331199645996094,-33.371246337890625,-33.329566955566406,0.229,MD_West_GCS_3m_NAVDm.tif,19,0.3812415599822998,38.87522581275539,-76.5480161016342,0.1522415599822998
Holmquist et al 2021,July and August 2016 20m Grid Survey,GCW,199,2016,8,1,0.215,GEOID12B,wetland,Iva frutescens,Iva frutescens,-33.331199645996094,-33.371246337890625,-33.329566955566406,0.215,MD_West_GCS_3m_NAVDm.tif,19,0.29573071002960205,38.87540470246167,-76.54802037516394,0.08073071002960205
Holmquist et al 2021,July and August 2016 20m Grid Survey,GCW,200,2016,8,1,0.295,GEOID12B,wetland,Phragmites australis,Phragmites australis,-33.331199645996094,-33.371246337890625,-33.329566955566406,0.295,MD_West_GCS_3m_NAVDm.tif,19,0.3620547950267792,38.87558453513873,-76.54802352798086,0.06705479502677919
Holmquist et al 2021,July and August 2016 20m Grid Survey,GCW,201,2016,8,1,-0.104,GEOID12B,wetland,Phragmites australis,Phragmites australis,-33.331199645996094,-33.371246337890625,-33.329566955566406,-0.104,MD_West_GCS_3m_NAVDm.tif,19,0.3594636917114258,38.87576537932517,-76.54802718692864,0.46346369171142576
Holmquist et al 2021,July and August 2016 20m Grid Survey,GCW,203,2016,8,1,0.241,GEOID12B,wetland,Schoenoplectus americanus,Schoenoplectus americanus,-33.35449981689453,-33.398616790771484,-33.3565673828125,0.241,MD_West_GCS_3m_NAVDm.tif,19,0.4763544201850891,38.87306559550889,-76.54773893397743,0.23535442018508912
Holmquist et al 2021,July and August 2016 20m Grid Survey,GCW,204,2016,8,1,0.242,GEOID12B,wetland,Schoenoplectus americanus,Schoenoplectus americanus,-33.35449981689453,-33.398616790771484,-33.3565673828125,0.242,MD_West_GCS_3m_NAVDm.tif,19,0.43884769082069397,38.87324573852327,-76.54774315299834,0.19684769082069398
Holmquist et al 2021,July and August 2016 20m Grid Survey,GCW,205,2016,8,1,0.263,GEOID12B,wetland,C4,NA,-33.35449981689453,-33.398616790771484,-33.3565673828125,0.263,MD_West_GCS_3m_NAVDm.tif,19,0.4097355008125305,38.873427003911296,-76.54774563276789,0.1467355008125305
Holmquist et al 2021,July and August 2016 20m Grid Survey,GCW,206,2016,8,1,0.244,GEOID12B,wetland,C4,NA,-33.35449981689453,-33.398616790771484,-33.3565673828125,0.244,MD_West_GCS_3m_NAVDm.tif,19,0.41071373224258423,38.87360633387931,-76.54775000712623,0.16671373224258423
Holmquist et al 2021,July and August 2016 20m Grid Survey,GCW,207,2016,8,1,0.291,GEOID12B,wetland,C4,NA,-33.35449981689453,-33.398616790771484,-33.3565673828125,0.291,MD_West_GCS_3m_NAVDm.tif,19,0.4208886921405792,38.873787159522216,-76.54775371081564,0.12988869214057924
Holmquist et al 2021,July and August 2016 20m Grid Survey,GCW,208,2016,8,1,0.246,GEOID12B,wetland,C4,NA,-33.35449981689453,-33.398616790771484,-33.3565673828125,0.246,MD_West_GCS_3m_NAVDm.tif,19,0.4129066467285156,38.873966148997795,-76.54775793953505,0.16690664672851563
Holmquist et al 2021,July and August 2016 20m Grid Survey,GCW,209,2016,8,1,0.309,GEOID12B,wetland,C4,NA,-33.35449981689453,-33.398616790771484,-33.3565673828125,0.309,MD_West_GCS_3m_NAVDm.tif,19,0.3651963770389557,38.874146840884706,-76.54776085654636,0.05619637703895569
Holmquist et al 2021,July and August 2016 20m Grid Survey,GCW,210,2016,8,1,0.175,GEOID12B,wetland,Iva frutescens,Iva frutescens,-33.35449981689453,-33.398616790771484,-33.3565673828125,0.175,MD_West_GCS_3m_NAVDm.tif,19,0.38131633400917053,38.87432734877193,-76.54776541798246,0.20631633400917054
Holmquist et al 2021,July and August 2016 20m Grid Survey,GCW,211,2016,8,1,0.173,GEOID12B,wetland,Phragmites australis,Phragmites australis,-33.35449981689453,-33.398616790771484,-33.3565673828125,0.173,MD_West_GCS_3m_NAVDm.tif,19,0.5129077434539795,38.87450732441203,-76.54776866533616,0.3399077434539795
Holmquist et al 2021,July and August 2016 20m Grid Survey,GCW,212,2016,8,1,-0.247,GEOID12B,wetland,NA,NA,-33.35449981689453,-33.398616790771484,-33.3565673828125,-0.247,MD_West_GCS_3m_NAVDm.tif,19,0.3606173098087311,38.874690411535944,-76.54777510410392,0.6076173098087311
Holmquist et al 2021,July and August 2016 20m Grid Survey,GCW,213,2016,8,1,0.288,GEOID12B,wetland,C4,NA,-33.35449981689453,-33.398616790771484,-33.3565673828125,0.288,MD_West_GCS_3m_NAVDm.tif,19,0.3350614309310913,38.87486686936669,-76.54777794092152,0.04706143093109133
Holmquist et al 2021,July and August 2016 20m Grid Survey,GCW,214,2016,8,1,0.235,GEOID12B,wetland,C4,NA,-33.331199645996094,-33.371246337890625,-33.329566955566406,0.235,MD_West_GCS_3m_NAVDm.tif,19,0.3775573968887329,38.87504780138681,-76.54778177396312,0.14255739688873292
Holmquist et al 2021,July and August 2016 20m Grid Survey,GCW,215,2016,8,1,0.261,GEOID12B,wetland,Iva frutescens,Iva frutescens,-33.331199645996094,-33.371246337890625,-33.329566955566406,0.261,MD_West_GCS_3m_NAVDm.tif,19,0.3558781147003174,38.87522704931573,-76.54778553592143,0.09487811470031737
Holmquist et al 2021,July and August 2016 20m Grid Survey,GCW,216,2016,8,1,0.279,GEOID12B,wetland,Kosteletzkya  virginica,Kosteletzkya  virginica,-33.331199645996094,-33.371246337890625,-33.329566955566406,0.279,MD_West_GCS_3m_NAVDm.tif,19,0.4678332507610321,38.87540832822081,-76.54778903073772,0.18883325076103208
Holmquist et al 2021,July and August 2016 20m Grid Survey,GCW,217,2016,8,1,0.147,GEOID12B,wetland,Phragmites australis,Phragmites australis,-33.331199645996094,-33.371246337890625,-33.329566955566406,0.147,MD_West_GCS_3m_NAVDm.tif,19,0.3411989212036133,38.875588673917576,-76.54779358891479,0.1941989212036133
Holmquist et al 2021,July and August 2016 20m Grid Survey,GCW,218,2016,8,1,0.226,GEOID12B,wetland,Phragmites australis,Phragmites australis,-33.331199645996094,-33.371246337890625,-33.329566955566406,0.226,MD_West_GCS_3m_NAVDm.tif,19,0.036464106291532516,38.87576796365661,-76.54779827407704,-0.1895358937084675
Holmquist et al 2021,July and August 2016 20m Grid Survey,GCW,220,2016,8,1,0.276,GEOID12B,wetland,C4,NA,-33.35449981689453,-33.398616790771484,-33.3565673828125,0.276,MD_West_GCS_3m_NAVDm.tif,19,0.47958675026893616,38.87342980267696,-76.54751477245988,0.20358675026893613
Holmquist et al 2021,July and August 2016 20m Grid Survey,GCW,221,2016,8,1,0.263,GEOID12B,wetland,C4,NA,-33.35449981689453,-33.398616790771484,-33.3565673828125,0.263,MD_West_GCS_3m_NAVDm.tif,19,0.4100516736507416,38.87361008311139,-76.54751950113845,0.14705167365074157
Holmquist et al 2021,July and August 2016 20m Grid Survey,GCW,222,2016,8,1,0.283,GEOID12B,wetland,C4,NA,-33.35449981689453,-33.398616790771484,-33.3565673828125,0.283,MD_West_GCS_3m_NAVDm.tif,19,0.42075222730636597,38.87378891978134,-76.54752302277767,0.137752227306366
Holmquist et al 2021,July and August 2016 20m Grid Survey,GCW,223,2016,8,1,0.285,GEOID12B,wetland,Schoenoplectus americanus,Schoenoplectus americanus,-33.35449981689453,-33.398616790771484,-33.3565673828125,0.285,MD_West_GCS_3m_NAVDm.tif,19,0.3288317620754242,38.87414960460778,-76.54753060408828,0.04383176207542422
Holmquist et al 2021,July and August 2016 20m Grid Survey,GCW,224,2016,8,1,0.304,GEOID12B,wetland,C4,NA,-33.35449981689453,-33.398616790771484,-33.3565673828125,0.304,MD_West_GCS_3m_NAVDm.tif,19,0.3594856858253479,38.8743303946774,-76.5475342719429,0.05548568582534791
Holmquist et al 2021,July and August 2016 20m Grid Survey,GCW,225,2016,8,1,0.235,GEOID12B,wetland,Phragmites australis,Phragmites australis,-33.35449981689453,-33.398616790771484,-33.3565673828125,0.235,MD_West_GCS_3m_NAVDm.tif,19,0.4550257921218872,38.87469150666422,-76.54754361486577,0.22002579212188722
Holmquist et al 2021,July and August 2016 20m Grid Survey,GCW,226,2016,8,1,0.205,GEOID12B,wetland,Iva frutescens,Iva frutescens,-33.35449981689453,-33.398616790771484,-33.3565673828125,0.205,MD_West_GCS_3m_NAVDm.tif,19,0.38419583439826965,38.87487179790151,-76.54754752560707,0.17919583439826967
Holmquist et al 2021,July and August 2016 20m Grid Survey,GCW,227,2016,8,1,0.272,GEOID12B,wetland,Iva frutescens,Iva frutescens,-33.331199645996094,-33.371246337890625,-33.329566955566406,0.272,MD_West_GCS_3m_NAVDm.tif,19,0.34602823853492737,38.87505131060801,-76.54755102756802,0.07402823853492735
Holmquist et al 2021,July and August 2016 20m Grid Survey,GCW,228,2016,8,1,0.278,GEOID12B,wetland,Kosteletzkya  virginica,Kosteletzkya  virginica,-33.331199645996094,-33.371246337890625,-33.329566955566406,0.278,MD_West_GCS_3m_NAVDm.tif,19,0.39404577016830444,38.87523034953709,-76.54755424262905,0.11604577016830442
Holmquist et al 2021,July and August 2016 20m Grid Survey,GCW,229,2016,8,1,0.276,GEOID12B,wetland,Iva frutescens,Iva frutescens,-33.331199645996094,-33.371246337890625,-33.329566955566406,0.276,MD_West_GCS_3m_NAVDm.tif,19,0.4661872684955597,38.87541066335573,-76.547557808142,0.19018726849555967
Holmquist et al 2021,July and August 2016 20m Grid Survey,GCW,230,2016,8,1,0.193,GEOID12B,wetland,Phragmites australis,Phragmites australis,-33.331199645996094,-33.371246337890625,-33.329566955566406,0.193,MD_West_GCS_3m_NAVDm.tif,19,0.3745473027229309,38.87559123977091,-76.54756331598466,0.1815473027229309
Holmquist et al 2021,July and August 2016 20m Grid Survey,GCW,231,2016,8,1,0.173,GEOID12B,wetland,Typha angustifolia,Typha angustifolia,-33.35449981689453,-33.398616790771484,-33.3565673828125,0.173,MD_West_GCS_3m_NAVDm.tif,19,0.27366673946380615,38.873072423432895,-76.54727816451684,0.10066673946380617
Holmquist et al 2021,July and August 2016 20m Grid Survey,GCW,232,2016,8,1,0.125,GEOID12B,wetland,Iva frutescens,Iva frutescens,-33.35449981689453,-33.398616790771484,-33.3565673828125,0.125,MD_West_GCS_3m_NAVDm.tif,19,0.38896793127059937,38.87325242235901,-76.54728101906369,0.26396793127059937
Holmquist et al 2021,July and August 2016 20m Grid Survey,GCW,233,2016,8,1,0.181,GEOID12B,wetland,Spartina cynosuroides,Spartina cynosuroides,-33.35449981689453,-33.398616790771484,-33.3565673828125,0.181,MD_West_GCS_3m_NAVDm.tif,19,0.39512526988983154,38.87343222874248,-76.54728548324923,0.21412526988983155
Holmquist et al 2021,July and August 2016 20m Grid Survey,GCW,234,2016,8,1,0.242,GEOID12B,wetland,Iva frutescens,Iva frutescens,-33.35449981689453,-33.398616790771484,-33.3565673828125,0.242,MD_West_GCS_3m_NAVDm.tif,19,0.5033689141273499,38.87361242248091,-76.54728791558315,0.26136891412734986
Holmquist et al 2021,July and August 2016 20m Grid Survey,GCW,235,2016,8,1,0.292,GEOID12B,wetland,Iva frutescens,Iva frutescens,-33.35449981689453,-33.398616790771484,-33.3565673828125,0.292,MD_West_GCS_3m_NAVDm.tif,19,0.3848794400691986,38.873792997912354,-76.54729282301987,0.09287944006919863
Holmquist et al 2021,July and August 2016 20m Grid Survey,GCW,236,2016,8,1,0.22,GEOID12B,wetland,Phragmites australis,Phragmites australis,-33.35449981689453,-33.398616790771484,-33.3565673828125,0.22,MD_West_GCS_3m_NAVDm.tif,19,0.4419548213481903,38.87397352432984,-76.54729666893887,0.2219548213481903
Holmquist et al 2021,July and August 2016 20m Grid Survey,GCW,237,2016,8,1,0.168,GEOID12B,wetland,Phragmites australis,Phragmites australis,-33.35449981689453,-33.398616790771484,-33.3565673828125,0.168,MD_West_GCS_3m_NAVDm.tif,19,0.5436127781867981,38.87415270820342,-76.54730118893265,0.37561277818679806
Holmquist et al 2021,July and August 2016 20m Grid Survey,GCW,238,2016,8,1,0.244,GEOID12B,wetland,Phragmites australis,Phragmites australis,-33.35449981689453,-33.398616790771484,-33.3565673828125,0.244,MD_West_GCS_3m_NAVDm.tif,19,0.44721662998199463,38.87451299790758,-76.54730730822462,0.20321662998199463
Holmquist et al 2021,July and August 2016 20m Grid Survey,GCW,239,2016,8,1,0.313,GEOID12B,wetland,C4,NA,-33.35449981689453,-33.398616790771484,-33.3565673828125,0.313,MD_West_GCS_3m_NAVDm.tif,19,0.3046846091747284,38.874693719269224,-76.54731344090128,-0.008315390825271607
Holmquist et al 2021,July and August 2016 20m Grid Survey,GCW,240,2016,8,1,0.302,GEOID12B,wetland,C4,NA,-33.35449981689453,-33.398616790771484,-33.3565673828125,0.302,MD_West_GCS_3m_NAVDm.tif,19,0.3599080741405487,38.87487453636954,-76.54731574864876,0.057908074140548715
Holmquist et al 2021,July and August 2016 20m Grid Survey,GCW,241,2016,8,1,0.261,GEOID12B,wetland,C4,NA,-33.331199645996094,-33.371246337890625,-33.329566955566406,0.261,MD_West_GCS_3m_NAVDm.tif,19,0.3491937816143036,38.87505393350754,-76.54732117257828,0.08819378161430358
Holmquist et al 2021,July and August 2016 20m Grid Survey,GCW,242,2016,8,1,0.102,GEOID12B,wetland,Phragmites australis,Phragmites australis,-33.331199645996094,-33.371246337890625,-33.329566955566406,0.102,MD_West_GCS_3m_NAVDm.tif,19,0.3788163959980011,38.87523370761903,-76.54732466813596,0.2768163959980011
Holmquist et al 2021,July and August 2016 20m Grid Survey,GCW,243,2016,8,1,0.187,GEOID12B,wetland,Phragmites australis,Phragmites australis,-33.331199645996094,-33.371246337890625,-33.329566955566406,0.187,MD_West_GCS_3m_NAVDm.tif,19,0.38295382261276245,38.87541417246119,-76.54732771761347,0.19595382261276245
Holmquist et al 2021,July and August 2016 20m Grid Survey,GCW,244,2016,8,1,0.34,GEOID12B,wetland,C4,NA,-33.331199645996094,-33.371246337890625,-33.329566955566406,0.34,MD_West_GCS_3m_NAVDm.tif,19,0.41664740443229675,38.87559426001219,-76.54733271859374,0.07664740443229673
Holmquist et al 2021,July and August 2016 20m Grid Survey,GCW,245,2016,8,1,0.16,GEOID12B,wetland,Typha angustifolia,Typha angustifolia,-33.35449981689453,-33.398616790771484,-33.3565673828125,0.16,MD_West_GCS_3m_NAVDm.tif,19,0.23205247521400452,38.87312859443294,-76.54704852023012,0.07205247521400451
Holmquist et al 2021,July and August 2016 20m Grid Survey,GCW,246,2016,8,1,0.127,GEOID12B,wetland,C4,NA,-33.35449981689453,-33.398616790771484,-33.3565673828125,0.127,MD_West_GCS_3m_NAVDm.tif,19,0.3450397253036499,38.873255296382965,-76.54705052978761,0.2180397253036499
Holmquist et al 2021,July and August 2016 20m Grid Survey,GCW,247,2016,8,1,0.221,GEOID12B,wetland,Iva frutescens,Iva frutescens,-33.35449981689453,-33.398616790771484,-33.3565673828125,0.221,MD_West_GCS_3m_NAVDm.tif,19,0.3239502012729645,38.87343498186292,-76.5470545988517,0.10295020127296448
Holmquist et al 2021,July and August 2016 20m Grid Survey,GCW,248,2016,8,1,-0.04,GEOID12B,wetland,Spartina cynosuroides,Spartina cynosuroides,-33.35449981689453,-33.398616790771484,-33.3565673828125,-0.04,MD_West_GCS_3m_NAVDm.tif,19,0.424518346786499,38.873615230123875,-76.54705903749358,0.464518346786499
Holmquist et al 2021,July and August 2016 20m Grid Survey,GCW,249,2016,8,1,0.101,GEOID12B,wetland,Iva frutescens,Iva frutescens,-33.35449981689453,-33.398616790771484,-33.3565673828125,0.101,MD_West_GCS_3m_NAVDm.tif,19,0.30707263946533203,38.87379660319104,-76.54706223258319,0.20607263946533202
Holmquist et al 2021,July and August 2016 20m Grid Survey,GCW,250,2016,8,1,0.147,GEOID12B,wetland,NA,NA,-33.35449981689453,-33.398616790771484,-33.3565673828125,0.147,MD_West_GCS_3m_NAVDm.tif,19,0.5458923578262329,38.87397597916587,-76.54706653711192,0.3988923578262329
Holmquist et al 2021,July and August 2016 20m Grid Survey,GCW,251,2016,8,1,0.142,GEOID12B,wetland,Phragmites australis,Phragmites australis,-33.35449981689453,-33.398616790771484,-33.3565673828125,0.142,MD_West_GCS_3m_NAVDm.tif,19,0.5023320317268372,38.87415616648962,-76.54707013306047,0.36033203172683714
Holmquist et al 2021,July and August 2016 20m Grid Survey,GCW,252,2016,8,1,0.209,GEOID12B,wetland,Phragmites australis,Phragmites australis,-33.35449981689453,-33.398616790771484,-33.3565673828125,0.209,MD_West_GCS_3m_NAVDm.tif,19,0.4573242962360382,38.87433642800968,-76.54707492947804,0.24832429623603822
Holmquist et al 2021,July and August 2016 20m Grid Survey,GCW,253,2016,8,1,-0.122,GEOID12B,wetland,NA,NA,-33.35449981689453,-33.398616790771484,-33.3565673828125,-0.122,MD_West_GCS_3m_NAVDm.tif,19,0.41878169775009155,38.87451590794474,-76.54707818739551,0.54078169775009155
Holmquist et al 2021,July and August 2016 20m Grid Survey,GCW,254,2016,8,1,0.311,GEOID12B,wetland,C4,NA,-33.35449981689453,-33.398616790771484,-33.3565673828125,0.311,MD_West_GCS_3m_NAVDm.tif,19,0.34014976024627686,38.87487677357608,-76.54708640457784,0.029149760246276857
Holmquist et al 2021,July and August 2016 20m Grid Survey,GCW,255,2016,8,1,0.092,GEOID12B,wetland,Iva frutescens,Iva frutescens,-33.331199645996094,-33.371246337890625,-33.329566955566406,0.092,MD_West_GCS_3m_NAVDm.tif,19,0.35524457693099976,38.875057168363625,-76.54709134236391,0.2632445769309998
Holmquist et al 2021,July and August 2016 20m Grid Survey,GCW,256,2016,8,1,0.226,GEOID12B,wetland,Iva frutescens,Iva frutescens,-33.331199645996094,-33.371246337890625,-33.329566955566406,0.226,MD_West_GCS_3m_NAVDm.tif,19,0.3616674244403839,38.87523629405417,-76.54709345152983,0.1356674244403839
Holmquist et al 2021,July and August 2016 20m Grid Survey,GCW,257,2016,8,1,0.288,GEOID12B,wetland,Iva frutescens,Iva frutescens,-33.331199645996094,-33.371246337890625,-33.329566955566406,0.288,MD_West_GCS_3m_NAVDm.tif,19,0.38477909564971924,38.875416467288225,-76.5470981079283,0.09677909564971926
Holmquist et al 2021,July and August 2016 20m Grid Survey,GCW,258,2016,8,1,0.295,GEOID12B,wetland,C4,NA,-33.331199645996094,-33.371246337890625,-33.329566955566406,0.295,MD_West_GCS_3m_NAVDm.tif,19,0.3183034062385559,38.875597548978305,-76.54710152758146,0.023303406238555924
Holmquist et al 2021,July and August 2016 20m Grid Survey,GCW,259,2016,8,1,0.245,GEOID12B,wetland,Typha angustifolia,Typha angustifolia,-33.35449981689453,-33.398616790771484,-33.3565673828125,0.245,MD_West_GCS_3m_NAVDm.tif,19,0.49950987100601196,38.87307767507881,-76.54681721092267,0.25450987100601197
Holmquist et al 2021,July and August 2016 20m Grid Survey,GCW,260,2016,8,1,0.081,GEOID12B,wetland,C4,NA,-33.35449981689453,-33.398616790771484,-33.3565673828125,0.081,MD_West_GCS_3m_NAVDm.tif,19,0.41343969106674194,38.87325849180607,-76.54681955179427,0.3324396910667419
Holmquist et al 2021,July and August 2016 20m Grid Survey,GCW,261,2016,8,1,0.233,GEOID12B,wetland,Iva frutescens,Iva frutescens,-33.35449981689453,-33.398616790771484,-33.3565673828125,0.233,MD_West_GCS_3m_NAVDm.tif,19,0.5020701885223389,38.87343786843124,-76.5468251697304,0.2690701885223389
Holmquist et al 2021,July and August 2016 20m Grid Survey,GCW,262,2016,8,1,0.195,GEOID12B,wetland,Iva frutescens,Iva frutescens,-33.35449981689453,-33.398616790771484,-33.3565673828125,0.195,MD_West_GCS_3m_NAVDm.tif,19,0.412011981010437,38.87361795379915,-76.54682830170314,0.217011981010437
Holmquist et al 2021,July and August 2016 20m Grid Survey,GCW,263,2016,8,1,0.254,GEOID12B,wetland,Iva frutescens,Iva frutescens,-33.35449981689453,-33.398616790771484,-33.3565673828125,0.254,MD_West_GCS_3m_NAVDm.tif,19,0.4280407726764679,38.87379893052246,-76.54683284781017,0.1740407726764679
Holmquist et al 2021,July and August 2016 20m Grid Survey,GCW,264,2016,8,1,0.11,GEOID12B,wetland,Phragmites australis,Phragmites australis,-33.35449981689453,-33.398616790771484,-33.3565673828125,0.11,MD_West_GCS_3m_NAVDm.tif,19,0.28920114040374756,38.87397832758679,-76.54683624157694,0.17920114040374757
Holmquist et al 2021,July and August 2016 20m Grid Survey,GCW,265,2016,8,1,0.091,GEOID12B,wetland,Iva frutescens,Iva frutescens,-33.35449981689453,-33.398616790771484,-33.3565673828125,0.091,MD_West_GCS_3m_NAVDm.tif,19,0.4362199604511261,38.87415798496943,-76.54684039028466,0.34521996045112613
Holmquist et al 2021,July and August 2016 20m Grid Survey,GCW,266,2016,8,1,0.268,GEOID12B,wetland,Iva frutescens,Iva frutescens,-33.35449981689453,-33.398616790771484,-33.3565673828125,0.268,MD_West_GCS_3m_NAVDm.tif,19,0.2849346399307251,38.874340582703006,-76.54684432612622,0.01693463993072508
Holmquist et al 2021,July and August 2016 20m Grid Survey,GCW,267,2016,8,1,0.216,GEOID12B,wetland,C4,NA,-33.35449981689453,-33.398616790771484,-33.3565673828125,0.216,MD_West_GCS_3m_NAVDm.tif,19,0.24004758894443512,38.87451980523357,-76.54684728970275,0.024047588944435122
Holmquist et al 2021,July and August 2016 20m Grid Survey,GCW,268,2016,8,1,0.103,GEOID12B,wetland,Iva frutescens,Iva frutescens,-33.35449981689453,-33.398616790771484,-33.3565673828125,0.103,MD_West_GCS_3m_NAVDm.tif,19,0.3620789051055908,38.874699711775854,-76.5468509943557,0.25907890510559084
Holmquist et al 2021,July and August 2016 20m Grid Survey,GCW,269,2016,8,1,0.216,GEOID12B,wetland,Iva frutescens,Iva frutescens,-33.35449981689453,-33.398616790771484,-33.3565673828125,0.216,MD_West_GCS_3m_NAVDm.tif,19,0.37475621700286865,38.87487934226347,-76.54685649131093,0.15875621700286865
Holmquist et al 2021,July and August 2016 20m Grid Survey,GCW,270,2016,8,1,0.3,GEOID12B,wetland,C4,NA,-33.331199645996094,-33.371246337890625,-33.329566955566406,0.3,MD_West_GCS_3m_NAVDm.tif,19,0.3361811935901642,38.87506019343962,-76.54686030873614,0.036181193590164196
Holmquist et al 2021,July and August 2016 20m Grid Survey,GCW,271,2016,8,1,0.317,GEOID12B,wetland,C4,NA,-33.331199645996094,-33.371246337890625,-33.329566955566406,0.317,MD_West_GCS_3m_NAVDm.tif,19,0.34460753202438354,38.87523972283828,-76.5468625528758,0.02760753202438354
Holmquist et al 2021,July and August 2016 20m Grid Survey,GCW,272,2016,8,1,0.302,GEOID12B,wetland,Iva frutescens,Iva frutescens,-33.331199645996094,-33.371246337890625,-33.329566955566406,0.302,MD_West_GCS_3m_NAVDm.tif,19,0.3885638415813446,38.87542066316943,-76.54686712157759,0.08656384158134461
Holmquist et al 2021,July and August 2016 20m Grid Survey,GCW,273,2016,8,1,0.272,GEOID12B,wetland,Iva frutescens,Iva frutescens,-33.331199645996094,-33.371246337890625,-33.329566955566406,0.272,MD_West_GCS_3m_NAVDm.tif,19,0.35179367661476135,38.87560105353262,-76.54687103285994,0.07979367661476133
Holmquist et al 2021,July and August 2016 20m Grid Survey,GCW,275,2016,8,1,0.277,GEOID12B,wetland,Typha angustifolia,Typha angustifolia,-33.35449981689453,-33.398616790771484,-33.3565673828125,0.277,MD_West_GCS_3m_NAVDm.tif,19,0.49973711371421814,38.872901697968445,-76.54658217677361,0.22273711371421812
Holmquist et al 2021,July and August 2016 20m Grid Survey,GCW,276,2016,8,1,0.22,GEOID12B,wetland,Schoenoplectus americanus,Schoenoplectus americanus,-33.35449981689453,-33.398616790771484,-33.3565673828125,0.22,MD_West_GCS_3m_NAVDm.tif,19,0.5473065972328186,38.873081652681414,-76.54658701122388,0.32730659723281863
Holmquist et al 2021,July and August 2016 20m Grid Survey,GCW,277,2016,8,1,0.279,GEOID12B,wetland,Schoenoplectus americanus,Schoenoplectus americanus,-33.35449981689453,-33.398616790771484,-33.3565673828125,0.279,MD_West_GCS_3m_NAVDm.tif,19,0.46463069319725037,38.87326116765374,-76.5465889890114,0.18563069319725034
Holmquist et al 2021,July and August 2016 20m Grid Survey,GCW,278,2016,8,1,0.303,GEOID12B,wetland,C4,NA,-33.35449981689453,-33.398616790771484,-33.3565673828125,0.303,MD_West_GCS_3m_NAVDm.tif,19,0.4264393448829651,38.87344164834279,-76.54659288971848,0.1234393448829651
Holmquist et al 2021,July and August 2016 20m Grid Survey,GCW,279,2016,8,1,0.224,GEOID12B,wetland,C4,NA,-33.35449981689453,-33.398616790771484,-33.3565673828125,0.224,MD_West_GCS_3m_NAVDm.tif,19,0.43465888500213623,38.87362241301618,-76.54659711937443,0.21065888500213623
Holmquist et al 2021,July and August 2016 20m Grid Survey,GCW,280,2016,8,1,0.247,GEOID12B,wetland,C4,NA,-33.35449981689453,-33.398616790771484,-33.3565673828125,0.247,MD_West_GCS_3m_NAVDm.tif,19,0.4442315697669983,38.87380190721542,-76.54660202467956,0.1972315697669983
Holmquist et al 2021,July and August 2016 20m Grid Survey,GCW,281,2016,8,1,0.174,GEOID12B,wetland,Phragmites australis,Phragmites australis,-33.35449981689453,-33.398616790771484,-33.3565673828125,0.174,MD_West_GCS_3m_NAVDm.tif,19,0.38517314195632935,38.87398251094335,-76.54660411840437,0.21117314195632936
Holmquist et al 2021,July and August 2016 20m Grid Survey,GCW,282,2016,8,1,0.135,GEOID12B,wetland,Iva frutescens,Iva frutescens,-33.35449981689453,-33.398616790771484,-33.3565673828125,0.135,MD_West_GCS_3m_NAVDm.tif,19,0.3854597508907318,38.87416175732819,-76.54660936422496,0.2504597508907318
Holmquist et al 2021,July and August 2016 20m Grid Survey,GCW,283,2016,8,1,0.075,GEOID12B,wetland,Phragmites australis,Phragmites australis,-33.35449981689453,-33.398616790771484,-33.3565673828125,0.075,MD_West_GCS_3m_NAVDm.tif,19,0.3166390657424927,38.87434216393706,-76.54661341335716,0.24163906574249266
Holmquist et al 2021,July and August 2016 20m Grid Survey,GCW,285,2016,8,1,0.1,GEOID12B,wetland,Iva frutescens,Iva frutescens,-33.35449981689453,-33.398616790771484,-33.3565673828125,0.1,MD_West_GCS_3m_NAVDm.tif,19,0.1849127858877182,38.87470268398424,-76.54662051403129,0.0849127858877182
Holmquist et al 2021,July and August 2016 20m Grid Survey,GCW,286,2016,8,1,0.157,GEOID12B,wetland,Schoenoplectus americanus,Schoenoplectus americanus,-33.35449981689453,-33.398616790771484,-33.3565673828125,0.157,MD_West_GCS_3m_NAVDm.tif,19,0.3063293993473053,38.87488197202461,-76.54662465429246,0.1493293993473053
Holmquist et al 2021,July and August 2016 20m Grid Survey,GCW,287,2016,8,1,0.288,GEOID12B,wetland,Typha angustifolia,Typha angustifolia,-33.35449981689453,-33.398616790771484,-33.3565673828125,0.288,MD_West_GCS_3m_NAVDm.tif,19,0.39314451813697815,38.8727243320187,-76.5463478744703,0.10514451813697817
Holmquist et al 2021,July and August 2016 20m Grid Survey,GCW,288,2016,8,1,0.3,GEOID12B,wetland,Phragmites australis,Phragmites australis,-33.35449981689453,-33.398616790771484,-33.3565673828125,0.3,MD_West_GCS_3m_NAVDm.tif,19,0.4742307662963867,38.87290384901328,-76.54635174207885,0.17423076629638673
Holmquist et al 2021,July and August 2016 20m Grid Survey,GCW,289,2016,8,1,0.31,GEOID12B,wetland,Phragmites australis,Phragmites australis,-33.35449981689453,-33.398616790771484,-33.3565673828125,0.31,MD_West_GCS_3m_NAVDm.tif,19,0.5944311618804932,38.87308449264184,-76.54635490794037,0.28443116188049317
Holmquist et al 2021,July and August 2016 20m Grid Survey,GCW,290,2016,8,1,0.3,GEOID12B,wetland,Phragmites australis,Phragmites australis,-33.35449981689453,-33.398616790771484,-33.3565673828125,0.3,MD_West_GCS_3m_NAVDm.tif,19,0.5647242069244385,38.873264623098805,-76.54635803965716,0.2647242069244385
Holmquist et al 2021,July and August 2016 20m Grid Survey,GCW,291,2016,8,1,0.302,GEOID12B,wetland,Phragmites australis,Phragmites australis,-33.35449981689453,-33.398616790771484,-33.3565673828125,0.302,MD_West_GCS_3m_NAVDm.tif,19,0.4961506426334381,38.873445034495525,-76.54636309098196,0.19415064263343812
Holmquist et al 2021,July and August 2016 20m Grid Survey,GCW,292,2016,8,1,0.285,GEOID12B,wetland,Schoenoplectus americanus,Schoenoplectus americanus,-33.35449981689453,-33.398616790771484,-33.3565673828125,0.285,MD_West_GCS_3m_NAVDm.tif,19,0.5560120940208435,38.8736246455209,-76.5463673411602,0.27101209402084353
Holmquist et al 2021,July and August 2016 20m Grid Survey,GCW,293,2016,8,1,0.291,GEOID12B,wetland,Schoenoplectus americanus,Schoenoplectus americanus,-33.35449981689453,-33.398616790771484,-33.3565673828125,0.291,MD_West_GCS_3m_NAVDm.tif,19,0.4741918742656708,38.87380500239125,-76.54637106576718,0.1831918742656708
Holmquist et al 2021,July and August 2016 20m Grid Survey,GCW,294,2016,8,1,0.229,GEOID12B,wetland,Iva frutescens,Iva frutescens,-33.35449981689453,-33.398616790771484,-33.3565673828125,0.229,MD_West_GCS_3m_NAVDm.tif,19,0.44228729605674744,38.87398442056162,-76.54637422828803,0.21328729605674743
Holmquist et al 2021,July and August 2016 20m Grid Survey,GCW,295,2016,8,1,0.077,GEOID12B,wetland,Iva frutescens,Iva frutescens,-33.35449981689453,-33.398616790771484,-33.3565673828125,0.077,MD_West_GCS_3m_NAVDm.tif,19,0.42516663670539856,38.87416611506925,-76.54637764766696,0.34816663670539855
Holmquist et al 2021,July and August 2016 20m Grid Survey,GCW,296,2016,8,1,0.094,GEOID12B,wetland,Phragmites australis,Phragmites australis,-33.35449981689453,-33.398616790771484,-33.3565673828125,0.094,MD_West_GCS_3m_NAVDm.tif,19,0.4047428369522095,38.87434510267264,-76.5463827029035,0.3107428369522095
Holmquist et al 2021,July and August 2016 20m Grid Survey,GCW,297,2016,8,1,-0.053,GEOID12B,wetland,NA,NA,-33.35449981689453,-33.398616790771484,-33.3565673828125,-0.053,MD_West_GCS_3m_NAVDm.tif,19,0.23410728573799133,38.87452469412877,-76.54638774821454,0.2871072857379913
Holmquist et al 2021,July and August 2016 20m Grid Survey,GCW,298,2016,8,1,0.008,GEOID12B,wetland,Iva frutescens,Iva frutescens,-33.35449981689453,-33.398616790771484,-33.3565673828125,0.008,MD_West_GCS_3m_NAVDm.tif,19,0.29217633605003357,38.87470681642999,-76.54639016257559,0.28417633605003356
Holmquist et al 2021,July and August 2016 20m Grid Survey,GCW,299,2016,8,1,-0.013,GEOID12B,wetland,Phragmites australis,Phragmites australis,-33.35449981689453,-33.398616790771484,-33.3565673828125,-0.013,MD_West_GCS_3m_NAVDm.tif,19,0.44758501648902893,38.87488604708279,-76.54639455461421,0.46058501648902894
Holmquist et al 2021,July and August 2016 20m Grid Survey,GCW,300,2016,8,1,0.012,GEOID12B,wetland,Phragmites australis,Phragmites australis,-33.331199645996094,-33.371246337890625,-33.329566955566406,0.012,MD_West_GCS_3m_NAVDm.tif,19,0.15898506343364716,38.87506629749171,-76.54639815035559,0.14698506343364715
Holmquist et al 2021,July and August 2016 20m Grid Survey,GCW,301,2016,8,1,0.302,GEOID12B,wetland,Phragmites australis,Phragmites australis,-33.35449981689453,-33.398616790771484,-33.3565673828125,0.302,MD_West_GCS_3m_NAVDm.tif,19,0.5600371360778809,38.87362856913384,-76.54613638923175,0.25803713607788087
Holmquist et al 2021,July and August 2016 20m Grid Survey,GCW,302,2016,8,1,0.359,GEOID12B,wetland,C4,NA,-33.35449981689453,-33.398616790771484,-33.3565673828125,0.359,MD_West_GCS_3m_NAVDm.tif,19,0.4556056261062622,38.87380864859845,-76.54613996891841,0.09660562610626222
Holmquist et al 2021,July and August 2016 20m Grid Survey,GCW,303,2016,8,1,0.307,GEOID12B,wetland,C4,NA,-33.35449981689453,-33.398616790771484,-33.3565673828125,0.307,MD_West_GCS_3m_NAVDm.tif,19,0.47235897183418274,38.87398779425923,-76.54614465806016,0.16535897183418274
Holmquist et al 2021,July and August 2016 20m Grid Survey,GCW,304,2016,8,1,0.252,GEOID12B,wetland,C4,NA,-33.35449981689453,-33.398616790771484,-33.3565673828125,0.252,MD_West_GCS_3m_NAVDm.tif,19,0.4311465620994568,38.87416892660601,-76.54614766122155,0.17914656209945679
Holmquist et al 2021,July and August 2016 20m Grid Survey,GCW,305,2016,8,1,0.229,GEOID12B,wetland,Iva frutescens,Iva frutescens,-33.35449981689453,-33.398616790771484,-33.3565673828125,0.229,MD_West_GCS_3m_NAVDm.tif,19,0.41723987460136414,38.87434770810928,-76.54615263072458,0.18823987460136413
Holmquist et al 2021,July and August 2016 20m Grid Survey,GCW,306,2016,8,1,0.156,GEOID12B,wetland,Phragmites australis,Phragmites australis,-33.35449981689453,-33.398616790771484,-33.3565673828125,0.156,MD_West_GCS_3m_NAVDm.tif,19,0.2828802466392517,38.87452855676711,-76.54615664219877,0.1268802466392517
Holmquist et al 2021,July and August 2016 20m Grid Survey,GCW,307,2016,8,1,0.183,GEOID12B,wetland,Phragmites australis,Phragmites australis,-33.35449981689453,-33.398616790771484,-33.3565673828125,0.183,MD_West_GCS_3m_NAVDm.tif,19,0.3446669280529022,38.87470922096302,-76.54615825204525,0.16166692805290223
Holmquist et al 2021,July and August 2016 20m Grid Survey,GCW,308,2016,8,1,0.081,GEOID12B,wetland,Phragmites australis,Phragmites australis,-33.35449981689453,-33.398616790771484,-33.3565673828125,0.081,MD_West_GCS_3m_NAVDm.tif,19,0.4233993589878082,38.87488868998037,-76.54616369764864,0.3423993589878082
Holmquist et al 2021,July and August 2016 20m Grid Survey,GCW,309,2016,8,1,0.179,GEOID12B,wetland,Phragmites australis,Phragmites australis,-33.331199645996094,-33.371246337890625,-33.329566955566406,0.179,MD_West_GCS_3m_NAVDm.tif,19,0.4602520763874054,38.87506754611595,-76.54616779284564,0.2812520763874054
Holmquist et al 2021,July and August 2016 20m Grid Survey,GCW,310,2016,8,1,0.16,GEOID12B,wetland,Phragmites australis,Phragmites australis,-33.331199645996094,-33.371246337890625,-33.329566955566406,0.16,MD_West_GCS_3m_NAVDm.tif,19,0.44294053316116333,38.87524907769073,-76.54617058583672,0.2829405331611633
Holmquist et al 2021,July and August 2016 20m Grid Survey,GCW,311,2016,8,1,0.162,GEOID12B,wetland,Phragmites australis,Phragmites australis,-33.331199645996094,-33.371246337890625,-33.329566955566406,0.162,MD_West_GCS_3m_NAVDm.tif,19,0.4527100622653961,38.87542878868376,-76.54617476879321,0.2907100622653961
Holmquist et al 2021,July and August 2016 20m Grid Survey,GCW,312,2016,8,1,0.403,GEOID12B,wetland,Phragmites australis,Phragmites australis,-33.35449981689453,-33.398616790771484,-33.3565673828125,0.403,MD_West_GCS_3m_NAVDm.tif,19,0.6129419207572937,38.873270307355384,-76.54589748600193,0.20994192075729368
Holmquist et al 2021,July and August 2016 20m Grid Survey,GCW,313,2016,8,1,0.361,GEOID12B,wetland,Phragmites australis,Phragmites australis,-33.35449981689453,-33.398616790771484,-33.3565673828125,0.361,MD_West_GCS_3m_NAVDm.tif,19,0.6214947700500488,38.87345179565552,-76.54590151053561,0.26049477005004884
Holmquist et al 2021,July and August 2016 20m Grid Survey,GCW,314,2016,8,1,0.334,GEOID12B,wetland,Typha angustifolia,Typha angustifolia,-33.35449981689453,-33.398616790771484,-33.3565673828125,0.334,MD_West_GCS_3m_NAVDm.tif,19,0.5658676624298096,38.87363146551301,-76.54590676368178,0.23186766242980955
Holmquist et al 2021,July and August 2016 20m Grid Survey,GCW,315,2016,8,1,0.314,GEOID12B,wetland,C4,NA,-33.35449981689453,-33.398616790771484,-33.3565673828125,0.314,MD_West_GCS_3m_NAVDm.tif,19,0.5031917691230774,38.87381051806032,-76.54591100063679,0.1891917691230774
Holmquist et al 2021,July and August 2016 20m Grid Survey,GCW,316,2016,8,1,0.321,GEOID12B,wetland,C4,NA,-33.35449981689453,-33.398616790771484,-33.3565673828125,0.321,MD_West_GCS_3m_NAVDm.tif,19,0.4873039722442627,38.87399208789851,-76.54591771286843,0.1663039722442627
Holmquist et al 2021,July and August 2016 20m Grid Survey,GCW,317,2016,8,1,0.21,GEOID12B,wetland,Schoenoplectus americanus,Schoenoplectus americanus,-33.35449981689453,-33.398616790771484,-33.3565673828125,0.21,MD_West_GCS_3m_NAVDm.tif,19,0.41493168473243713,38.874170980995864,-76.54591765834688,0.20493168473243714
Holmquist et al 2021,July and August 2016 20m Grid Survey,GCW,318,2016,8,1,-0.051,GEOID12B,wetland,Phragmites australis,Phragmites australis,-33.35449981689453,-33.398616790771484,-33.3565673828125,-0.051,MD_West_GCS_3m_NAVDm.tif,19,0.2987978458404541,38.874351661415616,-76.54592076643449,0.3497978458404541
Holmquist et al 2021,July and August 2016 20m Grid Survey,GCW,319,2016,8,1,0.197,GEOID12B,wetland,Iva frutescens,Iva frutescens,-33.35449981689453,-33.398616790771484,-33.3565673828125,0.197,MD_West_GCS_3m_NAVDm.tif,19,0.3883432149887085,38.87453116786791,-76.54592542834337,0.1913432149887085
Holmquist et al 2021,July and August 2016 20m Grid Survey,GCW,320,2016,8,1,0.241,GEOID12B,wetland,Iva frutescens,Iva frutescens,-33.35449981689453,-33.398616790771484,-33.3565673828125,0.241,MD_West_GCS_3m_NAVDm.tif,19,0.28150588274002075,38.87471185928515,-76.5459304272029,0.04050588274002076
Holmquist et al 2021,July and August 2016 20m Grid Survey,GCW,321,2016,8,1,0.168,GEOID12B,wetland,Phragmites australis,Phragmites australis,-33.35449981689453,-33.398616790771484,-33.3565673828125,0.168,MD_West_GCS_3m_NAVDm.tif,19,0.29085254669189453,38.87489178345663,-76.54593416453281,0.12285254669189452
Holmquist et al 2021,July and August 2016 20m Grid Survey,GCW,322,2016,8,1,0.064,GEOID12B,wetland,Iva frutescens,Iva frutescens,-33.331199645996094,-33.371246337890625,-33.329566955566406,0.064,MD_West_GCS_3m_NAVDm.tif,19,0.3127738833427429,38.8750724221685,-76.54593701825087,0.24877388334274292
Holmquist et al 2021,July and August 2016 20m Grid Survey,GCW,323,2016,8,1,0.146,GEOID12B,wetland,NA,NA,-33.331199645996094,-33.371246337890625,-33.329566955566406,0.146,MD_West_GCS_3m_NAVDm.tif,19,0.28480222821235657,38.87525312607987,-76.54594107225374,0.13880222821235658
Holmquist et al 2021,July and August 2016 20m Grid Survey,GCW,324,2016,8,1,0.188,GEOID12B,wetland,Phragmites australis,Phragmites australis,-33.331199645996094,-33.371246337890625,-33.329566955566406,0.188,MD_West_GCS_3m_NAVDm.tif,19,0.33392632007598877,38.87543215261748,-76.54594522827338,0.14592632007598877
Holmquist et al 2021,July and August 2016 20m Grid Survey,GCW,325,2016,8,1,0.098,GEOID12B,wetland,Spartina alterniflora,Spartina alterniflora,-33.331199645996094,-33.371246337890625,-33.329566955566406,0.098,MD_West_GCS_3m_NAVDm.tif,19,0.3598228096961975,38.87561244732497,-76.54594888154986,0.26182280969619753
Holmquist et al 2021,July and August 2016 20m Grid Survey,GCW,326,2016,8,1,0.406,GEOID12B,wetland,Spartina cynosuroides,Spartina cynosuroides,-33.35449981689453,-33.398616790771484,-33.3565673828125,0.406,MD_West_GCS_3m_NAVDm.tif,19,0.7213117480278015,38.87327410041431,-76.54566883775715,0.3153117480278015
Holmquist et al 2021,July and August 2016 20m Grid Survey,GCW,327,2016,8,1,0.325,GEOID12B,wetland,Spartina cynosuroides,Spartina cynosuroides,-33.35449981689453,-33.398616790771484,-33.3565673828125,0.325,MD_West_GCS_3m_NAVDm.tif,19,0.4412015974521637,38.87345383454806,-76.54567127908426,0.11620159745216369
Holmquist et al 2021,July and August 2016 20m Grid Survey,GCW,328,2016,8,1,0.243,GEOID12B,wetland,Typha angustifolia,Typha angustifolia,-33.35449981689453,-33.398616790771484,-33.3565673828125,0.243,MD_West_GCS_3m_NAVDm.tif,19,0.45742908120155334,38.873634760688205,-76.54567556753925,0.21442908120155335
Holmquist et al 2021,July and August 2016 20m Grid Survey,GCW,329,2016,8,1,0.261,GEOID12B,wetland,Phragmites australis,Phragmites australis,-33.35449981689453,-33.398616790771484,-33.3565673828125,0.261,MD_West_GCS_3m_NAVDm.tif,19,0.455829918384552,38.87381471653053,-76.54568031914866,0.194829918384552
Holmquist et al 2021,July and August 2016 20m Grid Survey,GCW,330,2016,8,1,0.284,GEOID12B,wetland,Iva frutescens,Iva frutescens,-33.35449981689453,-33.398616790771484,-33.3565673828125,0.284,MD_West_GCS_3m_NAVDm.tif,19,0.4497140347957611,38.87399502001309,-76.54568399477905,0.16571403479576113
Holmquist et al 2021,July and August 2016 20m Grid Survey,GCW,331,2016,8,1,0.191,GEOID12B,wetland,Phragmites australis,Phragmites australis,-33.35449981689453,-33.398616790771484,-33.3565673828125,0.191,MD_West_GCS_3m_NAVDm.tif,19,0.3272007703781128,38.87417401788702,-76.54568623584495,0.1362007703781128
Holmquist et al 2021,July and August 2016 20m Grid Survey,GCW,332,2016,8,1,-0.028,GEOID12B,wetland,Phragmites australis,Phragmites australis,-33.35449981689453,-33.398616790771484,-33.3565673828125,-0.028,MD_West_GCS_3m_NAVDm.tif,19,0.34631168842315674,38.87435454718207,-76.54569055042673,0.37431168842315676
Holmquist et al 2021,July and August 2016 20m Grid Survey,GCW,333,2016,8,1,0.204,GEOID12B,wetland,Kosteletzkya  virginica,Kosteletzkya  virginica,-33.35449981689453,-33.398616790771484,-33.3565673828125,0.204,MD_West_GCS_3m_NAVDm.tif,19,0.3947259187698364,38.8745344025223,-76.54569404353958,0.19072591876983644
Holmquist et al 2021,July and August 2016 20m Grid Survey,GCW,334,2016,8,1,0.146,GEOID12B,wetland,Phragmites australis,Phragmites australis,-33.35449981689453,-33.398616790771484,-33.3565673828125,0.146,MD_West_GCS_3m_NAVDm.tif,19,0.325863778591156,38.87471466949786,-76.54569843320112,0.17986377859115601
Holmquist et al 2021,July and August 2016 20m Grid Survey,GCW,335,2016,8,1,0.196,GEOID12B,wetland,Phragmites australis,Phragmites australis,-33.35449981689453,-33.398616790771484,-33.3565673828125,0.196,MD_West_GCS_3m_NAVDm.tif,19,0.2985799014568329,38.87489448299592,-76.54570236351186,0.10257990145683288
Holmquist et al 2021,July and August 2016 20m Grid Survey,GCW,336,2016,8,1,0.206,GEOID12B,wetland,Phragmites australis,Phragmites australis,-33.331199645996094,-33.371246337890625,-33.329566955566406,0.206,MD_West_GCS_3m_NAVDm.tif,19,0.3382920026779175,38.87507501196201,-76.54570670128697,0.1322920026779175
Holmquist et al 2021,July and August 2016 20m Grid Survey,GCW,337,2016,8,1,0.281,GEOID12B,wetland,Phragmites australis,Phragmites australis,-33.35449981689453,-33.398616790771484,-33.3565673828125,0.281,MD_West_GCS_3m_NAVDm.tif,19,0.3672826588153839,38.87381707747796,-76.54545023181555,0.08628265881538388
Holmquist et al 2021,July and August 2016 20m Grid Survey,GCW,338,2016,8,1,0.134,GEOID12B,wetland,Iva frutescens,Iva frutescens,-33.35449981689453,-33.398616790771484,-33.3565673828125,0.134,MD_West_GCS_3m_NAVDm.tif,19,0.3191096782684326,38.87399699574225,-76.54545237693958,0.1851096782684326
Holmquist et al 2021,July and August 2016 20m Grid Survey,GCW,339,2016,8,1,0.1,GEOID12B,wetland,Schoenoplectus americanus,Schoenoplectus americanus,-33.35449981689453,-33.398616790771484,-33.3565673828125,0.1,MD_West_GCS_3m_NAVDm.tif,19,0.4271646738052368,38.87417714290297,-76.54545697080479,0.32716467380523684
Holmquist et al 2021,July and August 2016 20m Grid Survey,GCW,340,2016,8,1,0.157,GEOID12B,wetland,Phragmites australis,Phragmites australis,-33.35449981689453,-33.398616790771484,-33.3565673828125,0.157,MD_West_GCS_3m_NAVDm.tif,19,0.4521353244781494,38.87435728410016,-76.54546133403568,0.2951353244781494
Holmquist et al 2021,July and August 2016 20m Grid Survey,GCW,341,2016,8,1,0.117,GEOID12B,wetland,Phragmites australis,Phragmites australis,-33.35449981689453,-33.398616790771484,-33.3565673828125,0.117,MD_West_GCS_3m_NAVDm.tif,19,0.43630608916282654,38.87453862293302,-76.54546575782864,0.31930608916282655
Holmquist et al 2021,July and August 2016 20m Grid Survey,GCW,342,2016,8,1,0.096,GEOID12B,wetland,Spartina cynosuroides,Spartina cynosuroides,-33.35449981689453,-33.398616790771484,-33.3565673828125,0.096,MD_West_GCS_3m_NAVDm.tif,19,0.3142409324645996,38.874723026298774,-76.54546194842884,0.2182409324645996
Holmquist et al 2021,July and August 2016 20m Grid Survey,GCW,343,2016,8,1,0.245,GEOID12B,wetland,Phragmites australis,Phragmites australis,-33.331199645996094,-33.371246337890625,-33.329566955566406,0.245,MD_West_GCS_3m_NAVDm.tif,19,0.12409111112356186,38.87507909683419,-76.54547708527154,-0.12090888887643814
Holmquist et al 2021,July and August 2016 20m Grid Survey,GCW,344,2016,8,1,0.188,GEOID12B,wetland,Phragmites australis,Phragmites australis,-33.331199645996094,-33.371246337890625,-33.329566955566406,0.188,MD_West_GCS_3m_NAVDm.tif,19,0.4435126483440399,38.8752579528541,-76.54547983007336,0.2555126483440399
Holmquist et al 2021,July and August 2016 20m Grid Survey,GCW,345,2016,8,1,0.219,GEOID12B,wetland,Schoenoplectus americanus,Schoenoplectus americanus,-33.331199645996094,-33.371246337890625,-33.329566955566406,0.219,MD_West_GCS_3m_NAVDm.tif,19,0.4108492434024811,38.875438148827975,-76.54548413706995,0.19184924340248108
Holmquist et al 2021,July and August 2016 20m Grid Survey,GCW,346,2016,8,1,0.155,GEOID12B,wetland,Iva frutescens,Iva frutescens,-33.331199645996094,-33.371246337890625,-33.329566955566406,0.155,MD_West_GCS_3m_NAVDm.tif,19,0.3078204095363617,38.87561970441717,-76.54548715943483,0.1528204095363617
Holmquist et al 2021,July and August 2016 20m Grid Survey,GCW,348,2016,8,1,0.201,GEOID12B,wetland,Iva frutescens,Iva frutescens,-33.35449981689453,-33.398616790771484,-33.3565673828125,0.201,MD_West_GCS_3m_NAVDm.tif,19,0.39151784777641296,38.873819835698455,-76.54521936922333,0.19051784777641295
Holmquist et al 2021,July and August 2016 20m Grid Survey,GCW,349,2016,8,1,0.076,GEOID12B,wetland,Iva frutescens,Iva frutescens,-33.35449981689453,-33.398616790771484,-33.3565673828125,0.076,MD_West_GCS_3m_NAVDm.tif,19,0.42522212862968445,38.87400034762943,-76.54522295598653,0.34922212862968444
Holmquist et al 2021,July and August 2016 20m Grid Survey,GCW,350,2016,8,1,0.295,GEOID12B,wetland,C4,NA,-33.35449981689453,-33.398616790771484,-33.3565673828125,0.295,MD_West_GCS_3m_NAVDm.tif,19,0.43685632944107056,38.874180977252095,-76.54522513901928,0.14185632944107057
Holmquist et al 2021,July and August 2016 20m Grid Survey,GCW,351,2016,8,1,0.272,GEOID12B,wetland,C4,NA,-33.35449981689453,-33.398616790771484,-33.3565673828125,0.272,MD_West_GCS_3m_NAVDm.tif,19,0.45401066541671753,38.87436142277809,-76.5452303382137,0.1820106654167175
Holmquist et al 2021,July and August 2016 20m Grid Survey,GCW,352,2016,8,1,0.176,GEOID12B,wetland,Iva frutescens,Iva frutescens,-33.35449981689453,-33.398616790771484,-33.3565673828125,0.176,MD_West_GCS_3m_NAVDm.tif,19,0.4383533298969269,38.87454137848633,-76.54523510033411,0.2623533298969269
Holmquist et al 2021,July and August 2016 20m Grid Survey,GCW,353,2016,8,1,0.22,GEOID12B,wetland,Phragmites australis,Phragmites australis,-33.35449981689453,-33.398616790771484,-33.3565673828125,0.22,MD_West_GCS_3m_NAVDm.tif,19,0.36401984095573425,38.87472168060101,-76.54523819854636,0.14401984095573425
Holmquist et al 2021,July and August 2016 20m Grid Survey,GCW,354,2016,8,1,0.201,GEOID12B,wetland,Phragmites australis,Phragmites australis,-33.35449981689453,-33.398616790771484,-33.3565673828125,0.201,MD_West_GCS_3m_NAVDm.tif,19,0.8591309189796448,38.8749011289074,-76.54524112844244,0.6581309189796447
Holmquist et al 2021,July and August 2016 20m Grid Survey,GCW,355,2016,8,1,0.094,GEOID12B,wetland,Phragmites australis,Phragmites australis,-33.331199645996094,-33.371246337890625,-33.329566955566406,0.094,MD_West_GCS_3m_NAVDm.tif,19,0.3333582282066345,38.87508106886909,-76.54524571742142,0.23935822820663452
Holmquist et al 2021,July and August 2016 20m Grid Survey,GCW,356,2016,8,1,0.22,GEOID12B,wetland,Phragmites australis,Phragmites australis,-33.331199645996094,-33.371246337890625,-33.329566955566406,0.22,MD_West_GCS_3m_NAVDm.tif,19,0.3453623652458191,38.87526187802206,-76.54524863074747,0.1253623652458191
Holmquist et al 2021,July and August 2016 20m Grid Survey,GCW,357,2016,8,1,0.186,GEOID12B,wetland,C4,NA,-33.331199645996094,-33.371246337890625,-33.329566955566406,0.186,MD_West_GCS_3m_NAVDm.tif,19,0.32035207748413086,38.87544137627141,-76.54525391340087,0.13435207748413086
Holmquist et al 2021,July and August 2016 20m Grid Survey,GCW,358,2016,8,1,0.193,GEOID12B,wetland,Iva frutescens,Iva frutescens,-33.331199645996094,-33.371246337890625,-33.329566955566406,0.193,MD_West_GCS_3m_NAVDm.tif,19,0.35368338227272034,38.875622190016806,-76.5452585214188,0.16068338227272033
Holmquist et al 2021,July and August 2016 20m Grid Survey,GCW,359,2016,8,1,0.205,GEOID12B,wetland,Spartina cynosuroides,Spartina cynosuroides,-33.331199645996094,-33.371246337890625,-33.329566955566406,0.205,MD_West_GCS_3m_NAVDm.tif,19,0.3638858199119568,38.87580203342812,-76.54526087213904,0.1588858199119568
Holmquist et al 2021,July and August 2016 20m Grid Survey,GCW,360,2016,8,1,0.206,GEOID12B,wetland,Spartina cynosuroides,Spartina cynosuroides,-33.331199645996094,-33.371246337890625,-33.329566955566406,0.206,MD_West_GCS_3m_NAVDm.tif,19,0.5214119553565979,38.875982977414246,-76.54526653204745,0.31541195535659794
Holmquist et al 2021,July and August 2016 20m Grid Survey,GCW,361,2016,8,1,0.251,GEOID12B,wetland,Phragmites australis,Phragmites australis,-33.331199645996094,-33.371246337890625,-33.329566955566406,0.251,MD_West_GCS_3m_NAVDm.tif,19,0.5582945346832275,38.87616234263208,-76.54527029035214,0.30729453468322754
Holmquist et al 2021,July and August 2016 20m Grid Survey,GCW,362,2016,8,1,0.223,GEOID12B,wetland,Phragmites australis,Phragmites australis,-33.331199645996094,-33.371246337890625,-33.329566955566406,0.223,MD_West_GCS_3m_NAVDm.tif,19,0.2571004033088684,38.87634233765063,-76.5452734398475,0.034100403308868404
Holmquist et al 2021,July and August 2016 20m Grid Survey,GCW,363,2016,8,1,0.173,GEOID12B,wetland,Phragmites australis,Phragmites australis,-33.331199645996094,-33.371246337890625,-33.329566955566406,0.173,MD_West_GCS_3m_NAVDm.tif,19,0.2750643193721771,38.87670279931233,-76.5452801871951,0.10206431937217714
Holmquist et al 2021,July and August 2016 20m Grid Survey,GCW,364,2016,8,1,0.017,GEOID12B,wetland,NA,NA,-33.331199645996094,-33.371246337890625,-33.329566955566406,0.017,MD_West_GCS_3m_NAVDm.tif,19,0.3962877690792084,38.87688294716714,-76.545284723407,0.37928776907920836
Holmquist et al 2021,July and August 2016 20m Grid Survey,GCW,365,2016,8,1,0.125,GEOID12B,wetland,Spartina alterniflora,Spartina alterniflora,-33.331199645996094,-33.371246337890625,-33.329566955566406,0.125,MD_West_GCS_3m_NAVDm.tif,19,0.14956316351890564,38.877063531674295,-76.54528826621255,0.02456316351890564
Holmquist et al 2021,July and August 2016 20m Grid Survey,GCW,366,2016,8,1,0.111,GEOID12B,wetland,C4,NA,-33.35449981689453,-33.398616790771484,-33.3565673828125,0.111,MD_West_GCS_3m_NAVDm.tif,19,0.329268217086792,38.87382333259824,-76.54498848802241,0.218268217086792
Holmquist et al 2021,July and August 2016 20m Grid Survey,GCW,367,2016,8,1,0.24,GEOID12B,wetland,C4,NA,-33.35449981689453,-33.398616790771484,-33.3565673828125,0.24,MD_West_GCS_3m_NAVDm.tif,19,0.4033314883708954,38.87400341199878,-76.5449920763624,0.1633314883708954
Holmquist et al 2021,July and August 2016 20m Grid Survey,GCW,368,2016,8,1,0.287,GEOID12B,wetland,Schoenoplectus americanus,Schoenoplectus americanus,-33.35449981689453,-33.398616790771484,-33.3565673828125,0.287,MD_West_GCS_3m_NAVDm.tif,19,0.44998329877853394,38.87418282859388,-76.54499536220386,0.16298329877853396
Holmquist et al 2021,July and August 2016 20m Grid Survey,GCW,369,2016,8,1,0.308,GEOID12B,wetland,C4,NA,-33.35449981689453,-33.398616790771484,-33.3565673828125,0.308,MD_West_GCS_3m_NAVDm.tif,19,0.40899327397346497,38.87436300357766,-76.54499989790895,0.10099327397346497
Holmquist et al 2021,July and August 2016 20m Grid Survey,GCW,370,2016,8,1,0.26,GEOID12B,wetland,Schoenoplectus americanus,Schoenoplectus americanus,-33.35449981689453,-33.398616790771484,-33.3565673828125,0.26,MD_West_GCS_3m_NAVDm.tif,19,0.4265880584716797,38.874543548046866,-76.54500443012645,0.16658805847167968
Holmquist et al 2021,July and August 2016 20m Grid Survey,GCW,371,2016,8,1,0.237,GEOID12B,wetland,Iva frutescens,Iva frutescens,-33.35449981689453,-33.398616790771484,-33.3565673828125,0.237,MD_West_GCS_3m_NAVDm.tif,19,0.3593065142631531,38.87472415464182,-76.54500835278373,0.12230651426315309
Holmquist et al 2021,July and August 2016 20m Grid Survey,GCW,372,2016,8,1,0.205,GEOID12B,wetland,Phragmites australis,Phragmites australis,-33.35449981689453,-33.398616790771484,-33.3565673828125,0.205,MD_West_GCS_3m_NAVDm.tif,19,0.28290772438049316,38.87490346205797,-76.54501239719609,0.07790772438049318
Holmquist et al 2021,July and August 2016 20m Grid Survey,GCW,373,2016,8,1,-0.063,GEOID12B,wetland,Phragmites australis,Phragmites australis,-33.331199645996094,-33.371246337890625,-33.329566955566406,-0.063,MD_West_GCS_3m_NAVDm.tif,19,0.298043817281723,38.87508413214542,-76.54501560660633,0.361043817281723
Holmquist et al 2021,July and August 2016 20m Grid Survey,GCW,374,2016,8,1,0.226,GEOID12B,wetland,Schoenoplectus americanus,Schoenoplectus americanus,-33.331199645996094,-33.371246337890625,-33.329566955566406,0.226,MD_West_GCS_3m_NAVDm.tif,19,0.41902872920036316,38.875265284566936,-76.54501981784425,0.19302872920036315
Holmquist et al 2021,July and August 2016 20m Grid Survey,GCW,375,2016,8,1,0.169,GEOID12B,wetland,C4,NA,-33.331199645996094,-33.371246337890625,-33.329566955566406,0.169,MD_West_GCS_3m_NAVDm.tif,19,0.431331992149353,38.8754445345391,-76.54502275449133,0.262331992149353
Holmquist et al 2021,July and August 2016 20m Grid Survey,GCW,376,2016,8,1,0.253,GEOID12B,wetland,C4,NA,-33.331199645996094,-33.371246337890625,-33.329566955566406,0.253,MD_West_GCS_3m_NAVDm.tif,19,0.4605478048324585,38.87562428104937,-76.54502698146187,0.2075478048324585
Holmquist et al 2021,July and August 2016 20m Grid Survey,GCW,377,2016,8,1,0.265,GEOID12B,wetland,C4,NA,-33.331199645996094,-33.371246337890625,-33.329566955566406,0.265,MD_West_GCS_3m_NAVDm.tif,19,0.37613025307655334,38.87580497203824,-76.54503065255243,0.11113025307655333
Holmquist et al 2021,July and August 2016 20m Grid Survey,GCW,378,2016,8,1,0.061,GEOID12B,wetland,Iva frutescens,Iva frutescens,-33.331199645996094,-33.371246337890625,-33.329566955566406,0.061,MD_West_GCS_3m_NAVDm.tif,19,0.3729861378669739,38.8759854068248,-76.54503461784206,0.3119861378669739
Holmquist et al 2021,July and August 2016 20m Grid Survey,GCW,379,2016,8,1,0.217,GEOID12B,wetland,Iva frutescens,Iva frutescens,-33.331199645996094,-33.371246337890625,-33.329566955566406,0.217,MD_West_GCS_3m_NAVDm.tif,19,0.48199084401130676,38.87616589215815,-76.54503952951497,0.2649908440113068
Holmquist et al 2021,July and August 2016 20m Grid Survey,GCW,380,2016,8,1,0.133,GEOID12B,wetland,Phragmites australis,Phragmites australis,-33.331199645996094,-33.371246337890625,-33.329566955566406,0.133,MD_West_GCS_3m_NAVDm.tif,19,0.3696054518222809,38.87634539433271,-76.54504247178699,0.23660545182228088
Holmquist et al 2021,July and August 2016 20m Grid Survey,GCW,381,2016,8,1,0.138,GEOID12B,wetland,Schoenoplectus americanus,Schoenoplectus americanus,-33.331199645996094,-33.371246337890625,-33.329566955566406,0.138,MD_West_GCS_3m_NAVDm.tif,19,0.26196590065956116,38.87670547418724,-76.54505015495896,0.12396590065956115
Holmquist et al 2021,July and August 2016 20m Grid Survey,GCW,382,2016,8,1,0.207,GEOID12B,wetland,Phragmites australis,Phragmites australis,-33.331199645996094,-33.371246337890625,-33.329566955566406,0.207,MD_West_GCS_3m_NAVDm.tif,19,0.30742698907852173,38.87688593506443,-76.54505487028342,0.10042698907852174
Holmquist et al 2021,July and August 2016 20m Grid Survey,GCW,383,2016,8,1,0.232,GEOID12B,wetland,Phragmites australis,Phragmites australis,-33.331199645996094,-33.371246337890625,-33.329566955566406,0.232,MD_West_GCS_3m_NAVDm.tif,19,0.4377308785915375,38.87706654188744,-76.54505877034684,0.20573087859153746
Holmquist et al 2021,July and August 2016 20m Grid Survey,GCW,384,2016,8,1,0.254,GEOID12B,wetland,C4,NA,-33.35449981689453,-33.398616790771484,-33.3565673828125,0.254,MD_West_GCS_3m_NAVDm.tif,19,0.4658474922180176,38.87382558590065,-76.54475757986785,0.21184749221801757
Holmquist et al 2021,July and August 2016 20m Grid Survey,GCW,385,2016,8,1,0.282,GEOID12B,wetland,C4,NA,-33.35449981689453,-33.398616790771484,-33.3565673828125,0.282,MD_West_GCS_3m_NAVDm.tif,19,0.38884642720222473,38.87400626123808,-76.54476107678386,0.10684642720222476
Holmquist et al 2021,July and August 2016 20m Grid Survey,GCW,386,2016,8,1,0.308,GEOID12B,wetland,C4,NA,-33.35449981689453,-33.398616790771484,-33.3565673828125,0.308,MD_West_GCS_3m_NAVDm.tif,19,0.44229817390441895,38.87418706057616,-76.54476609800261,0.13429817390441895
Holmquist et al 2021,July and August 2016 20m Grid Survey,GCW,387,2016,8,1,0.30400000000000005,GEOID12B,wetland,Schoenoplectus americanus,Schoenoplectus americanus,-33.35449981689453,-33.398616790771484,-33.3565673828125,0.30400000000000005,MD_West_GCS_3m_NAVDm.tif,19,0.3573814332485199,38.87446131050293,-76.54477527519292,0.05338143324851985
Holmquist et al 2021,July and August 2016 20m Grid Survey,GCW,388,2016,8,1,0.164,GEOID12B,wetland,Phragmites australis,Phragmites australis,-33.35449981689453,-33.398616790771484,-33.3565673828125,0.164,MD_West_GCS_3m_NAVDm.tif,19,0.536531925201416,38.87472781789418,-76.54477644631784,0.372531925201416
Holmquist et al 2021,July and August 2016 20m Grid Survey,GCW,389,2016,8,1,0.174,GEOID12B,wetland,Phragmites australis,Phragmites australis,-33.35449981689453,-33.398616790771484,-33.3565673828125,0.174,MD_West_GCS_3m_NAVDm.tif,19,0.37341368198394775,38.87490728122765,-76.54478096614181,0.19941368198394777
Holmquist et al 2021,July and August 2016 20m Grid Survey,GCW,390,2016,8,1,0.123,GEOID12B,wetland,Phragmites australis,Phragmites australis,-33.331199645996094,-33.371246337890625,-33.329566955566406,0.123,MD_West_GCS_3m_NAVDm.tif,19,0.2800460755825043,38.875087868899016,-76.54478495703822,0.15704607558250427
Holmquist et al 2021,July and August 2016 20m Grid Survey,GCW,391,2016,8,1,0.243,GEOID12B,wetland,C4,NA,-33.331199645996094,-33.371246337890625,-33.329566955566406,0.243,MD_West_GCS_3m_NAVDm.tif,19,0.38255801796913147,38.87528106783336,-76.54478924409625,0.13955801796913148
Holmquist et al 2021,July and August 2016 20m Grid Survey,GCW,392,2016,8,1,0.236,GEOID12B,wetland,Schoenoplectus americanus,Schoenoplectus americanus,-33.331199645996094,-33.371246337890625,-33.329566955566406,0.236,MD_West_GCS_3m_NAVDm.tif,19,0.44555169343948364,38.87544646464536,-76.5447924450418,0.20955169343948366
Holmquist et al 2021,July and August 2016 20m Grid Survey,GCW,393,2016,8,1,0.233,GEOID12B,wetland,Schoenoplectus americanus,Schoenoplectus americanus,-33.331199645996094,-33.371246337890625,-33.329566955566406,0.233,MD_West_GCS_3m_NAVDm.tif,19,0.4166446030139923,38.87562755601174,-76.5447971847031,0.1836446030139923
Holmquist et al 2021,July and August 2016 20m Grid Survey,GCW,394,2016,8,1,0.213,GEOID12B,wetland,Phragmites australis,Phragmites australis,-33.331199645996094,-33.371246337890625,-33.329566955566406,0.213,MD_West_GCS_3m_NAVDm.tif,19,0.4445965886116028,38.87580806228001,-76.5448011970345,0.2315965886116028
Holmquist et al 2021,July and August 2016 20m Grid Survey,GCW,395,2016,8,1,0.124,GEOID12B,wetland,Iva frutescens,Iva frutescens,-33.331199645996094,-33.371246337890625,-33.329566955566406,0.124,MD_West_GCS_3m_NAVDm.tif,19,0.44011056423187256,38.87598833643795,-76.54480368275236,0.31611056423187256
Holmquist et al 2021,July and August 2016 20m Grid Survey,GCW,396,2016,8,1,0.236,GEOID12B,wetland,Phragmites australis,Phragmites australis,-33.331199645996094,-33.371246337890625,-33.329566955566406,0.236,MD_West_GCS_3m_NAVDm.tif,19,0.46578648686408997,38.87616739162536,-76.54480908160942,0.22978648686408998
Holmquist et al 2021,July and August 2016 20m Grid Survey,GCW,397,2016,8,1,-0.023,GEOID12B,wetland,Phragmites australis,Phragmites australis,-33.331199645996094,-33.371246337890625,-33.329566955566406,-0.023,MD_West_GCS_3m_NAVDm.tif,19,0.22768501937389374,38.876348784016486,-76.54481149938462,0.25068501937389376
Holmquist et al 2021,July and August 2016 20m Grid Survey,GCW,398,2016,8,1,0.214,GEOID12B,wetland,Phragmites australis,Phragmites australis,-33.331199645996094,-33.371246337890625,-33.329566955566406,0.214,MD_West_GCS_3m_NAVDm.tif,19,0.4523729085922241,38.87670854037471,-76.54481911674819,0.23837290859222413
Holmquist et al 2021,July and August 2016 20m Grid Survey,GCW,399,2016,8,1,0.196,GEOID12B,wetland,Phragmites australis,Phragmites australis,-33.331199645996094,-33.371246337890625,-33.329566955566406,0.196,MD_West_GCS_3m_NAVDm.tif,19,0.4429103136062622,38.87688912691952,-76.54482318866444,0.2469103136062622
Holmquist et al 2021,July and August 2016 20m Grid Survey,GCW,400,2016,8,1,0.157,GEOID12B,wetland,Phragmites australis,Phragmites australis,-33.331199645996094,-33.371246337890625,-33.329566955566406,0.157,MD_West_GCS_3m_NAVDm.tif,19,0.3419820964336395,38.877069116789926,-76.54482808921226,0.18498209643363953
Holmquist et al 2021,July and August 2016 20m Grid Survey,GCW,401,2016,8,1,0.153,GEOID12B,wetland,C4,NA,-33.331199645996094,-33.371246337890625,-33.329566955566406,0.153,MD_West_GCS_3m_NAVDm.tif,19,0.39202824234962463,38.877249453390306,-76.5448326630067,0.23902824234962464
Holmquist et al 2021,July and August 2016 20m Grid Survey,GCW,402,2016,8,1,0.251,GEOID12B,wetland,Typha angustifolia,Typha angustifolia,-33.35449981689453,-33.398616790771484,-33.3565673828125,0.251,MD_West_GCS_3m_NAVDm.tif,19,0.3639872074127197,38.87364902260863,-76.54452363060773,0.11298720741271973
Holmquist et al 2021,July and August 2016 20m Grid Survey,GCW,403,2016,8,1,0.237,GEOID12B,wetland,Schoenoplectus americanus,Schoenoplectus americanus,-33.35449981689453,-33.398616790771484,-33.3565673828125,0.237,MD_West_GCS_3m_NAVDm.tif,19,0.41182002425193787,38.873829450478894,-76.54452744430887,0.17482002425193788
Holmquist et al 2021,July and August 2016 20m Grid Survey,GCW,404,2016,8,1,0.241,GEOID12B,wetland,Schoenoplectus americanus,Schoenoplectus americanus,-33.35449981689453,-33.398616790771484,-33.3565673828125,0.241,MD_West_GCS_3m_NAVDm.tif,19,0.42726150155067444,38.87400935420078,-76.54453205359673,0.18626150155067445
Holmquist et al 2021,July and August 2016 20m Grid Survey,GCW,405,2016,8,1,0.153,GEOID12B,wetland,Phragmites australis,Phragmites australis,-33.35449981689453,-33.398616790771484,-33.3565673828125,0.153,MD_West_GCS_3m_NAVDm.tif,19,0.20802606642246246,38.87472962119936,-76.54454614795254,0.055026066422462466
Holmquist et al 2021,July and August 2016 20m Grid Survey,GCW,406,2016,8,1,0.151,GEOID12B,wetland,C4,NA,-33.35449981689453,-33.398616790771484,-33.3565673828125,0.151,MD_West_GCS_3m_NAVDm.tif,19,0.299966961145401,38.874910360983606,-76.54455090232246,0.148966961145401
Holmquist et al 2021,July and August 2016 20m Grid Survey,GCW,407,2016,8,1,0.144,GEOID12B,wetland,Iva frutescens,Iva frutescens,-33.331199645996094,-33.371246337890625,-33.329566955566406,0.144,MD_West_GCS_3m_NAVDm.tif,19,0.39021408557891846,38.87509102700493,-76.5445551018244,0.24621408557891847
Holmquist et al 2021,July and August 2016 20m Grid Survey,GCW,408,2016,8,1,0.263,GEOID12B,wetland,C4,NA,-33.331199645996094,-33.371246337890625,-33.329566955566406,0.263,MD_West_GCS_3m_NAVDm.tif,19,0.42165347933769226,38.875270510789214,-76.54455875703792,0.15865347933769225
Holmquist et al 2021,July and August 2016 20m Grid Survey,GCW,409,2016,8,1,0.243,GEOID12B,wetland,C4,NA,-33.331199645996094,-33.371246337890625,-33.329566955566406,0.243,MD_West_GCS_3m_NAVDm.tif,19,0.4318090081214905,38.87545131860337,-76.54456109224887,0.18880900812149048
Holmquist et al 2021,July and August 2016 20m Grid Survey,GCW,410,2016,8,1,0.262,GEOID12B,wetland,C4,NA,-33.331199645996094,-33.371246337890625,-33.329566955566406,0.262,MD_West_GCS_3m_NAVDm.tif,19,0.40708985924720764,38.875631228092054,-76.54456662418036,0.14508985924720763
Holmquist et al 2021,July and August 2016 20m Grid Survey,GCW,411,2016,8,1,0.191,GEOID12B,wetland,Phragmites australis,Phragmites australis,-33.331199645996094,-33.371246337890625,-33.329566955566406,0.191,MD_West_GCS_3m_NAVDm.tif,19,0.4817882478237152,38.875811050361555,-76.54457057501018,0.2907882478237152
Holmquist et al 2021,July and August 2016 20m Grid Survey,GCW,412,2016,8,1,0.214,GEOID12B,wetland,Phragmites australis,Phragmites australis,-33.331199645996094,-33.371246337890625,-33.329566955566406,0.214,MD_West_GCS_3m_NAVDm.tif,19,0.5383741855621338,38.87599111659724,-76.54457379340045,0.3243741855621338
Holmquist et al 2021,July and August 2016 20m Grid Survey,GCW,413,2016,8,1,0.193,GEOID12B,wetland,Iva frutescens,Iva frutescens,-33.331199645996094,-33.371246337890625,-33.329566955566406,0.193,MD_West_GCS_3m_NAVDm.tif,19,0.44461822509765625,38.87617135340109,-76.54457842186753,0.25161822509765625
Holmquist et al 2021,July and August 2016 20m Grid Survey,GCW,414,2016,8,1,0.159,GEOID12B,wetland,Iva frutescens,Iva frutescens,-33.331199645996094,-33.371246337890625,-33.329566955566406,0.159,MD_West_GCS_3m_NAVDm.tif,19,0.2848055064678192,38.87635154774935,-76.54458285348655,0.1258055064678192
Holmquist et al 2021,July and August 2016 20m Grid Survey,GCW,415,2016,8,1,0.087,GEOID12B,wetland,Phragmites australis,Phragmites australis,-33.331199645996094,-33.371246337890625,-33.329566955566406,0.087,MD_West_GCS_3m_NAVDm.tif,19,0.33756348490715027,38.87653244163423,-76.54458481034112,0.2505634849071503
Holmquist et al 2021,July and August 2016 20m Grid Survey,GCW,416,2016,8,1,0.084,GEOID12B,wetland,Phragmites australis,Phragmites australis,-33.331199645996094,-33.371246337890625,-33.329566955566406,0.084,MD_West_GCS_3m_NAVDm.tif,19,0.27151691913604736,38.87671131605086,-76.54459025093212,0.18751691913604734
Holmquist et al 2021,July and August 2016 20m Grid Survey,GCW,417,2016,8,1,0.167,GEOID12B,wetland,Phragmites australis,Phragmites australis,-33.331199645996094,-33.371246337890625,-33.329566955566406,0.167,MD_West_GCS_3m_NAVDm.tif,19,0.39723560214042664,38.87689184273296,-76.54459271863733,0.23023560214042663
Holmquist et al 2021,July and August 2016 20m Grid Survey,GCW,418,2016,8,1,0.187,GEOID12B,wetland,C4,NA,-33.331199645996094,-33.371246337890625,-33.329566955566406,0.187,MD_West_GCS_3m_NAVDm.tif,19,0.44270366430282593,38.877072742154645,-76.54459766135241,0.25570366430282593
Holmquist et al 2021,July and August 2016 20m Grid Survey,GCW,419,2016,8,1,0.274,GEOID12B,wetland,Schoenoplectus americanus,Schoenoplectus americanus,-33.331199645996094,-33.371246337890625,-33.329566955566406,0.274,MD_West_GCS_3m_NAVDm.tif,19,0.44607192277908325,38.87725264790377,-76.54460210995934,0.17207192277908323
Holmquist et al 2021,July and August 2016 20m Grid Survey,GCW,420,2016,8,1,0.201,GEOID12B,wetland,Schoenoplectus americanus,Schoenoplectus americanus,-33.331199645996094,-33.371246337890625,-33.329566955566406,0.201,MD_West_GCS_3m_NAVDm.tif,19,0.47769397497177124,38.87563279301696,-76.54433660591211,0.27669397497177123
Holmquist et al 2021,July and August 2016 20m Grid Survey,GCW,421,2016,8,1,0.159,GEOID12B,wetland,C4,NA,-33.331199645996094,-33.371246337890625,-33.329566955566406,0.159,MD_West_GCS_3m_NAVDm.tif,19,0.4079672694206238,38.87581412378765,-76.54433959745857,0.24896726942062378
Holmquist et al 2021,July and August 2016 20m Grid Survey,GCW,422,2016,8,1,0.116,GEOID12B,wetland,Iva frutescens,Iva frutescens,-33.331199645996094,-33.371246337890625,-33.329566955566406,0.116,MD_West_GCS_3m_NAVDm.tif,19,0.44724664092063904,38.875993665747544,-76.54434362236574,0.33124664092063905
Holmquist et al 2021,July and August 2016 20m Grid Survey,GCW,423,2016,8,1,0.189,GEOID12B,wetland,Phragmites australis,Phragmites australis,-33.331199645996094,-33.371246337890625,-33.329566955566406,0.189,MD_West_GCS_3m_NAVDm.tif,19,0.4224589765071869,38.87617398410403,-76.54434821743442,0.2334589765071869
Holmquist et al 2021,July and August 2016 20m Grid Survey,GCW,424,2016,8,1,0.208,GEOID12B,wetland,Phragmites australis,Phragmites australis,-33.331199645996094,-33.371246337890625,-33.329566955566406,0.208,MD_West_GCS_3m_NAVDm.tif,19,0.3952041566371918,38.87635485865127,-76.5443516372486,0.18720415663719178
Holmquist et al 2021,July and August 2016 20m Grid Survey,GCW,425,2016,8,1,0.209,GEOID12B,wetland,Phragmites australis,Phragmites australis,-33.331199645996094,-33.371246337890625,-33.329566955566406,0.209,MD_West_GCS_3m_NAVDm.tif,19,0.44316965341567993,38.876534999864546,-76.54435531788134,0.23416965341567994
Holmquist et al 2021,July and August 2016 20m Grid Survey,GCW,426,2016,8,1,0.166,GEOID12B,wetland,Iva frutescens,Iva frutescens,-33.331199645996094,-33.371246337890625,-33.329566955566406,0.166,MD_West_GCS_3m_NAVDm.tif,19,0.4515622556209564,38.87671544140804,-76.54435945462467,0.2855622556209564
Holmquist et al 2021,July and August 2016 20m Grid Survey,GCW,427,2016,8,1,0.119,GEOID12B,wetland,Phragmites australis,Phragmites australis,-33.331199645996094,-33.371246337890625,-33.329566955566406,0.119,MD_West_GCS_3m_NAVDm.tif,19,0.4184252619743347,38.876895978363514,-76.54436319000393,0.2994252619743347
Holmquist et al 2021,July and August 2016 20m Grid Survey,GCW,428,2016,8,1,0.227,GEOID12B,wetland,Iva frutescens,Iva frutescens,-33.331199645996094,-33.371246337890625,-33.329566955566406,0.227,MD_West_GCS_3m_NAVDm.tif,19,0.4034571349620819,38.87707551801583,-76.54436806811758,0.1764571349620819
Holmquist et al 2021,July and August 2016 20m Grid Survey,GCW,429,2016,8,1,0.267,GEOID12B,wetland,Schoenoplectus americanus,Schoenoplectus americanus,-33.331199645996094,-33.371246337890625,-33.329566955566406,0.267,MD_West_GCS_3m_NAVDm.tif,19,0.4478389024734497,38.87725480784102,-76.54437139615696,0.1808389024734497
Holmquist et al 2021,July and August 2016 20m Grid Survey,GCW,430,2016,8,1,0.333,GEOID12B,wetland,C4,NA,-33.331199645996094,-33.371246337890625,-33.329566955566406,0.333,MD_West_GCS_3m_NAVDm.tif,19,0.4605271518230438,38.87742300264998,-76.54437288168648,0.1275271518230438
Holmquist et al 2021,July and August 2016 20m Grid Survey,GCW,431,2016,8,1,0.16,GEOID12B,wetland,Schoenoplectus americanus,Schoenoplectus americanus,-33.331199645996094,-33.371246337890625,-33.329566955566406,0.16,MD_West_GCS_3m_NAVDm.tif,19,0.397106796503067,38.87563783297189,-76.54410542940988,0.237106796503067
Holmquist et al 2021,July and August 2016 20m Grid Survey,GCW,432,2016,8,1,0.188,GEOID12B,wetland,Schoenoplectus americanus,Schoenoplectus americanus,-33.331199645996094,-33.371246337890625,-33.329566955566406,0.188,MD_West_GCS_3m_NAVDm.tif,19,0.3839210271835327,38.87581734364894,-76.5441090956754,0.19592102718353271
Holmquist et al 2021,July and August 2016 20m Grid Survey,GCW,433,2016,8,1,0.168,GEOID12B,wetland,Iva frutescens,Iva frutescens,-33.331199645996094,-33.371246337890625,-33.329566955566406,0.168,MD_West_GCS_3m_NAVDm.tif,19,0.3733690083026886,38.87599722074729,-76.5441123088074,0.2053690083026886
Holmquist et al 2021,July and August 2016 20m Grid Survey,GCW,434,2016,8,1,0.231,GEOID12B,wetland,Iva frutescens,Iva frutescens,-33.331199645996094,-33.371246337890625,-33.329566955566406,0.231,MD_West_GCS_3m_NAVDm.tif,19,0.3777487576007843,38.876176811436295,-76.54411673768463,0.1467487576007843
Holmquist et al 2021,July and August 2016 20m Grid Survey,GCW,435,2016,8,1,0.023,GEOID12B,wetland,Iva frutescens,Iva frutescens,-33.331199645996094,-33.371246337890625,-33.329566955566406,0.023,MD_West_GCS_3m_NAVDm.tif,19,0.3519822657108307,38.876357186721165,-76.54411975417044,0.32898226571083067
Holmquist et al 2021,July and August 2016 20m Grid Survey,GCW,436,2016,8,1,0.218,GEOID12B,wetland,Phragmites australis,Phragmites australis,-33.331199645996094,-33.371246337890625,-33.329566955566406,0.218,MD_West_GCS_3m_NAVDm.tif,19,0.2828439176082611,38.876537887260184,-76.54412474893587,0.06484391760826111
Holmquist et al 2021,July and August 2016 20m Grid Survey,GCW,437,2016,8,1,0.131,GEOID12B,wetland,Phragmites australis,Phragmites australis,-33.331199645996094,-33.371246337890625,-33.329566955566406,0.131,MD_West_GCS_3m_NAVDm.tif,19,0.364604115486145,38.876718320440915,-76.54412951893134,0.23360411548614501
Holmquist et al 2021,July and August 2016 20m Grid Survey,GCW,438,2016,8,1,0.129,GEOID12B,wetland,Phragmites australis,Phragmites australis,-33.331199645996094,-33.371246337890625,-33.329566955566406,0.129,MD_West_GCS_3m_NAVDm.tif,19,0.4052007794380188,38.876897942839896,-76.54413291116053,0.2762007794380188
Holmquist et al 2021,July and August 2016 20m Grid Survey,GCW,439,2016,8,1,0.23,GEOID12B,wetland,C4,NA,-33.331199645996094,-33.371246337890625,-33.329566955566406,0.23,MD_West_GCS_3m_NAVDm.tif,19,0.4417553246021271,38.87707762358182,-76.54413734217118,0.21175532460212707
Holmquist et al 2021,July and August 2016 20m Grid Survey,GCW,440,2016,8,1,0.286,GEOID12B,wetland,C4,NA,-33.331199645996094,-33.371246337890625,-33.329566955566406,0.286,MD_West_GCS_3m_NAVDm.tif,19,0.4601462185382843,38.87725787910748,-76.54413919193858,0.17414621853828433
Holmquist et al 2021,July and August 2016 20m Grid Survey,GCW,441,2016,8,1,0.303,GEOID12B,wetland,C4,NA,-33.331199645996094,-33.371246337890625,-33.329566955566406,0.303,MD_West_GCS_3m_NAVDm.tif,19,0.478954017162323,38.877439434928874,-76.54414355985601,0.175954017162323
Holmquist et al 2021,July and August 2016 20m Grid Survey,GCW,442,2016,8,1,0.376,GEOID12B,wetland,Spartina cynosuroides,Spartina cynosuroides,-33.331199645996094,-33.371246337890625,-33.329566955566406,0.376,MD_West_GCS_3m_NAVDm.tif,19,0.5993426442146301,38.877799062335995,-76.54415207052388,0.22334264421463013
Holmquist et al 2021,July and August 2016 20m Grid Survey,GCW,443,2016,8,1,0.278,GEOID12B,wetland,Schoenoplectus americanus,Schoenoplectus americanus,-33.331199645996094,-33.371246337890625,-33.329566955566406,0.278,MD_West_GCS_3m_NAVDm.tif,19,0.41834691166877747,38.87546069455779,-76.54387058712635,0.14034691166877744
Holmquist et al 2021,July and August 2016 20m Grid Survey,GCW,444,2016,8,1,0.204,GEOID12B,wetland,C4,NA,-33.331199645996094,-33.371246337890625,-33.329566955566406,0.204,MD_West_GCS_3m_NAVDm.tif,19,0.49604442715644836,38.87563909661534,-76.54387359477893,0.2920444271564484
Holmquist et al 2021,July and August 2016 20m Grid Survey,GCW,445,2016,8,1,0.214,GEOID12B,wetland,Schoenoplectus americanus,Schoenoplectus americanus,-33.331199645996094,-33.371246337890625,-33.329566955566406,0.214,MD_West_GCS_3m_NAVDm.tif,19,0.4450225532054901,38.875820862022145,-76.5438791536423,0.23102255320549012
Holmquist et al 2021,July and August 2016 20m Grid Survey,GCW,446,2016,8,1,0.118,GEOID12B,wetland,Iva frutescens,Iva frutescens,-33.331199645996094,-33.371246337890625,-33.329566955566406,0.118,MD_West_GCS_3m_NAVDm.tif,19,0.37741345167160034,38.87600097165985,-76.54388181790937,0.25941345167160035
Holmquist et al 2021,July and August 2016 20m Grid Survey,GCW,447,2016,8,1,0.234,GEOID12B,wetland,C4,NA,-33.331199645996094,-33.371246337890625,-33.329566955566406,0.234,MD_West_GCS_3m_NAVDm.tif,19,0.39935722947120667,38.876181499838935,-76.54388622038496,0.16535722947120665
Holmquist et al 2021,July and August 2016 20m Grid Survey,GCW,448,2016,8,1,0.08,GEOID12B,wetland,Phragmites australis,Phragmites australis,-33.331199645996094,-33.371246337890625,-33.329566955566406,0.08,MD_West_GCS_3m_NAVDm.tif,19,0.36153295636177063,38.876360309870776,-76.54389040127529,0.2815329563617706
Holmquist et al 2021,July and August 2016 20m Grid Survey,GCW,449,2016,8,1,0.172,GEOID12B,wetland,Phragmites australis,Phragmites australis,-33.331199645996094,-33.371246337890625,-33.329566955566406,0.172,MD_West_GCS_3m_NAVDm.tif,19,0.3856760561466217,38.87654123316533,-76.5438942244718,0.21367605614662172
Holmquist et al 2021,July and August 2016 20m Grid Survey,GCW,450,2016,8,1,0.197,GEOID12B,wetland,Iva frutescens,Iva frutescens,-33.331199645996094,-33.371246337890625,-33.329566955566406,0.197,MD_West_GCS_3m_NAVDm.tif,19,0.41339313983917236,38.876720914074824,-76.54389796317811,0.21639313983917235
Holmquist et al 2021,July and August 2016 20m Grid Survey,GCW,451,2016,8,1,0.145,GEOID12B,wetland,Schoenoplectus americanus,Schoenoplectus americanus,-33.331199645996094,-33.371246337890625,-33.329566955566406,0.145,MD_West_GCS_3m_NAVDm.tif,19,0.3693818151950836,38.87690147091399,-76.54390155948883,0.22438181519508363
Holmquist et al 2021,July and August 2016 20m Grid Survey,GCW,452,2016,8,1,0.329,GEOID12B,wetland,Spartina cynosuroides,Spartina cynosuroides,-33.331199645996094,-33.371246337890625,-33.329566955566406,0.329,MD_West_GCS_3m_NAVDm.tif,19,0.6504212021827698,38.87762240003926,-76.54391326559656,0.32142120218276976
Holmquist et al 2021,July and August 2016 20m Grid Survey,GCW,453,2016,8,1,0.324,GEOID12B,wetland,Spartina cynosuroides,Spartina cynosuroides,-33.331199645996094,-33.371246337890625,-33.329566955566406,0.324,MD_West_GCS_3m_NAVDm.tif,19,0.48996880650520325,38.87780163654528,-76.54392062612008,0.16596880650520324
Holmquist et al 2021,July and August 2016 20m Grid Survey,GCW,454,2016,8,1,0.336,GEOID12B,wetland,C4,NA,-33.331199645996094,-33.371246337890625,-33.329566955566406,0.336,MD_West_GCS_3m_NAVDm.tif,19,0.6145296096801758,38.87798169792814,-76.54392557218874,0.27852960968017576
Holmquist et al 2021,July and August 2016 20m Grid Survey,GCW,455,2016,8,1,0.354,GEOID12B,wetland,Phragmites australis,Phragmites australis,-33.331199645996094,-33.371246337890625,-33.329566955566406,0.354,MD_West_GCS_3m_NAVDm.tif,19,0.550855278968811,38.87820530966654,-76.54393044641938,0.19685527896881105
Holmquist et al 2021,July and August 2016 20m Grid Survey,GCW,456,2016,8,1,0.296,GEOID12B,wetland,Schoenoplectus americanus,Schoenoplectus americanus,-33.331199645996094,-33.371246337890625,-33.329566955566406,0.296,MD_West_GCS_3m_NAVDm.tif,19,0.4604991376399994,38.875463316334184,-76.5436402694776,0.1644991376399994
Holmquist et al 2021,July and August 2016 20m Grid Survey,GCW,457,2016,8,1,0.305,GEOID12B,wetland,C4,NA,-33.331199645996094,-33.371246337890625,-33.329566955566406,0.305,MD_West_GCS_3m_NAVDm.tif,19,0.47679057717323303,38.87564247133291,-76.54364494126314,0.17179057717323304
Holmquist et al 2021,July and August 2016 20m Grid Survey,GCW,458,2016,8,1,0.279,GEOID12B,wetland,Schoenoplectus americanus,Schoenoplectus americanus,-33.331199645996094,-33.371246337890625,-33.329566955566406,0.279,MD_West_GCS_3m_NAVDm.tif,19,0.49960553646087646,38.8758230909606,-76.54364788108235,0.22060553646087644
Holmquist et al 2021,July and August 2016 20m Grid Survey,GCW,459,2016,8,1,0.087,GEOID12B,wetland,C4,NA,-33.331199645996094,-33.371246337890625,-33.329566955566406,0.087,MD_West_GCS_3m_NAVDm.tif,19,0.4304462671279907,38.87600331126525,-76.54365444343891,0.34344626712799076
Holmquist et al 2021,July and August 2016 20m Grid Survey,GCW,460,2016,8,1,0.253,GEOID12B,wetland,Iva frutescens,Iva frutescens,-33.331199645996094,-33.371246337890625,-33.329566955566406,0.253,MD_West_GCS_3m_NAVDm.tif,19,0.45525214076042175,38.87618396807691,-76.54365525154833,0.20225214076042175
Holmquist et al 2021,July and August 2016 20m Grid Survey,GCW,461,2016,8,1,0.221,GEOID12B,wetland,Iva frutescens,Iva frutescens,-33.331199645996094,-33.371246337890625,-33.329566955566406,0.221,MD_West_GCS_3m_NAVDm.tif,19,0.4309474527835846,38.876363618202085,-76.54365995724821,0.2099474527835846
Holmquist et al 2021,July and August 2016 20m Grid Survey,GCW,462,2016,8,1,0.211,GEOID12B,wetland,Schoenoplectus americanus,Schoenoplectus americanus,-33.331199645996094,-33.371246337890625,-33.329566955566406,0.211,MD_West_GCS_3m_NAVDm.tif,19,0.45626509189605713,38.87654372223917,-76.54366440767544,0.24526509189605714
Holmquist et al 2021,July and August 2016 20m Grid Survey,GCW,463,2016,8,1,0.252,GEOID12B,wetland,C4,NA,-33.331199645996094,-33.371246337890625,-33.329566955566406,0.252,MD_West_GCS_3m_NAVDm.tif,19,0.4144090414047241,38.87672497272126,-76.54366733825346,0.16240904140472412
Holmquist et al 2021,July and August 2016 20m Grid Survey,GCW,464,2016,8,1,0.087,GEOID12B,wetland,Schoenoplectus americanus,Schoenoplectus americanus,-33.331199645996094,-33.371246337890625,-33.329566955566406,0.087,MD_West_GCS_3m_NAVDm.tif,19,0.44938406348228455,38.876904873346994,-76.54367081603284,0.3623840634822846
Holmquist et al 2021,July and August 2016 20m Grid Survey,GCW,465,2016,8,1,0.356,GEOID12B,wetland,C4,NA,-33.331199645996094,-33.371246337890625,-33.329566955566406,0.356,MD_West_GCS_3m_NAVDm.tif,19,0.49576619267463684,38.87744462500911,-76.54368293368728,0.13976619267463686
Holmquist et al 2021,July and August 2016 20m Grid Survey,GCW,466,2016,8,1,0.232,GEOID12B,wetland,Iva frutescens,Iva frutescens,-33.331199645996094,-33.371246337890625,-33.329566955566406,0.232,MD_West_GCS_3m_NAVDm.tif,19,0.45601820945739746,38.87762579764224,-76.54368766106533,0.22401820945739745
Holmquist et al 2021,July and August 2016 20m Grid Survey,GCW,467,2016,8,1,0.324,GEOID12B,wetland,Iva frutescens,Iva frutescens,-33.331199645996094,-33.371246337890625,-33.329566955566406,0.324,MD_West_GCS_3m_NAVDm.tif,19,0.44006064534187317,38.87780552098655,-76.54369159628988,0.11606064534187316
Holmquist et al 2021,July and August 2016 20m Grid Survey,GCW,468,2016,8,1,0.318,GEOID12B,wetland,C4,NA,-33.331199645996094,-33.371246337890625,-33.329566955566406,0.318,MD_West_GCS_3m_NAVDm.tif,19,0.43524256348609924,38.87798529728981,-76.54369493325133,0.11724256348609924
Holmquist et al 2021,July and August 2016 20m Grid Survey,GCW,469,2016,8,1,0.284,GEOID12B,wetland,C4,NA,-33.331199645996094,-33.371246337890625,-33.329566955566406,0.284,MD_West_GCS_3m_NAVDm.tif,19,0.5637855529785156,38.878165030069695,-76.54369815402501,0.27978555297851565
Holmquist et al 2021,July and August 2016 20m Grid Survey,GCW,470,2016,8,1,0.353,GEOID12B,wetland,C4,NA,-33.331199645996094,-33.371246337890625,-33.329566955566406,0.353,MD_West_GCS_3m_NAVDm.tif,19,0.46337267756462097,38.878322898579,-76.54370167404988,0.11037267756462099
Holmquist et al 2021,July and August 2016 20m Grid Survey,GCW,471,2016,8,1,0.285,GEOID12B,wetland,Schoenoplectus americanus,Schoenoplectus americanus,-33.331199645996094,-33.371246337890625,-33.329566955566406,0.285,MD_West_GCS_3m_NAVDm.tif,19,0.4387921392917633,38.87528525004648,-76.54340669991664,0.15379213929176333
Holmquist et al 2021,July and August 2016 20m Grid Survey,GCW,472,2016,8,1,0.287,GEOID12B,wetland,C4,NA,-33.331199645996094,-33.371246337890625,-33.329566955566406,0.287,MD_West_GCS_3m_NAVDm.tif,19,0.4583526849746704,38.87546607965612,-76.54341011625189,0.17135268497467043
Holmquist et al 2021,July and August 2016 20m Grid Survey,GCW,473,2016,8,1,0.273,GEOID12B,wetland,Schoenoplectus americanus,Schoenoplectus americanus,-33.331199645996094,-33.371246337890625,-33.329566955566406,0.273,MD_West_GCS_3m_NAVDm.tif,19,0.45963340997695923,38.8756465153131,-76.54341265954253,0.1866334099769592
Holmquist et al 2021,July and August 2016 20m Grid Survey,GCW,474,2016,8,1,0.236,GEOID12B,wetland,Schoenoplectus americanus,Schoenoplectus americanus,-33.331199645996094,-33.371246337890625,-33.329566955566406,0.236,MD_West_GCS_3m_NAVDm.tif,19,0.4187624454498291,38.87582690097656,-76.54341830265686,0.18276244544982911
Holmquist et al 2021,July and August 2016 20m Grid Survey,GCW,475,2016,8,1,0.26,GEOID12B,wetland,Schoenoplectus americanus,Schoenoplectus americanus,-33.331199645996094,-33.371246337890625,-33.329566955566406,0.26,MD_West_GCS_3m_NAVDm.tif,19,0.4698745012283325,38.87600694867698,-76.54342156384816,0.2098745012283325
Holmquist et al 2021,July and August 2016 20m Grid Survey,GCW,476,2016,8,1,0.271,GEOID12B,wetland,C4,NA,-33.331199645996094,-33.371246337890625,-33.329566955566406,0.271,MD_West_GCS_3m_NAVDm.tif,19,0.46324360370635986,38.87618728678917,-76.54342535009084,0.19224360370635984
Holmquist et al 2021,July and August 2016 20m Grid Survey,GCW,477,2016,8,1,0.28,GEOID12B,wetland,C4,NA,-33.331199645996094,-33.371246337890625,-33.329566955566406,0.28,MD_West_GCS_3m_NAVDm.tif,19,0.43240082263946533,38.876367214058895,-76.54343022259313,0.1524008226394653
Holmquist et al 2021,July and August 2016 20m Grid Survey,GCW,478,2016,8,1,0.257,GEOID12B,wetland,C4,NA,-33.331199645996094,-33.371246337890625,-33.329566955566406,0.257,MD_West_GCS_3m_NAVDm.tif,19,0.36068081855773926,38.87654717760049,-76.54343303249028,0.10368081855773925
Holmquist et al 2021,July and August 2016 20m Grid Survey,GCW,479,2016,8,1,0.245,GEOID12B,wetland,Phragmites australis,Phragmites australis,-33.331199645996094,-33.371246337890625,-33.329566955566406,0.245,MD_West_GCS_3m_NAVDm.tif,19,0.6417057514190674,38.8767272515805,-76.5434377122725,0.3967057514190674
Holmquist et al 2021,July and August 2016 20m Grid Survey,GCW,480,2016,8,1,0.317,GEOID12B,wetland,Spartina cynosuroides,Spartina cynosuroides,-33.331199645996094,-33.371246337890625,-33.329566955566406,0.317,MD_West_GCS_3m_NAVDm.tif,19,0.4960533380508423,38.87690696966138,-76.54342705268762,0.17905333805084228
Holmquist et al 2021,July and August 2016 20m Grid Survey,GCW,481,2016,8,1,0.289,GEOID12B,wetland,Iva frutescens,Iva frutescens,-33.331199645996094,-33.371246337890625,-33.329566955566406,0.289,MD_West_GCS_3m_NAVDm.tif,19,0.5811429619789124,38.87744727341775,-76.54345262172441,0.2921429619789124
Holmquist et al 2021,July and August 2016 20m Grid Survey,GCW,482,2016,8,1,0.257,GEOID12B,wetland,Iva frutescens,Iva frutescens,-33.331199645996094,-33.371246337890625,-33.329566955566406,0.257,MD_West_GCS_3m_NAVDm.tif,19,0.5232065320014954,38.87762878897606,-76.54345662969122,0.26620653200149536
Holmquist et al 2021,July and August 2016 20m Grid Survey,GCW,483,2016,8,1,0.203,GEOID12B,wetland,Phragmites australis,Phragmites australis,-33.331199645996094,-33.371246337890625,-33.329566955566406,0.203,MD_West_GCS_3m_NAVDm.tif,19,0.37548360228538513,38.87780854090782,-76.54346112981183,0.17248360228538512
Holmquist et al 2021,July and August 2016 20m Grid Survey,GCW,484,2016,8,1,0.252,GEOID12B,wetland,Phragmites australis,Phragmites australis,-33.331199645996094,-33.371246337890625,-33.329566955566406,0.252,MD_West_GCS_3m_NAVDm.tif,19,0.553713321685791,38.87798927027766,-76.5434646251469,0.301713321685791
Holmquist et al 2021,July and August 2016 20m Grid Survey,GCW,485,2016,8,1,0.256,GEOID12B,wetland,Phragmites australis,Phragmites australis,-33.331199645996094,-33.371246337890625,-33.329566955566406,0.256,MD_West_GCS_3m_NAVDm.tif,19,0.4102739691734314,38.87816897883204,-76.54346899759662,0.1542739691734314
Holmquist et al 2021,July and August 2016 20m Grid Survey,GCW,486,2016,8,1,0.374,GEOID12B,wetland,Phragmites australis,Phragmites australis,-33.331199645996094,-33.371246337890625,-33.329566955566406,0.374,MD_West_GCS_3m_NAVDm.tif,19,0.9567261338233948,38.8783379217192,-76.54347251464516,0.5827261338233948
Holmquist et al 2021,July and August 2016 20m Grid Survey,GCW,487,2016,8,1,0.296,GEOID12B,wetland,Typha angustifolia,Typha angustifolia,-33.331199645996094,-33.371246337890625,-33.329566955566406,0.296,MD_West_GCS_3m_NAVDm.tif,19,0.44978252053260803,38.875469092145295,-76.54317948424323,0.15378252053260805
Holmquist et al 2021,July and August 2016 20m Grid Survey,GCW,488,2016,8,1,0.256,GEOID12B,wetland,Schoenoplectus americanus,Schoenoplectus americanus,-33.331199645996094,-33.371246337890625,-33.329566955566406,0.256,MD_West_GCS_3m_NAVDm.tif,19,0.49403244256973267,38.87564850670718,-76.54318292705521,0.23803244256973266
Holmquist et al 2021,July and August 2016 20m Grid Survey,GCW,489,2016,8,1,0.217,GEOID12B,wetland,Schoenoplectus americanus,Schoenoplectus americanus,-33.331199645996094,-33.371246337890625,-33.329566955566406,0.217,MD_West_GCS_3m_NAVDm.tif,19,0.46464282274246216,38.87582862410395,-76.54318773381135,0.24764282274246216
Holmquist et al 2021,July and August 2016 20m Grid Survey,GCW,490,2016,8,1,0.147,GEOID12B,wetland,Schoenoplectus americanus,Schoenoplectus americanus,-33.331199645996094,-33.371246337890625,-33.329566955566406,0.147,MD_West_GCS_3m_NAVDm.tif,19,0.458498477935791,38.87600988702554,-76.543191089872,0.311498477935791
Holmquist et al 2021,July and August 2016 20m Grid Survey,GCW,491,2016,8,1,0.17,GEOID12B,wetland,C4,NA,-33.331199645996094,-33.371246337890625,-33.329566955566406,0.17,MD_West_GCS_3m_NAVDm.tif,19,0.39769497513771057,38.87618952464422,-76.54319469899484,0.22769497513771056
Holmquist et al 2021,July and August 2016 20m Grid Survey,GCW,492,2016,8,1,0.157,GEOID12B,wetland,Iva frutescens,Iva frutescens,-33.331199645996094,-33.371246337890625,-33.329566955566406,0.157,MD_West_GCS_3m_NAVDm.tif,19,0.4271160066127777,38.876369584317686,-76.54319978127478,0.2701160066127777
Holmquist et al 2021,July and August 2016 20m Grid Survey,GCW,493,2016,8,1,0.229,GEOID12B,wetland,Phragmites australis,Phragmites australis,-33.331199645996094,-33.371246337890625,-33.329566955566406,0.229,MD_West_GCS_3m_NAVDm.tif,19,0.462721586227417,38.87673103356557,-76.54320681617165,0.23372158622741698
Holmquist et al 2021,July and August 2016 20m Grid Survey,GCW,494,2016,8,1,0.187,GEOID12B,wetland,Phragmites australis,Phragmites australis,-33.331199645996094,-33.371246337890625,-33.329566955566406,0.187,MD_West_GCS_3m_NAVDm.tif,19,0.44110795855522156,38.876910616023686,-76.54320982480333,0.25410795855522156
Holmquist et al 2021,July and August 2016 20m Grid Survey,GCW,495,2016,8,1,0.208,GEOID12B,wetland,Iva frutescens,Iva frutescens,-33.331199645996094,-33.371246337890625,-33.329566955566406,0.208,MD_West_GCS_3m_NAVDm.tif,19,0.39565789699554443,38.87709016004808,-76.54321437733616,0.18765789699554444
Holmquist et al 2021,July and August 2016 20m Grid Survey,GCW,496,2016,8,1,0.194,GEOID12B,wetland,Phragmites australis,Phragmites australis,-33.331199645996094,-33.371246337890625,-33.329566955566406,0.194,MD_West_GCS_3m_NAVDm.tif,19,0.45434966683387756,38.87727038286456,-76.5432180223785,0.26034966683387756
Holmquist et al 2021,July and August 2016 20m Grid Survey,GCW,497,2016,8,1,0.259,GEOID12B,wetland,Phragmites australis,Phragmites australis,-33.331199645996094,-33.371246337890625,-33.329566955566406,0.259,MD_West_GCS_3m_NAVDm.tif,19,0.5271103978157043,38.87745034904715,-76.54322267633934,0.26811039781570434
Holmquist et al 2021,July and August 2016 20m Grid Survey,GCW,498,2016,8,1,0.188,GEOID12B,wetland,Kosteletzkya  virginica,Kosteletzkya  virginica,-33.331199645996094,-33.371246337890625,-33.329566955566406,0.188,MD_West_GCS_3m_NAVDm.tif,19,0.5140665173530579,38.87763120745754,-76.54322595478679,0.32606651735305786
Holmquist et al 2021,July and August 2016 20m Grid Survey,GCW,499,2016,8,1,0.254,GEOID12B,wetland,Phragmites australis,Phragmites australis,-33.331199645996094,-33.371246337890625,-33.329566955566406,0.254,MD_West_GCS_3m_NAVDm.tif,19,0.44105395674705505,38.87781096426359,-76.54322940540692,0.18705395674705505
Holmquist et al 2021,July and August 2016 20m Grid Survey,GCW,500,2016,8,1,0.124,GEOID12B,wetland,Phragmites australis,Phragmites australis,-33.331199645996094,-33.371246337890625,-33.329566955566406,0.124,MD_West_GCS_3m_NAVDm.tif,19,0.5263757109642029,38.87799161629627,-76.54323466223131,0.4023757109642029
Holmquist et al 2021,July and August 2016 20m Grid Survey,GCW,501,2016,8,1,0.266,GEOID12B,wetland,Phragmites australis,Phragmites australis,-33.331199645996094,-33.371246337890625,-33.329566955566406,0.266,MD_West_GCS_3m_NAVDm.tif,19,0.4533360004425049,38.878171552341925,-76.54323818596579,0.18733600044250487
Holmquist et al 2021,July and August 2016 20m Grid Survey,GCW,502,2016,8,1,0.319,GEOID12B,wetland,Phragmites australis,Phragmites australis,-33.331199645996094,-33.371246337890625,-33.329566955566406,0.319,MD_West_GCS_3m_NAVDm.tif,19,0.7485556602478027,38.8783512900268,-76.54324103682777,0.42955566024780273
Holmquist et al 2021,July and August 2016 20m Grid Survey,GCW,503,2016,8,1,0.131,GEOID12B,wetland,Phragmites australis,Phragmites australis,-33.331199645996094,-33.371246337890625,-33.329566955566406,0.131,MD_West_GCS_3m_NAVDm.tif,19,0.4349679946899414,38.87637231214564,-76.54296884045883,0.3039679946899414
Holmquist et al 2021,July and August 2016 20m Grid Survey,GCW,504,2016,8,1,0.101,GEOID12B,wetland,Phragmites australis,Phragmites australis,-33.331199645996094,-33.371246337890625,-33.329566955566406,0.101,MD_West_GCS_3m_NAVDm.tif,19,0.4148351848125458,38.87655340160372,-76.5429716850715,0.3138351848125458
Holmquist et al 2021,July and August 2016 20m Grid Survey,GCW,505,2016,8,1,0.167,GEOID12B,wetland,Phragmites australis,Phragmites australis,-33.331199645996094,-33.371246337890625,-33.329566955566406,0.167,MD_West_GCS_3m_NAVDm.tif,19,0.2537528872489929,38.876732980323105,-76.54297634145021,0.08675288724899291
Holmquist et al 2021,July and August 2016 20m Grid Survey,GCW,506,2016,8,1,0.059,GEOID12B,wetland,Phragmites australis,Phragmites australis,-33.331199645996094,-33.371246337890625,-33.329566955566406,0.059,MD_West_GCS_3m_NAVDm.tif,19,-0.23330698907375336,38.87691398222396,-76.54299126515839,-0.29230698907375335
Holmquist et al 2021,July and August 2016 20m Grid Survey,GCW,507,2016,8,1,0.093,GEOID12B,wetland,Kosteletzkya  virginica,Kosteletzkya  virginica,-33.331199645996094,-33.371246337890625,-33.329566955566406,0.093,MD_West_GCS_3m_NAVDm.tif,19,0.18994897603988647,38.87709254736571,-76.54301738721814,0.09694897603988648
Holmquist et al 2021,July and August 2016 20m Grid Survey,GCW,508,2016,8,1,0.073,GEOID12B,wetland,Phragmites australis,Phragmites australis,-33.331199645996094,-33.371246337890625,-33.329566955566406,0.073,MD_West_GCS_3m_NAVDm.tif,19,0.2233339250087738,38.8779948713263,-76.54300270159665,0.1503339250087738
Holmquist et al 2021,July and August 2016 20m Grid Survey,GCW,509,2016,8,1,0.262,GEOID12B,wetland,C4,NA,-33.331199645996094,-33.371246337890625,-33.329566955566406,0.262,MD_West_GCS_3m_NAVDm.tif,19,0.42567017674446106,38.87817508529854,-76.54300701464845,0.16367017674446105
Holmquist et al 2021,July and August 2016 20m Grid Survey,GCW,510,2016,8,1,0.155,GEOID12B,wetland,Phragmites australis,Phragmites australis,-33.331199645996094,-33.371246337890625,-33.329566955566406,0.155,MD_West_GCS_3m_NAVDm.tif,19,0.3122692108154297,38.87835514993193,-76.5430110363113,0.1572692108154297
Holmquist et al 2021,July and August 2016 20m Grid Survey,GCW,511,2016,8,1,0.352,GEOID12B,wetland,Typha angustifolia,Typha angustifolia,-33.331199645996094,-33.371246337890625,-33.329566955566406,0.352,MD_West_GCS_3m_NAVDm.tif,19,0.578890860080719,38.878534312688274,-76.54301579934048,0.22689086008071901
Holmquist et al 2021,July and August 2016 20m Grid Survey,GCW,512,2016,8,1,0.257,GEOID12B,wetland,Phragmites australis,Phragmites australis,-33.331199645996094,-33.371246337890625,-33.329566955566406,0.257,MD_West_GCS_3m_NAVDm.tif,19,0.35319218039512634,38.876196213805265,-76.54273353682873,0.09619218039512634
Holmquist et al 2021,July and August 2016 20m Grid Survey,GCW,513,2016,8,1,0.146,GEOID12B,wetland,Iva frutescens,Iva frutescens,-33.331199645996094,-33.371246337890625,-33.329566955566406,0.146,MD_West_GCS_3m_NAVDm.tif,19,0.3288731575012207,38.87637596952517,-76.54273843845955,0.1828731575012207
Holmquist et al 2021,July and August 2016 20m Grid Survey,GCW,514,2016,8,1,0.211,GEOID12B,wetland,Iva frutescens,Iva frutescens,-33.331199645996094,-33.371246337890625,-33.329566955566406,0.211,MD_West_GCS_3m_NAVDm.tif,19,0.4935198128223419,38.87655553845374,-76.5427417914002,0.28251981282234195
Holmquist et al 2021,July and August 2016 20m Grid Survey,GCW,515,2016,8,1,0.104,GEOID12B,wetland,Spartina alterniflora,Spartina alterniflora,-33.331199645996094,-33.371246337890625,-33.329566955566406,0.104,MD_West_GCS_3m_NAVDm.tif,19,0.4517270028591156,38.8783570719736,-76.54278035982315,0.3477270028591156
Holmquist et al 2021,July and August 2016 20m Grid Survey,GCW,516,2016,8,1,0.307,GEOID12B,wetland,Phragmites australis,Phragmites australis,-33.331199645996094,-33.371246337890625,-33.329566955566406,0.307,MD_West_GCS_3m_NAVDm.tif,19,0.5862380266189575,38.878537911378785,-76.54278575798345,0.2792380266189575
Holmquist et al 2021,July and August 2016 20m Grid Survey,GCW,517,2016,8,1,0.061,GEOID12B,wetland,Phragmites australis,Phragmites australis,-33.331199645996094,-33.371246337890625,-33.329566955566406,0.061,MD_West_GCS_3m_NAVDm.tif,19,0.32673296332359314,38.876198901520304,-76.54250419799858,0.26573296332359314
Holmquist et al 2021,July and August 2016 20m Grid Survey,GCW,518,2016,8,1,0.107,GEOID12B,wetland,Iva frutescens,Iva frutescens,-33.331199645996094,-33.371246337890625,-33.329566955566406,0.107,MD_West_GCS_3m_NAVDm.tif,19,0.4610264301300049,38.876378576567674,-76.54250702235484,0.3540264301300049
Holmquist et al 2021,July and August 2016 20m Grid Survey,GCW,519,2016,8,1,-0.003,GEOID12B,wetland,Phragmites australis,Phragmites australis,-33.331199645996094,-33.371246337890625,-33.329566955566406,-0.003,MD_West_GCS_3m_NAVDm.tif,19,0.18859529495239258,38.87656415466791,-76.54251523093656,0.19159529495239258
Holmquist et al 2021,July and August 2016 20m Grid Survey,GCW,520,2016,8,1,0.159,GEOID12B,wetland,Phragmites australis,Phragmites australis,-33.331199645996094,-33.371246337890625,-33.329566955566406,0.159,MD_West_GCS_3m_NAVDm.tif,19,0.4373782277107239,38.87854088906217,-76.54255426218612,0.27837822771072385
Holmquist et al 2021,July and August 2016 20m Grid Survey,GCW,521,2016,8,1,0.227,GEOID12B,wetland,Phragmites australis,Phragmites australis,-33.331199645996094,-33.371246337890625,-33.329566955566406,0.227,MD_West_GCS_3m_NAVDm.tif,19,0.4477846324443817,38.87620181497728,-76.54227274296863,0.2207846324443817
Holmquist et al 2021,July and August 2016 20m Grid Survey,GCW,522,2016,8,1,0.039,GEOID12B,wetland,Phragmites australis,Phragmites australis,-33.331199645996094,-33.371246337890625,-33.329566955566406,0.039,MD_West_GCS_3m_NAVDm.tif,19,0.25203678011894226,38.87638205132202,-76.5422760515046,0.21303678011894225
Holmquist et al 2021,July and August 2016 20m Grid Survey,GCW,523,2016,8,1,0.367,GEOID12B,wetland,Phragmites australis,Phragmites australis,-33.331199645996094,-33.371246337890625,-33.329566955566406,0.367,MD_West_GCS_3m_NAVDm.tif,19,0.5023040771484375,38.87638442435501,-76.54204590984853,0.1353040771484375
Holmquist et al 2021,July and August 2016 20m Grid Survey,GCW,524,2016,8,1,0.261,GEOID12B,wetland,Phragmites australis,Phragmites australis,-33.331199645996094,-33.371246337890625,-33.329566955566406,0.261,MD_West_GCS_3m_NAVDm.tif,19,0.4103673994541168,38.87656571303437,-76.54205004751003,0.1493673994541168
Holmquist et al 2021,July and August 2016 20m Grid Survey,GCW,525,2016,8,1,0.444,GEOID12B,wetland,Phragmites australis,Phragmites australis,-33.331199645996094,-33.371246337890625,-33.329566955566406,0.444,MD_West_GCS_3m_NAVDm.tif,19,0.5387265086174011,38.876568385008326,-76.54181907019851,0.09472650861740112
Holmquist et al 2021,July and August 2016 20m Grid Survey,GCW,1,2016,8,1,0.114,GEOID12B,wetland,Typha angustifolia,Typha angustifolia,-33.35449981689453,-33.398616790771484,-33.3565673828125,0.114,MD_West_GCS_3m_NAVDm.tif,19,0.3365658223628998,38.87291051293295,-76.54916960268466,0.2225658223628998
Holmquist et al 2021,July and August 2016 20m Grid Survey,GCW,2,2016,8,1,0.214,GEOID12B,wetland,Schoenoplectus americanus,Schoenoplectus americanus,-33.35449981689453,-33.398616790771484,-33.3565673828125,0.214,MD_West_GCS_3m_NAVDm.tif,19,0.4977548122406006,38.87446617512192,-76.5507651897054,0.2837548122406006
Holmquist et al 2021,July and August 2016 20m Grid Survey,GCW,3,2016,8,1,0.25,GEOID12B,wetland,Iva frutescens,Iva frutescens,-33.35449981689453,-33.398616790771484,-33.3565673828125,0.25,MD_West_GCS_3m_NAVDm.tif,19,0.385078489780426,38.87306894053702,-76.54750764866179,0.13507848978042603
Holmquist et al 2021,July and August 2016 20m Grid Survey,GCW,4,2016,8,1,0.261,GEOID12B,wetland,Typha angustifolia,Typha angustifolia,-33.35449981689453,-33.398616790771484,-33.3565673828125,0.261,MD_West_GCS_3m_NAVDm.tif,19,0.42089593410491943,38.872952290610606,-76.54681641763419,0.15989593410491942
Holmquist et al 2021,July and August 2016 20m Grid Survey,GCW,5,2016,8,1,0.242,GEOID12B,wetland,Spartina cynosuroides,Spartina cynosuroides,-33.35449981689453,-33.398616790771484,-33.3565673828125,0.242,MD_West_GCS_3m_NAVDm.tif,19,0.34643635153770447,38.873646545031086,-76.54475449876648,0.10443635153770447
Holmquist et al 2021,July and August 2016 20m Grid Survey,GCW,6,2016,8,1,0.189,GEOID12B,wetland,Iva frutescens,Iva frutescens,-33.35449981689453,-33.398616790771484,-33.3565673828125,0.189,MD_West_GCS_3m_NAVDm.tif,19,0.3736977279186249,38.873538516900965,-76.54488299187554,0.18469772791862488
Holmquist et al 2021,July and August 2016 20m Grid Survey,GCW,7,2016,8,1,0.374,GEOID12B,wetland,Iva frutescens,Iva frutescens,-33.35449981689453,-33.398616790771484,-33.3565673828125,0.374,MD_West_GCS_3m_NAVDm.tif,19,0.41300269961357117,38.87356915498799,-76.54521315620546,0.03900269961357117
Holmquist et al 2021,July and August 2016 20m Grid Survey,GCW,8,2016,8,1,0.183,GEOID12B,wetland,Schoenoplectus americanus,Schoenoplectus americanus,-33.331199645996094,-33.371246337890625,-33.329566955566406,0.183,MD_West_GCS_3m_NAVDm.tif,19,0.25989365577697754,38.875031878775175,-76.55188395571567,0.07689365577697754
Holmquist et al 2021,July and August 2016 20m Grid Survey,GCW,9,2016,8,1,0.472,GEOID12B,transition,Phragmites australis,Phragmites australis,-33.331199645996094,-33.371246337890625,-33.329566955566406,0.472,MD_West_GCS_3m_NAVDm.tif,19,0.3747859001159668,38.875831642197525,-76.54235581869132,-0.09721409988403318
Holmquist et al 2021,June 2016 TMON Survey,GCW,1,2016,8,1,0.1414175,GEOID12B,wetland,Spartina cynosuroides,Spartina cynosuroides,-33.331199645996094,-33.371246337890625,-33.329566955566406,0.1414175,MD_West_GCS_3m_NAVDm.tif,19,0.29977646470069885,38.87619247914762,-76.54865917298146,0.15835896470069885
Holmquist et al 2021,June 2016 TMON Survey,GCW,2,2016,8,1,0.30522,GEOID12B,wetland,C4,NA,-33.331199645996094,-33.371246337890625,-33.329566955566406,0.30522,MD_West_GCS_3m_NAVDm.tif,19,0.39159485697746277,38.876008965367845,-76.54864431980079,0.08637485697746278
Holmquist et al 2021,June 2016 TMON Survey,GCW,3,2016,8,1,0.3175725,GEOID12B,wetland,C4,NA,-33.331199645996094,-33.371246337890625,-33.329566955566406,0.3175725,MD_West_GCS_3m_NAVDm.tif,19,0.38353511691093445,38.87589590274782,-76.54863762895685,0.06596261691093447
Holmquist et al 2021,June 2016 TMON Survey,GCW,4,2016,8,1,0.2834375,GEOID12B,wetland,C4,NA,-33.331199645996094,-33.371246337890625,-33.329566955566406,0.2834375,MD_West_GCS_3m_NAVDm.tif,19,0.35207587480545044,38.87577678218928,-76.54863852913903,0.06863837480545043
Holmquist et al 2021,June 2016 TMON Survey,GCW,5,2016,8,1,0.270005,GEOID12B,wetland,C4,NA,-33.331199645996094,-33.371246337890625,-33.329566955566406,0.270005,MD_West_GCS_3m_NAVDm.tif,19,0.34778568148612976,38.87558885003703,-76.54861953884065,0.07778068148612977
Holmquist et al 2021,June 2016 TMON Survey,GCW,6,2016,8,1,0.26593,GEOID12B,wetland,C4,NA,-33.331199645996094,-33.371246337890625,-33.329566955566406,0.26593,MD_West_GCS_3m_NAVDm.tif,19,0.3619442582130432,38.87529833670636,-76.54859473701273,0.09601425821304321
Holmquist et al 2021,June 2016 TMON Survey,GCW,7,2016,8,1,0.19435,GEOID12B,wetland,Iva frutescens,Iva frutescens,-33.331199645996094,-33.371246337890625,-33.329566955566406,0.19435,MD_West_GCS_3m_NAVDm.tif,19,0.3526070713996887,38.87523195337097,-76.54860295862147,0.15825707139968873
Holmquist et al 2021,June 2016 TMON Survey,GCW,8,2016,8,1,0.273965,GEOID12B,wetland,C4,NA,-33.331199645996094,-33.371246337890625,-33.329566955566406,0.273965,MD_West_GCS_3m_NAVDm.tif,19,0.35251837968826294,38.87505891424074,-76.54860601466018,0.07855337968826293
Holmquist et al 2021,June 2016 TMON Survey,GCW,9,2016,8,1,0.28652,GEOID12B,wetland,C4,NA,-33.35449981689453,-33.398616790771484,-33.3565673828125,0.28652,MD_West_GCS_3m_NAVDm.tif,19,0.3170817196369171,38.87477266820558,-76.54855878031749,0.030561719636917117
Holmquist et al 2021,June 2016 TMON Survey,GCW,10,2016,8,1,0.1466225,GEOID12B,wetland,C4,NA,-33.35449981689453,-33.398616790771484,-33.3565673828125,0.1466225,MD_West_GCS_3m_NAVDm.tif,19,0.42996901273727417,38.87465886218695,-76.54852844462269,0.2833465127372742
Holmquist et al 2021,June 2016 TMON Survey,GCW,11,2016,8,1,0.18447,GEOID12B,wetland,Iva frutescens,Iva frutescens,-33.35449981689453,-33.398616790771484,-33.3565673828125,0.18447,MD_West_GCS_3m_NAVDm.tif,19,0.47499510645866394,38.874418206396875,-76.54851267797832,0.2905251064586639
Holmquist et al 2021,June 2016 TMON Survey,GCW,12,2016,8,1,0.143145,GEOID12B,wetland,C4,NA,-33.35449981689453,-33.398616790771484,-33.3565673828125,0.143145,MD_West_GCS_3m_NAVDm.tif,19,0.357578843832016,38.874242473712926,-76.54850635553359,0.214433843832016
Holmquist et al 2021,June 2016 TMON Survey,GCW,13,2016,8,1,0.2056,GEOID12B,wetland,C4,NA,-33.35449981689453,-33.398616790771484,-33.3565673828125,0.2056,MD_West_GCS_3m_NAVDm.tif,19,0.3649510145187378,38.87410380699883,-76.54849876806412,0.1593510145187378
Holmquist et al 2021,June 2016 TMON Survey,GCW,14,2016,8,1,0.16292,GEOID12B,wetland,C4,NA,-33.35449981689453,-33.398616790771484,-33.3565673828125,0.16292,MD_West_GCS_3m_NAVDm.tif,19,0.3756563365459442,38.87386228840113,-76.54847582439102,0.2127363365459442
Holmquist et al 2021,June 2016 TMON Survey,GCW,15,2016,8,1,0.2076275,GEOID12B,wetland,C4,NA,-33.35449981689453,-33.398616790771484,-33.3565673828125,0.2076275,MD_West_GCS_3m_NAVDm.tif,19,0.4112662672996521,38.87372277971323,-76.54845316453863,0.2036387672996521
Holmquist et al 2021,June 2016 TMON Survey,GCW,16,2016,8,1,0.2116325,GEOID12B,wetland,C4,NA,-33.35449981689453,-33.398616790771484,-33.3565673828125,0.2116325,MD_West_GCS_3m_NAVDm.tif,19,0.3988110423088074,38.87361169383749,-76.54840840744997,0.18717854230880737
Holmquist et al 2021,June 2016 TMON Survey,GCW,17,2016,8,1,0.20555,GEOID12B,wetland,Schoenoplectus americanus,Schoenoplectus americanus,-33.35449981689453,-33.398616790771484,-33.3565673828125,0.20555,MD_West_GCS_3m_NAVDm.tif,19,0.4194123148918152,38.873288959187704,-76.54841077938923,0.21386231489181518
Holmquist et al 2021,June 2016 TMON Survey,GCW,18,2016,8,1,0.188505,GEOID12B,wetland,Schoenoplectus americanus,Schoenoplectus americanus,-33.35449981689453,-33.398616790771484,-33.3565673828125,0.188505,MD_West_GCS_3m_NAVDm.tif,19,0.41217517852783203,38.87318225311072,-76.54841812126665,0.22367017852783203
Holmquist et al 2021,June 2016 TMON Survey,GCW,19,2016,8,1,0.24937,GEOID12B,wetland,Schoenoplectus americanus,Schoenoplectus americanus,-33.35449981689453,-33.398616790771484,-33.3565673828125,0.24937,MD_West_GCS_3m_NAVDm.tif,19,0.4053691029548645,38.872927221911375,-76.54841509202326,0.1559991029548645
Holmquist et al 2021,June 2016 TMON Survey,GCW,20,2016,8,1,0.279235,GEOID12B,wetland,Typha angustifolia,Typha angustifolia,-33.35449981689453,-33.398616790771484,-33.3565673828125,0.279235,MD_West_GCS_3m_NAVDm.tif,19,0.3802385628223419,38.87276452091634,-76.54842484541894,0.10100356282234191
Holmquist et al 2021,June 2016 TMON Survey,GCW,1,2016,8,1,0.14229,GEOID12B,wetland,Phragmites australis,Phragmites australis,-33.331199645996094,-33.371246337890625,-33.329566955566406,0.14229,MD_West_GCS_3m_NAVDm.tif,19,0.43002939224243164,38.87532486153444,-76.54625881603556,0.2877393922424316
Holmquist et al 2021,June 2016 TMON Survey,GCW,2,2016,8,1,0.0505475,GEOID12B,wetland,Phragmites australis,Phragmites australis,-33.331199645996094,-33.371246337890625,-33.329566955566406,0.0505475,MD_West_GCS_3m_NAVDm.tif,19,0.3635565936565399,38.875159332436226,-76.54626842357723,0.3130090936565399
Holmquist et al 2021,June 2016 TMON Survey,GCW,3,2016,8,1,0.162795,GEOID12B,wetland,Phragmites australis,Phragmites australis,-33.331199645996094,-33.371246337890625,-33.329566955566406,0.162795,MD_West_GCS_3m_NAVDm.tif,19,0.3463939130306244,38.87501362702598,-76.54629149519216,0.1835989130306244
Holmquist et al 2021,June 2016 TMON Survey,GCW,4,2016,8,1,0.102035,GEOID12B,wetland,Phragmites australis,Phragmites australis,-33.35449981689453,-33.398616790771484,-33.3565673828125,0.102035,MD_West_GCS_3m_NAVDm.tif,19,0.40360525250434875,38.87480886384456,-76.54625252037017,0.30157025250434877
Holmquist et al 2021,June 2016 TMON Survey,GCW,5,2016,8,1,0.1074275,GEOID12B,wetland,Phragmites australis,Phragmites australis,-33.35449981689453,-33.398616790771484,-33.3565673828125,0.1074275,MD_West_GCS_3m_NAVDm.tif,19,0.28893613815307617,38.87467496903546,-76.54620001757709,0.18150863815307616
Holmquist et al 2021,June 2016 TMON Survey,GCW,6,2016,8,1,0.138425,GEOID12B,wetland,Schoenoplectus robustus,Schoenoplectus robustus,-33.35449981689453,-33.398616790771484,-33.3565673828125,0.138425,MD_West_GCS_3m_NAVDm.tif,19,0.3037106692790985,38.87447196688262,-76.54615332702225,0.16528566927909852
Holmquist et al 2021,June 2016 TMON Survey,GCW,7,2016,8,1,0.251005,GEOID12B,wetland,C4,NA,-33.35449981689453,-33.398616790771484,-33.3565673828125,0.251005,MD_West_GCS_3m_NAVDm.tif,19,0.40021196007728577,38.87425620034349,-76.54619252588466,0.1492069600772858
Holmquist et al 2021,June 2016 TMON Survey,GCW,8,2016,8,1,0.2966325,GEOID12B,wetland,C4,NA,-33.35449981689453,-33.398616790771484,-33.3565673828125,0.2966325,MD_West_GCS_3m_NAVDm.tif,19,0.4359281659126282,38.874012751584424,-76.54618907896685,0.13929566591262815
Holmquist et al 2021,June 2016 TMON Survey,GCW,9,2016,8,1,0.31099,GEOID12B,wetland,C4,NA,-33.35449981689453,-33.398616790771484,-33.3565673828125,0.31099,MD_West_GCS_3m_NAVDm.tif,19,0.48524901270866394,38.873828367265624,-76.5461629611939,0.17425901270866395
Holmquist et al 2021,June 2016 TMON Survey,GCW,10,2016,8,1,0.2833625,GEOID12B,wetland,Phragmites australis,Phragmites australis,-33.35449981689453,-33.398616790771484,-33.3565673828125,0.2833625,MD_West_GCS_3m_NAVDm.tif,19,0.538260281085968,38.873655340792475,-76.54615754633295,0.254897781085968
Holmquist et al 2021,June 2016 TMON Survey,GCW,11,2016,8,1,0.4414475,GEOID12B,wetland,Smilax rotundifolia,Smilax rotundifolia,-33.35449981689453,-33.398616790771484,-33.3565673828125,0.4414475,MD_West_GCS_3m_NAVDm.tif,19,0.5250496864318848,38.87338935969651,-76.54616711862563,0.08360218643188477
Holmquist et al 2021,June 2016 TMON Survey,GCW,1,2016,8,1,0.08527499999999999,GEOID12B,wetland,Spartina cynosuroides,Spartina cynosuroides,-33.331199645996094,-33.371246337890625,-33.329566955566406,0.08527499999999999,MD_West_GCS_3m_NAVDm.tif,19,0.3994143605232239,38.87773053687825,-76.54311945905079,0.3141393605232239
Holmquist et al 2021,June 2016 TMON Survey,GCW,2,2016,8,1,0.2148775,GEOID12B,wetland,Phragmites australis,Phragmites australis,-33.331199645996094,-33.371246337890625,-33.329566955566406,0.2148775,MD_West_GCS_3m_NAVDm.tif,19,0.4649907350540161,38.87772616387813,-76.54324672724117,0.2501132350540161
Holmquist et al 2021,June 2016 TMON Survey,GCW,3,2016,8,1,0.294785,GEOID12B,wetland,C4,NA,-33.331199645996094,-33.371246337890625,-33.329566955566406,0.294785,MD_West_GCS_3m_NAVDm.tif,19,0.45934149622917175,38.87776144194615,-76.54365331271927,0.16455649622917173
Holmquist et al 2021,June 2016 TMON Survey,GCW,4,2016,8,1,0.2693225,GEOID12B,wetland,Solidago sempervirens,Solidago sempervirens,-33.331199645996094,-33.371246337890625,-33.329566955566406,0.2693225,MD_West_GCS_3m_NAVDm.tif,19,0.4949185848236084,38.877815082162265,-76.54381395273182,0.22559608482360838
Holmquist et al 2021,June 2016 TMON Survey,GCW,5,2016,8,1,0.3180825,GEOID12B,wetland,C4,NA,-33.331199645996094,-33.371246337890625,-33.329566955566406,0.3180825,MD_West_GCS_3m_NAVDm.tif,19,0.5121375322341919,38.87784532884525,-76.54401378973411,0.1940550322341919
Holmquist et al 2021,June 2016 TMON Survey,GCW,6,2016,8,1,0.3897075,GEOID12B,wetland,Spartina cynosuroides,Spartina cynosuroides,-33.331199645996094,-33.371246337890625,-33.329566955566406,0.3897075,MD_West_GCS_3m_NAVDm.tif,19,0.8316921591758728,38.87782333042597,-76.54422830787558,0.4419846591758728
Holmquist et al 2021,NA,GCW,a001,2016,8,1,4.977,GEOID12B,upland,NA,NA,-33.331199645996094,-33.371246337890625,-33.329566955566406,4.977,MD_West_GCS_3m_NAVDm.tif,19,5.1702985763549805,38.886889601467686,-76.54232929357039,0.19329857635498016
Holmquist et al 2021,NA,GCW,a003,2016,8,1,1.284,GEOID12B,upland,NA,NA,-33.331199645996094,-33.371246337890625,-33.329566955566406,1.284,MD_West_GCS_3m_NAVDm.tif,19,1.243025541305542,38.88611466363287,-76.541910906592,-0.04097445869445804
Blue Methane Emlid,NA,GCW,Kirk collar 1A UL,2021,1,14,0.303,GEOID12B,wetland,NA,NA,-33.331199645996094,-33.371246337890625,-33.329566955566406,0.303,MD_West_GCS_3m_NAVDm.tif,19,0.4065757989883423,38.87532884855427,-76.54472959876496,0.1035757989883423
Blue Methane Emlid,NA,GCW,Kirk collar 1A LL,2021,1,14,0.29100000000000004,GEOID12B,wetland,NA,NA,-33.331199645996094,-33.371246337890625,-33.329566955566406,0.29100000000000004,MD_West_GCS_3m_NAVDm.tif,19,0.4065757989883423,38.87532429522473,-76.54472777107429,0.11557579898834225
Blue Methane Emlid,NA,GCW,Kirk collar 1A LR,2021,1,14,0.303,GEOID12B,wetland,NA,NA,-33.331199645996094,-33.371246337890625,-33.329566955566406,0.303,MD_West_GCS_3m_NAVDm.tif,19,0.4065757989883423,38.87532465467906,-76.54472171547577,0.1035757989883423
Blue Methane Emlid,NA,GCW,Kirk collar 1A UR,2021,1,14,0.273,GEOID12B,wetland,NA,NA,-33.331199645996094,-33.371246337890625,-33.329566955566406,0.273,MD_West_GCS_3m_NAVDm.tif,19,0.4065757989883423,38.875329964995395,-76.54472285638855,0.13357579898834226
Blue Methane Emlid,NA,GCW,Kirk collar 1B UL,2021,1,14,0.302,GEOID12B,wetland,NA,NA,-33.331199645996094,-33.371246337890625,-33.329566955566406,0.302,MD_West_GCS_3m_NAVDm.tif,19,0.4291921555995941,38.8753328590632,-76.54471320150141,0.12719215559959413
Blue Methane Emlid,NA,GCW,Kirk collar 1B LL,2021,1,14,0.29500000000000004,GEOID12B,wetland,NA,NA,-33.331199645996094,-33.371246337890625,-33.329566955566406,0.29500000000000004,MD_West_GCS_3m_NAVDm.tif,19,0.4291921555995941,38.87532796831093,-76.54471167774405,0.13419215559959408
Blue Methane Emlid,NA,GCW,Kirk collar 1B LR,2021,1,14,0.315,GEOID12B,wetland,NA,NA,-33.331199645996094,-33.371246337890625,-33.329566955566406,0.315,MD_West_GCS_3m_NAVDm.tif,19,0.4291921555995941,38.87532904934058,-76.5447055686045,0.11419215559959411
Blue Methane Emlid,NA,GCW,Kirk collar 1B UR,2021,1,14,0.297,GEOID12B,wetland,NA,NA,-33.331199645996094,-33.371246337890625,-33.329566955566406,0.297,MD_West_GCS_3m_NAVDm.tif,19,0.4291921555995941,38.87533393276182,-76.54470696540197,0.13219215559959413
Blue Methane Emlid,NA,GCW,Kirk quad 3 UL,2021,1,14,0.29500000000000004,GEOID12B,wetland,NA,NA,-33.331199645996094,-33.371246337890625,-33.329566955566406,0.29500000000000004,MD_West_GCS_3m_NAVDm.tif,19,0.4291921555995941,38.87533956634695,-76.54471023434444,0.13419215559959408
Blue Methane Emlid,NA,GCW,Kirk quad 3 LL,2021,1,14,0.278,GEOID12B,wetland,NA,NA,-33.331199645996094,-33.371246337890625,-33.329566955566406,0.278,MD_West_GCS_3m_NAVDm.tif,19,0.4291921555995941,38.875339578836424,-76.5447086092594,0.1511921555995941
Blue Methane Emlid,NA,GCW,Kirk quad 3 LR,2021,1,14,0.28600000000000003,GEOID12B,wetland,NA,NA,-33.331199645996094,-33.371246337890625,-33.329566955566406,0.28600000000000003,MD_West_GCS_3m_NAVDm.tif,19,0.4291921555995941,38.8753412563562,-76.54470849572542,0.14319215559959408
Blue Methane Emlid,NA,GCW,Kirk quad 3 UR,2021,1,14,0.29000000000000004,GEOID12B,wetland,NA,NA,-33.331199645996094,-33.371246337890625,-33.329566955566406,0.29000000000000004,MD_West_GCS_3m_NAVDm.tif,19,0.4291921555995941,38.87534096767251,-76.54471056439677,0.13919215559959408
Blue Methane Emlid,NA,GCW,Kirk quad 4 UL,2021,1,14,0.28700000000000003,GEOID12B,wetland,NA,NA,-33.331199645996094,-33.371246337890625,-33.329566955566406,0.28700000000000003,MD_West_GCS_3m_NAVDm.tif,19,0.4291921555995941,38.875341083865194,-76.54471063607662,0.14219215559959408
Blue Methane Emlid,NA,GCW,Kirk quad 4 LL,2021,1,14,0.314,GEOID12B,wetland,NA,NA,-33.331199645996094,-33.371246337890625,-33.329566955566406,0.314,MD_West_GCS_3m_NAVDm.tif,19,0.4291921555995941,38.8753414863021,-76.5447088234698,0.11519215559959411
Blue Methane Emlid,NA,GCW,Kirk quad 4 LR,2021,1,14,0.28400000000000003,GEOID12B,wetland,NA,NA,-33.331199645996094,-33.371246337890625,-33.329566955566406,0.28400000000000003,MD_West_GCS_3m_NAVDm.tif,19,0.4291921555995941,38.875342335518674,-76.54470865741946,0.14519215559959409
Blue Methane Emlid,NA,GCW,Kirk quad 4 LL again,2021,1,14,0.3,GEOID12B,wetland,NA,NA,-33.331199645996094,-33.371246337890625,-33.329566955566406,0.3,MD_West_GCS_3m_NAVDm.tif,19,0.4291921555995941,38.87534136965201,-76.54470878636208,0.12919215559959413
Blue Methane Emlid,NA,GCW,Kirk quad 4UR,2021,1,14,0.298,GEOID12B,wetland,NA,NA,-33.331199645996094,-33.371246337890625,-33.329566955566406,0.298,MD_West_GCS_3m_NAVDm.tif,19,0.4291921555995941,38.87534267526642,-76.5447102209671,0.13119215559959413
Blue Methane Emlid,NA,GCW,Kirk quad 1 UL,2021,1,14,0.301,GEOID12B,wetland,NA,NA,-33.331199645996094,-33.371246337890625,-33.329566955566406,0.301,MD_West_GCS_3m_NAVDm.tif,19,0.4065757989883423,38.87533734448067,-76.54473310259517,0.1055757989883423
Blue Methane Emlid,NA,GCW,Kirk quad 1 LL,2021,1,14,0.28400000000000003,GEOID12B,wetland,NA,NA,-33.331199645996094,-33.371246337890625,-33.329566955566406,0.28400000000000003,MD_West_GCS_3m_NAVDm.tif,19,0.4065757989883423,38.87533677302088,-76.54473475015922,0.12257579898834225
Blue Methane Emlid,NA,GCW,Kirk quad 1 LR,2021,1,14,0.279,GEOID12B,wetland,NA,NA,-33.331199645996094,-33.371246337890625,-33.329566955566406,0.279,MD_West_GCS_3m_NAVDm.tif,19,0.4065757989883423,38.87533542100585,-76.54473409840851,0.12757579898834226
Blue Methane Emlid,NA,GCW,Kirk quad 1 UR,2021,1,14,0.29100000000000004,GEOID12B,wetland,NA,NA,-33.331199645996094,-33.371246337890625,-33.329566955566406,0.29100000000000004,MD_West_GCS_3m_NAVDm.tif,19,0.4065757989883423,38.87533588207939,-76.54473262136455,0.11557579898834225
Blue Methane Emlid,NA,GCW,Kirk quad 2 UL,2021,1,14,0.297,GEOID12B,wetland,NA,NA,-33.331199645996094,-33.371246337890625,-33.329566955566406,0.297,MD_West_GCS_3m_NAVDm.tif,19,0.4065757989883423,38.87533530997188,-76.5447322746842,0.1095757989883423
Blue Methane Emlid,NA,GCW,Kirk quad 2 LL,2021,1,14,0.28300000000000003,GEOID12B,wetland,NA,NA,-33.331199645996094,-33.371246337890625,-33.329566955566406,0.28300000000000003,MD_West_GCS_3m_NAVDm.tif,19,0.4065757989883423,38.87533516481018,-76.54473439257221,0.12357579898834226
Blue Methane Emlid,NA,GCW,Kirk quad 2 LR,2021,1,14,0.279,GEOID12B,wetland,NA,NA,-33.331199645996094,-33.371246337890625,-33.329566955566406,0.279,MD_West_GCS_3m_NAVDm.tif,19,0.4065757989883423,38.87533372760407,-76.54473405021523,0.12757579898834226
Blue Methane Emlid,NA,GCW,Kirk quad 2 UR,2021,1,14,0.28900000000000003,GEOID12B,wetland,NA,NA,-33.331199645996094,-33.371246337890625,-33.329566955566406,0.28900000000000003,MD_West_GCS_3m_NAVDm.tif,19,0.4065757989883423,38.875333799479904,-76.54473202295918,0.11757579898834225
Blue Methane Emlid,NA,GCW,Kirk 50x50 harvest UL,2021,1,14,0.256,GEOID12B,wetland,NA,NA,-33.331199645996094,-33.371246337890625,-33.329566955566406,0.256,MD_West_GCS_3m_NAVDm.tif,19,0.4530116021633148,38.87534494901922,-76.54474336520423,0.19701160216331481
Blue Methane Emlid,NA,GCW,Kirk 50x50 harvest LL,2021,1,14,0.29000000000000004,GEOID12B,wetland,NA,NA,-33.331199645996094,-33.371246337890625,-33.329566955566406,0.29000000000000004,MD_West_GCS_3m_NAVDm.tif,19,0.4065757989883423,38.87534099270021,-76.544742726228,0.11657579898834225
Blue Methane Emlid,NA,GCW,Kirk 50x50 harvest LR,2021,1,14,0.29100000000000004,GEOID12B,wetland,NA,NA,-33.331199645996094,-33.371246337890625,-33.329566955566406,0.29100000000000004,MD_West_GCS_3m_NAVDm.tif,19,0.4065757989883423,38.875341883045806,-76.54473740834582,0.11557579898834225
Blue Methane Emlid,NA,GCW,Kirk 50x50 harvest UR,2021,1,14,0.273,GEOID12B,wetland,NA,NA,-33.331199645996094,-33.371246337890625,-33.329566955566406,0.273,MD_West_GCS_3m_NAVDm.tif,19,0.4530116021633148,38.875345517976726,-76.54473850145676,0.1800116021633148
Blue Methane Emlid,NA,GCW,Kirk pixel corner on boardwalk,2021,1,14,0.345,GEOID12B,wetland,NA,NA,-33.331199645996094,-33.371246337890625,-33.329566955566406,0.345,MD_West_GCS_3m_NAVDm.tif,19,0.39225512742996216,38.875275636844606,-76.54474342062291,0.047255127429962185
Blue Methane Emlid,NA,GCW,Kirk collar 2A UL,2021,1,14,0.298,GEOID12B,wetland,NA,NA,-33.331199645996094,-33.371246337890625,-33.329566955566406,0.298,MD_West_GCS_3m_NAVDm.tif,19,0.3912363052368164,38.87541220244206,-76.54456927130768,0.09323630523681642
Blue Methane Emlid,NA,GCW,Kirk collar 2A LL,2021,1,14,0.321,GEOID12B,wetland,NA,NA,-33.331199645996094,-33.371246337890625,-33.329566955566406,0.321,MD_West_GCS_3m_NAVDm.tif,19,0.3912363052368164,38.87541080949749,-76.5445758002156,0.0702363052368164
Blue Methane Emlid,NA,GCW,Kirk collar 2A LR,2021,1,14,0.32999999999999996,GEOID12B,wetland,NA,NA,-33.331199645996094,-33.371246337890625,-33.329566955566406,0.32999999999999996,MD_West_GCS_3m_NAVDm.tif,19,0.3912363052368164,38.875406099366,-76.54457424579418,0.061236305236816446
Blue Methane Emlid,NA,GCW,Kirk collar 2A UR,2021,1,14,0.318,GEOID12B,wetland,NA,NA,-33.331199645996094,-33.371246337890625,-33.329566955566406,0.318,MD_West_GCS_3m_NAVDm.tif,19,0.3912363052368164,38.87540718130337,-76.54456806750134,0.0732363052368164
Blue Methane Emlid,NA,GCW,Kirk collar 2B UL,2021,1,14,0.29400000000000004,GEOID12B,wetland,NA,NA,-33.331199645996094,-33.371246337890625,-33.329566955566406,0.29400000000000004,MD_West_GCS_3m_NAVDm.tif,19,0.3912363052368164,38.87539905286774,-76.54456402985757,0.09723630523681637
Blue Methane Emlid,NA,GCW,Kirk collar 2B LL,2021,1,14,0.308,GEOID12B,wetland,NA,NA,-33.331199645996094,-33.371246337890625,-33.329566955566406,0.308,MD_West_GCS_3m_NAVDm.tif,19,0.3912363052368164,38.87539788939885,-76.54457024096666,0.08323630523681641
Blue Methane Emlid,NA,GCW,Kirk collar 2B LR,2021,1,14,0.33399999999999996,GEOID12B,wetland,NA,NA,-33.331199645996094,-33.371246337890625,-33.329566955566406,0.33399999999999996,MD_West_GCS_3m_NAVDm.tif,19,0.4045012891292572,38.87539299131328,-76.54456859025791,0.07050128912925724
Blue Methane Emlid,NA,GCW,Kirk collar 2B UR,2021,1,14,0.319,GEOID12B,wetland,NA,NA,-33.331199645996094,-33.371246337890625,-33.329566955566406,0.319,MD_West_GCS_3m_NAVDm.tif,19,0.4045012891292572,38.8753942644058,-76.54456226624902,0.0855012891292572
Blue Methane Emlid,NA,GCW,Hog 1A NERR 2020,2021,3,25,0.348,GEOID12B,wetland,NA,NA,-33.331199645996094,-33.371246337890625,-33.329566955566406,0.348,MD_West_GCS_3m_NAVDm.tif,19,0.5147785544395447,38.87999870391223,-76.55167536684546,0.1667785544395447
Blue Methane Emlid,NA,GCW,Hog 1B NERR 2020,2021,3,25,0.348,GEOID12B,wetland,NA,NA,-33.331199645996094,-33.371246337890625,-33.329566955566406,0.348,MD_West_GCS_3m_NAVDm.tif,19,0.5261560678482056,38.87999305222869,-76.55166466111835,0.1781560678482056
Blue Methane Emlid,NA,GCW,Hog Corner 1,2021,3,25,0.347,GEOID12B,wetland,NA,NA,-33.331199645996094,-33.371246337890625,-33.329566955566406,0.347,MD_West_GCS_3m_NAVDm.tif,19,0.5044444799423218,38.88005349447075,-76.55176111731517,0.1574444799423218
Blue Methane Emlid,NA,GCW,Hog 2B NERR 2020,2021,3,25,0.34199999999999997,GEOID12B,wetland,NA,NA,-33.331199645996094,-33.371246337890625,-33.329566955566406,0.34199999999999997,MD_West_GCS_3m_NAVDm.tif,19,0.5287861227989197,38.8800888087397,-76.55178614068852,0.1867861227989197
Blue Methane Emlid,NA,GCW,Hog 2A NERR 2020,2021,3,25,0.349,GEOID12B,wetland,NA,NA,-33.331199645996094,-33.371246337890625,-33.329566955566406,0.349,MD_West_GCS_3m_NAVDm.tif,19,0.5287861227989197,38.88010140261011,-76.55178503129372,0.1797861227989197
Blue Methane Emlid,NA,GCW,Hog Corner 2,2021,3,25,0.35,GEOID12B,wetland,NA,NA,-33.331199645996094,-33.371246337890625,-33.329566955566406,0.35,MD_West_GCS_3m_NAVDm.tif,19,0.5179806351661682,38.88004795202177,-76.55211638490294,0.16798063516616824
Blue Methane Emlid,NA,GCW,Hog Corner 3,2021,3,25,0.344,GEOID12B,wetland,NA,NA,-33.331199645996094,-33.371246337890625,-33.329566955566406,0.344,MD_West_GCS_3m_NAVDm.tif,19,0.5188199281692505,38.87977467141435,-76.55210621924095,0.17481992816925052
Blue Methane Emlid,NA,GCW,Core 2A 1,2021,3,25,0.358,GEOID12B,wetland,NA,NA,-33.331199645996094,-33.371246337890625,-33.329566955566406,0.358,MD_West_GCS_3m_NAVDm.tif,19,0.4892313480377197,38.87982259393798,-76.55195958754418,0.13123134803771974
Blue Methane Emlid,NA,GCW,Core 2A 2,2021,3,25,0.353,GEOID12B,wetland,NA,NA,-33.331199645996094,-33.371246337890625,-33.329566955566406,0.353,MD_West_GCS_3m_NAVDm.tif,19,0.4892313480377197,38.87982244956329,-76.55196502564736,0.13623134803771975
Blue Methane Emlid,NA,GCW,Core 2A 3,2021,3,25,0.345,GEOID12B,wetland,NA,NA,-33.331199645996094,-33.371246337890625,-33.329566955566406,0.345,MD_West_GCS_3m_NAVDm.tif,19,0.47444990277290344,38.879822539402305,-76.55197046884635,0.12944990277290347
Blue Methane Emlid,NA,GCW,Core 2B 1,2021,3,25,0.35,GEOID12B,wetland,NA,NA,-33.331199645996094,-33.371246337890625,-33.329566955566406,0.35,MD_West_GCS_3m_NAVDm.tif,19,0.5018771290779114,38.87986489768743,-76.55196313635021,0.1518771290779114
Blue Methane Emlid,NA,GCW,Core 2B 2,2021,3,25,0.355,GEOID12B,wetland,NA,NA,-33.331199645996094,-33.371246337890625,-33.329566955566406,0.355,MD_West_GCS_3m_NAVDm.tif,19,0.4933124780654907,38.87986494429328,-76.55196912043097,0.13831247806549074
Blue Methane Emlid,NA,GCW,Core 2B 3,2021,3,25,0.361,GEOID12B,wetland,NA,NA,-33.331199645996094,-33.371246337890625,-33.329566955566406,0.361,MD_West_GCS_3m_NAVDm.tif,19,0.4933124780654907,38.8798650963932,-76.55197530278411,0.13231247806549074
Blue Methane Emlid,NA,GCW,Collar 2B 1,2021,3,25,0.352,GEOID12B,wetland,NA,NA,-33.331199645996094,-33.371246337890625,-33.329566955566406,0.352,MD_West_GCS_3m_NAVDm.tif,19,0.5018771290779114,38.879847565303294,-76.55196483429852,0.1498771290779114
Blue Methane Emlid,NA,GCW,Collar 2B 2,2021,3,25,0.367,GEOID12B,wetland,NA,NA,-33.331199645996094,-33.371246337890625,-33.329566955566406,0.367,MD_West_GCS_3m_NAVDm.tif,19,0.4933124780654907,38.87984737322196,-76.55197182765427,0.12631247806549073
Blue Methane Emlid,NA,GCW,Collar 2B 3,2021,3,25,0.346,GEOID12B,wetland,NA,NA,-33.331199645996094,-33.371246337890625,-33.329566955566406,0.346,MD_West_GCS_3m_NAVDm.tif,19,0.4933124780654907,38.87985286168482,-76.55197176261919,0.14731247806549075
Blue Methane Emlid,NA,GCW,Collar 2B 4,2021,3,25,0.371,GEOID12B,wetland,NA,NA,-33.331199645996094,-33.371246337890625,-33.329566955566406,0.371,MD_West_GCS_3m_NAVDm.tif,19,0.5018771290779114,38.87985286336777,-76.55196485734488,0.13087712907791138
Blue Methane Emlid,NA,GCW,Collar 2A 1,2021,3,25,0.377,GEOID12B,wetland,NA,NA,-33.331199645996094,-33.371246337890625,-33.329566955566406,0.377,MD_West_GCS_3m_NAVDm.tif,19,0.4892313480377197,38.879834500153514,-76.55196479212727,0.11223134803771972
Blue Methane Emlid,NA,GCW,Collar 2A 2,2021,3,25,0.35,GEOID12B,wetland,NA,NA,-33.331199645996094,-33.371246337890625,-33.329566955566406,0.35,MD_West_GCS_3m_NAVDm.tif,19,0.47444990277290344,38.87983433938641,-76.55197146337731,0.12444990277290346
Blue Methane Emlid,NA,GCW,Collar 2A 3,2021,3,25,0.362,GEOID12B,wetland,NA,NA,-33.331199645996094,-33.371246337890625,-33.329566955566406,0.362,MD_West_GCS_3m_NAVDm.tif,19,0.47444990277290344,38.879839617902434,-76.55197160127945,0.11244990277290345
Blue Methane Emlid,NA,GCW,Collar 2A 4,2021,3,25,0.371,GEOID12B,wetland,NA,NA,-33.331199645996094,-33.371246337890625,-33.329566955566406,0.371,MD_West_GCS_3m_NAVDm.tif,19,0.4892313480377197,38.8798397183695,-76.55196472121182,0.11823134803771973
Blue Methane Emlid,NA,GCW,Well Cond 2,2021,3,25,0.349,GEOID12B,wetland,NA,NA,-33.331199645996094,-33.371246337890625,-33.329566955566406,0.349,MD_West_GCS_3m_NAVDm.tif,19,0.4775179922580719,38.879893177212175,-76.5519066069821,0.12851799225807192
Blue Methane Emlid,NA,GCW,Well WL 2,2021,3,25,0.347,GEOID12B,wetland,NA,NA,-33.331199645996094,-33.371246337890625,-33.329566955566406,0.347,MD_West_GCS_3m_NAVDm.tif,19,0.4775179922580719,38.8798967738208,-76.55190244290075,0.13051799225807192
Blue Methane Emlid,NA,GCW,Lexan 1A 1,2021,3,25,0.33499999999999996,GEOID12B,wetland,NA,NA,-33.331199645996094,-33.371246337890625,-33.329566955566406,0.33499999999999996,MD_West_GCS_3m_NAVDm.tif,19,0.47620266675949097,38.87994653603064,-76.5518587274254,0.141202666759491
Blue Methane Emlid,NA,GCW,Lexan 1A 2,2021,3,25,0.33599999999999997,GEOID12B,wetland,NA,NA,-33.331199645996094,-33.371246337890625,-33.329566955566406,0.33599999999999997,MD_West_GCS_3m_NAVDm.tif,19,0.47620266675949097,38.87994785138537,-76.55185874451386,0.140202666759491
Blue Methane Emlid,NA,GCW,Lexan 1A 3,2021,3,25,0.33799999999999997,GEOID12B,wetland,NA,NA,-33.331199645996094,-33.371246337890625,-33.329566955566406,0.33799999999999997,MD_West_GCS_3m_NAVDm.tif,19,0.47620266675949097,38.8799478731379,-76.55185710799968,0.138202666759491
Blue Methane Emlid,NA,GCW,Lexan 1A 4,2021,3,25,0.35,GEOID12B,wetland,NA,NA,-33.331199645996094,-33.371246337890625,-33.329566955566406,0.35,MD_West_GCS_3m_NAVDm.tif,19,0.47620266675949097,38.87994660343706,-76.55185704579216,0.126202666759491
Blue Methane Emlid,NA,GCW,Lexan 1A-2 1,2021,3,25,0.349,GEOID12B,wetland,NA,NA,-33.331199645996094,-33.371246337890625,-33.329566955566406,0.349,MD_West_GCS_3m_NAVDm.tif,19,0.47620266675949097,38.87994658483764,-76.55185641134311,0.127202666759491
Blue Methane Emlid,NA,GCW,Lexan 1A-2 2,2021,3,25,0.33899999999999997,GEOID12B,wetland,NA,NA,-33.331199645996094,-33.371246337890625,-33.329566955566406,0.33899999999999997,MD_West_GCS_3m_NAVDm.tif,19,0.47620266675949097,38.87994804417087,-76.55185644309195,0.137202666759491
Blue Methane Emlid,NA,GCW,Lexan 1A-2 3,2021,3,25,0.33899999999999997,GEOID12B,wetland,NA,NA,-33.331199645996094,-33.371246337890625,-33.329566955566406,0.33899999999999997,MD_West_GCS_3m_NAVDm.tif,19,0.47620266675949097,38.87994798028347,-76.55185447040027,0.137202666759491
Blue Methane Emlid,NA,GCW,Lexan 1A-2 4,2021,3,25,0.348,GEOID12B,wetland,NA,NA,-33.331199645996094,-33.371246337890625,-33.329566955566406,0.348,MD_West_GCS_3m_NAVDm.tif,19,0.47620266675949097,38.87994668095378,-76.55185460352557,0.128202666759491
Blue Methane Emlid,NA,GCW,Lexan 1B-1 1,2021,3,25,0.351,GEOID12B,wetland,NA,NA,-33.331199645996094,-33.371246337890625,-33.329566955566406,0.351,MD_West_GCS_3m_NAVDm.tif,19,0.49437838792800903,38.87996777323216,-76.55185408251594,0.14337838792800905
Blue Methane Emlid,NA,GCW,Lexan 1B-1 2,2021,3,25,0.349,GEOID12B,wetland,NA,NA,-33.331199645996094,-33.371246337890625,-33.329566955566406,0.349,MD_West_GCS_3m_NAVDm.tif,19,0.49437838792800903,38.87996636948018,-76.55185393669548,0.14537838792800906
Blue Methane Emlid,NA,GCW,Lexan 1B-1 3,2021,3,25,0.347,GEOID12B,wetland,NA,NA,-33.331199645996094,-33.371246337890625,-33.329566955566406,0.347,MD_West_GCS_3m_NAVDm.tif,19,0.49437838792800903,38.87996638664138,-76.55185603518004,0.14737838792800906
Blue Methane Emlid,NA,GCW,Lexan 1B-1 4,2021,3,25,0.353,GEOID12B,wetland,NA,NA,-33.331199645996094,-33.371246337890625,-33.329566955566406,0.353,MD_West_GCS_3m_NAVDm.tif,19,0.49437838792800903,38.87996766810779,-76.55185589013803,0.14137838792800905
Blue Methane Emlid,NA,GCW,Lexan 1B-2 1,2021,3,25,0.356,GEOID12B,wetland,NA,NA,-33.331199645996094,-33.371246337890625,-33.329566955566406,0.356,MD_West_GCS_3m_NAVDm.tif,19,0.49437838792800903,38.87996807020162,-76.55185750128952,0.13837838792800905
Blue Methane Emlid,NA,GCW,Lexan 1B-2 2,2021,3,25,0.33999999999999997,GEOID12B,wetland,NA,NA,-33.331199645996094,-33.371246337890625,-33.329566955566406,0.33999999999999997,MD_West_GCS_3m_NAVDm.tif,19,0.49437838792800903,38.87996663804629,-76.5518574586038,0.15437838792800906
Blue Methane Emlid,NA,GCW,Lexan 1B-2 3,2021,3,25,0.34299999999999997,GEOID12B,wetland,NA,NA,-33.331199645996094,-33.371246337890625,-33.329566955566406,0.34299999999999997,MD_West_GCS_3m_NAVDm.tif,19,0.49437838792800903,38.879966454298795,-76.55185908006602,0.15137838792800906
Blue Methane Emlid,NA,GCW,Lexan 1B-2 4,2021,3,25,0.32699999999999996,GEOID12B,wetland,NA,NA,-33.331199645996094,-33.371246337890625,-33.329566955566406,0.32699999999999996,MD_West_GCS_3m_NAVDm.tif,19,0.49437838792800903,38.87996780446094,-76.55185919013643,0.16737838792800908
Blue Methane Emlid,NA,GCW,Core 1B 1,2021,3,25,0.346,GEOID12B,wetland,NA,NA,-33.331199645996094,-33.371246337890625,-33.329566955566406,0.346,MD_West_GCS_3m_NAVDm.tif,19,0.49437838792800903,38.87997744494323,-76.5518524945496,0.14837838792800906
Blue Methane Emlid,NA,GCW,Core 1B 2,2021,3,25,0.34099999999999997,GEOID12B,wetland,NA,NA,-33.331199645996094,-33.371246337890625,-33.329566955566406,0.34099999999999997,MD_West_GCS_3m_NAVDm.tif,19,0.49437838792800903,38.87997774881036,-76.55185878396694,0.15337838792800906
Blue Methane Emlid,NA,GCW,Core 1B 3,2021,3,25,0.34299999999999997,GEOID12B,wetland,NA,NA,-33.331199645996094,-33.371246337890625,-33.329566955566406,0.34299999999999997,MD_West_GCS_3m_NAVDm.tif,19,0.5122218132019043,38.87997765680443,-76.55186435003047,0.16922181320190433
Blue Methane Emlid,NA,GCW,Core 1A 1,2021,3,25,0.351,GEOID12B,wetland,NA,NA,-33.331199645996094,-33.371246337890625,-33.329566955566406,0.351,MD_West_GCS_3m_NAVDm.tif,19,0.47276249527931213,38.87993653731836,-76.55183136127069,0.12176249527931216
Blue Methane Emlid,NA,GCW,Core 1A 2,2021,3,25,0.346,GEOID12B,wetland,NA,NA,-33.331199645996094,-33.371246337890625,-33.329566955566406,0.346,MD_West_GCS_3m_NAVDm.tif,19,0.47620266675949097,38.87993651005645,-76.55183680193072,0.130202666759491
Blue Methane Emlid,NA,GCW,Core 1A 3,2021,3,25,0.352,GEOID12B,wetland,NA,NA,-33.331199645996094,-33.371246337890625,-33.329566955566406,0.352,MD_West_GCS_3m_NAVDm.tif,19,0.47620266675949097,38.87993575141293,-76.55184303364466,0.12420266675949099
Blue Methane Emlid,NA,GCW,Collar 1A 1,2021,3,25,0.34299999999999997,GEOID12B,wetland,NA,NA,-33.331199645996094,-33.371246337890625,-33.329566955566406,0.34299999999999997,MD_West_GCS_3m_NAVDm.tif,19,0.47620266675949097,38.87994857808484,-76.55183932397986,0.133202666759491
Blue Methane Emlid,NA,GCW,Collar 1A 2,2021,3,25,0.34199999999999997,GEOID12B,wetland,NA,NA,-33.331199645996094,-33.371246337890625,-33.329566955566406,0.34199999999999997,MD_West_GCS_3m_NAVDm.tif,19,0.47620266675949097,38.87994880636362,-76.55184587689598,0.134202666759491
Blue Methane Emlid,NA,GCW,Collar 1A 3,2021,3,25,0.361,GEOID12B,wetland,NA,NA,-33.331199645996094,-33.371246337890625,-33.329566955566406,0.361,MD_West_GCS_3m_NAVDm.tif,19,0.49437838792800903,38.87995418154917,-76.55184552118493,0.13337838792800905
Blue Methane Emlid,NA,GCW,Collar 1A 4,2021,3,25,0.351,GEOID12B,wetland,NA,NA,-33.331199645996094,-33.371246337890625,-33.329566955566406,0.351,MD_West_GCS_3m_NAVDm.tif,19,0.49437838792800903,38.87995365829657,-76.5518387889298,0.14337838792800905
Blue Methane Emlid,NA,GCW,Collar 1B 1,2021,3,25,0.355,GEOID12B,wetland,NA,NA,-33.331199645996094,-33.371246337890625,-33.329566955566406,0.355,MD_West_GCS_3m_NAVDm.tif,19,0.49437838792800903,38.87996113277012,-76.55184048477558,0.13937838792800905
Blue Methane Emlid,NA,GCW,Collar 1B 2,2021,3,25,0.35,GEOID12B,wetland,NA,NA,-33.331199645996094,-33.371246337890625,-33.329566955566406,0.35,MD_West_GCS_3m_NAVDm.tif,19,0.49437838792800903,38.87996125310323,-76.55184702381636,0.14437838792800906
Blue Methane Emlid,NA,GCW,Collar 1B 3,2021,3,25,0.348,GEOID12B,wetland,NA,NA,-33.331199645996094,-33.371246337890625,-33.329566955566406,0.348,MD_West_GCS_3m_NAVDm.tif,19,0.49437838792800903,38.87996615235472,-76.5518472226272,0.14637838792800906
Blue Methane Emlid,NA,GCW,Collar 1B 4,2021,3,25,0.363,GEOID12B,wetland,NA,NA,-33.331199645996094,-33.371246337890625,-33.329566955566406,0.363,MD_West_GCS_3m_NAVDm.tif,19,0.49437838792800903,38.879966357390195,-76.55184060996797,0.13137838792800904
Blue Methane Trimble R12,NA,GCW,COMPASS UPLAND,2021,12,21,1.895,GEOID18,upland,NA,NA,-33.29349899291992,-33.33185958862305,-33.29011154174805,1.8566394042968744,MD_West_GCS_3m_NAVDm.tif,19,1.9708279371261597,38.88738943697505,-76.56240858962694,0.11418853282928532
Blue Methane Trimble R12,NA,GCW,COMPASS TRANSITION,2021,12,21,0.243,GEOID18,transition,NA,NA,-33.29349899291992,-33.33185958862305,-33.29011154174805,0.2046394042968771,MD_West_GCS_3m_NAVDm.tif,19,0.43656831979751587,38.88735950639823,-76.56230884032752,0.23192891550063877
Blue Methane Trimble R12,NA,GCW,COMPASS WETLAND,2021,12,21,0.324,GEOID18,wetland,NA,NA,-33.29349899291992,-33.33185958862305,-33.29011154174805,0.28563940429687307,MD_West_GCS_3m_NAVDm.tif,19,0.23590922355651855,38.88735359314348,-76.56217565583644,-0.04973018074035451
Blue Methane Trimble R12,NA,GCW,COMPASS WATER,2021,12,21,0.074,GEOID18,water,NA,NA,-33.29349899291992,-33.33185958862305,-33.29011154174805,0.03563940429687307,MD_West_GCS_3m_NAVDm.tif,19,0.27778351306915283,38.88735494345367,-76.56219222234402,0.24214410877227976
Blue Methane Trimble R12,NA,GCW,COND WELL BASE,2021,12,21,0.228,GEOID18,wetland,NA,NA,-33.29349899291992,-33.33185958862305,-33.29011154174805,0.1896394042968765,MD_West_GCS_3m_NAVDm.tif,19,0.5100138783454895,38.887338371022445,-76.5620753207738,0.32037447404861297
Blue Methane Trimble R12,NA,GCW,WATER WELL BASE,2021,12,21,0.181,GEOID18,wetland,NA,NA,-33.29349899291992,-33.33185958862305,-33.29011154174805,0.1426394042968724,MD_West_GCS_3m_NAVDm.tif,19,0.5100138783454895,38.88733976378869,-76.56208158252127,0.3673744740486171
Blue Methane Trimble R12,NA,GCW,1A CORE 1,2021,12,21,0.364,GEOID18,wetland,NA,NA,-33.29349899291992,-33.33185958862305,-33.29011154174805,0.3256394042968722,MD_West_GCS_3m_NAVDm.tif,19,0.6562442183494568,38.88735165701852,-76.56203166987972,0.3306048140525846
Blue Methane Trimble R12,NA,GCW,1A CORE 2,2021,12,21,0.368,GEOID18,wetland,NA,NA,-33.29349899291992,-33.33185958862305,-33.29011154174805,0.3296394042968771,MD_West_GCS_3m_NAVDm.tif,19,0.6562442183494568,38.88735648098357,-76.56203285052712,0.3266048140525797
Blue Methane Trimble R12,NA,GCW,1A CORE 3,2021,12,21,0.371,GEOID18,wetland,NA,NA,-33.29349899291992,-33.33185958862305,-33.29011154174805,0.3326394042968772,MD_West_GCS_3m_NAVDm.tif,19,0.6923601627349854,38.88736332958751,-76.56203582837287,0.35972075843810813
Blue Methane Trimble R12,NA,GCW,1B CORE 1,2021,12,21,0.488,GEOID18,wetland,NA,NA,-33.29349899291992,-33.33185958862305,-33.29011154174805,0.44963940429687455,MD_West_GCS_3m_NAVDm.tif,19,0.7551699280738831,38.88735995326313,-76.56197866720781,0.3055305237770085
Blue Methane Trimble R12,NA,GCW,1B CORE 2,2021,12,21,0.484,GEOID18,wetland,NA,NA,-33.29349899291992,-33.33185958862305,-33.29011154174805,0.4456394042968768,MD_West_GCS_3m_NAVDm.tif,19,0.6306701898574829,38.88736437280725,-76.56198010391289,0.1850307855606061
Blue Methane Trimble R12,NA,GCW,1B CORE 3,2021,12,21,0.511,GEOID18,wetland,NA,NA,-33.29349899291992,-33.33185958862305,-33.29011154174805,0.4726394042968778,MD_West_GCS_3m_NAVDm.tif,19,0.6306701898574829,38.887368439688736,-76.56198118546838,0.15803078556060512
Blue Methane Trimble R12,NA,GCW,1A SIPPER TEFLON,2021,12,21,0.4,GEOID18,wetland,NA,NA,-33.29349899291992,-33.33185958862305,-33.29011154174805,0.3616394042968736,MD_West_GCS_3m_NAVDm.tif,19,0.6306701898574829,38.88737375473359,-76.56198840287132,0.26903078556060933
Blue Methane Trimble R12,NA,GCW,1A SIPPER RHIZON,2021,12,21,0.466,GEOID18,wetland,NA,NA,-33.29349899291992,-33.33185958862305,-33.29011154174805,0.4276394042968761,MD_West_GCS_3m_NAVDm.tif,19,0.6306701898574829,38.88737298191625,-76.56198410831139,0.20303078556060683
Blue Methane Trimble R12,NA,GCW,1B SIPPER TEFLON,2021,12,21,0.379,GEOID18,wetland,NA,NA,-33.29349899291992,-33.33185958862305,-33.29011154174805,0.3406394042968728,MD_West_GCS_3m_NAVDm.tif,19,0.6677758693695068,38.88736228861524,-76.56199605755849,0.32713646507263405
Blue Methane Trimble R12,NA,GCW,1B SIPPER RHIZON,2021,12,21,0.43,GEOID18,wetland,NA,NA,-33.29349899291992,-33.33185958862305,-33.29011154174805,0.3916394042968747,MD_West_GCS_3m_NAVDm.tif,19,0.6677758693695068,38.88736228342856,-76.56199467443629,0.2761364650726321
Blue Methane Trimble R12,NA,GCW,1A COLLAR EDGE 2,2021,12,21,0.475,GEOID18,wetland,NA,NA,-33.29349899291992,-33.33185958862305,-33.29011154174805,0.4366394042968764,MD_West_GCS_3m_NAVDm.tif,19,0.6562442183494568,38.88736123498267,-76.56202017701159,0.21960481405258037
Blue Methane Trimble R12,NA,GCW,1A COLLAR EDGE 3,2021,12,21,0.51,GEOID18,wetland,NA,NA,-33.29349899291992,-33.33185958862305,-33.29011154174805,0.471639404296873,MD_West_GCS_3m_NAVDm.tif,19,0.7029858231544495,38.887364333390835,-76.56201523626807,0.23134641885757645
Blue Methane Trimble R12,NA,GCW,1A COLLAR EDGE 4,2021,12,21,0.44,GEOID18,wetland,NA,NA,-33.29349899291992,-33.33185958862305,-33.29011154174805,0.4016394042968727,MD_West_GCS_3m_NAVDm.tif,19,0.6677758693695068,38.88736005743605,-76.56201125137079,0.2661364650726341
Blue Methane Trimble R12,NA,GCW,1A COLLAR EDGE 1,2021,12,21,0.44,GEOID18,wetland,NA,NA,-33.29349899291992,-33.33185958862305,-33.29011154174805,0.4016394042968727,MD_West_GCS_3m_NAVDm.tif,19,0.6677758693695068,38.88735707695682,-76.5620164103896,0.2661364650726341
Blue Methane Trimble R12,NA,GCW,2A CORE 1,2021,12,21,0.318,GEOID18,wetland,NA,NA,-33.29349899291992,-33.33185958862305,-33.29011154174805,0.27963940429687284,MD_West_GCS_3m_NAVDm.tif,19,0.3742353916168213,38.88729872541444,-76.56211876458883,0.09459598731994845
Blue Methane Trimble R12,NA,GCW,2A CORE 2,2021,12,21,0.284,GEOID18,wetland,NA,NA,-33.29349899291992,-33.33185958862305,-33.29011154174805,0.24563940429687392,MD_West_GCS_3m_NAVDm.tif,19,0.3742353916168213,38.88729719119681,-76.56211321834131,0.12859598731994737
Blue Methane Trimble R12,NA,GCW,2A CORE 3,2021,12,21,0.323,GEOID18,wetland,NA,NA,-33.29349899291992,-33.33185958862305,-33.29011154174805,0.2846394042968754,MD_West_GCS_3m_NAVDm.tif,19,0.3742353916168213,38.88729643668022,-76.56210659536522,0.08959598731994589
Blue Methane Trimble R12,NA,GCW,2A SIPPER TEFLON,2021,12,21,0.389,GEOID18,wetland,NA,NA,-33.29349899291992,-33.33185958862305,-33.29011154174805,0.3506394042968779,MD_West_GCS_3m_NAVDm.tif,19,0.4941863715648651,38.88728493753195,-76.56213668035105,0.1435469672679872
Blue Methane Trimble R12,NA,GCW,2B SIPPER RHIZON,2021,12,21,0.325,GEOID18,wetland,NA,NA,-33.29349899291992,-33.33185958862305,-33.29011154174805,0.28663940429687784,MD_West_GCS_3m_NAVDm.tif,19,0.33249059319496155,38.88727192755309,-76.562141024914,0.045851188898083706
Blue Methane Trimble R12,NA,GCW,2B CORE 1,2021,12,21,0.367,GEOID18,wetland,NA,NA,-33.29349899291992,-33.33185958862305,-33.29011154174805,0.32863940429687233,MD_West_GCS_3m_NAVDm.tif,19,0.34463080763816833,38.887261643540526,-76.56215882695253,0.015991403341296007
Blue Methane Trimble R12,NA,GCW,2B CORE 2,2021,12,21,0.365,GEOID18,wetland,NA,NA,-33.29349899291992,-33.33185958862305,-33.29011154174805,0.326639404296877,MD_West_GCS_3m_NAVDm.tif,19,0.33249059319496155,38.88726039979314,-76.56215386676408,0.005851188898084558
Blue Methane Trimble R12,NA,GCW,2B CORE 3,2021,12,21,0.38,GEOID18,wetland,NA,NA,-33.29349899291992,-33.33185958862305,-33.29011154174805,0.34163940429687756,MD_West_GCS_3m_NAVDm.tif,19,0.33249059319496155,38.8872591686612,-76.56214746571501,-0.00914881110191601
Blue Methane Trimble R12,NA,GCW,KIRK NERR  2020 PLOT 1A,2022,3,10,0.299,GEOID18,wetland,NA,NA,-33.331199645996094,-33.371246337890625,-33.329566955566406,0.25895330810546824,MD_West_GCS_3m_NAVDm.tif,19,0.4260426163673401,38.87534320130601,-76.54454738345636,0.16708930826187185
Blue Methane Trimble R12,NA,GCW,KIRK NERR  2020 PLOT 1B,2022,3,10,0.301,GEOID18,wetland,NA,NA,-33.331199645996094,-33.371246337890625,-33.329566955566406,0.2609533081054707,MD_West_GCS_3m_NAVDm.tif,19,0.4260426163673401,38.87534660498071,-76.54453312915567,0.1650893082618694
Blue Methane Trimble R12,NA,GCW,KIRK COLLAR 1A CORNER LL,2022,3,10,0.274,GEOID18,wetland,NA,NA,-33.331199645996094,-33.371246337890625,-33.329566955566406,0.2339533081054697,MD_West_GCS_3m_NAVDm.tif,19,0.4065757989883423,38.87532406694996,-76.54472751592606,0.1726224908828726
Blue Methane Trimble R12,NA,GCW,KIRK COLLAR 1A CORNER UL,2022,3,10,0.306,GEOID18,wetland,NA,NA,-33.331199645996094,-33.371246337890625,-33.329566955566406,0.26595330810546614,MD_West_GCS_3m_NAVDm.tif,19,0.4065757989883423,38.875328893885346,-76.54472940969661,0.14062249088287615
Blue Methane Trimble R12,NA,GCW,KIRK COLLAR 1A CORNER UR,2022,3,10,0.28,GEOID18,wetland,NA,NA,-33.331199645996094,-33.371246337890625,-33.329566955566406,0.2399533081054699,MD_West_GCS_3m_NAVDm.tif,19,0.4065757989883423,38.87532977555324,-76.54472217830372,0.1666224908828724
Blue Methane Trimble R12,NA,GCW,KIRK COLLAR 1A CORNER LR,2022,3,10,0.315,GEOID18,wetland,NA,NA,-33.331199645996094,-33.371246337890625,-33.329566955566406,0.2749533081054665,MD_West_GCS_3m_NAVDm.tif,19,0.4065757989883423,38.87532465516313,-76.54472126597564,0.1316224908828758
Blue Methane Trimble R12,NA,GCW,KIRK COLLAR 1B CORNER LL,2022,3,10,0.327,GEOID18,wetland,NA,NA,-33.331199645996094,-33.371246337890625,-33.329566955566406,0.28695330810546693,MD_West_GCS_3m_NAVDm.tif,19,0.4291921555995941,38.875327714342376,-76.54471107045639,0.14223884749412719
Blue Methane Trimble R12,NA,GCW,KIRK COLLAR 1B CORNER UL,2022,3,10,0.305,GEOID18,wetland,NA,NA,-33.331199645996094,-33.371246337890625,-33.329566955566406,0.26495330810546847,MD_West_GCS_3m_NAVDm.tif,19,0.4291921555995941,38.87533284616694,-76.5447126050258,0.16423884749412565
Blue Methane Trimble R12,NA,GCW,KIRK COLLAR 1B CORNER UR,2022,3,10,0.32,GEOID18,wetland,NA,NA,-33.331199645996094,-33.371246337890625,-33.329566955566406,0.27995330810546903,MD_West_GCS_3m_NAVDm.tif,19,0.4291921555995941,38.875334325750266,-76.54470623414373,0.14923884749412508
Blue Methane Trimble R12,NA,GCW,KIRK COLLAR 1B CORNER LR,2022,3,10,0.319,GEOID18,wetland,NA,NA,-33.331199645996094,-33.371246337890625,-33.329566955566406,0.27895330810547136,MD_West_GCS_3m_NAVDm.tif,19,0.4291921555995941,38.875329320176405,-76.54470473334229,0.15023884749412275
Blue Methane Trimble R12,NA,GCW,KIRK COLLAR 1B CORNER LR V2,2022,3,10,0.324,GEOID18,wetland,NA,NA,-33.331199645996094,-33.371246337890625,-33.329566955566406,0.2839533081054668,MD_West_GCS_3m_NAVDm.tif,19,0.4291921555995941,38.875329374091315,-76.54470469842522,0.1452388474941273
Blue Methane Trimble R12,NA,GCW,KIRK COLLAR 1B SIPPER,2022,3,10,0.274,GEOID18,wetland,NA,NA,-33.331199645996094,-33.371246337890625,-33.329566955566406,0.2339533081054697,MD_West_GCS_3m_NAVDm.tif,19,0.4291921555995941,38.87532736904,-76.54470799565799,0.19523884749412443
Blue Methane Trimble R12,NA,GCW,KIRK COLLAR 1A SIPPER,2022,3,10,0.256,GEOID18,wetland,NA,NA,-33.331199645996094,-33.371246337890625,-33.329566955566406,0.21595330810546895,MD_West_GCS_3m_NAVDm.tif,19,0.4065757989883423,38.87532401694466,-76.54472393217233,0.19062249088287334
Blue Methane Trimble R12,NA,GCW,KIRK ALLOMETRY QUAD 1 LEFT LL,2022,3,10,0.293,GEOID18,wetland,NA,NA,-33.331199645996094,-33.371246337890625,-33.329566955566406,0.252953308105468,MD_West_GCS_3m_NAVDm.tif,19,0.4065757989883423,38.8753364907439,-76.54473472005222,0.15362249088287427
Blue Methane Trimble R12,NA,GCW,KIRK ALLOMETRY QUAD 1 LEFT UL,2022,3,10,0.285,GEOID18,wetland,NA,NA,-33.331199645996094,-33.371246337890625,-33.329566955566406,0.24495330810546537,MD_West_GCS_3m_NAVDm.tif,19,0.4065757989883423,38.87533697153068,-76.54473326491652,0.16162249088287692
Blue Methane Trimble R12,NA,GCW,KIRK ALLOMETRY QUAD 1 LEFT UR,2022,3,10,0.265,GEOID18,wetland,NA,NA,-33.331199645996094,-33.371246337890625,-33.329566955566406,0.22495330810546932,MD_West_GCS_3m_NAVDm.tif,19,0.4065757989883423,38.87533584302406,-76.54473263827698,0.18162249088287297
Blue Methane Trimble R12,NA,GCW,KIRK ALLOMETRY QUAD 1 LEFT LR,2022,3,10,0.279,GEOID18,wetland,NA,NA,-33.331199645996094,-33.371246337890625,-33.329566955566406,0.23895330810547225,MD_West_GCS_3m_NAVDm.tif,19,0.4065757989883423,38.8753352543176,-76.5447341401986,0.16762249088287004
Blue Methane Trimble R12,NA,GCW,KIRK ALLOMETRY QUAD 1 RIGHT LL,2022,3,10,0.263,GEOID18,wetland,NA,NA,-33.331199645996094,-33.371246337890625,-33.329566955566406,0.22295330810546687,MD_West_GCS_3m_NAVDm.tif,19,0.4065757989883423,38.875334777821905,-76.54473438525,0.1836224908828754
Blue Methane Trimble R12,NA,GCW,KIRK ALLOMETRY QUAD 1 RIGHT UL,2022,3,10,0.281,GEOID18,wetland,NA,NA,-33.331199645996094,-33.371246337890625,-33.329566955566406,0.24095330810546756,MD_West_GCS_3m_NAVDm.tif,19,0.4065757989883423,38.875335085654235,-76.54473247024369,0.16562249088287473
Blue Methane Trimble R12,NA,GCW,KIRK ALLOMETRY QUAD 1 RIGHT UR,2022,3,10,0.295,GEOID18,wetland,NA,NA,-33.331199645996094,-33.371246337890625,-33.329566955566406,0.25495330810547046,MD_West_GCS_3m_NAVDm.tif,19,0.4065757989883423,38.875333733737534,-76.5447323060036,0.15162249088287183
Blue Methane Trimble R12,NA,GCW,KIRK ALLOMETRY QUAD 1 RIGHT LR,2022,3,10,0.293,GEOID18,wetland,NA,NA,-33.331199645996094,-33.371246337890625,-33.329566955566406,0.252953308105468,MD_West_GCS_3m_NAVDm.tif,19,0.4065757989883423,38.8753336784966,-76.54473431159316,0.15362249088287427
Blue Methane Trimble R12,NA,GCW,KIRK ALLOMETRY QUAD 2 LEFT LL,2022,3,10,0.294,GEOID18,wetland,NA,NA,-33.331199645996094,-33.371246337890625,-33.329566955566406,0.2539533081054657,MD_West_GCS_3m_NAVDm.tif,19,0.4291921555995941,38.8753402249415,-76.54470819021792,0.17523884749412844
Blue Methane Trimble R12,NA,GCW,KIRK ALLOMETRY QUAD 2 LEFT UL,2022,3,10,0.301,GEOID18,wetland,NA,NA,-33.331199645996094,-33.371246337890625,-33.329566955566406,0.2609533081054707,MD_West_GCS_3m_NAVDm.tif,19,0.4291921555995941,38.87533985283855,-76.54470979447701,0.16823884749412343
Blue Methane Trimble R12,NA,GCW,KIRK ALLOMETRY QUAD 2 LEFT UR,2022,3,10,0.283,GEOID18,wetland,NA,NA,-33.331199645996094,-33.371246337890625,-33.329566955566406,0.24295330810547,MD_West_GCS_3m_NAVDm.tif,19,0.4291921555995941,38.8753412502909,-76.54471008519405,0.18623884749412412
Blue Methane Trimble R12,NA,GCW,KIRK ALLOMETRY QUAD 2 LEFT LR,2022,3,10,0.285,GEOID18,wetland,NA,NA,-33.331199645996094,-33.371246337890625,-33.329566955566406,0.24495330810546537,MD_West_GCS_3m_NAVDm.tif,19,0.4291921555995941,38.87534135111198,-76.54470821760567,0.18423884749412875
Blue Methane Trimble R12,NA,GCW,KIRK ALLOMETRY QUAD 2 RIGHT LL,2022,3,10,0.281,GEOID18,wetland,NA,NA,-33.331199645996094,-33.371246337890625,-33.329566955566406,0.24095330810546756,MD_West_GCS_3m_NAVDm.tif,19,0.4291921555995941,38.87534156717604,-76.54470818165406,0.18823884749412656
Blue Methane Trimble R12,NA,GCW,KIRK ALLOMETRY QUAD 2 RIGHT UL,2022,3,10,0.283,GEOID18,wetland,NA,NA,-33.331199645996094,-33.371246337890625,-33.329566955566406,0.24295330810547,MD_West_GCS_3m_NAVDm.tif,19,0.4291921555995941,38.87534142180776,-76.54471017629456,0.18623884749412412
Blue Methane Trimble R12,NA,GCW,KIRK ALLOMETRY QUAD 2 RIGHT UR,2022,3,10,0.318,GEOID18,wetland,NA,NA,-33.331199645996094,-33.371246337890625,-33.329566955566406,0.2779533081054666,MD_West_GCS_3m_NAVDm.tif,19,0.4291921555995941,38.8753421432793,-76.54471037912971,0.15123884749412753
Blue Methane Trimble R12,NA,GCW,KIRK ALLOMETRY QUAD 2 RIGHT LR,2022,3,10,0.315,GEOID18,wetland,NA,NA,-33.331199645996094,-33.371246337890625,-33.329566955566406,0.2749533081054665,MD_West_GCS_3m_NAVDm.tif,19,0.4573536217212677,38.875342901255905,-76.54470839210494,0.18240031361580122
Blue Methane Trimble R12,NA,GCW,KIRK INGROWTH CORE 1B-1,2022,3,10,0.33,GEOID18,wetland,NA,NA,-33.331199645996094,-33.371246337890625,-33.329566955566406,0.28995330810546704,MD_West_GCS_3m_NAVDm.tif,19,0.4291921555995941,38.87533445056327,-76.54469203534642,0.13923884749412707
Blue Methane Trimble R12,NA,GCW,KIRK INGROWTH CORE 1B-2,2022,3,10,0.331,GEOID18,wetland,NA,NA,-33.331199645996094,-33.371246337890625,-33.329566955566406,0.2909533081054718,MD_West_GCS_3m_NAVDm.tif,19,0.4573536217212677,38.875343334058215,-76.54469462926622,0.16640031361579588
Blue Methane Trimble R12,NA,GCW,KIRK INGROWTH CORE 1B-3,2022,3,10,0.298,GEOID18,wetland,NA,NA,-33.331199645996094,-33.371246337890625,-33.329566955566406,0.25795330810547057,MD_West_GCS_3m_NAVDm.tif,19,0.4573536217212677,38.87534806817053,-76.54469582064176,0.19940031361579713
Blue Methane Trimble R12,NA,GCW,KIRK INGROWTH CORE 1A-1,2022,3,10,0.294,GEOID18,wetland,NA,NA,-33.331199645996094,-33.371246337890625,-33.329566955566406,0.2539533081054657,MD_West_GCS_3m_NAVDm.tif,19,0.4065757989883423,38.87531924120034,-76.54474210196719,0.1526224908828766
Blue Methane Trimble R12,NA,GCW,KIRK INGROWTH CORE 1A-2,2022,3,10,0.284,GEOID18,wetland,NA,NA,-33.331199645996094,-33.371246337890625,-33.329566955566406,0.24395330810546767,MD_West_GCS_3m_NAVDm.tif,19,0.4065757989883423,38.87532460867751,-76.54474400381442,0.16262249088287462
Blue Methane Trimble R12,NA,GCW,KIRK INGROWTH CORE 1A-3,2022,3,10,0.303,GEOID18,wetland,NA,NA,-33.331199645996094,-33.371246337890625,-33.329566955566406,0.262953308105466,MD_West_GCS_3m_NAVDm.tif,19,0.4374924600124359,38.875330481786705,-76.54474620206922,0.1745391519069699
Blue Methane Trimble R12,NA,GCW,KIRK 2020 HARVEST LL,2022,3,10,0.296,GEOID18,wetland,NA,NA,-33.331199645996094,-33.371246337890625,-33.329566955566406,0.2559533081054681,MD_West_GCS_3m_NAVDm.tif,19,0.4065757989883423,38.875341767214984,-76.54474331812881,0.15062249088287416
Blue Methane Trimble R12,NA,GCW,KIRK 2020 HARVEST UL,2022,3,10,0.298,GEOID18,wetland,NA,NA,-33.331199645996094,-33.371246337890625,-33.329566955566406,0.25795330810547057,MD_West_GCS_3m_NAVDm.tif,19,0.4530116021633148,38.87534557338359,-76.54474449237892,0.19505829405784425
Blue Methane Trimble R12,NA,GCW,KIRK 2020 HARVEST UL 2,2022,3,10,0.296,GEOID18,wetland,NA,NA,-33.331199645996094,-33.371246337890625,-33.329566955566406,0.2559533081054681,MD_West_GCS_3m_NAVDm.tif,19,0.4530116021633148,38.87534565477263,-76.54474457253015,0.1970582940578467
Blue Methane Trimble R12,NA,GCW,KIRK 2020 HARVEST UR,2022,3,10,0.302,GEOID18,wetland,NA,NA,-33.331199645996094,-33.371246337890625,-33.329566955566406,0.26195330810546835,MD_West_GCS_3m_NAVDm.tif,19,0.4530116021633148,38.87534549172669,-76.54473972181766,0.19105829405784647
Blue Methane Trimble R12,NA,GCW,KIRK 2020 HARVEST LR,2022,3,10,0.289,GEOID18,wetland,NA,NA,-33.331199645996094,-33.371246337890625,-33.329566955566406,0.24895330810547023,MD_West_GCS_3m_NAVDm.tif,19,0.4065757989883423,38.875342858656765,-76.54473905867945,0.15762249088287206
Blue Methane Trimble R12,NA,GCW,KIRK 2021 HARVEST 1A LL,2022,3,10,0.31,GEOID18,wetland,NA,NA,-33.331199645996094,-33.371246337890625,-33.329566955566406,0.269953308105471,MD_West_GCS_3m_NAVDm.tif,19,0.4784405529499054,38.87531282002904,-76.54471716967117,0.20848724484443437
Blue Methane Trimble R12,NA,GCW,KIRK 2021 HARVEST 1A UL,2022,3,10,0.294,GEOID18,wetland,NA,NA,-33.331199645996094,-33.371246337890625,-33.329566955566406,0.2539533081054657,MD_West_GCS_3m_NAVDm.tif,19,0.4784405529499054,38.87530991648579,-76.54471645063803,0.22448724484443972
Blue Methane Trimble R12,NA,GCW,KIRK 2021 HARVEST 1A UR,2022,3,10,0.307,GEOID18,wetland,NA,NA,-33.331199645996094,-33.371246337890625,-33.329566955566406,0.2669533081054709,MD_West_GCS_3m_NAVDm.tif,19,0.4398835301399231,38.87530905209394,-76.5447211811354,0.17293022203445219
Blue Methane Trimble R12,NA,GCW,KIRK 2021 HARVEST 1A LR,2022,3,10,0.292,GEOID18,wetland,NA,NA,-33.331199645996094,-33.371246337890625,-33.329566955566406,0.25195330810547034,MD_West_GCS_3m_NAVDm.tif,19,0.4398835301399231,38.87531189383713,-76.54472222324475,0.18793022203445275
Blue Methane Trimble R12,NA,GCW,KIRK 2021 HARVEST 1B LL,2022,3,10,0.248,GEOID18,wetland,NA,NA,-33.331199645996094,-33.371246337890625,-33.329566955566406,0.2079533081054663,MD_West_GCS_3m_NAVDm.tif,19,0.4784405529499054,38.87531446266068,-76.54470640697404,0.2704872448444391
Blue Methane Trimble R12,NA,GCW,KIRK 2021 HARVEST 1B UL,2022,3,10,0.271,GEOID18,wetland,NA,NA,-33.331199645996094,-33.371246337890625,-33.329566955566406,0.23095330810546957,MD_West_GCS_3m_NAVDm.tif,19,0.4784405529499054,38.875315544868194,-76.54470208996293,0.24748724484443582
Blue Methane Trimble R12,NA,GCW,KIRK 2021 HARVEST 1B UR,2022,3,10,0.277,GEOID18,wetland,NA,NA,-33.331199645996094,-33.371246337890625,-33.329566955566406,0.23695330810546977,MD_West_GCS_3m_NAVDm.tif,19,0.4784405529499054,38.87531178639136,-76.54470159534779,0.24148724484443562
Blue Methane Trimble R12,NA,GCW,KIRK 2021 HARVEST 1B LR,2022,3,10,0.268,GEOID18,wetland,NA,NA,-33.331199645996094,-33.371246337890625,-33.329566955566406,0.22795330810546943,MD_West_GCS_3m_NAVDm.tif,19,0.4784405529499054,38.87531051217939,-76.54470518754984,0.25048724484443596
Blue Methane Trimble R12,NA,GCW,KIRK 2022 HARVEST 1B LL,2022,3,10,0.318,GEOID18,wetland,NA,NA,-33.331199645996094,-33.371246337890625,-33.329566955566406,0.2779533081054666,MD_West_GCS_3m_NAVDm.tif,19,0.4784405529499054,38.875307674232594,-76.5447028085927,0.2004872448444388
Blue Methane Trimble R12,NA,GCW,KIRK 2022 HARVEST 1B UL,2022,3,10,0.332,GEOID18,wetland,NA,NA,-33.331199645996094,-33.371246337890625,-33.329566955566406,0.2919533081054695,MD_West_GCS_3m_NAVDm.tif,19,0.4784405529499054,38.87530819089486,-76.54469900226164,0.1864872448444359
Blue Methane Trimble R12,NA,GCW,KIRK 2022 HARVEST 1B UR,2022,3,10,0.335,GEOID18,wetland,NA,NA,-33.331199645996094,-33.371246337890625,-33.329566955566406,0.2949533081054696,MD_West_GCS_3m_NAVDm.tif,19,0.4784405529499054,38.87530469060313,-76.54469772234381,0.1834872448444358
Blue Methane Trimble R12,NA,GCW,KIRK 2022 HARVEST 1B LR,2022,3,10,0.325,GEOID18,wetland,NA,NA,-33.331199645996094,-33.371246337890625,-33.329566955566406,0.2849533081054716,MD_West_GCS_3m_NAVDm.tif,19,0.4784405529499054,38.875304370910094,-76.5447012162606,0.1934872448444338
Blue Methane Trimble R12,NA,GCW,KIRK 2022 HARVEST 1A LL,2022,3,10,0.301,GEOID18,wetland,NA,NA,-33.331199645996094,-33.371246337890625,-33.329566955566406,0.2609533081054707,MD_West_GCS_3m_NAVDm.tif,19,0.4784405529499054,38.87530331907449,-76.54470870227253,0.2174872448444347
Blue Methane Trimble R12,NA,GCW,KIRK 2022 HARVEST 1A UL,2022,3,10,0.306,GEOID18,wetland,NA,NA,-33.331199645996094,-33.371246337890625,-33.329566955566406,0.26595330810546614,MD_West_GCS_3m_NAVDm.tif,19,0.4784405529499054,38.87530222543234,-76.54471239704107,0.21248724484443926
Blue Methane Trimble R12,NA,GCW,KIRK 2022 HARVEST 1A UR,2022,3,10,0.316,GEOID18,wetland,NA,NA,-33.331199645996094,-33.371246337890625,-33.329566955566406,0.27595330810547125,MD_West_GCS_3m_NAVDm.tif,19,0.4784405529499054,38.87530547461514,-76.54471396667037,0.20248724484443414
Blue Methane Trimble R12,NA,GCW,KIRK 2022 HARVEST 1A LR,2022,3,10,0.315,GEOID18,wetland,NA,NA,-33.331199645996094,-33.371246337890625,-33.329566955566406,0.2749533081054665,MD_West_GCS_3m_NAVDm.tif,19,0.4784405529499054,38.87530676819179,-76.54471072007559,0.20348724484443892
Blue Methane Trimble R12,NA,GCW,KIRK LANDSAT CORNER 1 NEAR PLOT 1A,2022,3,10,0.341,GEOID18,wetland,NA,NA,-33.331199645996094,-33.371246337890625,-33.329566955566406,0.30095330810546983,MD_West_GCS_3m_NAVDm.tif,19,0.39225512742996216,38.87527541768855,-76.54474284252683,0.09130181932449233
Blue Methane Trimble R12,NA,GCW,KIRK COND WELL GROUND,2022,3,10,0.312,GEOID18,wetland,NA,NA,-33.331199645996094,-33.371246337890625,-33.329566955566406,0.27195330810546636,MD_West_GCS_3m_NAVDm.tif,19,0.43066275119781494,38.87530458847963,-76.5446276319192,0.15870944309234858
Blue Methane Trimble R12,NA,GCW,KIRK WATER WELL GROUND,2022,3,10,0.285,GEOID18,wetland,NA,NA,-33.331199645996094,-33.371246337890625,-33.329566955566406,0.24495330810546537,MD_West_GCS_3m_NAVDm.tif,19,0.43066275119781494,38.87530584244677,-76.54462115875852,0.18570944309234957
Blue Methane Trimble R12,NA,GCW,KIRK COLLAR 2A LL,2022,3,10,0.28,GEOID18,wetland,NA,NA,-33.331199645996094,-33.371246337890625,-33.329566955566406,0.2399533081054699,MD_West_GCS_3m_NAVDm.tif,19,0.3912363052368164,38.87541044349437,-76.54457578823741,0.15128299713134652
Blue Methane Trimble R12,NA,GCW,KIRK COLLAR 2A UL,2022,3,10,0.306,GEOID18,wetland,NA,NA,-33.331199645996094,-33.371246337890625,-33.329566955566406,0.26595330810546614,MD_West_GCS_3m_NAVDm.tif,19,0.3912363052368164,38.875412320468435,-76.54456967986967,0.12528299713135027
Blue Methane Trimble R12,NA,GCW,KIRK COLLAR 2A UR,2022,3,10,0.319,GEOID18,wetland,NA,NA,-33.331199645996094,-33.371246337890625,-33.329566955566406,0.27895330810547136,MD_West_GCS_3m_NAVDm.tif,19,0.3912363052368164,38.87540684610249,-76.5445680898732,0.11228299713134504
Blue Methane Trimble R12,NA,GCW,KIRK COLLAR 2A LR,2022,3,10,0.313,GEOID18,wetland,NA,NA,-33.331199645996094,-33.371246337890625,-33.329566955566406,0.27295330810547114,MD_West_GCS_3m_NAVDm.tif,19,0.3912363052368164,38.87540558214132,-76.54457430957179,0.11828299713134527
Blue Methane Trimble R12,NA,GCW,KIRK COLLAR 2B LL,2022,3,10,0.322,GEOID18,wetland,NA,NA,-33.331199645996094,-33.371246337890625,-33.329566955566406,0.2819533081054715,MD_West_GCS_3m_NAVDm.tif,19,0.3912363052368164,38.87539768551042,-76.54457067217376,0.10928299713134493
Blue Methane Trimble R12,NA,GCW,KIRK COLLAR 2B UL,2022,3,10,0.279,GEOID18,wetland,NA,NA,-33.331199645996094,-33.371246337890625,-33.329566955566406,0.23895330810547225,MD_West_GCS_3m_NAVDm.tif,19,0.3912363052368164,38.875399045821055,-76.54456374887478,0.15228299713134416
Blue Methane Trimble R12,NA,GCW,KIRK COLLAR 2B UR,2022,3,10,0.314,GEOID18,wetland,NA,NA,-33.331199645996094,-33.371246337890625,-33.329566955566406,0.2739533081054688,MD_West_GCS_3m_NAVDm.tif,19,0.4045012891292572,38.87539385066693,-76.54456214557267,0.1305479810237884
Blue Methane Trimble R12,NA,GCW,KIRK COLLAR 2B LR,2022,3,10,0.299,GEOID18,wetland,NA,NA,-33.331199645996094,-33.371246337890625,-33.329566955566406,0.25895330810546824,MD_West_GCS_3m_NAVDm.tif,19,0.4045012891292572,38.87539272971509,-76.54456807624848,0.14554798102378896
Blue Methane Trimble R12,NA,GCW,KIRK 2B SIPPER,2022,3,10,0.329,GEOID18,wetland,NA,NA,-33.331199645996094,-33.371246337890625,-33.329566955566406,0.2889533081054694,MD_West_GCS_3m_NAVDm.tif,19,0.4045012891292572,38.87539405413783,-76.5445704302897,0.11554798102378783
Blue Methane Trimble R12,NA,GCW,KIRK 2A SIPPER,2022,3,10,0.325,GEOID18,wetland,NA,NA,-33.331199645996094,-33.371246337890625,-33.329566955566406,0.2849533081054716,MD_West_GCS_3m_NAVDm.tif,19,0.3912363052368164,38.8754073541469,-76.54457593472212,0.10628299713134481
Blue Methane Trimble R12,NA,GCW,KIRK INGROWTH CORE 2A-1,2022,3,10,0.318,GEOID18,wetland,NA,NA,-33.331199645996094,-33.371246337890625,-33.329566955566406,0.2779533081054666,MD_West_GCS_3m_NAVDm.tif,19,0.3912363052368164,38.875422825936525,-76.54457931633716,0.11328299713134982
Blue Methane Trimble R12,NA,GCW,KIRK INGROWTH CORE 2A-2,2022,3,10,0.276,GEOID18,wetland,NA,NA,-33.331199645996094,-33.371246337890625,-33.329566955566406,0.2359533081054721,MD_West_GCS_3m_NAVDm.tif,19,0.3912363052368164,38.875423576380754,-76.54457308839017,0.1552829971313443
Blue Methane Trimble R12,NA,GCW,KIRK INGROWTH CORE 2A-3,2022,3,10,0.282,GEOID18,wetland,NA,NA,-33.331199645996094,-33.371246337890625,-33.329566955566406,0.24195330810546525,MD_West_GCS_3m_NAVDm.tif,19,0.41423389315605164,38.87542495511258,-76.54456626869045,0.17228058505058638
Blue Methane Trimble R12,NA,GCW,KIRK INGROWTH CORE 2B-1,2022,3,10,0.309,GEOID18,wetland,NA,NA,-33.331199645996094,-33.371246337890625,-33.329566955566406,0.26895330810546625,MD_West_GCS_3m_NAVDm.tif,19,0.4045012891292572,38.87538031600327,-76.54456576993378,0.13554798102379095
Blue Methane Trimble R12,NA,GCW,KIRK INGROWTH CORE 2B-2,2022,3,10,0.298,GEOID18,wetland,NA,NA,-33.331199645996094,-33.371246337890625,-33.329566955566406,0.25795330810547057,MD_West_GCS_3m_NAVDm.tif,19,0.4045012891292572,38.875382745807975,-76.54456051084256,0.14654798102378663
Blue Methane Trimble R12,NA,GCW,KIRK INGROWTH CORE 2B-3,2022,3,10,0.293,GEOID18,wetland,NA,NA,-33.331199645996094,-33.371246337890625,-33.329566955566406,0.252953308105468,MD_West_GCS_3m_NAVDm.tif,19,0.4221654236316681,38.87538391454244,-76.5445552828484,0.16921211552620008
Blue Methane Trimble R12,NA,GCW,KIRK HARVEST 2021 2A LL,2022,3,10,0.277,GEOID18,wetland,NA,NA,-33.331199645996094,-33.371246337890625,-33.329566955566406,0.23695330810546977,MD_West_GCS_3m_NAVDm.tif,19,0.3994075059890747,38.87538350284824,-76.54458831429015,0.16245419788360493
Blue Methane Trimble R12,NA,GCW,KIRK HARVEST 2021 2A UL,2022,3,10,0.273,GEOID18,wetland,NA,NA,-33.331199645996094,-33.371246337890625,-33.329566955566406,0.232953308105472,MD_West_GCS_3m_NAVDm.tif,19,0.3994075059890747,38.87538191663039,-76.54459274976728,0.16645419788360272
Blue Methane Trimble R12,NA,GCW,KIRK HARVEST 2021 2A UR,2022,3,10,0.292,GEOID18,wetland,NA,NA,-33.331199645996094,-33.371246337890625,-33.329566955566406,0.25195330810547034,MD_West_GCS_3m_NAVDm.tif,19,0.3994075059890747,38.87538489358884,-76.54459381405839,0.14745419788360437
Blue Methane Trimble R12,NA,GCW,KIRK HARVEST 2021 2A LR,2022,3,10,0.281,GEOID18,wetland,NA,NA,-33.331199645996094,-33.371246337890625,-33.329566955566406,0.24095330810546756,MD_West_GCS_3m_NAVDm.tif,19,0.3994075059890747,38.87538612055388,-76.54458965745846,0.15845419788360715
Blue Methane Trimble R12,NA,GCW,KIRK HARVEST 2021 2B LL,2022,3,10,0.293,GEOID18,wetland,NA,NA,-33.331199645996094,-33.371246337890625,-33.329566955566406,0.252953308105468,MD_West_GCS_3m_NAVDm.tif,19,0.3994075059890747,38.87539292313712,-76.54459226464765,0.1464541978836067
Blue Methane Trimble R12,NA,GCW,KIRK HARVEST 2021 2B UL,2022,3,10,0.313,GEOID18,wetland,NA,NA,-33.331199645996094,-33.371246337890625,-33.329566955566406,0.27295330810547114,MD_West_GCS_3m_NAVDm.tif,19,0.3994075059890747,38.87539236936665,-76.54459579463618,0.12645419788360357
Blue Methane Trimble R12,NA,GCW,KIRK HARVEST 2021 2B UR,2022,3,10,0.309,GEOID18,wetland,NA,NA,-33.331199645996094,-33.371246337890625,-33.329566955566406,0.26895330810546625,MD_West_GCS_3m_NAVDm.tif,19,0.3994075059890747,38.87539612923698,-76.54459664649262,0.13045419788360846
Blue Methane Trimble R12,NA,GCW,KIRK HARVEST 2021 2B LR,2022,3,10,0.295,GEOID18,wetland,NA,NA,-33.331199645996094,-33.371246337890625,-33.329566955566406,0.25495330810547046,MD_West_GCS_3m_NAVDm.tif,19,0.3994075059890747,38.87539666741766,-76.54459373891892,0.14445419788360425
Blue Methane Trimble R12,NA,GCW,KIRK HARVEST 2022 2B LL,2022,3,10,0.315,GEOID18,wetland,NA,NA,-33.331199645996094,-33.371246337890625,-33.329566955566406,0.2749533081054665,MD_West_GCS_3m_NAVDm.tif,19,0.3802693784236908,38.87540009070086,-76.54459375164492,0.10531607031822432
Blue Methane Trimble R12,NA,GCW,KIRK HARVEST 2022 2B UL,2022,3,10,0.281,GEOID18,wetland,NA,NA,-33.331199645996094,-33.371246337890625,-33.329566955566406,0.24095330810546756,MD_West_GCS_3m_NAVDm.tif,19,0.3802693784236908,38.87540329246196,-76.5445947107824,0.13931607031822324
Blue Methane Trimble R12,NA,GCW,KIRK HARVEST 2022 2B UR,2022,3,10,0.281,GEOID18,wetland,NA,NA,-33.331199645996094,-33.371246337890625,-33.329566955566406,0.24095330810546756,MD_West_GCS_3m_NAVDm.tif,19,0.3802693784236908,38.87540420521563,-76.54459083277142,0.13931607031822324
Blue Methane Trimble R12,NA,GCW,KIRK HARVEST 2022 2B LR,2022,3,10,0.308,GEOID18,wetland,NA,NA,-33.331199645996094,-33.371246337890625,-33.329566955566406,0.2679533081054686,MD_West_GCS_3m_NAVDm.tif,19,0.3802693784236908,38.875401163131926,-76.54458923877513,0.11231607031822222
Blue Methane Trimble R12,NA,GCW,KIRK HARVEST 2022 2A LL,2022,3,10,0.26,GEOID18,wetland,NA,NA,-33.331199645996094,-33.371246337890625,-33.329566955566406,0.21995330810546676,MD_West_GCS_3m_NAVDm.tif,19,0.4045012891292572,38.87538218753957,-76.54457905709963,0.18454798102379044
Blue Methane Trimble R12,NA,GCW,KIRK HARVEST 2022 2A UL,2022,3,10,0.275,GEOID18,wetland,NA,NA,-33.331199645996094,-33.371246337890625,-33.329566955566406,0.23495330810546733,MD_West_GCS_3m_NAVDm.tif,19,0.4045012891292572,38.87538290251489,-76.54457528407107,0.16954798102378987
Blue Methane Trimble R12,NA,GCW,KIRK HARVEST 2022 2A UR,2022,3,10,0.291,GEOID18,wetland,NA,NA,-33.331199645996094,-33.371246337890625,-33.329566955566406,0.25095330810546557,MD_West_GCS_3m_NAVDm.tif,19,0.4045012891292572,38.8753793927192,-76.54457387745067,0.15354798102379164
Blue Methane Trimble R12,NA,GCW,KIRK HARVEST 2022 2A LR,2022,3,10,0.281,GEOID18,wetland,NA,NA,-33.331199645996094,-33.371246337890625,-33.329566955566406,0.24095330810546756,MD_West_GCS_3m_NAVDm.tif,19,0.4045012891292572,38.87537841605422,-76.5445775369056,0.16354798102378965
Blue Methane Trimble R12,NA,GCW,KIRK 2A ALLOMETRY QUAD LEFT 1 LL,2022,3,10,0.308,GEOID18,wetland,NA,NA,-33.331199645996094,-33.371246337890625,-33.329566955566406,0.2679533081054686,MD_West_GCS_3m_NAVDm.tif,19,0.3912363052368164,38.87541520542083,-76.5445587017865,0.12328299713134783
Blue Methane Trimble R12,NA,GCW,KIRK 2A ALLOMETRY QUAD LEFT 1 UL,2022,3,10,0.311,GEOID18,wetland,NA,NA,-33.331199645996094,-33.371246337890625,-33.329566955566406,0.2709533081054687,MD_West_GCS_3m_NAVDm.tif,19,0.3912363052368164,38.87541373428388,-76.54455799666529,0.12028299713134771
Blue Methane Trimble R12,NA,GCW,KIRK 2A ALLOMETRY QUAD LEFT 1 UR,2022,3,10,0.306,GEOID18,wetland,NA,NA,-33.331199645996094,-33.371246337890625,-33.329566955566406,0.26595330810546614,MD_West_GCS_3m_NAVDm.tif,19,0.3912363052368164,38.87541379664806,-76.54456012827465,0.12528299713135027
Blue Methane Trimble R12,NA,GCW,KIRK 2A ALLOMETRY QUAD LEFT 1 LR,2022,3,10,0.277,GEOID18,wetland,NA,NA,-33.331199645996094,-33.371246337890625,-33.329566955566406,0.23695330810546977,MD_West_GCS_3m_NAVDm.tif,19,0.3912363052368164,38.875415274815786,-76.544560326279,0.15428299713134663
Blue Methane Trimble R12,NA,GCW,KIRK 2A ALLOMETRY QUAD RIGHT 2 LL,2022,3,10,0.286,GEOID18,wetland,NA,NA,-33.331199645996094,-33.371246337890625,-33.329566955566406,0.24595330810547011,MD_West_GCS_3m_NAVDm.tif,19,0.3912363052368164,38.875414771950005,-76.54456304923849,0.1452829971313463
Blue Methane Trimble R12,NA,GCW,KIRK 2A ALLOMETRY QUAD RIGHT 2 UL,2022,3,10,0.283,GEOID18,wetland,NA,NA,-33.331199645996094,-33.371246337890625,-33.329566955566406,0.24295330810547,MD_West_GCS_3m_NAVDm.tif,19,0.3912363052368164,38.87541320419378,-76.5445629785739,0.1482829971313464
Blue Methane Trimble R12,NA,GCW,KIRK 2A ALLOMETRY QUAD RIGHT 2 UR,2022,3,10,0.249,GEOID18,wetland,NA,NA,-33.331199645996094,-33.371246337890625,-33.329566955566406,0.20895330810547108,MD_West_GCS_3m_NAVDm.tif,19,0.3912363052368164,38.87541304874108,-76.54456469669633,0.18228299713134533
Blue Methane Trimble R12,NA,GCW,KIRK 2A ALLOMETRY QUAD RIGHT 2 LR,2022,3,10,0.287,GEOID18,wetland,NA,NA,-33.331199645996094,-33.371246337890625,-33.329566955566406,0.24695330810546776,MD_West_GCS_3m_NAVDm.tif,19,0.3912363052368164,38.875414562897014,-76.54456488294669,0.14428299713134865
Blue Methane Trimble R12,NA,GCW,KIRK 2B ALLOMETRY QUAD LEFT LL,2022,3,10,0.291,GEOID18,wetland,NA,NA,-33.331199645996094,-33.371246337890625,-33.329566955566406,0.25095330810546557,MD_West_GCS_3m_NAVDm.tif,19,0.4045012891292572,38.87539489315061,-76.54455688381043,0.15354798102379164
Blue Methane Trimble R12,NA,GCW,KIRK 2B ALLOMETRY QUAD LEFT UL,2022,3,10,0.328,GEOID18,wetland,NA,NA,-33.331199645996094,-33.371246337890625,-33.329566955566406,0.2879533081054717,MD_West_GCS_3m_NAVDm.tif,19,0.4045012891292572,38.875396004405594,-76.54455770647196,0.1165479810237855
Blue Methane Trimble R12,NA,GCW,KIRK 2B ALLOMETRY QUAD LEFT UR,2022,3,10,0.324,GEOID18,wetland,NA,NA,-33.331199645996094,-33.371246337890625,-33.329566955566406,0.2839533081054668,MD_West_GCS_3m_NAVDm.tif,19,0.4045012891292572,38.87539658365209,-76.54455608936435,0.12054798102379038
Blue Methane Trimble R12,NA,GCW,KIRK 2B ALLOMETRY QUAD LEFT LR,2022,3,10,0.311,GEOID18,wetland,NA,NA,-33.331199645996094,-33.371246337890625,-33.329566955566406,0.2709533081054687,MD_West_GCS_3m_NAVDm.tif,19,0.4221654236316681,38.87539491410812,-76.54455532788789,0.1512121155261994
Blue Methane Trimble R12,NA,GCW,KIRK 2B ALLOMETRY QUAD RIGHT LL,2022,3,10,0.302,GEOID18,wetland,NA,NA,-33.331199645996094,-33.371246337890625,-33.329566955566406,0.26195330810546835,MD_West_GCS_3m_NAVDm.tif,19,0.4221654236316681,38.87539616641419,-76.54455304959592,0.16021211552619974
Blue Methane Trimble R12,NA,GCW,KIRK 2B ALLOMETRY QUAD RIGHT UL,2022,3,10,0.304,GEOID18,wetland,NA,NA,-33.331199645996094,-33.371246337890625,-33.329566955566406,0.2639533081054708,MD_West_GCS_3m_NAVDm.tif,19,0.38842305541038513,38.8753975370668,-76.54455339810296,0.12446974730491434
Blue Methane Trimble R12,NA,GCW,KIRK 2B ALLOMETRY QUAD RIGHT UR,2022,3,10,0.304,GEOID18,wetland,NA,NA,-33.331199645996094,-33.371246337890625,-33.329566955566406,0.2639533081054708,MD_West_GCS_3m_NAVDm.tif,19,0.38842305541038513,38.87539781832073,-76.54455159850743,0.12446974730491434
Blue Methane Trimble R12,NA,GCW,KIRK 2B ALLOMETRY QUAD RIGHT LR,2022,3,10,0.308,GEOID18,wetland,NA,NA,-33.331199645996094,-33.371246337890625,-33.329566955566406,0.2679533081054686,MD_West_GCS_3m_NAVDm.tif,19,0.4221654236316681,38.8753966183761,-76.54455113366726,0.1542121155261995
Blue Methane Trimble R12,NA,GCW,HOG 2020 NERR PLOT 1A,2022,3,10,0.404,GEOID18,wetland,NA,NA,-33.331199645996094,-33.371246337890625,-33.329566955566406,0.3639533081054722,MD_West_GCS_3m_NAVDm.tif,19,0.5147785544395447,38.87999945924292,-76.55167524707541,0.15082524633407246
Blue Methane Trimble R12,NA,GCW,HOG 2020 NERR PLOT 1B,2022,3,10,0.425,GEOID18,wetland,NA,NA,-33.331199645996094,-33.371246337890625,-33.329566955566406,0.3849533081054659,MD_West_GCS_3m_NAVDm.tif,19,0.5261560678482056,38.87999378218823,-76.55166541725954,0.14120275974273966
Blue Methane Trimble R12,NA,GCW,HOG COLLAR 1A LL,2022,3,10,0.385,GEOID18,wetland,NA,NA,-33.331199645996094,-33.371246337890625,-33.329566955566406,0.34495330810546676,MD_West_GCS_3m_NAVDm.tif,19,0.47620266675949097,38.87994848102347,-76.55183977688921,0.1312493586540242
Blue Methane Trimble R12,NA,GCW,HOG COLLAR 1A UL,2022,3,10,0.381,GEOID18,wetland,NA,NA,-33.331199645996094,-33.371246337890625,-33.329566955566406,0.340953308105469,MD_West_GCS_3m_NAVDm.tif,19,0.47620266675949097,38.87994888086424,-76.55184537557274,0.135249358654022
Blue Methane Trimble R12,NA,GCW,HOG COLLAR 1A UR,2022,3,10,0.403,GEOID18,wetland,NA,NA,-33.331199645996094,-33.371246337890625,-33.329566955566406,0.36295330810546744,MD_West_GCS_3m_NAVDm.tif,19,0.49437838792800903,38.87995425978136,-76.55184559534146,0.1314250798225416
Blue Methane Trimble R12,NA,GCW,HOG COLLAR 1A LR,2022,3,10,0.396,GEOID18,wetland,NA,NA,-33.331199645996094,-33.371246337890625,-33.329566955566406,0.35595330810546955,MD_West_GCS_3m_NAVDm.tif,19,0.49437838792800903,38.87995367835976,-76.55183962899503,0.1384250798225395
Blue Methane Trimble R12,NA,GCW,HOG COLLAR 1B LL,2022,3,10,0.402,GEOID18,wetland,NA,NA,-33.331199645996094,-33.371246337890625,-33.329566955566406,0.3619533081054698,MD_West_GCS_3m_NAVDm.tif,19,0.49437838792800903,38.87996122364269,-76.55184097614124,0.13242507982253926
Blue Methane Trimble R12,NA,GCW,HOG COLLAR 1B UL,2022,3,10,0.4,GEOID18,wetland,NA,NA,-33.331199645996094,-33.371246337890625,-33.329566955566406,0.35995330810546733,MD_West_GCS_3m_NAVDm.tif,19,0.49437838792800903,38.87996132868667,-76.55184722208256,0.1344250798225417
Blue Methane Trimble R12,NA,GCW,HOG COLLAR 1B UR,2022,3,10,0.369,GEOID18,wetland,NA,NA,-33.331199645996094,-33.371246337890625,-33.329566955566406,0.3289533081054685,MD_West_GCS_3m_NAVDm.tif,19,0.49437838792800903,38.87996578014875,-76.55184755140236,0.1654250798225405
Blue Methane Trimble R12,NA,GCW,HOG COLLAR 1B LR,2022,3,10,0.379,GEOID18,wetland,NA,NA,-33.331199645996094,-33.371246337890625,-33.329566955566406,0.33895330810546653,MD_West_GCS_3m_NAVDm.tif,19,0.49437838792800903,38.879965980501886,-76.55184107304062,0.1554250798225425
Blue Methane Trimble R12,NA,GCW,HOG SIPPER 1A,2022,3,10,0.357,GEOID18,wetland,NA,NA,-33.331199645996094,-33.371246337890625,-33.329566955566406,0.31695330810546807,MD_West_GCS_3m_NAVDm.tif,19,0.49437838792800903,38.87995172876759,-76.55183865008199,0.17742507982254097
Blue Methane Trimble R12,NA,GCW,HOG SIPPER 1B,2022,3,10,0.356,GEOID18,wetland,NA,NA,-33.331199645996094,-33.371246337890625,-33.329566955566406,0.3159533081054704,MD_West_GCS_3m_NAVDm.tif,19,0.49437838792800903,38.87996508116383,-76.55183911942302,0.17842507982253863
Blue Methane Trimble R12,NA,GCW,HOG 2021 HARVEST PLOT 1A LL,2022,3,10,0.376,GEOID18,wetland,NA,NA,-33.331199645996094,-33.371246337890625,-33.329566955566406,0.3359533081054664,MD_West_GCS_3m_NAVDm.tif,19,0.4986972510814667,38.87996499903135,-76.55183180150365,0.16274394297600026
Blue Methane Trimble R12,NA,GCW,HOG 2021 HARVEST PLOT 1A UL,2022,3,10,0.387,GEOID18,wetland,NA,NA,-33.331199645996094,-33.371246337890625,-33.329566955566406,0.3469533081054692,MD_West_GCS_3m_NAVDm.tif,19,0.4986972510814667,38.87996550342346,-76.55182708457181,0.15174394297599747
Blue Methane Trimble R12,NA,GCW,HOG 2021 HARVEST PLOT 1A UR,2022,3,10,0.398,GEOID18,wetland,NA,NA,-33.331199645996094,-33.371246337890625,-33.329566955566406,0.357953308105472,MD_West_GCS_3m_NAVDm.tif,19,0.4986972510814667,38.879961169024746,-76.55182674299292,0.14074394297599468
Blue Methane Trimble R12,NA,GCW,HOG 2021 HARVEST PLOT 1A LR,2022,3,10,0.384,GEOID18,wetland,NA,NA,-33.331199645996094,-33.371246337890625,-33.329566955566406,0.3439533081054691,MD_West_GCS_3m_NAVDm.tif,19,0.4986972510814667,38.879960403436705,-76.55183147309012,0.15474394297599758
Blue Methane Trimble R12,NA,GCW,HOG 2022 HARVEST PLOT 1A LL,2022,3,10,0.382,GEOID18,wetland,NA,NA,-33.331199645996094,-33.371246337890625,-33.329566955566406,0.34195330810546665,MD_West_GCS_3m_NAVDm.tif,19,0.4986972510814667,38.87995654096242,-76.55183203902926,0.15674394297600003
Blue Methane Trimble R12,NA,GCW,HOG 2022 HARVEST PLOT 1A UL,2022,3,10,0.364,GEOID18,wetland,NA,NA,-33.331199645996094,-33.371246337890625,-33.329566955566406,0.32395330810546596,MD_West_GCS_3m_NAVDm.tif,19,0.4986972510814667,38.879956880109695,-76.55182651637932,0.1747439429760007
Blue Methane Trimble R12,NA,GCW,HOG 2022 HARVEST PLOT 1A UR,2022,3,10,0.371,GEOID18,wetland,NA,NA,-33.331199645996094,-33.371246337890625,-33.329566955566406,0.33095330810547097,MD_West_GCS_3m_NAVDm.tif,19,0.4986972510814667,38.879951707144706,-76.55182597261583,0.1677439429759957
Blue Methane Trimble R12,NA,GCW,HOG 2022 HARVEST PLOT 1A LR,2022,3,10,0.374,GEOID18,wetland,NA,NA,-33.331199645996094,-33.371246337890625,-33.329566955566406,0.3339533081054711,MD_West_GCS_3m_NAVDm.tif,19,0.4986972510814667,38.879951278666496,-76.55183169175304,0.1647439429759956
Blue Methane Trimble R12,NA,GCW,HOG 2021 HARVEST PLOT 1B LL,2022,3,10,0.392,GEOID18,wetland,NA,NA,-33.331199645996094,-33.371246337890625,-33.329566955566406,0.35195330810547176,MD_West_GCS_3m_NAVDm.tif,19,0.47276249527931213,38.87995114283467,-76.5518315082047,0.12080918717384037
Blue Methane Trimble R12,NA,GCW,HOG 2021 HARVEST PLOT 1B UL,2022,3,10,0.385,GEOID18,wetland,NA,NA,-33.331199645996094,-33.371246337890625,-33.329566955566406,0.34495330810546676,MD_West_GCS_3m_NAVDm.tif,19,0.4986972510814667,38.879951329239134,-76.55182609024037,0.15374394297599991
Blue Methane Trimble R12,NA,GCW,HOG 2021 HARVEST PLOT 1B UR,2022,3,10,0.386,GEOID18,wetland,NA,NA,-33.331199645996094,-33.371246337890625,-33.329566955566406,0.34595330810547154,MD_West_GCS_3m_NAVDm.tif,19,0.47276249527931213,38.87994741818544,-76.5518257344775,0.1268091871738406
Blue Methane Trimble R12,NA,GCW,HOG 2021 HARVEST PLOT 1B LR,2022,3,10,0.364,GEOID18,wetland,NA,NA,-33.331199645996094,-33.371246337890625,-33.329566955566406,0.32395330810546596,MD_West_GCS_3m_NAVDm.tif,19,0.47276249527931213,38.87994715176786,-76.55183142954628,0.14880918717384617
Blue Methane Trimble R12,NA,GCW,HOG 2022 HARVEST PLOT 1B LL,2022,3,10,0.361,GEOID18,wetland,NA,NA,-33.331199645996094,-33.371246337890625,-33.329566955566406,0.32095330810546585,MD_West_GCS_3m_NAVDm.tif,19,0.47276249527931213,38.87994607743838,-76.55183082546417,0.15180918717384628
Blue Methane Trimble R12,NA,GCW,HOG 2022 HARVEST PLOT 1B UL,2022,3,10,0.367,GEOID18,wetland,NA,NA,-33.331199645996094,-33.371246337890625,-33.329566955566406,0.3269533081054661,MD_West_GCS_3m_NAVDm.tif,19,0.47276249527931213,38.8799465902638,-76.55182595865439,0.14580918717384606
Blue Methane Trimble R12,NA,GCW,HOG 2022 HARVEST PLOT 1B UR,2022,3,10,0.391,GEOID18,wetland,NA,NA,-33.331199645996094,-33.371246337890625,-33.329566955566406,0.350953308105467,MD_West_GCS_3m_NAVDm.tif,19,0.47276249527931213,38.87994226310432,-76.55182515602655,0.12180918717384515
Blue Methane Trimble R12,NA,GCW,HOG 2022 HARVEST PLOT 1B LR,2022,3,10,0.393,GEOID18,wetland,NA,NA,-33.331199645996094,-33.371246337890625,-33.329566955566406,0.35295330810546943,MD_West_GCS_3m_NAVDm.tif,19,0.47276249527931213,38.87994213909449,-76.55183040072193,0.1198091871738427
Blue Methane Trimble R12,NA,GCW,HOG 2020 HARVEST AREA 2020 LL,2022,3,10,0.368,GEOID18,wetland,NA,NA,-33.331199645996094,-33.371246337890625,-33.329566955566406,0.32795330810547085,MD_West_GCS_3m_NAVDm.tif,19,0.498106986284256,38.8799415510588,-76.55186496816336,0.17015367817878513
Blue Methane Trimble R12,NA,GCW,HOG 2020 HARVEST AREA 2020 UL,2022,3,10,0.365,GEOID18,wetland,NA,NA,-33.331199645996094,-33.371246337890625,-33.329566955566406,0.32495330810547074,MD_West_GCS_3m_NAVDm.tif,19,0.498106986284256,38.87994100598877,-76.55186847521426,0.17315367817878524
Blue Methane Trimble R12,NA,GCW,HOG 2020 HARVEST AREA 2020 UR,2022,3,10,0.381,GEOID18,wetland,NA,NA,-33.331199645996094,-33.371246337890625,-33.329566955566406,0.340953308105469,MD_West_GCS_3m_NAVDm.tif,19,0.498106986284256,38.879945097208,-76.55186882984793,0.157153678178787
Blue Methane Trimble R12,NA,GCW,HOG 2020 HARVEST AREA 2020 LR,2022,3,10,0.382,GEOID18,wetland,NA,NA,-33.331199645996094,-33.371246337890625,-33.329566955566406,0.34195330810546665,MD_West_GCS_3m_NAVDm.tif,19,0.498106986284256,38.87994484751503,-76.55186479763405,0.15615367817878933
Blue Methane Trimble R12,NA,GCW,HOG INGROWTH CORE 1A-1,2022,3,10,0.402,GEOID18,wetland,NA,NA,-33.331199645996094,-33.371246337890625,-33.329566955566406,0.3619533081054698,MD_West_GCS_3m_NAVDm.tif,19,0.49437838792800903,38.87997785696434,-76.55185131340924,0.13242507982253926
Blue Methane Trimble R12,NA,GCW,HOG INGROWTH CORE 1A-2,2022,3,10,0.399,GEOID18,wetland,NA,NA,-33.331199645996094,-33.371246337890625,-33.329566955566406,0.35895330810546966,MD_West_GCS_3m_NAVDm.tif,19,0.49437838792800903,38.87997775530373,-76.5518576874263,0.13542507982253937
Blue Methane Trimble R12,NA,GCW,HOG INGROWTH CORE 1A-3,2022,3,10,0.397,GEOID18,wetland,NA,NA,-33.331199645996094,-33.371246337890625,-33.329566955566406,0.3569533081054672,MD_West_GCS_3m_NAVDm.tif,19,0.5122218132019043,38.879977894257266,-76.55186337995148,0.15526850509643708
Blue Methane Trimble R12,NA,GCW,HOG 1A ALLOMETRY QUAD 1 LEFT LL,2022,3,10,0.38,GEOID18,wetland,NA,NA,-33.331199645996094,-33.371246337890625,-33.329566955566406,0.3399533081054713,MD_West_GCS_3m_NAVDm.tif,19,0.49437838792800903,38.87996748054269,-76.55185401782629,0.15442507982253773
Blue Methane Trimble R12,NA,GCW,HOG 1A ALLOMETRY QUAD 1 LEFT UL,2022,3,10,0.402,GEOID18,wetland,NA,NA,-33.331199645996094,-33.371246337890625,-33.329566955566406,0.3619533081054698,MD_West_GCS_3m_NAVDm.tif,19,0.49437838792800903,38.879966091631054,-76.55185360012092,0.13242507982253926
Blue Methane Trimble R12,NA,GCW,HOG 1A ALLOMETRY QUAD 1 LEFT UR,2022,3,10,0.397,GEOID18,wetland,NA,NA,-33.331199645996094,-33.371246337890625,-33.329566955566406,0.3569533081054672,MD_West_GCS_3m_NAVDm.tif,19,0.49437838792800903,38.879965667105225,-76.55185565425408,0.13742507982254182
Blue Methane Trimble R12,NA,GCW,HOG 1A ALLOMETRY QUAD 1 LEFT LR,2022,3,10,0.381,GEOID18,wetland,NA,NA,-33.331199645996094,-33.371246337890625,-33.329566955566406,0.340953308105469,MD_West_GCS_3m_NAVDm.tif,19,0.49437838792800903,38.87996752471283,-76.5518561381664,0.15342507982254006
Blue Methane Trimble R12,NA,GCW,HOG 1A ALLOMETRY QUAD 1 RIGHT LL,2022,3,10,0.386,GEOID18,wetland,NA,NA,-33.331199645996094,-33.371246337890625,-33.329566955566406,0.34595330810547154,MD_West_GCS_3m_NAVDm.tif,19,0.49437838792800903,38.8799674233353,-76.55185789061757,0.1484250798225375
Blue Methane Trimble R12,NA,GCW,HOG 1A ALLOMETRY QUAD 1 RIGHT UL,2022,3,10,0.376,GEOID18,wetland,NA,NA,-33.331199645996094,-33.371246337890625,-33.329566955566406,0.3359533081054664,MD_West_GCS_3m_NAVDm.tif,19,0.49437838792800903,38.87996606242145,-76.55185772628839,0.1584250798225426
Blue Methane Trimble R12,NA,GCW,HOG 1A ALLOMETRY QUAD 1 RIGHT UR,2022,3,10,0.374,GEOID18,wetland,NA,NA,-33.331199645996094,-33.371246337890625,-33.329566955566406,0.3339533081054711,MD_West_GCS_3m_NAVDm.tif,19,0.5122218132019043,38.879966105751286,-76.55185962765692,0.17826850509643322
Blue Methane Trimble R12,NA,GCW,HOG 1A ALLOMETRY QUAD 1 RIGHT LR,2022,3,10,0.369,GEOID18,wetland,NA,NA,-33.331199645996094,-33.371246337890625,-33.329566955566406,0.3289533081054685,MD_West_GCS_3m_NAVDm.tif,19,0.5122218132019043,38.87996727793349,-76.55185990842243,0.18326850509643577
Blue Methane Trimble R12,NA,GCW,HOG 1B ALLOMETRY QUAD 1 LEFT LL,2022,3,10,0.375,GEOID18,wetland,NA,NA,-33.331199645996094,-33.371246337890625,-33.329566955566406,0.33495330810546875,MD_West_GCS_3m_NAVDm.tif,19,0.47620266675949097,38.879946337159,-76.55185859930417,0.14124935865402222
Blue Methane Trimble R12,NA,GCW,HOG 1B ALLOMETRY QUAD 1 LEFT UL,2022,3,10,0.377,GEOID18,wetland,NA,NA,-33.331199645996094,-33.371246337890625,-33.329566955566406,0.3369533081054712,MD_West_GCS_3m_NAVDm.tif,19,0.47620266675949097,38.879947787978786,-76.5518587169683,0.13924935865401977
Blue Methane Trimble R12,NA,GCW,HOG 1B ALLOMETRY QUAD 1 LEFT UR,2022,3,10,0.403,GEOID18,wetland,NA,NA,-33.331199645996094,-33.371246337890625,-33.329566955566406,0.36295330810546744,MD_West_GCS_3m_NAVDm.tif,19,0.47620266675949097,38.87994799918039,-76.55185741330645,0.11324935865402352
Blue Methane Trimble R12,NA,GCW,HOG 1B ALLOMETRY QUAD 1 LEFT LR,2022,3,10,0.405,GEOID18,wetland,NA,NA,-33.331199645996094,-33.371246337890625,-33.329566955566406,0.3649533081054699,MD_West_GCS_3m_NAVDm.tif,19,0.47620266675949097,38.87994603382719,-76.55185702227168,0.11124935865402108
Blue Methane Trimble R12,NA,GCW,HOG 1B ALLOMETRY QUAD 1 RIGHT LL,2022,3,10,0.402,GEOID18,wetland,NA,NA,-33.331199645996094,-33.371246337890625,-33.329566955566406,0.3619533081054698,MD_West_GCS_3m_NAVDm.tif,19,0.47620266675949097,38.87994635078432,-76.55185510711578,0.1142493586540212
Blue Methane Trimble R12,NA,GCW,HOG 1B ALLOMETRY QUAD 1 RIGHT UL,2022,3,10,0.407,GEOID18,wetland,NA,NA,-33.331199645996094,-33.371246337890625,-33.329566955566406,0.3669533081054652,MD_West_GCS_3m_NAVDm.tif,19,0.47620266675949097,38.87994803626169,-76.55185533855699,0.10924935865402574
Blue Methane Trimble R12,NA,GCW,HOG 1B ALLOMETRY QUAD 1 RIGHT UR,2022,3,10,0.376,GEOID18,wetland,NA,NA,-33.331199645996094,-33.371246337890625,-33.329566955566406,0.3359533081054664,MD_West_GCS_3m_NAVDm.tif,19,0.47620266675949097,38.87994791168033,-76.55185339159885,0.14024935865402455
Blue Methane Trimble R12,NA,GCW,HOG 1B ALLOMETRY QUAD 1 RIGHT LR,2022,3,10,0.387,GEOID18,wetland,NA,NA,-33.331199645996094,-33.371246337890625,-33.329566955566406,0.3469533081054692,MD_West_GCS_3m_NAVDm.tif,19,0.47620266675949097,38.879946694368286,-76.5518530880668,0.12924935865402176
Blue Methane Trimble R12,NA,GCW,HOG 1B INGROWTH CORE 1B-1,2022,3,10,0.415,GEOID18,wetland,NA,NA,-33.331199645996094,-33.371246337890625,-33.329566955566406,0.3749533081054679,MD_West_GCS_3m_NAVDm.tif,19,0.47276249527931213,38.87993551461574,-76.55183190601603,0.09780918717384424
Blue Methane Trimble R12,NA,GCW,HOG 1B INGROWTH CORE 1B-2,2022,3,10,0.391,GEOID18,wetland,NA,NA,-33.331199645996094,-33.371246337890625,-33.329566955566406,0.350953308105467,MD_West_GCS_3m_NAVDm.tif,19,0.47620266675949097,38.87993611850745,-76.55183668513548,0.12524935865402398
Blue Methane Trimble R12,NA,GCW,HOG 1B INGROWTH CORE 1B-3,2022,3,10,0.397,GEOID18,wetland,NA,NA,-33.331199645996094,-33.371246337890625,-33.329566955566406,0.3569533081054672,MD_West_GCS_3m_NAVDm.tif,19,0.47620266675949097,38.87993541333701,-76.55184307446443,0.11924935865402375
Blue Methane Trimble R12,NA,GCW,HOG 2A INGROWTH CORE 2A-1,2022,3,10,0.401,GEOID18,wetland,NA,NA,-33.331199645996094,-33.371246337890625,-33.329566955566406,0.3609533081054721,MD_West_GCS_3m_NAVDm.tif,19,0.4892313480377197,38.87982256189751,-76.55195995597522,0.12827803993224762
Blue Methane Trimble R12,NA,GCW,HOG 2A INGROWTH CORE 2A-2,2022,3,10,0.412,GEOID18,wetland,NA,NA,-33.331199645996094,-33.371246337890625,-33.329566955566406,0.3719533081054678,MD_West_GCS_3m_NAVDm.tif,19,0.4892313480377197,38.8798221224149,-76.55196515654208,0.11727803993225194
Blue Methane Trimble R12,NA,GCW,HOG 2A INGROWTH CORE 2A-3,2022,3,10,0.378,GEOID18,wetland,NA,NA,-33.331199645996094,-33.371246337890625,-33.329566955566406,0.33795330810546886,MD_West_GCS_3m_NAVDm.tif,19,0.47444990277290344,38.87982225186859,-76.55197072233888,0.13649659466743458
Blue Methane Trimble R12,NA,GCW,HOG 2B INGROWTH CORE 2B-1,2022,3,10,0.398,GEOID18,wetland,NA,NA,-33.331199645996094,-33.371246337890625,-33.329566955566406,0.357953308105472,MD_West_GCS_3m_NAVDm.tif,19,0.5018771290779114,38.87986470380097,-76.55196234213109,0.1439238209724394
Blue Methane Trimble R12,NA,GCW,HOG 2B INGROWTH CORE 2B-2,2022,3,10,0.406,GEOID18,wetland,NA,NA,-33.331199645996094,-33.371246337890625,-33.329566955566406,0.3659533081054675,MD_West_GCS_3m_NAVDm.tif,19,0.4933124780654907,38.87986485966068,-76.55196774641429,0.12735916996002322
Blue Methane Trimble R12,NA,GCW,HOG 2B INGROWTH CORE 2B-3,2022,3,10,0.407,GEOID18,wetland,NA,NA,-33.331199645996094,-33.371246337890625,-33.329566955566406,0.3669533081054652,MD_West_GCS_3m_NAVDm.tif,19,0.4933124780654907,38.87986487518979,-76.5519741427354,0.1263591699600255
Blue Methane Trimble R12,NA,GCW,HOG COLLAR 2B LL,2022,3,10,0.418,GEOID18,wetland,NA,NA,-33.331199645996094,-33.371246337890625,-33.329566955566406,0.377953308105468,MD_West_GCS_3m_NAVDm.tif,19,0.5018771290779114,38.87984775905686,-76.55196475354299,0.12392382097244337
Blue Methane Trimble R12,NA,GCW,HOG COLLAR 2B UL,2022,3,10,0.396,GEOID18,wetland,NA,NA,-33.331199645996094,-33.371246337890625,-33.329566955566406,0.35595330810546955,MD_West_GCS_3m_NAVDm.tif,19,0.4933124780654907,38.87984781207826,-76.55197152995466,0.13735916996002118
Blue Methane Trimble R12,NA,GCW,HOG COLLAR 2B UR,2022,3,10,0.387,GEOID18,wetland,NA,NA,-33.331199645996094,-33.371246337890625,-33.329566955566406,0.3469533081054692,MD_West_GCS_3m_NAVDm.tif,19,0.4933124780654907,38.87985279653189,-76.55197224778769,0.14635916996002152
Blue Methane Trimble R12,NA,GCW,HOG COLLAR 2B LR,2022,3,10,0.383,GEOID18,wetland,NA,NA,-33.331199645996094,-33.371246337890625,-33.329566955566406,0.3429533081054714,MD_West_GCS_3m_NAVDm.tif,19,0.5018771290779114,38.87985273498859,-76.5519655982049,0.15892382097243996
Blue Methane Trimble R12,NA,GCW,HOG COLLAR 2A LL,2022,3,10,0.402,GEOID18,wetland,NA,NA,-33.331199645996094,-33.371246337890625,-33.329566955566406,0.3619533081054698,MD_West_GCS_3m_NAVDm.tif,19,0.4892313480377197,38.87983462502602,-76.55196484753672,0.12727803993224995
Blue Methane Trimble R12,NA,GCW,HOG COLLAR 2A UL,2022,3,10,0.374,GEOID18,wetland,NA,NA,-33.331199645996094,-33.371246337890625,-33.329566955566406,0.3339533081054711,MD_West_GCS_3m_NAVDm.tif,19,0.47444990277290344,38.87983413564939,-76.55197113177464,0.14049659466743236
Blue Methane Trimble R12,NA,GCW,HOG COLLAR 2A UR,2022,3,10,0.394,GEOID18,wetland,NA,NA,-33.331199645996094,-33.371246337890625,-33.329566955566406,0.3539533081054671,MD_West_GCS_3m_NAVDm.tif,19,0.47444990277290344,38.87983953200817,-76.55197120161702,0.12049659466743634
Blue Methane Trimble R12,NA,GCW,HOG COLLAR 2A LR,2022,3,10,0.417,GEOID18,wetland,NA,NA,-33.331199645996094,-33.371246337890625,-33.329566955566406,0.37695330810547034,MD_West_GCS_3m_NAVDm.tif,19,0.4892313480377197,38.87983985799779,-76.55196459570244,0.11227803993224938
Blue Methane Trimble R12,NA,GCW,HOG SIPPER 2A,2022,3,10,0.392,GEOID18,wetland,NA,NA,-33.331199645996094,-33.371246337890625,-33.329566955566406,0.35195330810547176,MD_West_GCS_3m_NAVDm.tif,19,0.4892313480377197,38.879837100479826,-76.55196200835017,0.13727803993224796
Blue Methane Trimble R12,NA,GCW,HOG SIPPER 2B,2022,3,10,0.392,GEOID18,wetland,NA,NA,-33.331199645996094,-33.371246337890625,-33.329566955566406,0.35195330810547176,MD_West_GCS_3m_NAVDm.tif,19,0.5018771290779114,38.87985022417601,-76.55196156866852,0.14992382097243961
Blue Methane Trimble R12,NA,GCW,HOG ALLOMETRY 2A QUAD LEFT LL,2022,3,10,0.417,GEOID18,wetland,NA,NA,-33.331199645996094,-33.371246337890625,-33.329566955566406,0.37695330810547034,MD_West_GCS_3m_NAVDm.tif,19,0.47444990277290344,38.879833248160985,-76.55198165973918,0.0974965946674331
Blue Methane Trimble R12,NA,GCW,HOG ALLOMETRY 2A QUAD LEFT UL,2022,3,10,0.424,GEOID18,wetland,NA,NA,-33.331199645996094,-33.371246337890625,-33.329566955566406,0.38395330810546824,MD_West_GCS_3m_NAVDm.tif,19,0.47444990277290344,38.87983449289546,-76.55198206682643,0.0904965946674352
Blue Methane Trimble R12,NA,GCW,HOG ALLOMETRY 2A QUAD LEFT UR,2022,3,10,0.406,GEOID18,wetland,NA,NA,-33.331199645996094,-33.371246337890625,-33.329566955566406,0.3659533081054675,MD_West_GCS_3m_NAVDm.tif,19,0.47444990277290344,38.87983451014978,-76.55197951967682,0.10849659466743594
Blue Methane Trimble R12,NA,GCW,HOG ALLOMETRY 2A QUAD LEFT LR,2022,3,10,0.415,GEOID18,wetland,NA,NA,-33.331199645996094,-33.371246337890625,-33.329566955566406,0.3749533081054679,MD_West_GCS_3m_NAVDm.tif,19,0.47444990277290344,38.8798332931475,-76.55197929681667,0.09949659466743555
Blue Methane Trimble R12,NA,GCW,HOG ALLOMETRY 2A QUAD RIGHT LL,2022,3,10,0.414,GEOID18,wetland,NA,NA,-33.331199645996094,-33.371246337890625,-33.329566955566406,0.37395330810547023,MD_West_GCS_3m_NAVDm.tif,19,0.47444990277290344,38.879833368474635,-76.55197779808415,0.10049659466743321
Blue Methane Trimble R12,NA,GCW,HOG ALLOMETRY 2A QUAD RIGHT UL,2022,3,10,0.4,GEOID18,wetland,NA,NA,-33.331199645996094,-33.371246337890625,-33.329566955566406,0.35995330810546733,MD_West_GCS_3m_NAVDm.tif,19,0.47444990277290344,38.87983492770321,-76.55197799574535,0.11449659466743611
Blue Methane Trimble R12,NA,GCW,HOG ALLOMETRY 2A QUAD RIGHT UR,2022,3,10,0.407,GEOID18,wetland,NA,NA,-33.331199645996094,-33.371246337890625,-33.329566955566406,0.3669533081054652,MD_West_GCS_3m_NAVDm.tif,19,0.47444990277290344,38.87983511797165,-76.55197593156248,0.10749659466743822
Blue Methane Trimble R12,NA,GCW,HOG ALLOMETRY 2A QUAD RIGHT LR,2022,3,10,0.403,GEOID18,wetland,NA,NA,-33.331199645996094,-33.371246337890625,-33.329566955566406,0.36295330810546744,MD_West_GCS_3m_NAVDm.tif,19,0.47444990277290344,38.879833324527745,-76.55197573537193,0.111496594667436
Blue Methane Trimble R12,NA,GCW,HOG ALLOMETRY 2B QUAD RIGHT LL,2022,3,10,0.406,GEOID18,wetland,NA,NA,-33.331199645996094,-33.371246337890625,-33.329566955566406,0.3659533081054675,MD_West_GCS_3m_NAVDm.tif,19,0.4933124780654907,38.879854233434735,-76.55198047919548,0.12735916996002322
Blue Methane Trimble R12,NA,GCW,HOG ALLOMETRY 2B QUAD RIGHT UL,2022,3,10,0.412,GEOID18,wetland,NA,NA,-33.331199645996094,-33.371246337890625,-33.329566955566406,0.3719533081054678,MD_West_GCS_3m_NAVDm.tif,19,0.4933124780654907,38.87985263980885,-76.55198070817796,0.12135916996002294
Blue Methane Trimble R12,NA,GCW,HOG ALLOMETRY 2B QUAD RIGHT UR,2022,3,10,0.419,GEOID18,wetland,NA,NA,-33.331199645996094,-33.371246337890625,-33.329566955566406,0.3789533081054657,MD_West_GCS_3m_NAVDm.tif,19,0.4933124780654907,38.87985276407859,-76.55198257446011,0.11435916996002504
Blue Methane Trimble R12,NA,GCW,HOG ALLOMETRY 2B QUAD RIGHT LR,2022,3,10,0.408,GEOID18,wetland,NA,NA,-33.331199645996094,-33.371246337890625,-33.329566955566406,0.36795330810547,MD_West_GCS_3m_NAVDm.tif,19,0.4933124780654907,38.87985431434309,-76.55198278370284,0.12535916996002072
Blue Methane Trimble R12,NA,GCW,HOG ALLOMETRY 2B QUAD LEFT LL,2022,3,10,0.421,GEOID18,wetland,NA,NA,-33.331199645996094,-33.371246337890625,-33.329566955566406,0.3809533081054681,MD_West_GCS_3m_NAVDm.tif,19,0.4933124780654907,38.87985391419941,-76.55197710435237,0.1123591699600226
Blue Methane Trimble R12,NA,GCW,HOG ALLOMETRY 2B QUAD LEFT UL,2022,3,10,0.401,GEOID18,wetland,NA,NA,-33.331199645996094,-33.371246337890625,-33.329566955566406,0.3609533081054721,MD_West_GCS_3m_NAVDm.tif,19,0.4933124780654907,38.87985248907821,-76.55197664077234,0.13235916996001862
Blue Methane Trimble R12,NA,GCW,HOG ALLOMETRY 2B QUAD LEFT UR,2022,3,10,0.423,GEOID18,wetland,NA,NA,-33.331199645996094,-33.371246337890625,-33.329566955566406,0.38295330810547057,MD_West_GCS_3m_NAVDm.tif,19,0.4933124780654907,38.8798525157601,-76.55197889951981,0.11035916996002015
Blue Methane Trimble R12,NA,GCW,HOG ALLOMETRY 2B QUAD LEFT LR,2022,3,10,0.429,GEOID18,wetland,NA,NA,-33.331199645996094,-33.371246337890625,-33.329566955566406,0.3889533081054708,MD_West_GCS_3m_NAVDm.tif,19,0.4933124780654907,38.87985393955495,-76.55197901735593,0.10435916996001993
Blue Methane Trimble R12,NA,GCW,HOG 2A 2021 HARVEST LL,2022,3,10,0.381,GEOID18,wetland,NA,NA,-33.331199645996094,-33.371246337890625,-33.329566955566406,0.340953308105469,MD_West_GCS_3m_NAVDm.tif,19,0.5018771290779114,38.87984866245974,-76.5519489815666,0.1609238209724424
Blue Methane Trimble R12,NA,GCW,HOG 2A 2021 HARVEST UL,2022,3,10,0.391,GEOID18,wetland,NA,NA,-33.331199645996094,-33.371246337890625,-33.329566955566406,0.350953308105467,MD_West_GCS_3m_NAVDm.tif,19,0.5018771290779114,38.87984900638765,-76.55194470360378,0.1509238209724444
Blue Methane Trimble R12,NA,GCW,HOG 2A 2021 HARVEST UR,2022,3,10,0.374,GEOID18,wetland,NA,NA,-33.331199645996094,-33.371246337890625,-33.329566955566406,0.3339533081054711,MD_West_GCS_3m_NAVDm.tif,19,0.5018771290779114,38.87984543716262,-76.55194421891265,0.1679238209724403
Blue Methane Trimble R12,NA,GCW,HOG 2A 2021 HARVEST LR,2022,3,10,0.358,GEOID18,wetland,NA,NA,-33.331199645996094,-33.371246337890625,-33.329566955566406,0.31795330810546574,MD_West_GCS_3m_NAVDm.tif,19,0.5018771290779114,38.879845319414464,-76.55194874900667,0.18392382097244564
Blue Methane Trimble R12,NA,GCW,HOG 2A 2022 HARVEST LL,2022,3,10,0.374,GEOID18,wetland,NA,NA,-33.331199645996094,-33.371246337890625,-33.329566955566406,0.3339533081054711,MD_West_GCS_3m_NAVDm.tif,19,0.5018771290779114,38.87985631203857,-76.55194933691084,0.1679238209724403
Blue Methane Trimble R12,NA,GCW,HOG 2A 2022 HARVEST UL,2022,3,10,0.361,GEOID18,wetland,NA,NA,-33.331199645996094,-33.371246337890625,-33.329566955566406,0.32095330810546585,MD_West_GCS_3m_NAVDm.tif,19,0.5018771290779114,38.879856471556295,-76.55194395369811,0.18092382097244553
Blue Methane Trimble R12,NA,GCW,HOG 2A 2022 HARVEST UR,2022,3,10,0.352,GEOID18,wetland,NA,NA,-33.331199645996094,-33.371246337890625,-33.329566955566406,0.3119533081054655,MD_West_GCS_3m_NAVDm.tif,19,0.5018771290779114,38.879852452757206,-76.55194369080645,0.18992382097244587
Blue Methane Trimble R12,NA,GCW,HOG 2A 2022 HARVEST LR,2022,3,10,0.37,GEOID18,wetland,NA,NA,-33.331199645996094,-33.371246337890625,-33.329566955566406,0.3299533081054662,MD_West_GCS_3m_NAVDm.tif,19,0.5018771290779114,38.87985206675025,-76.55194874121382,0.17192382097244518
Blue Methane Trimble R12,NA,GCW,HOG 2B 2021 HARVEST LL,2022,3,10,0.369,GEOID18,wetland,NA,NA,-33.331199645996094,-33.371246337890625,-33.329566955566406,0.3289533081054685,MD_West_GCS_3m_NAVDm.tif,19,0.4892313480377197,38.879838781568246,-76.55194935478795,0.1602780399322512
Blue Methane Trimble R12,NA,GCW,HOG 2B 2021 HARVEST UL,2022,3,10,0.386,GEOID18,wetland,NA,NA,-33.331199645996094,-33.371246337890625,-33.329566955566406,0.34595330810547154,MD_West_GCS_3m_NAVDm.tif,19,0.4892313480377197,38.87983862884688,-76.55194476876733,0.1432780399322482
Blue Methane Trimble R12,NA,GCW,HOG 2B 2021 HARVEST UR,2022,3,10,0.394,GEOID18,wetland,NA,NA,-33.331199645996094,-33.371246337890625,-33.329566955566406,0.3539533081054671,MD_West_GCS_3m_NAVDm.tif,19,0.4892313480377197,38.879834530255465,-76.55194484060385,0.13527803993225263
Blue Methane Trimble R12,NA,GCW,HOG 2B 2021 HARVEST LR,2022,3,10,0.363,GEOID18,wetland,NA,NA,-33.331199645996094,-33.371246337890625,-33.329566955566406,0.3229533081054683,MD_West_GCS_3m_NAVDm.tif,19,0.4892313480377197,38.87983464539622,-76.55194902348262,0.16627803993225143
Blue Methane Trimble R12,NA,GCW,HOG 2B 2022 HARVEST LL,2022,3,10,0.379,GEOID18,wetland,NA,NA,-33.331199645996094,-33.371246337890625,-33.329566955566406,0.33895330810546653,MD_West_GCS_3m_NAVDm.tif,19,0.4892313480377197,38.879831723142864,-76.5519504594161,0.1502780399322532
Blue Methane Trimble R12,NA,GCW,HOG 2B 2022 HARVEST UL,2022,3,10,0.384,GEOID18,wetland,NA,NA,-33.331199645996094,-33.371246337890625,-33.329566955566406,0.3439533081054691,MD_West_GCS_3m_NAVDm.tif,19,0.4892313480377197,38.87982755319259,-76.55195071610154,0.14527803993225064
Blue Methane Trimble R12,NA,GCW,HOG 2B 2022 HARVEST UR,2022,3,10,0.378,GEOID18,wetland,NA,NA,-33.331199645996094,-33.371246337890625,-33.329566955566406,0.33795330810546886,MD_West_GCS_3m_NAVDm.tif,19,0.4892313480377197,38.87982793341985,-76.55195589999668,0.15127803993225086
Blue Methane Trimble R12,NA,GCW,HOG 2B 2022 HARVEST LR,2022,3,10,0.373,GEOID18,wetland,NA,NA,-33.331199645996094,-33.371246337890625,-33.329566955566406,0.3329533081054663,MD_West_GCS_3m_NAVDm.tif,19,0.4892313480377197,38.87983165238126,-76.55195549631743,0.15627803993225342
Blue Methane Trimble R12,NA,GCW,HOG COND WELL GROUND,2022,3,10,0.361,GEOID18,wetland,NA,NA,-33.331199645996094,-33.371246337890625,-33.329566955566406,0.32095330810546585,MD_West_GCS_3m_NAVDm.tif,19,0.4775179922580719,38.87989655925867,-76.55190165846986,0.15656468415260605
Blue Methane Trimble R12,NA,GCW,HOG WATER WELL GROUND,2022,3,10,0.419,GEOID18,wetland,NA,NA,-33.331199645996094,-33.371246337890625,-33.329566955566406,0.3789533081054657,MD_West_GCS_3m_NAVDm.tif,19,0.4775179922580719,38.879892989350424,-76.55190569161745,0.09856468415260622
Blue Methane Trimble R12,NA,GCW,MUD CORNER 1,2022,3,11,0.268,GEOID18,wetland,NA,NA,-33.29349899291992,-33.33185958862305,-33.29011154174805,0.22963940429687568,MD_West_GCS_3m_NAVDm.tif,19,0.5068734884262085,38.88721095674037,-76.56194364306714,0.2772340841293328
Blue Methane Trimble R12,NA,GCW,MUD CORNER 1 V2,2022,3,11,0.26,GEOID18,wetland,NA,NA,-33.29349899291992,-33.33185958862305,-33.29011154174805,0.221639404296873,MD_West_GCS_3m_NAVDm.tif,19,0.5068734884262085,38.88721109333424,-76.56194403412128,0.2852340841293355
Blue Methane Trimble R12,NA,GCW,MUD CORNER 1 V3,2022,3,11,0.302,GEOID18,wetland,NA,NA,-33.29349899291992,-33.33185958862305,-33.29011154174805,0.2636394042968746,MD_West_GCS_3m_NAVDm.tif,19,0.5068734884262085,38.8872107856696,-76.56194366716998,0.2432340841293339
Blue Methane Trimble R12,NA,GCW,MUD CORNER 1 V4,2022,3,11,0.293,GEOID18,wetland,NA,NA,-33.29349899291992,-33.33185958862305,-33.29011154174805,0.25463940429687426,MD_West_GCS_3m_NAVDm.tif,19,0.5068734884262085,38.88721076782598,-76.56194371338458,0.25223408412933424
Blue Methane Trimble R12,NA,GCW,MUD NERR 2020 2A,2022,3,11,0.226,GEOID18,wetland,NA,NA,-33.29349899291992,-33.33185958862305,-33.29011154174805,0.1876394042968741,MD_West_GCS_3m_NAVDm.tif,19,0.3954046070575714,38.887222450587544,-76.56216201819389,0.20776520276069732
Blue Methane Trimble R12,NA,GCW,MUD NERR 2020 2B,2022,3,11,0.221,GEOID18,wetland,NA,NA,-33.29349899291992,-33.33185958862305,-33.29011154174805,0.18263940429687153,MD_West_GCS_3m_NAVDm.tif,19,0.3954046070575714,38.887215951408784,-76.5621681439428,0.21276520276069988
Blue Methane Trimble R12,NA,GCW,MUD NERR 2020 2C,2022,3,11,-0.407,GEOID18,wetland,NA,NA,-33.29349899291992,-33.33185958862305,-33.29011154174805,-0.4453605957031215,MD_West_GCS_3m_NAVDm.tif,19,0.22951097786426544,38.887201329173486,-76.56230235320521,0.6748715735673869
Blue Methane Trimble R12,NA,GCW,MUD CORNER IN CREEK 1,2022,3,11,-0.422,GEOID18,wetland,NA,NA,-33.29349899291992,-33.33185958862305,-33.29011154174805,-0.4603605957031221,MD_West_GCS_3m_NAVDm.tif,19,0.22951097786426544,38.88720111995314,-76.56230181275464,0.6898715735673875
Blue Methane Trimble R12,NA,GCW,MUD CORNER IN CREEK 2,2022,3,11,-0.388,GEOID18,wetland,NA,NA,-33.29349899291992,-33.33185958862305,-33.29011154174805,-0.4263605957031231,MD_West_GCS_3m_NAVDm.tif,19,0.22951097786426544,38.88720121029503,-76.56230188135795,0.6558715735673886
Blue Methane Trimble R12,NA,GCW,MUD CORNER IN CREEK 3,2022,3,11,-0.351,GEOID18,wetland,NA,NA,-33.29349899291992,-33.33185958862305,-33.29011154174805,-0.3893605957031241,MD_West_GCS_3m_NAVDm.tif,19,0.22951097786426544,38.88720128136783,-76.56230161581803,0.6188715735673895
Blue Methane Trimble R12,NA,GCW,MUD CORNER 3,2022,3,11,0.306,GEOID18,wetland,NA,NA,-33.29349899291992,-33.33185958862305,-33.29011154174805,0.2676394042968724,MD_West_GCS_3m_NAVDm.tif,19,0.4860646724700928,38.88748605481303,-76.56196687388267,0.2184252681732204
Blue Methane Trimble R12,NA,GCW,MUD CORNER 3 V2,2022,3,11,0.368,GEOID18,wetland,NA,NA,-33.29349899291992,-33.33185958862305,-33.29011154174805,0.3296394042968771,MD_West_GCS_3m_NAVDm.tif,19,0.4860646724700928,38.88748550660504,-76.56196722303748,0.15642526817321567
Blue Methane Trimble R12,NA,GCW,MUD CORNER 3 V3,2022,3,11,0.583,GEOID18,wetland,NA,NA,-33.29349899291992,-33.33185958862305,-33.29011154174805,0.5446394042968734,MD_West_GCS_3m_NAVDm.tif,19,0.4860646724700928,38.88748582960616,-76.56196687526533,-0.058574731826780635
Blue Methane Trimble R12,NA,GCW,MUD CORNER 3 V4,2022,3,11,0.581,GEOID18,wetland,NA,NA,-33.29349899291992,-33.33185958862305,-33.29011154174805,0.5426394042968781,MD_West_GCS_3m_NAVDm.tif,19,0.4860646724700928,38.88748528945548,-76.561966970792,-0.056574731826785296
Blue Methane Trimble R12,NA,GCW,MUD CORNER 3 V5,2022,3,11,0.548,GEOID18,wetland,NA,NA,-33.29349899291992,-33.33185958862305,-33.29011154174805,0.5096394042968768,MD_West_GCS_3m_NAVDm.tif,19,0.4860646724700928,38.88748525359529,-76.56196701711738,-0.023574731826784046
Blue Methane Trimble R12,NA,GCW,MUD CORNER 3 V6,2022,3,11,0.462,GEOID18,wetland,NA,NA,-33.29349899291992,-33.33185958862305,-33.29011154174805,0.4236394042968783,MD_West_GCS_3m_NAVDm.tif,19,0.4860646724700928,38.88748505537001,-76.56196700680808,0.062425268173214477
Blue Methane Trimble R12,NA,GCW,MUD CORNER 4 WOODS,2022,3,11,3.707,GEOID18,upland,NA,NA,-33.29349899291992,-33.33185958862305,-33.29011154174805,3.668639404296876,MD_West_GCS_3m_NAVDm.tif,19,2.2303364276885986,38.88748460805202,-76.56230666665724,-1.4383029766082776
Blue Methane Trimble R12,NA,GCW,MUD CORNER 4 WOOD V2,2022,3,11,3.83,GEOID18,upland,NA,NA,-33.29349899291992,-33.33185958862305,-33.29011154174805,3.7916394042968737,MD_West_GCS_3m_NAVDm.tif,19,2.2303364276885986,38.887483855657315,-76.56230541490595,-1.561302976608275
Blue Methane Trimble R12,NA,GCW,MUD CORNER 4 WOOD V3,2022,3,11,3.626,GEOID18,upland,NA,NA,-33.29349899291992,-33.33185958862305,-33.29011154174805,3.5876394042968758,MD_West_GCS_3m_NAVDm.tif,19,2.2303364276885986,38.88748393847822,-76.56230828444731,-1.3573029766082771
Blue Methane Trimble R12,NA,GCW,MUD NERR 2020 1A V1,2022,3,11,0.239,GEOID18,wetland,NA,NA,-33.29349899291992,-33.33185958862305,-33.29011154174805,0.2006394042968722,MD_West_GCS_3m_NAVDm.tif,19,0.5494271516799927,38.88734139225537,-76.56211707346863,0.34878774738312046
Blue Methane Trimble R12,NA,GCW,MUD NERR 2020 1A V2,2022,3,11,0.245,GEOID18,wetland,NA,NA,-33.29349899291992,-33.33185958862305,-33.29011154174805,0.20663940429687244,MD_West_GCS_3m_NAVDm.tif,19,0.5494271516799927,38.88734130096272,-76.56211675129309,0.34278774738312023
Blue Methane Trimble R12,NA,GCW,MUD NERR 2020 1A V3,2022,3,11,0.257,GEOID18,wetland,NA,NA,-33.29349899291992,-33.33185958862305,-33.29011154174805,0.2186394042968729,MD_West_GCS_3m_NAVDm.tif,19,0.5494271516799927,38.88734087740097,-76.56211670778752,0.3307877473831198
Blue Methane Trimble R12,NA,GCW,MUD NERR 2020 1B,2022,3,11,0.134,GEOID18,wetland,NA,NA,-33.29349899291992,-33.33185958862305,-33.29011154174805,0.09563940429687534,MD_West_GCS_3m_NAVDm.tif,19,0.5494271516799927,38.88734135376319,-76.5621260296245,0.45378774738311733
Blue Methane Trimble R12,NA,GCW,MUD COND WELL GROUND,2022,3,11,0.129,GEOID18,wetland,NA,NA,-33.29349899291992,-33.33185958862305,-33.29011154174805,0.09063940429687278,MD_West_GCS_3m_NAVDm.tif,19,0.5100138783454895,38.887338984968,-76.56207568584635,0.4193744740486167
Blue Methane Trimble R12,NA,GCW,MUD WATER WELL GROUND,2022,3,11,0.093,GEOID18,wetland,NA,NA,-33.29349899291992,-33.33185958862305,-33.29011154174805,0.05463940429687852,MD_West_GCS_3m_NAVDm.tif,19,0.5100138783454895,38.88734021541245,-76.5620819024851,0.455374474048611
Blue Methane Trimble R12,NA,GCW,MUD 2020 NERR PLOT 1A REDO1,2022,3,11,0.329,GEOID18,wetland,NA,NA,-33.29349899291992,-33.33185958862305,-33.29011154174805,0.2906394042968756,MD_West_GCS_3m_NAVDm.tif,19,0.5494271516799927,38.88734115760812,-76.56211695964595,0.25878774738311705
Blue Methane Trimble R12,NA,GCW,MUD 2020 NERR PLOT 1B REDO1,2022,3,11,0.195,GEOID18,wetland,NA,NA,-33.29349899291992,-33.33185958862305,-33.29011154174805,0.15663940429687528,MD_West_GCS_3m_NAVDm.tif,19,0.5494271516799927,38.88734037091059,-76.56212578207835,0.3927877473831174
Blue Methane Trimble R12,NA,GCW,MUD 2021 HARVEST 2A CORNER 1,2022,3,11,0.321,GEOID18,wetland,NA,NA,-33.29349899291992,-33.33185958862305,-33.29011154174805,0.28263940429687295,MD_West_GCS_3m_NAVDm.tif,19,0.34463080763816833,38.88727322457442,-76.56215539021164,0.06199140334129538
Blue Methane Trimble R12,NA,GCW,MUD 2021 HARVEST 2A CORNER 2,2022,3,11,0.338,GEOID18,wetland,NA,NA,-33.29349899291992,-33.33185958862305,-33.29011154174805,0.29963940429687597,MD_West_GCS_3m_NAVDm.tif,19,0.34463080763816833,38.88727412384699,-76.56215977620151,0.04499140334129237
Blue Methane Trimble R12,NA,GCW,MUD 2021 HARVEST 2A CORNER 3,2022,3,11,0.29,GEOID18,wetland,NA,NA,-33.29349899291992,-33.33185958862305,-33.29011154174805,0.25163940429687415,MD_West_GCS_3m_NAVDm.tif,19,0.34463080763816833,38.88727856870696,-76.56215835424575,0.09299140334129419
Blue Methane Trimble R12,NA,GCW,MUD 2021 HARVEST 2A CORNER 4,2022,3,11,0.225,GEOID18,wetland,NA,NA,-33.29349899291992,-33.33185958862305,-33.29011154174805,0.1866394042968764,MD_West_GCS_3m_NAVDm.tif,19,0.34463080763816833,38.88727786800528,-76.56215407077346,0.15799140334129194
Blue Methane Trimble R12,NA,GCW,MUD 2021 HARVEST 2B CORNER 1,2022,3,11,0.353,GEOID18,wetland,NA,NA,-33.29349899291992,-33.33185958862305,-33.29011154174805,0.31463940429687653,MD_West_GCS_3m_NAVDm.tif,19,0.33249059319496155,38.88727941323756,-76.5621529432424,0.017851188898085013
Blue Methane Trimble R12,NA,GCW,MUD 2021 HARVEST 2B CORNER 2,2022,3,11,0.354,GEOID18,wetland,NA,NA,-33.29349899291992,-33.33185958862305,-33.29011154174805,0.3156394042968742,MD_West_GCS_3m_NAVDm.tif,19,0.34463080763816833,38.887280392418106,-76.56215701753295,0.02899140334129413
Blue Methane Trimble R12,NA,GCW,MUD 2021 HARVEST 2B CORNER 3,2022,3,11,0.292,GEOID18,wetland,NA,NA,-33.29349899291992,-33.33185958862305,-33.29011154174805,0.2536394042968766,MD_West_GCS_3m_NAVDm.tif,19,0.39323997497558594,38.88728373787961,-76.56215549858729,0.13960057067870935
Blue Methane Trimble R12,NA,GCW,MUD 2021 HARVEST 2B CORNER 4,2022,3,11,0.311,GEOID18,wetland,NA,NA,-33.29349899291992,-33.33185958862305,-33.29011154174805,0.27263940429687494,MD_West_GCS_3m_NAVDm.tif,19,0.4941863715648651,38.88728194683089,-76.56215112959588,0.22154696726799017
Blue Methane Trimble R12,NA,GCW,MUD 2022 HARVEST 2A CORNER 1,2022,3,11,0.267,GEOID18,wetland,NA,NA,-33.29349899291992,-33.33185958862305,-33.29011154174805,0.228639404296878,MD_West_GCS_3m_NAVDm.tif,19,0.4941863715648651,38.88728280339474,-76.5621513318121,0.2655469672679871
Blue Methane Trimble R12,NA,GCW,MUD 2022 HARVEST 2A CORNER 2,2022,3,11,0.284,GEOID18,wetland,NA,NA,-33.29349899291992,-33.33185958862305,-33.29011154174805,0.24563940429687392,MD_West_GCS_3m_NAVDm.tif,19,0.39323997497558594,38.887283301593826,-76.56215446390034,0.14760057067871202
Blue Methane Trimble R12,NA,GCW,MUD 2022 HARVEST 2A CORNER 3,2022,3,11,0.193,GEOID18,wetland,NA,NA,-33.29349899291992,-33.33185958862305,-33.29011154174805,0.15463940429687284,MD_West_GCS_3m_NAVDm.tif,19,0.4941863715648651,38.88728701963511,-76.56215380713837,0.3395469672679923
Blue Methane Trimble R12,NA,GCW,MUD 2022 HARVEST 2A CORNER 4,2022,3,11,0.254,GEOID18,wetland,NA,NA,-33.29349899291992,-33.33185958862305,-33.29011154174805,0.2156394042968728,MD_West_GCS_3m_NAVDm.tif,19,0.4941863715648651,38.88728672516978,-76.56214975169799,0.27854696726799233
Blue Methane Trimble R12,NA,GCW,MUD 2022 HARVEST 2B CORNER 1,2022,3,11,0.317,GEOID18,wetland,NA,NA,-33.29349899291992,-33.33185958862305,-33.29011154174805,0.27863940429687517,MD_West_GCS_3m_NAVDm.tif,19,0.4941863715648651,38.88729351518363,-76.56214671319744,0.21554696726798994
Blue Methane Trimble R12,NA,GCW,MUD 2022 HARVEST 2B CORNER 2,2022,3,11,0.342,GEOID18,wetland,NA,NA,-33.29349899291992,-33.33185958862305,-33.29011154174805,0.30363940429687375,MD_West_GCS_3m_NAVDm.tif,19,0.4941863715648651,38.887295496313655,-76.56215132307467,0.19054696726799136
Blue Methane Trimble R12,NA,GCW,MUD 2022 HARVEST 2B CORNER 3,2022,3,11,0.296,GEOID18,wetland,NA,NA,-33.29349899291992,-33.33185958862305,-33.29011154174805,0.2576394042968744,MD_West_GCS_3m_NAVDm.tif,19,0.4941863715648651,38.8872988620164,-76.5621479943793,0.23654696726799074
Blue Methane Trimble R12,NA,GCW,MUD 2022 HARVEST 2B CORNER 4,2022,3,11,0.207,GEOID18,wetland,NA,NA,-33.29349899291992,-33.33185958862305,-33.29011154174805,0.16863940429687574,MD_West_GCS_3m_NAVDm.tif,19,0.4941863715648651,38.88729703601446,-76.56214391375849,0.3255469672679894
Blue Methane Trimble R12,NA,GCW,MUD COLLAR 2A CORNER 1,2022,3,11,0.301,GEOID18,wetland,NA,NA,-33.29349899291992,-33.33185958862305,-33.29011154174805,0.26263940429687693,MD_West_GCS_3m_NAVDm.tif,19,0.4941863715648651,38.8872870016145,-76.56213458142847,0.23154696726798818
Blue Methane Trimble R12,NA,GCW,MUD COLLAR 2A CORNER 2,2022,3,11,0.176,GEOID18,wetland,NA,NA,-33.29349899291992,-33.33185958862305,-33.29011154174805,0.13763940429687693,MD_West_GCS_3m_NAVDm.tif,19,0.4941863715648651,38.88728612813353,-76.56212746355357,0.3565469672679882
Blue Methane Trimble R12,NA,GCW,MUD COLLAR 2A CORNER 3,2022,3,11,0.226,GEOID18,wetland,NA,NA,-33.29349899291992,-33.33185958862305,-33.29011154174805,0.1876394042968741,MD_West_GCS_3m_NAVDm.tif,19,0.33249059319496155,38.887280552681815,-76.5621300796559,0.14485118889808746
Blue Methane Trimble R12,NA,GCW,MUD COLLAR 2A CORNER 4,2022,3,11,0.271,GEOID18,wetland,NA,NA,-33.29349899291992,-33.33185958862305,-33.29011154174805,0.2326394042968758,MD_West_GCS_3m_NAVDm.tif,19,0.4941863715648651,38.88728191945732,-76.56213661818937,0.2615469672679893
Blue Methane Trimble R12,NA,GCW,MUD COLLAR 2B CORNER 1,2022,3,11,0.216,GEOID18,wetland,NA,NA,-33.29349899291992,-33.33185958862305,-33.29011154174805,0.17763940429687608,MD_West_GCS_3m_NAVDm.tif,19,0.33249059319496155,38.88727397111309,-76.56213825759427,0.15485118889808547
Blue Methane Trimble R12,NA,GCW,MUD COLLAR 2B CORNER 2,2022,3,11,0.22,GEOID18,wetland,NA,NA,-33.29349899291992,-33.33185958862305,-33.29011154174805,0.18163940429687384,MD_West_GCS_3m_NAVDm.tif,19,0.33249059319496155,38.887272316807426,-76.5621319167727,0.1508511888980877
Blue Methane Trimble R12,NA,GCW,MUD COLLAR 2B CORNER 3,2022,3,11,0.218,GEOID18,wetland,NA,NA,-33.29349899291992,-33.33185958862305,-33.29011154174805,0.17963940429687852,MD_West_GCS_3m_NAVDm.tif,19,0.33249059319496155,38.88726689307037,-76.56213415157626,0.15285118889808302
Blue Methane Trimble R12,NA,GCW,MUD COLLAR 2B CORNER 4,2022,3,11,0.32,GEOID18,wetland,NA,NA,-33.29349899291992,-33.33185958862305,-33.29011154174805,0.2816394042968753,MD_West_GCS_3m_NAVDm.tif,19,0.33249059319496155,38.88726888025003,-76.56214037509184,0.050851188898086264
Blue Methane Trimble R12,NA,GCW,MUD INGROWTH CORE 2A-1,2022,3,11,0.292,GEOID18,wetland,NA,NA,-33.29349899291992,-33.33185958862305,-33.29011154174805,0.2536394042968766,MD_West_GCS_3m_NAVDm.tif,19,0.3742353916168213,38.887299008387025,-76.56211975411163,0.1205959873199447
Blue Methane Trimble R12,NA,GCW,MUD INGROWTH CORE 2A-2,2022,3,11,0.292,GEOID18,wetland,NA,NA,-33.29349899291992,-33.33185958862305,-33.29011154174805,0.2536394042968766,MD_West_GCS_3m_NAVDm.tif,19,0.3742353916168213,38.88729796936532,-76.5621141356672,0.1205959873199447
Blue Methane Trimble R12,NA,GCW,MUD INGROWTH CORE 2A-3,2022,3,11,0.267,GEOID18,wetland,NA,NA,-33.29349899291992,-33.33185958862305,-33.29011154174805,0.228639404296878,MD_West_GCS_3m_NAVDm.tif,19,0.3742353916168213,38.887297555434806,-76.56210704954977,0.14559598731994328
Blue Methane Trimble R12,NA,GCW,MUD INGROWTH CORE 2B-1,2022,3,11,0.31,GEOID18,wetland,NA,NA,-33.29349899291992,-33.33185958862305,-33.29011154174805,0.2716394042968773,MD_West_GCS_3m_NAVDm.tif,19,0.34463080763816833,38.887262202140015,-76.56215884657706,0.07299140334129106
Blue Methane Trimble R12,NA,GCW,MUD INGROWTH CORE 2B-2,2022,3,11,0.313,GEOID18,wetland,NA,NA,-33.29349899291992,-33.33185958862305,-33.29011154174805,0.2746394042968774,MD_West_GCS_3m_NAVDm.tif,19,0.34463080763816833,38.88726096912916,-76.56215434737335,0.06999140334129095
Blue Methane Trimble R12,NA,GCW,MUD INGROWTH CORE 2B-3,2022,3,11,0.31,GEOID18,wetland,NA,NA,-33.29349899291992,-33.33185958862305,-33.29011154174805,0.2716394042968773,MD_West_GCS_3m_NAVDm.tif,19,0.33249059319496155,38.88725920104373,-76.56214889477337,0.060851188898084274
Blue Methane Trimble R12,NA,GCW,MUD INGROWTH CORE 1A-1,2022,3,11,0.331,GEOID18,wetland,NA,NA,-33.29349899291992,-33.33185958862305,-33.29011154174805,0.29263940429687807,MD_West_GCS_3m_NAVDm.tif,19,0.6562442183494568,38.887351537793215,-76.56203110582378,0.3636048140525787
Blue Methane Trimble R12,NA,GCW,MUD INGROWTH CORE 1A-2,2022,3,11,0.315,GEOID18,wetland,NA,NA,-33.29349899291992,-33.33185958862305,-33.29011154174805,0.2766394042968727,MD_West_GCS_3m_NAVDm.tif,19,0.6562442183494568,38.887356973197306,-76.56203198303443,0.37960481405258406
Blue Methane Trimble R12,NA,GCW,MUD INGROWTH CORE 1A-3,2022,3,11,0.316,GEOID18,wetland,NA,NA,-33.29349899291992,-33.33185958862305,-33.29011154174805,0.2776394042968775,MD_West_GCS_3m_NAVDm.tif,19,0.6923601627349854,38.88736361132633,-76.56203408617456,0.41472075843810785
Blue Methane Trimble R12,NA,GCW,MUD INGROWTH CORE 1B-1,2022,3,11,0.504,GEOID18,wetland,NA,NA,-33.29349899291992,-33.33185958862305,-33.29011154174805,0.4656394042968728,MD_West_GCS_3m_NAVDm.tif,19,0.7551699280738831,38.88735979813414,-76.56197813795119,0.2895305237770103
Blue Methane Trimble R12,NA,GCW,MUD INGROWTH CORE 1B-2,2022,3,11,0.488,GEOID18,wetland,NA,NA,-33.29349899291992,-33.33185958862305,-33.29011154174805,0.44963940429687455,MD_West_GCS_3m_NAVDm.tif,19,0.6306701898574829,38.88736386562078,-76.56197938087077,0.18103078556060836
Blue Methane Trimble R12,NA,GCW,MUD INGROWTH CORE 1B-3,2022,3,11,0.491,GEOID18,wetland,NA,NA,-33.29349899291992,-33.33185958862305,-33.29011154174805,0.45263940429687466,MD_West_GCS_3m_NAVDm.tif,19,0.6306701898574829,38.887368681701915,-76.56198086124664,0.17803078556060825
Blue Methane Trimble R12,NA,GCW,MUD SIPPER 1A,2022,3,11,0.429,GEOID18,wetland,NA,NA,-33.29349899291992,-33.33185958862305,-33.29011154174805,0.39063940429687705,MD_West_GCS_3m_NAVDm.tif,19,0.6306701898574829,38.88737352516119,-76.56198724012589,0.24003078556060586
Blue Methane Trimble R12,NA,GCW,MUD SIPPER 1B,2022,3,11,0.391,GEOID18,wetland,NA,NA,-33.29349899291992,-33.33185958862305,-33.29011154174805,0.35263940429687324,MD_West_GCS_3m_NAVDm.tif,19,0.7029858231544495,38.887362503041714,-76.56199558366448,0.3503464188575762
Blue Methane Trimble R12,NA,GCW,MUD SIPPER 2A,2022,3,11,0.31,GEOID18,wetland,NA,NA,-33.29349899291992,-33.33185958862305,-33.29011154174805,0.2716394042968773,MD_West_GCS_3m_NAVDm.tif,19,0.4941863715648651,38.887285028392455,-76.56213688726629,0.22254696726798784
Blue Methane Trimble R12,NA,GCW,MUD SIPPER 2B,2022,3,11,0.327,GEOID18,wetland,NA,NA,-33.29349899291992,-33.33185958862305,-33.29011154174805,0.2886394042968732,MD_West_GCS_3m_NAVDm.tif,19,0.33249059319496155,38.88727218207483,-76.56214163424424,0.04385118889808837
Blue Methane Trimble R12,NA,GCW,MUD COLLAR 1A CORNER 1,2022,3,11,0.4,GEOID18,wetland,NA,NA,-33.29349899291992,-33.33185958862305,-33.29011154174805,0.3616394042968736,MD_West_GCS_3m_NAVDm.tif,19,0.6677758693695068,38.88735699268405,-76.56201555796203,0.30613646507263326
Blue Methane Trimble R12,NA,GCW,MUD COLLAR 1A CORNER 2,2022,3,11,0.431,GEOID18,wetland,NA,NA,-33.29349899291992,-33.33185958862305,-33.29011154174805,0.3926394042968724,MD_West_GCS_3m_NAVDm.tif,19,0.6562442183494568,38.88736078500113,-76.56202029503673,0.2636048140525844
Blue Methane Trimble R12,NA,GCW,MUD COLLAR 1A CORNER 3,2022,3,11,0.418,GEOID18,wetland,NA,NA,-33.29349899291992,-33.33185958862305,-33.29011154174805,0.37963940429687426,MD_West_GCS_3m_NAVDm.tif,19,0.7029858231544495,38.88736394486806,-76.56201492744347,0.3233464188575752
Blue Methane Trimble R12,NA,GCW,MUD COLLAR 1A CORNER 4,2022,3,11,0.433,GEOID18,wetland,NA,NA,-33.29349899291992,-33.33185958862305,-33.29011154174805,0.3946394042968748,MD_West_GCS_3m_NAVDm.tif,19,0.6677758693695068,38.88735995665942,-76.5620108024644,0.27313646507263206
Blue Methane Trimble R12,NA,GCW,MUD COLLAR 1B CORNER 1,2022,3,11,0.346,GEOID18,wetland,NA,NA,-33.29349899291992,-33.33185958862305,-33.29011154174805,0.30763940429687153,MD_West_GCS_3m_NAVDm.tif,19,0.6677758693695068,38.88736144605506,-76.56199958977373,0.3601364650726353
Blue Methane Trimble R12,NA,GCW,MUD COLLAR 1B CORNER 2,2022,3,11,0.413,GEOID18,wetland,NA,NA,-33.29349899291992,-33.33185958862305,-33.29011154174805,0.3746394042968717,MD_West_GCS_3m_NAVDm.tif,19,0.7029858231544495,38.887365011653166,-76.56200392481979,0.32834641885757776
Blue Methane Trimble R12,NA,GCW,MUD COLLAR 1B CORNER 3,2022,3,11,0.34,GEOID18,wetland,NA,NA,-33.29349899291992,-33.33185958862305,-33.29011154174805,0.3016394042968784,MD_West_GCS_3m_NAVDm.tif,19,0.7029858231544495,38.88736933920566,-76.562000048474,0.40134641885757105
Blue Methane Trimble R12,NA,GCW,MUD COLLAR 1B CORNER 4,2022,3,11,0.409,GEOID18,wetland,NA,NA,-33.29349899291992,-33.33185958862305,-33.29011154174805,0.3706394042968739,MD_West_GCS_3m_NAVDm.tif,19,0.7029858231544495,38.88736627586648,-76.561995122504,0.33234641885757554
Blue Methane Trimble R12,NA,GCW,MUD 2020 1A HARVEST AREA CORNER 1,2022,3,11,0.442,GEOID18,wetland,NA,NA,-33.29349899291992,-33.33185958862305,-33.29011154174805,0.4036394042968752,MD_West_GCS_3m_NAVDm.tif,19,0.7551699280738831,38.88735263390888,-76.56198468275772,0.35153052377700783
Blue Methane Trimble R12,NA,GCW,MUD 2020 1A HARVEST AREA CORNER 2,2022,3,11,0.464,GEOID18,wetland,NA,NA,-33.29349899291992,-33.33185958862305,-33.29011154174805,0.4256394042968736,MD_West_GCS_3m_NAVDm.tif,19,0.7551699280738831,38.88734915902339,-76.56198291751724,0.3295305237770095
Blue Methane Trimble R12,NA,GCW,MUD 2020 1A HARVEST AREA CORNER 3,2022,3,11,0.469,GEOID18,wetland,NA,NA,-33.29349899291992,-33.33185958862305,-33.29011154174805,0.4306394042968762,MD_West_GCS_3m_NAVDm.tif,19,0.7551699280738831,38.887347484702055,-76.56198805699144,0.32453052377700686
Blue Methane Trimble R12,NA,GCW,MUD 2020 1A HARVEST AREA CORNER 4,2022,3,11,0.379,GEOID18,wetland,NA,NA,-33.29349899291992,-33.33185958862305,-33.29011154174805,0.3406394042968728,MD_West_GCS_3m_NAVDm.tif,19,0.7551699280738831,38.88735082649481,-76.56199036478445,0.4145305237770103
Blue Methane Trimble R12,NA,GCW,MUD 2021 1A HARVEST AREA CORNER 1,2022,3,11,0.291,GEOID18,wetland,NA,NA,-33.29349899291992,-33.33185958862305,-33.29011154174805,0.2526394042968718,MD_West_GCS_3m_NAVDm.tif,19,0.6562442183494568,38.88734786082891,-76.56204031484124,0.40360481405258497
Blue Methane Trimble R12,NA,GCW,MUD 2021 1A HARVEST AREA CORNER 2,2022,3,11,0.277,GEOID18,wetland,NA,NA,-33.29349899291992,-33.33185958862305,-33.29011154174805,0.238639404296876,MD_West_GCS_3m_NAVDm.tif,19,0.6562442183494568,38.88735157137384,-76.5620400615386,0.41760481405258076
Blue Methane Trimble R12,NA,GCW,MUD 2021 1A HARVEST AREA CORNER 3,2022,3,11,0.356,GEOID18,wetland,NA,NA,-33.29349899291992,-33.33185958862305,-33.29011154174805,0.31763940429687665,MD_West_GCS_3m_NAVDm.tif,19,0.6562442183494568,38.887351176387334,-76.56203562634474,0.33860481405258014
Blue Methane Trimble R12,NA,GCW,MUD 2021 1A HARVEST AREA CORNER 4,2022,3,11,0.324,GEOID18,wetland,NA,NA,-33.29349899291992,-33.33185958862305,-33.29011154174805,0.28563940429687307,MD_West_GCS_3m_NAVDm.tif,19,0.6562442183494568,38.88734771491917,-76.56203503670012,0.3706048140525837
Blue Methane Trimble R12,NA,GCW,MUD 2022 1A HARVEST AREA CORNER 5,2022,3,11,0.287,GEOID18,wetland,NA,NA,-33.29349899291992,-33.33185958862305,-33.29011154174805,0.24863940429687403,MD_West_GCS_3m_NAVDm.tif,19,0.5458803772926331,38.88734901331237,-76.56204736185096,0.297240972995759
Blue Methane Trimble R12,NA,GCW,MUD 2022 1A HARVEST AREA CORNER 1,2022,3,11,0.265,GEOID18,wetland,NA,NA,-33.29349899291992,-33.33185958862305,-33.29011154174805,0.22663940429687557,MD_West_GCS_3m_NAVDm.tif,19,0.5458803772926331,38.88734891426457,-76.56204737398522,0.3192409729957575
Blue Methane Trimble R12,NA,GCW,MUD 2022 1A HARVEST AREA CORNER 2,2022,3,11,0.391,GEOID18,wetland,NA,NA,-33.29349899291992,-33.33185958862305,-33.29011154174805,0.35263940429687324,MD_West_GCS_3m_NAVDm.tif,19,0.5458803772926331,38.887353003459594,-76.56204719904262,0.19324097299575982
Blue Methane Trimble R12,NA,GCW,MUD 2022 1A HARVEST AREA CORNER 3,2022,3,11,0.318,GEOID18,wetland,NA,NA,-33.29349899291992,-33.33185958862305,-33.29011154174805,0.27963940429687284,MD_West_GCS_3m_NAVDm.tif,19,0.6562442183494568,38.88735286556445,-76.56204165574745,0.37660481405258395
Blue Methane Trimble R12,NA,GCW,MUD 2022 1A HARVEST AREA CORNER 4,2022,3,11,0.295,GEOID18,wetland,NA,NA,-33.29349899291992,-33.33185958862305,-33.29011154174805,0.2566394042968767,MD_West_GCS_3m_NAVDm.tif,19,0.6562442183494568,38.88734887520115,-76.56204176092601,0.3996048140525801
Blue Methane Trimble R12,NA,GCW,MUD 2022 1B HARVEST AREA CORNER 1,2022,3,11,0.368,GEOID18,wetland,NA,NA,-33.29349899291992,-33.33185958862305,-33.29011154174805,0.3296394042968771,MD_West_GCS_3m_NAVDm.tif,19,0.6562442183494568,38.88734230579685,-76.56204597376531,0.3266048140525797
Blue Methane Trimble R12,NA,GCW,MUD 2022 1B HARVEST AREA CORNER 2,2022,3,11,0.282,GEOID18,wetland,NA,NA,-33.29349899291992,-33.33185958862305,-33.29011154174805,0.24363940429687148,MD_West_GCS_3m_NAVDm.tif,19,0.6562442183494568,38.88733846598118,-76.5620453864427,0.4126048140525853
Blue Methane Trimble R12,NA,GCW,MUD 2022 1B HARVEST AREA CORNER 3,2022,3,11,0.301,GEOID18,wetland,NA,NA,-33.29349899291992,-33.33185958862305,-33.29011154174805,0.26263940429687693,MD_West_GCS_3m_NAVDm.tif,19,0.5458803772926331,38.887337655630375,-76.56205030161202,0.2832409729957561
Blue Methane Trimble R12,NA,GCW,MUD 2022 1B HARVEST AREA CORNER 4,2022,3,11,0.336,GEOID18,wetland,NA,NA,-33.29349899291992,-33.33185958862305,-33.29011154174805,0.2976394042968735,MD_West_GCS_3m_NAVDm.tif,19,0.5458803772926331,38.88734188388224,-76.56205117470753,0.24824097299575953
Blue Methane Trimble R12,NA,GCW,MUD 2021 1B HARVEST AREA CORNER 1,2022,3,11,0.328,GEOID18,wetland,NA,NA,-33.29349899291992,-33.33185958862305,-33.29011154174805,0.28963940429687796,MD_West_GCS_3m_NAVDm.tif,19,0.6562442183494568,38.88734830692087,-76.56203915947478,0.36660481405257883
Blue Methane Trimble R12,NA,GCW,MUD 2021 1B HARVEST AREA CORNER 2,2022,3,11,0.296,GEOID18,wetland,NA,NA,-33.29349899291992,-33.33185958862305,-33.29011154174805,0.2576394042968744,MD_West_GCS_3m_NAVDm.tif,19,0.6562442183494568,38.88735199126211,-76.56203912533229,0.3986048140525824
Blue Methane Trimble R12,NA,GCW,MUD 2021 1B HARVEST AREA CORNER 3,2022,3,11,0.386,GEOID18,wetland,NA,NA,-33.29349899291992,-33.33185958862305,-33.29011154174805,0.3476394042968778,MD_West_GCS_3m_NAVDm.tif,19,0.6562442183494568,38.88735149584478,-76.56203433344018,0.308604814052579
Blue Methane Trimble R12,NA,GCW,MUD 2021 1B HARVEST AREA CORNER 4,2022,3,11,0.313,GEOID18,wetland,NA,NA,-33.29349899291992,-33.33185958862305,-33.29011154174805,0.2746394042968774,MD_West_GCS_3m_NAVDm.tif,19,0.6562442183494568,38.88734774550673,-76.56203358420093,0.3816048140525794
Blue Methane Trimble R12,NA,GCW,MUD 2020 ALLOMETRY 1A LEFT,2022,3,11,0.412,GEOID18,wetland,NA,NA,-33.29349899291992,-33.33185958862305,-33.29011154174805,0.373639404296874,MD_West_GCS_3m_NAVDm.tif,19,0.6677758693695068,38.887340313872166,-76.5620144616168,0.29413646507263286
Blue Methane Trimble R12,NA,GCW,MUD 2020 ALLOMETRY 1A RIGHT,2022,3,11,0.393,GEOID18,wetland,NA,NA,-33.29349899291992,-33.33185958862305,-33.29011154174805,0.3546394042968757,MD_West_GCS_3m_NAVDm.tif,19,0.6677758693695068,38.8873402087798,-76.56201766656777,0.31313646507263115
Blue Methane Trimble R12,NA,GCW,MUD 2020 ALLOMETRY 1B LEFT,2022,3,11,0.366,GEOID18,wetland,NA,NA,-33.29349899291992,-33.33185958862305,-33.29011154174805,0.32763940429687466,MD_West_GCS_3m_NAVDm.tif,19,0.6562442183494568,38.88734057222872,-76.56202330068756,0.32860481405258213
Blue Methane Trimble R12,NA,GCW,MUD 2020 ALLOMETRY 1B RIGHT,2022,3,11,0.399,GEOID18,wetland,NA,NA,-33.29349899291992,-33.33185958862305,-33.29011154174805,0.3606394042968759,MD_West_GCS_3m_NAVDm.tif,19,0.6562442183494568,38.88734055369942,-76.5620279689447,0.2956048140525809
COMPASS-RTK,NA,GCW,GCW_WC_AQ600,2023,12,15,0.313,GEOID18,wetland,NA,NA,-33.35449981689453,-33.398616790771484,-33.3565673828125,0.26888302612304926,MD_West_GCS_3m_NAVDm.tif,19,0.45345351099967957,38.87492265852871,-76.54999228360343,0.1845704848766303
COMPASS-RTK,NA,GCW,GCW_TR_AQ600,2023,12,15,0.434,GEOID18,transition,NA,NA,-33.35449981689453,-33.398616790771484,-33.3565673828125,0.3898830261230444,MD_West_GCS_3m_NAVDm.tif,19,0.4882575571537018,38.87445676832988,-76.55129001222295,0.09837453103065741
COMPASS-RTK,NA,GCW,GCW_WC_AQ600,2023,12,15,5.06,GEOID18,upland,NA,NA,-33.35449981689453,-33.398616790771484,-33.3565673828125,5.015883026123046,MD_West_GCS_3m_NAVDm.tif,19,4.819580554962158,38.87453461199755,-76.5520576349143,-0.1963024711608874
COMPASS-RTK,NA,GCW,GCW_WC_Lysimeters_A,2023,12,15,0.315,GEOID18,wetland,NA,NA,-33.35449981689453,-33.398616790771484,-33.3565673828125,0.2708830261230446,MD_West_GCS_3m_NAVDm.tif,19,0.4070756733417511,38.87494200249586,-76.5499999981299,0.1361926472187065
COMPASS-RTK,NA,GCW,GCW_WC_Lysimeters_B,2023,12,15,0.33,GEOID18,wetland,NA,NA,-33.35449981689453,-33.398616790771484,-33.3565673828125,0.28588302612304517,MD_West_GCS_3m_NAVDm.tif,19,0.40645548701286316,38.87496206965737,-76.55004577282321,0.12057246088981799
COMPASS-RTK,NA,GCW,GCW_WC_Lysimeters_C,2023,12,15,0.362,GEOID18,wetland,NA,NA,-33.35449981689453,-33.398616790771484,-33.3565673828125,0.31788302612304875,MD_West_GCS_3m_NAVDm.tif,19,0.39588817954063416,38.87499828496855,-76.55008581035122,0.0780051534175854
COMPASS-RTK,NA,GCW,GCW_WC_GasWells_A,2023,12,15,0.32,GEOID18,wetland,NA,NA,-33.35449981689453,-33.398616790771484,-33.3565673828125,0.27588302612304716,MD_West_GCS_3m_NAVDm.tif,19,0.3957359492778778,38.87493968189128,-76.54999391641745,0.11985292315483065
COMPASS-RTK,NA,GCW,GCW_WC_GasWells_B,2023,12,15,0.305,GEOID18,wetland,NA,NA,-33.35449981689453,-33.398616790771484,-33.3565673828125,0.2608830261230466,MD_West_GCS_3m_NAVDm.tif,19,0.3759401738643646,38.87496713530077,-76.55005119187055,0.11505714774131803
COMPASS-RTK,NA,GCW,GCW_WC_GasWells_C,2023,12,15,0.365,GEOID18,wetland,NA,NA,-33.35449981689453,-33.398616790771484,-33.3565673828125,0.32088302612304886,MD_West_GCS_3m_NAVDm.tif,19,0.39588817954063416,38.87499569119407,-76.55008130918173,0.07500515341758529
COMPASS-RTK,NA,GCW,GCW_WC_Teros,2023,12,15,NA,GEOID18,wetland,NA,NA,-33.35449981689453,-33.398616790771484,-33.3565673828125,NA,MD_West_GCS_3m_NAVDm.tif,19,0.45345351099967957,38.87493149493663,-76.54998736463173,NA
COMPASS-RTK,NA,GCW,GCW_WC_Teros,2023,12,15,0.357,GEOID18,wetland,NA,NA,-33.35449981689453,-33.398616790771484,-33.3565673828125,0.3128830261230462,MD_West_GCS_3m_NAVDm.tif,19,0.45345351099967957,38.87493168517648,-76.54998764001483,0.14057048487663337
COMPASS-RTK,NA,GCW,GCW_WC_Teros,2023,12,15,0.261,GEOID18,wetland,NA,NA,-33.35449981689453,-33.398616790771484,-33.3565673828125,0.2168830261230497,MD_West_GCS_3m_NAVDm.tif,19,0.45345351099967957,38.8749231446334,-76.54998050272206,0.23657048487662988
COMPASS-RTK,NA,GCW,GCW_WC_Macrophyte_Flux_Collar_1,2023,12,15,0.328,GEOID18,wetland,NA,NA,-33.35449981689453,-33.398616790771484,-33.3565673828125,0.28388302612304983,MD_West_GCS_3m_NAVDm.tif,19,0.3957359492778778,38.87494930481163,-76.54998737908481,0.11185292315482798
COMPASS-RTK,NA,GCW,GCW_WC_Macrophyte_Flux_Collar_2,2023,12,15,0.336,GEOID18,wetland,NA,NA,-33.35449981689453,-33.398616790771484,-33.3565673828125,0.2918830261230454,MD_West_GCS_3m_NAVDm.tif,19,0.45912542939186096,38.874936070492424,-76.55000820625492,0.16724240326881556
COMPASS-RTK,NA,GCW,GCW_WC_Macrophyte_Flux_Collar_3,2023,12,15,0.344,GEOID18,wetland,NA,NA,-33.35449981689453,-33.398616790771484,-33.3565673828125,0.29988302612304807,MD_West_GCS_3m_NAVDm.tif,19,0.4070756733417511,38.874941895787565,-76.55002373882931,0.10719264721870303
COMPASS-RTK,NA,GCW,GCW_WC_Macrophyte_Flux_Collar_4,2023,12,15,0.371,GEOID18,wetland,NA,NA,-33.35449981689453,-33.398616790771484,-33.3565673828125,0.3268830261230491,MD_West_GCS_3m_NAVDm.tif,19,0.4033205211162567,38.87497581540874,-76.55006182015607,0.07643749499320762
COMPASS-RTK,NA,GCW,GCW_WC_Macrophyte_Flux_Collar_5,2023,12,15,0.372,GEOID18,wetland,NA,NA,-33.331199645996094,-33.371246337890625,-33.329566955566406,0.33195330810546864,MD_West_GCS_3m_NAVDm.tif,19,0.39588817954063416,38.87501225396813,-76.55010134922338,0.06393487143516552
COMPASS-RTK,NA,GCW,GCW_WC_SamplingPlot,2023,12,15,0.314,GEOID18,wetland,NA,NA,-33.35449981689453,-33.398616790771484,-33.3565673828125,0.26988302612304693,MD_West_GCS_3m_NAVDm.tif,19,0.4588591158390045,38.874782128819085,-76.54990423710524,0.18897608971595758
COMPASS-RTK,NA,GCW,GCW_WC_SamplingPlot,2023,12,15,0.336,GEOID18,wetland,NA,NA,-33.35449981689453,-33.398616790771484,-33.3565673828125,0.2918830261230454,MD_West_GCS_3m_NAVDm.tif,19,0.4699581563472748,38.87473514045472,-76.549983716612,0.17807513022422938
COMPASS-RTK,NA,GCW,GCW_WC_SamplingPlot,2023,12,15,0.313,GEOID18,wetland,NA,NA,-33.35449981689453,-33.398616790771484,-33.3565673828125,0.26888302612304926,MD_West_GCS_3m_NAVDm.tif,19,0.4880024790763855,38.87465801697562,-76.54990848872669,0.21911945295333624
COMPASS-RTK,NA,GCW,GCW_WC_SamplingPlot,2023,12,15,0.295,GEOID18,wetland,NA,NA,-33.35449981689453,-33.398616790771484,-33.3565673828125,0.2508830261230486,MD_West_GCS_3m_NAVDm.tif,19,0.4036218523979187,38.87470652730592,-76.5498218891944,0.15273882627487012
Messerschmidt_and_Kirwan_2020,NA,GCW,C3,2018,NA,NA,0.198,GEOID12B,wetland,Schoenoplectus americanus,NA,-33.35449981689453,-33.398616790771484,-33.3565673828125,0.198,MD_West_GCS_3m_NAVDm.tif,19,0.4263230562210083,38.87363778,-76.54973048,0.2283230562210083
Messerschmidt_and_Kirwan_2020,NA,GCW,C4,2018,NA,NA,0.332,GEOID12B,wetland,C4,NA,-33.35449981689453,-33.398616790771484,-33.3565673828125,0.332,MD_West_GCS_3m_NAVDm.tif,19,0.38468167185783386,38.87492769,-76.54990587,0.052681671857833845
Shaw_et_al_2020,NA,GCW,CB109,2014,7,2,0.25,GEOID12B,wetland,C4,NA,-33.35449981689453,-33.398616790771484,-33.3565673828125,0.25,MD_West_GCS_3m_NAVDm.tif,19,0.3260037899017334,38.874708,-76.547196,0.0760037899017334
COMPASS-RTK,NA,MSM,MSM_WC_AQ600,2024,1,24,0.328,GEOID18,wetland,NA,NA,-34.871498107910156,-34.87641906738281,-34.85335159301758,0.3230790405273467,MD_East_GCS_3m_NAVDm.tif,15,0.28919336199760437,38.42913674233014,-76.22746097598889,-0.033885678529742336
COMPASS-RTK,NA,GWI,GWI_TR_AQ600,2024,11,14,0.671997,GEOID18,transition,NA,NA,-36.06039810180664,-36.05931854248047,-36.0400390625,0.6730765593261694,VA_Middle_GCS_3m_NAVDm.tif,26,0.7178375124931335,37.21926141023374,-76.40925656515758,0.04476095316696416
COMPASS-RTK,NA,GWI,GWI_TR_LoggerBox,2024,11,14,0.57532,GEOID18,transition,NA,NA,-36.06039810180664,-36.05931854248047,-36.0400390625,0.5763995593261697,VA_Middle_GCS_3m_NAVDm.tif,26,0.6252416968345642,37.219275046953065,-76.4092768674958,0.0488421375083945
COMPASS-RTK,NA,GWI,GWI_TR_Macrophyte_Flux_Collar_1,2024,11,14,0.671595,GEOID18,transition,NA,NA,-36.06039810180664,-36.05931854248047,-36.0400390625,0.6726745593261754,VA_Middle_GCS_3m_NAVDm.tif,26,0.7178375124931335,37.21925688075718,-76.40924605337759,0.045162953166958175
COMPASS-RTK,NA,GWI,GWI_TR_Macrophyte_Flux_Collar_2,2024,11,14,0.736445,GEOID18,transition,NA,NA,-36.06039810180664,-36.05931854248047,-36.0400390625,0.7375245593261752,VA_Middle_GCS_3m_NAVDm.tif,26,0.7818669676780701,37.2192411345713,-76.40919586761122,0.044342408351894846
COMPASS-RTK,NA,GWI,GWI_TR_Macrophyte_Flux_Collar_3,2024,11,14,0.684143,GEOID18,transition,NA,NA,-36.06039810180664,-36.05931854248047,-36.0400390625,0.6852225593261707,VA_Middle_GCS_3m_NAVDm.tif,26,0.6886552572250366,37.21917260156134,-76.40918899329812,0.0034326978988659107
COMPASS-RTK,NA,GWI,GWI_TR_Macrophyte_Flux_Collar_4,2024,11,14,0.62699800000000006,GEOID18,transition,NA,NA,-36.06039810180664,-36.05931854248047,-36.0400390625,0.6280775593261723,VA_Middle_GCS_3m_NAVDm.tif,26,0.7743048071861267,37.219103970115015,-76.40925006475949,0.14622724785995445
COMPASS-RTK,NA,GWI,GWI_TR_Macrophyte_Flux_Collar_5,2024,11,14,0.709083,GEOID18,transition,NA,NA,-36.06039810180664,-36.05931854248047,-36.0400390625,0.7101625593261716,VA_Middle_GCS_3m_NAVDm.tif,26,0.7984805703163147,37.21921879673421,-76.4092925994436,0.08831801099014314
COMPASS-RTK,NA,GWI,GWI_TR_MultiplexerBox,2024,11,14,0.666226,GEOID18,transition,NA,NA,-36.06039810180664,-36.05931854248047,-36.0400390625,0.6673055593261736,VA_Middle_GCS_3m_NAVDm.tif,26,0.6997914910316467,37.21925067765958,-76.40927636813824,0.03248593170547309
COMPASS-RTK,NA,GWI,GWI_TR_Soil_Flux_Collar_1,2024,11,14,0.676447,GEOID18,transition,NA,NA,-36.06039810180664,-36.05931854248047,-36.0400390625,0.677526559326175,VA_Middle_GCS_3m_NAVDm.tif,26,0.7248243689537048,37.21926628887112,-76.40925260959793,0.04729780962752983
COMPASS-RTK,NA,GWI,GWI_TR_Soil_Flux_Collar_2,2024,11,14,0.655599,GEOID18,transition,NA,NA,-36.06039810180664,-36.05931854248047,-36.0400390625,0.6566785593261741,VA_Middle_GCS_3m_NAVDm.tif,26,0.6958475112915039,37.21922803407824,-76.40920463811905,0.03916895196532977
COMPASS-RTK,NA,GWI,GWI_TR_Soil_Flux_Collar_3,2024,11,14,0.749271,GEOID18,transition,NA,NA,-36.06039810180664,-36.05931854248047,-36.0400390625,0.7503505593261721,VA_Middle_GCS_3m_NAVDm.tif,26,0.6886552572250366,37.21916317795002,-76.40919914390462,-0.061695302101135496
COMPASS-RTK,NA,GWI,GWI_TR_Soil_Flux_Collar_4,2024,11,14,0.604412,GEOID18,transition,NA,NA,-36.06039810180664,-36.05931854248047,-36.0400390625,0.6054915593261683,VA_Middle_GCS_3m_NAVDm.tif,26,0.7743048071861267,37.219117324772384,-76.40926484488278,0.16881324785995844
COMPASS-RTK,NA,GWI,GWI_TR_Soil_Flux_Collar_5,2024,11,14,0.626539,GEOID18,transition,NA,NA,-36.06039810180664,-36.05931854248047,-36.0400390625,0.6276185593261729,VA_Middle_GCS_3m_NAVDm.tif,26,0.7984805703163147,37.21921655306056,-76.40929879456117,0.17086201099014175
COMPASS-RTK,NA,GWI,GWI_UP_AQ600,2024,11,14,1.060355,GEOID18,upland,NA,NA,-36.06039810180664,-36.05931854248047,-36.0400390625,1.0614345593261731,VA_Middle_GCS_3m_NAVDm.tif,26,1.0236726999282837,37.21926126932744,-76.40857685512056,-0.03776185939788945
COMPASS-RTK,NA,GWI,GWI_UP_GasWells_A,2024,11,14,1.014612,GEOID18,upland,NA,NA,-36.06039810180664,-36.05931854248047,-36.0400390625,1.0156915593261715,VA_Middle_GCS_3m_NAVDm.tif,26,1.0236726999282837,37.219258942291425,-76.40858856517265,0.007981140602112191
COMPASS-RTK,NA,GWI,GWI_UP_GasWells_B,2024,11,14,1.039502,GEOID18,upland,NA,NA,-36.06039810180664,-36.05931854248047,-36.0400390625,1.0405815593261707,VA_Middle_GCS_3m_NAVDm.tif,26,1.0132755041122437,37.21927406971467,-76.40857202171269,-0.02730605521392704
COMPASS-RTK,NA,GWI,GWI_UP_GasWells_C,2024,11,14,0.984216,GEOID18,upland,NA,NA,-36.06039810180664,-36.05931854248047,-36.0400390625,0.9852955593261754,VA_Middle_GCS_3m_NAVDm.tif,26,0.9869012832641602,37.21921497432452,-76.40862858104718,0.0016057239379847488
COMPASS-RTK,NA,GWI,GWI_UP_LoggerBox,2024,11,14,0.989903,GEOID18,upland,NA,NA,-36.06039810180664,-36.05931854248047,-36.0400390625,0.99098255932617,VA_Middle_GCS_3m_NAVDm.tif,26,1.0132755041122437,37.21926507655021,-76.4085908307289,0.022292944786073687
COMPASS-RTK,NA,GWI,GWI_UP_Lysimeters_A,2024,11,14,1.009415,GEOID18,upland,NA,NA,-36.06039810180664,-36.05931854248047,-36.0400390625,1.010494559326169,VA_Middle_GCS_3m_NAVDm.tif,26,1.0236726999282837,37.21926006008365,-76.40858286672265,0.013178140602114752
COMPASS-RTK,NA,GWI,GWI_UP_Lysimeters_B,2024,11,14,1.012043,GEOID18,upland,NA,NA,-36.06039810180664,-36.05931854248047,-36.0400390625,1.0131225593261703,VA_Middle_GCS_3m_NAVDm.tif,26,1.0132755041122437,37.21928648055382,-76.40857719919697,1.5294478607330575e-4
COMPASS-RTK,NA,GWI,GWI_UP_Lysimeters_C,2024,11,14,1.001157,GEOID18,upland,NA,NA,-36.06039810180664,-36.05931854248047,-36.0400390625,1.002236559326171,VA_Middle_GCS_3m_NAVDm.tif,26,0.9869012832641602,37.21921911013382,-76.40862412071343,-0.015335276062010905
COMPASS-RTK,NA,GWI,GWI_UP_MultiplexerBox,2024,11,14,1.036494,GEOID18,upland,NA,NA,-36.06039810180664,-36.05931854248047,-36.0400390625,1.0375735593261697,VA_Middle_GCS_3m_NAVDm.tif,26,0.9869012832641602,37.21923284567013,-76.4086385739233,-0.050672276062009525
COMPASS-RTK,NA,GWI,GWI_UP_SF_Tree_1,2024,11,14,1.020645,GEOID18,upland,NA,NA,-36.06039810180664,-36.05931854248047,-36.0400390625,1.0217245593261737,VA_Middle_GCS_3m_NAVDm.tif,26,0.9517560601234436,37.21918623634797,-76.4086443520906,-0.06996849920273007
COMPASS-RTK,NA,GWI,GWI_UP_SF_Tree_4,2024,11,14,1.063391,GEOID18,upland,NA,NA,-36.06039810180664,-36.05931854248047,-36.0400390625,1.0644705593261747,VA_Middle_GCS_3m_NAVDm.tif,26,1.0204259157180786,37.21933792612371,-76.40854494732918,-0.04404464360809612
COMPASS-RTK,NA,GWI,GWI_UP_SF_Tree_5,2024,11,14,1.126655,GEOID18,upland,NA,NA,-36.06039810180664,-36.05931854248047,-36.0400390625,1.1277345593261714,VA_Middle_GCS_3m_NAVDm.tif,26,0.9664546847343445,37.21934319868806,-76.4085104636271,-0.1612798745918269
COMPASS-RTK,NA,GWI,GWI_UP_SF_Tree_6,2024,11,14,1.252582,GEOID18,upland,NA,NA,-36.06039810180664,-36.05931854248047,-36.0400390625,1.2536615593261686,VA_Middle_GCS_3m_NAVDm.tif,26,1.0480791330337524,37.219281074537655,-76.4085274638373,-0.2055824262924162
COMPASS-RTK,NA,GWI,GWI_UP_SF_Tree_7,2024,11,14,1.178979,GEOID18,upland,NA,NA,-36.06039810180664,-36.05931854248047,-36.0400390625,1.18005855932617,VA_Middle_GCS_3m_NAVDm.tif,26,1.042115569114685,37.21923692301141,-76.40856026531118,-0.13794299021148504
COMPASS-RTK,NA,GWI,GWI_UP_SF_Tree_8,2024,11,14,1.168178,GEOID18,upland,NA,NA,-36.06039810180664,-36.05931854248047,-36.0400390625,1.1692575593261694,VA_Middle_GCS_3m_NAVDm.tif,26,1.0298693180084229,37.21917691684387,-76.40854599236388,-0.13938824131774652
COMPASS-RTK,NA,GWI,GWI_UP_SG_Tree_3,2024,11,14,1.021564,GEOID18,upland,NA,NA,-36.06039810180664,-36.05931854248047,-36.0400390625,1.0226435593261698,VA_Middle_GCS_3m_NAVDm.tif,26,0.9733296632766724,37.219265484385936,-76.40862597309133,-0.04931389604949743
COMPASS-RTK,NA,GWI,GWI_UP_SamplingZone,2024,11,14,0.994052,GEOID18,upland,NA,NA,-36.06039810180664,-36.05931854248047,-36.0400390625,0.9951315593261754,VA_Middle_GCS_3m_NAVDm.tif,26,0.9664730429649353,37.21913960016298,-76.40854529670408,-0.02865851636124006
COMPASS-RTK,NA,GWI,GWI_UP_Soil_Flux_Collar_1,2024,11,14,0.977437,GEOID18,upland,NA,NA,-36.06039810180664,-36.05931854248047,-36.0400390625,0.9785165593261738,VA_Middle_GCS_3m_NAVDm.tif,26,0.9144519567489624,37.219313843379574,-76.40868003439805,-0.06406460257721136
COMPASS-RTK,NA,GWI,GWI_UP_Soil_Flux_Collar_2,2024,11,14,0.990249,GEOID18,upland,NA,NA,-36.06039810180664,-36.05931854248047,-36.0400390625,0.9913285593261704,VA_Middle_GCS_3m_NAVDm.tif,26,0.9616221189498901,37.21930114633304,-76.40862786875793,-0.02970644037628023
COMPASS-RTK,NA,GWI,GWI_UP_Soil_Flux_Collar_3,2024,11,14,1.005937,GEOID18,upland,NA,NA,-36.06039810180664,-36.05931854248047,-36.0400390625,1.0070165593261748,VA_Middle_GCS_3m_NAVDm.tif,26,0.9700092673301697,37.21929964359834,-76.40854316812215,-0.037007291996005165
COMPASS-RTK,NA,GWI,GWI_UP_Soil_Flux_Collar_4,2024,11,14,1.107622,GEOID18,upland,NA,NA,-36.06039810180664,-36.05931854248047,-36.0400390625,1.108701559326171,VA_Middle_GCS_3m_NAVDm.tif,26,1.0614656209945679,37.21919555883916,-76.40848845313161,-0.04723593833160322
COMPASS-RTK,NA,GWI,GWI_UP_Soil_Flux_Collar_5,2024,11,14,0.962506,GEOID18,upland,NA,NA,-36.06039810180664,-36.05931854248047,-36.0400390625,0.9635855593261696,VA_Middle_GCS_3m_NAVDm.tif,26,0.9869012832641602,37.219220659628775,-76.40863014783604,0.02331572393799053
COMPASS-RTK,NA,GWI,GWI_UP_Teros,2024,11,14,0.985557,GEOID18,upland,NA,NA,-36.06039810180664,-36.05931854248047,-36.0400390625,0.986636559326172,VA_Middle_GCS_3m_NAVDm.tif,26,0.9869012832641602,37.21921586360253,-76.40864497680543,2.6472393798815386e-4
COMPASS-RTK,NA,GWI,GWI_UP_TreePlot_Corner,2024,11,14,1.095812,GEOID18,upland,NA,NA,-36.06039810180664,-36.05931854248047,-36.0400390625,1.096891559326174,VA_Middle_GCS_3m_NAVDm.tif,26,0.9526330232620239,37.219172732361635,-76.4084588186959,-0.14425853606415018
COMPASS-RTK,NA,GWI,GWI_UP_VegPlot_1,2024,11,14,1.112838,GEOID18,upland,Toxicodendron radicans,NA,-36.06039810180664,-36.05931854248047,-36.0400390625,1.1139175593261683,VA_Middle_GCS_3m_NAVDm.tif,26,1.0614656209945679,37.219208360421305,-76.40848823336796,-0.052451938331600445
COMPASS-RTK,NA,GWI,GWI_UP_VegPlot_2,2024,11,14,0.966041,GEOID18,upland,Persea palustris,NA,-36.06039810180664,-36.05931854248047,-36.0400390625,0.9671205593261688,VA_Middle_GCS_3m_NAVDm.tif,26,0.9517560601234436,37.21918877403375,-76.40863801801504,-0.015364499202725201
COMPASS-RTK,NA,GWI,GWI_UP_VegPlot_3,2024,11,14,1.112774,GEOID18,upland,Persea palustris,NA,-36.06039810180664,-36.05931854248047,-36.0400390625,1.1138535593261736,VA_Middle_GCS_3m_NAVDm.tif,26,0.9494291543960571,37.219223024391155,-76.40858979602551,-0.16442440493011645
COMPASS-RTK,NA,GWI,GWI_UP_VegPlot_4,2024,11,14,1.088291,GEOID18,upland,Persea palustris,NA,-36.06039810180664,-36.05931854248047,-36.0400390625,1.08937055932617,VA_Middle_GCS_3m_NAVDm.tif,26,0.9467943906784058,37.21934767653488,-76.40847855953471,-0.14257616864776423
COMPASS-RTK,NA,GWI,GWI_WC_AQ600,2024,11,14,0.556758,GEOID18,wetland,NA,NA,-36.06039810180664,-36.05931854248047,-36.0400390625,0.557837559326174,VA_Middle_GCS_3m_NAVDm.tif,26,0.626667857170105,37.218856501521415,-76.4101349026295,0.06883029784393102
COMPASS-RTK,NA,GWI,GWI_WC_GasWells_A,2024,11,14,0.504453,GEOID18,wetland,NA,NA,-36.06039810180664,-36.05931854248047,-36.0400390625,0.5055325593261699,VA_Middle_GCS_3m_NAVDm.tif,26,0.6095942258834839,37.218862443686646,-76.41009213349534,0.10406166655731397
COMPASS-RTK,NA,GWI,GWI_WC_GasWells_B,2024,11,14,0.50853,GEOID18,wetland,NA,NA,-36.06039810180664,-36.05931854248047,-36.0400390625,0.5096095593261722,VA_Middle_GCS_3m_NAVDm.tif,26,0.5937157273292542,37.21885522374766,-76.41011119557766,0.0841061680030819
COMPASS-RTK,NA,GWI,GWI_WC_GasWells_C,2024,11,14,0.498675,GEOID18,wetland,NA,NA,-36.06039810180664,-36.05931854248047,-36.0400390625,0.4997545593261705,VA_Middle_GCS_3m_NAVDm.tif,26,0.5760036110877991,37.21883043211774,-76.41017836895615,0.07624905176162855
COMPASS-RTK,NA,GWI,GWI_WC_LoggerBox,2024,11,14,0.48308,GEOID18,wetland,NA,NA,-36.06039810180664,-36.05931854248047,-36.0400390625,0.48415955932617294,VA_Middle_GCS_3m_NAVDm.tif,26,0.6211429238319397,37.21884711149184,-76.41015621285521,0.13698336450576676
COMPASS-RTK,NA,GWI,GWI_WC_Lysimeters_A,2024,11,14,0.514578,GEOID18,wetland,NA,NA,-36.06039810180664,-36.05931854248047,-36.0400390625,0.5156575593261721,VA_Middle_GCS_3m_NAVDm.tif,26,0.6095942258834839,37.21886532815198,-76.41009376685088,0.09393666655731181
COMPASS-RTK,NA,GWI,GWI_WC_Lysimeters_B,2024,11,14,0.513587,GEOID18,wetland,NA,NA,-36.06039810180664,-36.05931854248047,-36.0400390625,0.514666559326173,VA_Middle_GCS_3m_NAVDm.tif,26,0.5937157273292542,37.2188583707543,-76.41011470838892,0.07904916800308115
COMPASS-RTK,NA,GWI,GWI_WC_Lysimeters_C,2024,11,14,0.500105,GEOID18,wetland,NA,NA,-36.06039810180664,-36.05931854248047,-36.0400390625,0.5011845593261697,VA_Middle_GCS_3m_NAVDm.tif,26,0.605087399482727,37.21883423589336,-76.4101819336804,0.10390284015655737
COMPASS-RTK,NA,GWI,GWI_WC_Macrophyte_Flux_Collar_1,2024,11,14,0.515141,GEOID18,wetland,NA,NA,-36.06039810180664,-36.05931854248047,-36.0400390625,0.5162205593261717,VA_Middle_GCS_3m_NAVDm.tif,26,0.6095942258834839,37.21887415723958,-76.41008398920954,0.09337366655731216
COMPASS-RTK,NA,GWI,GWI_WC_Macrophyte_Flux_Collar_2,2024,11,14,0.501648,GEOID18,wetland,NA,NA,-36.06039810180664,-36.05931854248047,-36.0400390625,0.5027275593261749,VA_Middle_GCS_3m_NAVDm.tif,26,0.6275730729103088,37.218863253953245,-76.41010554959668,0.12484551358413398
COMPASS-RTK,NA,GWI,GWI_WC_Macrophyte_Flux_Collar_3,2024,11,14,0.52241,GEOID18,wetland,NA,NA,-36.06039810180664,-36.05931854248047,-36.0400390625,0.5234895593261726,VA_Middle_GCS_3m_NAVDm.tif,26,0.5937157273292542,37.218855916092835,-76.41012552207248,0.07022616800308157
COMPASS-RTK,NA,GWI,GWI_WC_Macrophyte_Flux_Collar_4,2024,11,14,0.481941,GEOID18,wetland,NA,NA,-36.06039810180664,-36.05931854248047,-36.0400390625,0.48302055932617094,VA_Middle_GCS_3m_NAVDm.tif,26,0.6211429238319397,37.218838410343515,-76.41017443839117,0.13812236450576876
COMPASS-RTK,NA,GWI,GWI_WC_Macrophyte_Flux_Collar_5,2024,11,14,0.51369,GEOID18,wetland,NA,NA,-36.06039810180664,-36.05931854248047,-36.0400390625,0.5147695593261687,VA_Middle_GCS_3m_NAVDm.tif,26,0.637144923210144,37.21883132423218,-76.41019530178038,0.1223753638839753
COMPASS-RTK,NA,GWI,GWI_WC_PARsensor,2024,11,14,0.517269,GEOID18,wetland,NA,NA,-36.06039810180664,-36.05931854248047,-36.0400390625,0.5183485593261707,VA_Middle_GCS_3m_NAVDm.tif,26,0.626667857170105,37.21885061797086,-76.41014536123265,0.10831929784393424
COMPASS-RTK,NA,GWI,GWI_WC_SamplingZone,2024,11,14,0.534158,GEOID18,wetland,NA,NA,-36.06039810180664,-36.05931854248047,-36.0400390625,0.5352375593261698,VA_Middle_GCS_3m_NAVDm.tif,26,0.6902818083763123,37.21886559641161,-76.40992729346442,0.15504424905014247
COMPASS-RTK,NA,GWI,GWI_WC_Teros,2024,11,14,0.503936,GEOID18,wetland,NA,NA,-36.06039810180664,-36.05931854248047,-36.0400390625,0.5050155593261749,VA_Middle_GCS_3m_NAVDm.tif,26,0.6211429238319397,37.218833200784495,-76.41016295074952,0.11612736450576477
COMPASS-RTK,NA,GWI,GWI_WC_VegPlot_1,2024,11,14,0.502329,GEOID18,wetland,C4,NA,-36.06039810180664,-36.05931854248047,-36.0400390625,0.503408559326175,VA_Middle_GCS_3m_NAVDm.tif,26,0.6164945960044861,37.21885463241006,-76.41001955255896,0.11308603667831107
COMPASS-RTK,NA,GWI,GWI_WC_VegPlot_2,2024,11,14,0.493136,GEOID18,wetland,C4,NA,-36.06039810180664,-36.05931854248047,-36.0400390625,0.49421555932617167,VA_Middle_GCS_3m_NAVDm.tif,26,0.6151025891304016,37.21884369383014,-76.41004956844623,0.12088702980422994
COMPASS-RTK,NA,GWI,GWI_WC_VegPlot_3,2024,11,14,0.514727,GEOID18,wetland,C4,NA,-36.06039810180664,-36.05931854248047,-36.0400390625,0.5158065593261725,VA_Middle_GCS_3m_NAVDm.tif,26,0.5867903232574463,37.218816138781975,-76.41009297606381,0.07098376393127381
COMPASS-RTK,NA,GWI,GWI_WC_VegPlot_4,2024,11,14,0.489293,GEOID18,wetland,C4,NA,-36.06039810180664,-36.05931854248047,-36.0400390625,0.4903725593261754,VA_Middle_GCS_3m_NAVDm.tif,26,0.588642418384552,37.21881312689286,-76.41012417860408,0.0982698590583766
COMPASS-RTK,NA,GWI,GWI_WC_VegPlot_5,2024,11,14,0.484877,GEOID18,wetland,C4,NA,-36.06039810180664,-36.05931854248047,-36.0400390625,0.4859565593261692,VA_Middle_GCS_3m_NAVDm.tif,26,0.5791562795639038,37.218798518394934,-76.4101598029013,0.0931997202377346
COMPASS-RTK,NA,GWI,GWI_WC_WeatherStation,2024,11,14,0.479167,GEOID18,wetland,NA,NA,-36.06039810180664,-36.05931854248047,-36.0400390625,0.48024655932616866,VA_Middle_GCS_3m_NAVDm.tif,26,0.6211429238319397,37.21884286684601,-76.4101667570819,0.14089636450577103
COMPASS-RTK,NA,SWH,SWH_SWAMP_AQ600,2025,2,18,0.714962,GEOID18,swamp,NA,NA,-34.40739822387695,-34.40305709838867,-34.372440338134766,0.7193031254882811,VA_Middle_GCS_3m_NAVDm.tif,26,0.6938122510910034,37.57055799744128,-76.89571970819367,-0.025490874397277707
COMPASS-RTK,NA,SWH,SWH_SWAMP_GasWells_A,2025,2,18,0.658355,GEOID18,swamp,NA,NA,-34.40739822387695,-34.40305709838867,-34.372440338134766,0.6626961254882815,VA_Middle_GCS_3m_NAVDm.tif,26,0.7237095236778259,37.57054657324532,-76.89570784860148,0.06101339818954443
COMPASS-RTK,NA,SWH,SWH_SWAMP_GasWells_B,2025,2,18,0.708236,GEOID18,swamp,NA,NA,-34.40739822387695,-34.40305709838867,-34.372440338134766,0.7125771254882807,VA_Middle_GCS_3m_NAVDm.tif,26,0.9664793014526367,37.57058384634542,-76.89577732528629,0.25390217596435605
COMPASS-RTK,NA,SWH,SWH_SWAMP_GasWells_C,2025,2,18,0.620018,GEOID18,swamp,NA,NA,-34.40739822387695,-34.40305709838867,-34.372440338134766,0.624359125488283,VA_Middle_GCS_3m_NAVDm.tif,26,0.6970992088317871,37.570637485677835,-76.89556968374346,0.07274008334350412
COMPASS-RTK,NA,SWH,SWH_SWAMP_LoggerBox,2025,2,18,0.723587,GEOID18,swamp,NA,NA,-34.40739822387695,-34.40305709838867,-34.372440338134766,0.7279281254882832,VA_Middle_GCS_3m_NAVDm.tif,26,0.6938122510910034,37.570559162739926,-76.89572841420775,-0.03411587439727981
COMPASS-RTK,NA,SWH,SWH_SWAMP_Lysimeters_A,2025,2,18,0.670119,GEOID18,swamp,NA,NA,-34.40739822387695,-34.40305709838867,-34.372440338134766,0.6744601254882809,VA_Middle_GCS_3m_NAVDm.tif,26,0.6938122510910034,37.57055848550006,-76.89571328890875,0.01935212560272248
COMPASS-RTK,NA,SWH,SWH_SWAMP_Lysimeters_B,2025,2,18,0.811455,GEOID18,swamp,NA,NA,-34.40739822387695,-34.40305709838867,-34.372440338134766,0.8157961254882835,VA_Middle_GCS_3m_NAVDm.tif,26,0.9664793014526367,37.5705854847229,-76.89576981669119,0.1506831759643532
COMPASS-RTK,NA,SWH,SWH_SWAMP_Lysimeters_C,2025,2,18,0.770245,GEOID18,swamp,NA,NA,-34.40739822387695,-34.40305709838867,-34.372440338134766,0.774586125488284,VA_Middle_GCS_3m_NAVDm.tif,26,0.6493518352508545,37.57063212140653,-76.89556679973508,-0.1252342902374295
COMPASS-RTK,NA,SWH,SWH_SWAMP_MultiplexerBox,2025,2,18,0.730359,GEOID18,swamp,NA,NA,-34.40739822387695,-34.40305709838867,-34.372440338134766,0.7347001254882812,VA_Middle_GCS_3m_NAVDm.tif,26,0.7188453674316406,37.570625109106516,-76.89556083020344,-0.015854758056640605
COMPASS-RTK,NA,SWH,SWH_SWAMP_Soil_Flux_1,2025,2,18,0.663082,GEOID18,swamp,NA,NA,-34.40739822387695,-34.40305709838867,-34.372440338134766,0.6674231254882841,VA_Middle_GCS_3m_NAVDm.tif,26,0.6938122510910034,37.570560580987774,-76.8957056118535,0.026389125602719332
COMPASS-RTK,NA,SWH,SWH_SWAMP_Soil_Flux_2,2025,2,18,0.799643,GEOID18,swamp,NA,NA,-34.40739822387695,-34.40305709838867,-34.372440338134766,0.8039841254882845,VA_Middle_GCS_3m_NAVDm.tif,26,0.9664793014526367,37.5705842356625,-76.89576235868378,0.16249517596435226
COMPASS-RTK,NA,SWH,SWH_SWAMP_Soil_Flux_3,2025,2,18,0.866009,GEOID18,swamp,NA,NA,-34.40739822387695,-34.40305709838867,-34.372440338134766,0.8703501254882795,VA_Middle_GCS_3m_NAVDm.tif,26,0.7616004347801208,37.57069936045348,-76.8957272969318,-0.10874969070815865
COMPASS-RTK,NA,SWH,SWH_SWAMP_Soil_Flux_4,2025,2,18,0.900799,GEOID18,swamp,NA,NA,-34.40739822387695,-34.40305709838867,-34.372440338134766,0.9051401254882804,VA_Middle_GCS_3m_NAVDm.tif,26,1.063848853111267,37.57077818944411,-76.89569042624208,0.1587087276229867
COMPASS-RTK,NA,SWH,SWH_SWAMP_Soil_Flux_5,2025,2,18,0.814215,GEOID18,swamp,NA,NA,-34.40739822387695,-34.40305709838867,-34.372440338134766,0.8185561254882785,VA_Middle_GCS_3m_NAVDm.tif,26,0.7252225279808044,37.57062866423887,-76.89551949243274,-0.09333359750747405
COMPASS-RTK,NA,SWH,SWH_SWAMP_Teros,2025,2,18,0.722996,GEOID18,swamp,NA,NA,-34.40739822387695,-34.40305709838867,-34.372440338134766,0.7273371254882832,VA_Middle_GCS_3m_NAVDm.tif,26,0.6938122510910034,37.57056511171787,-76.89571068452223,-0.0335248743972798
COMPASS-RTK,NA,SWH,SWH_TR_AQ600,2025,2,18,0.46857,GEOID18,transition,NA,NA,-34.40739822387695,-34.40305709838867,-34.372440338134766,0.47291112548828096,VA_Middle_GCS_3m_NAVDm.tif,26,0.4217451810836792,37.56879927662969,-76.89652812068566,-0.05116594440460176
COMPASS-RTK,NA,SWH,SWH_TR_GasWells_A,2025,2,18,0.550511,GEOID18,transition,NA,NA,-34.40739822387695,-34.40305709838867,-34.372440338134766,0.5548521254882814,VA_Middle_GCS_3m_NAVDm.tif,26,0.4217451810836792,37.56880025818919,-76.8965211030339,-0.13310694440460225
COMPASS-RTK,NA,SWH,SWH_TR_GasWells_B,2025,2,18,0.518189,GEOID18,transition,NA,NA,-34.40739822387695,-34.40305709838867,-34.372440338134766,0.5225301254882808,VA_Middle_GCS_3m_NAVDm.tif,26,0.4187304377555847,37.568799844585655,-76.89650535850399,-0.1037996877326961
COMPASS-RTK,NA,SWH,SWH_TR_GasWells_C,2025,2,18,0.523621,GEOID18,transition,NA,NA,-34.40739822387695,-34.40305709838867,-34.372440338134766,0.5279621254882798,VA_Middle_GCS_3m_NAVDm.tif,26,0.4042445719242096,37.568635629008135,-76.89660675460767,-0.12371755356407022
COMPASS-RTK,NA,SWH,SWH_TR_LoggerBox,2025,2,18,0.448007,GEOID18,swamp,NA,NA,-34.40739822387695,-34.40305709838867,-34.372440338134766,0.4523481254882782,VA_Middle_GCS_3m_NAVDm.tif,26,0.461331307888031,37.5687966307209,-76.89654208028105,0.00898318239975282
COMPASS-RTK,NA,SWH,SWH_TR_Lysimeters_A,2025,2,18,0.560202,GEOID18,transition,NA,NA,-34.40739822387695,-34.40305709838867,-34.372440338134766,0.564543125488278,VA_Middle_GCS_3m_NAVDm.tif,26,0.4217451810836792,37.56880361052902,-76.89652067819817,-0.1427979444045988
COMPASS-RTK,NA,SWH,SWH_TR_Lysimeters_B,2025,2,18,0.558498,GEOID18,transition,NA,NA,-34.40739822387695,-34.40305709838867,-34.372440338134766,0.5628391254882814,VA_Middle_GCS_3m_NAVDm.tif,26,0.4187304377555847,37.5688032851965,-76.896503071478,-0.1441086877326967
COMPASS-RTK,NA,SWH,SWH_TR_Lysimeters_C,2025,2,18,0.548461,GEOID18,transition,NA,NA,-34.40739822387695,-34.40305709838867,-34.372440338134766,0.5528021254882844,VA_Middle_GCS_3m_NAVDm.tif,26,0.4042445719242096,37.56863181054422,-76.89661581318651,-0.14855755356407485
COMPASS-RTK,NA,SWH,SWH_TR_MultiplexerBox,2025,2,18,0.344158,GEOID18,transition,NA,NA,-34.40739822387695,-34.40305709838867,-34.372440338134766,0.34849912548828144,VA_Middle_GCS_3m_NAVDm.tif,26,0.4500589370727539,37.56866728759732,-76.89659342713614,0.10155981158447247
COMPASS-RTK,NA,SWH,SWH_TR_SamplingZone,2025,2,18,0.428766,GEOID18,transition,NA,NA,-34.40739822387695,-34.40305709838867,-34.372440338134766,0.43310712548828434,VA_Middle_GCS_3m_NAVDm.tif,26,0.38721606135368347,37.56871760174377,-76.89660326698497,-0.04589106413460087
COMPASS-RTK,NA,SWH,SWH_TR_Soil_Flux_1,2025,2,18,0.549169,GEOID18,transition,NA,NA,-34.40739822387695,-34.40305709838867,-34.372440338134766,0.5535101254882804,VA_Middle_GCS_3m_NAVDm.tif,26,0.4217451810836792,37.568801447306306,-76.89651520835923,-0.13176494440460118
COMPASS-RTK,NA,SWH,SWH_TR_Soil_Flux_10,2025,2,18,0.352543,GEOID18,transition,NA,NA,-34.40739822387695,-34.40305709838867,-34.372440338134766,0.3568841254882784,VA_Middle_GCS_3m_NAVDm.tif,26,0.4287760257720947,37.568619532868176,-76.89662020237434,0.07189190028381631
COMPASS-RTK,NA,SWH,SWH_TR_Soil_Flux_2,2025,2,18,0.508551,GEOID18,transition,NA,NA,-34.40739822387695,-34.40305709838867,-34.372440338134766,0.5128921254882783,VA_Middle_GCS_3m_NAVDm.tif,26,0.38912084698677063,37.568786069410685,-76.89645084853481,-0.12377127850150771
COMPASS-RTK,NA,SWH,SWH_TR_Soil_Flux_3,2025,2,18,0.479751,GEOID18,transition,NA,NA,-34.40739822387695,-34.40305709838867,-34.372440338134766,0.4840921254882815,VA_Middle_GCS_3m_NAVDm.tif,26,0.43403273820877075,37.568733840590504,-76.89651303202972,-0.05005938727951076
COMPASS-RTK,NA,SWH,SWH_TR_Soil_Flux_4,2025,2,18,0.49766,GEOID18,transition,NA,NA,-34.40739822387695,-34.40305709838867,-34.372440338134766,0.5020011254882846,VA_Middle_GCS_3m_NAVDm.tif,26,0.4287760257720947,37.56862777330662,-76.89662000364717,-0.07322509971618985
COMPASS-RTK,NA,SWH,SWH_TR_Soil_Flux_5,2025,2,18,0.565422,GEOID18,transition,NA,NA,-34.40739822387695,-34.40305709838867,-34.372440338134766,0.5697631254882793,VA_Middle_GCS_3m_NAVDm.tif,26,0.3616132438182831,37.56862455144231,-76.89656698639664,-0.20814988166999626
COMPASS-RTK,NA,SWH,SWH_TR_Soil_Flux_6,2025,2,18,0.392088,GEOID18,transition,NA,NA,-34.40739822387695,-34.40305709838867,-34.372440338134766,0.3964291254882823,VA_Middle_GCS_3m_NAVDm.tif,26,0.4217451810836792,37.56881227813846,-76.8965272933784,0.025316055595396902
COMPASS-RTK,NA,SWH,SWH_TR_Soil_Flux_7,2025,2,18,0.410339,GEOID18,transition,NA,NA,-34.40739822387695,-34.40305709838867,-34.372440338134766,0.4146801254882817,VA_Middle_GCS_3m_NAVDm.tif,26,0.38912084698677063,37.56879096963642,-76.89644427256776,-0.025559278501511074
COMPASS-RTK,NA,SWH,SWH_TR_Soil_Flux_8,2025,2,18,0.39597,GEOID18,transition,NA,NA,-34.40739822387695,-34.40305709838867,-34.372440338134766,0.4003111254882796,VA_Middle_GCS_3m_NAVDm.tif,26,0.46963614225387573,37.56873880760307,-76.89654339673869,0.06932501676559616
COMPASS-RTK,NA,SWH,SWH_TR_Soil_Flux_9,2025,2,18,0.336365,GEOID18,transition,NA,NA,-34.40739822387695,-34.40305709838867,-34.372440338134766,0.34070612548828194,VA_Middle_GCS_3m_NAVDm.tif,26,0.3616132438182831,37.568620221125606,-76.89658400334538,0.02090711833000114
COMPASS-RTK,NA,SWH,SWH_TR_Teros,2025,2,18,0.554028,GEOID18,transition,NA,NA,-34.40739822387695,-34.40305709838867,-34.372440338134766,0.5583691254882837,VA_Middle_GCS_3m_NAVDm.tif,26,0.4974820911884308,37.56866503821969,-76.89657331344686,-0.06088703429985287
COMPASS-RTK,NA,SWH,SWH_TR_VegPlot_1,2025,2,18,0.436997,GEOID18,transition,Peltandra virginica,NA,-34.40739822387695,-34.40305709838867,-34.372440338134766,0.4413381254882794,VA_Middle_GCS_3m_NAVDm.tif,26,0.38912084698677063,37.56879324432361,-76.89644365590597,-0.05221727850150876
COMPASS-RTK,NA,SWH,SWH_TR_VegPlot_2,2025,2,18,0.430894,GEOID18,transition,Onoclea sensibilis,NA,-34.40739822387695,-34.40305709838867,-34.372440338134766,0.43523512548828336,VA_Middle_GCS_3m_NAVDm.tif,26,0.43403273820877075,37.56872846378271,-76.89652723270133,-0.0012023872795126067
COMPASS-RTK,NA,SWH,SWH_TR_VegPlot_3,2025,2,18,0.545268,GEOID18,transition,Morella cerifera,NA,-34.40739822387695,-34.40305709838867,-34.372440338134766,0.5496091254882813,VA_Middle_GCS_3m_NAVDm.tif,26,0.3616132438182831,37.568612058478024,-76.89656698149123,-0.18799588166999825
COMPASS-RTK,NA,SWH,SWH_TR_VegPlot_4,2025,2,18,0.373206,GEOID18,transition,Smilax rotundifolia,NA,-34.40739822387695,-34.40305709838867,-34.372440338134766,0.3775471254882845,VA_Middle_GCS_3m_NAVDm.tif,26,0.5147943496704102,37.56851250805498,-76.89657246462717,0.13724722418212565
COMPASS-RTK,NA,SWH,SWH_TR_VegPlot_5,2025,2,18,0.369137,GEOID18,transition,Zizania aquatica,NA,-34.40739822387695,-34.40305709838867,-34.372440338134766,0.3734781254882833,VA_Middle_GCS_3m_NAVDm.tif,26,0.4505040645599365,37.568730472632154,-76.8966587311382,0.07702593907165323
COMPASS-RTK,NA,SWH,SWH_UP_AQ600,2025,2,18,1.074645,GEOID18,upland,NA,NA,-34.40739822387695,-34.40305709838867,-34.372440338134766,1.078986125488278,VA_Middle_GCS_3m_NAVDm.tif,26,1.123696208000183,37.570868828413275,-76.8953472971272,0.044710082511905114
COMPASS-RTK,NA,SWH,SWH_UP_GasWells_A,2025,2,18,1.032307,GEOID18,upland,NA,NA,-34.40739822387695,-34.40305709838867,-34.372440338134766,1.0366481254882842,VA_Middle_GCS_3m_NAVDm.tif,26,1.1009856462478638,37.570897069438615,-76.89536755345219,0.06433752075957955
COMPASS-RTK,NA,SWH,SWH_UP_GasWells_B,2025,2,18,1.006839,GEOID18,upland,NA,NA,-34.40739822387695,-34.40305709838867,-34.372440338134766,1.0111801254882806,VA_Middle_GCS_3m_NAVDm.tif,26,0.9767012596130371,37.57086745625623,-76.89535402641529,-0.034478865875243514
COMPASS-RTK,NA,SWH,SWH_UP_GasWells_C,2025,2,18,0.957419,GEOID18,upland,NA,NA,-34.40739822387695,-34.40305709838867,-34.372440338134766,0.9617601254882828,VA_Middle_GCS_3m_NAVDm.tif,26,0.9857553839683533,37.5708544507277,-76.89539139269898,0.023995258480070447
COMPASS-RTK,NA,SWH,SWH_UP_LoggerBox,2025,2,18,0.980915,GEOID18,upland,NA,NA,-34.40739822387695,-34.40305709838867,-34.372440338134766,0.9852561254882845,VA_Middle_GCS_3m_NAVDm.tif,26,0.9767012596130371,37.57086643005609,-76.89536807052451,-0.008554865875247342
COMPASS-RTK,NA,SWH,SWH_UP_Lysimeters_A,2025,2,18,1.106338,GEOID18,upland,NA,NA,-34.40739822387695,-34.40305709838867,-34.372440338134766,1.1106791254882822,VA_Middle_GCS_3m_NAVDm.tif,26,1.1009856462478638,37.57089700129127,-76.89535835561159,-0.009693479240418412
COMPASS-RTK,NA,SWH,SWH_UP_Lysimeters_B,2025,2,18,NA,GEOID18,upland,NA,NA,-34.40739822387695,-34.40305709838867,-34.372440338134766,NA,VA_Middle_GCS_3m_NAVDm.tif,26,0.9767012596130371,37.570861336890616,-76.8953608010199,NA
COMPASS-RTK,NA,SWH,SWH_UP_Lysimeters_C,2025,2,18,0.945444,GEOID18,upland,NA,NA,-34.40739822387695,-34.40305709838867,-34.372440338134766,0.9497851254882832,VA_Middle_GCS_3m_NAVDm.tif,26,0.9857553839683533,37.570848243729166,-76.89539895371895,0.03597025848007007
COMPASS-RTK,NA,SWH,SWH_UP_SamplingZone,2025,2,18,NA,GEOID18,upland,NA,NA,-34.40739822387695,-34.40305709838867,-34.372440338134766,NA,VA_Middle_GCS_3m_NAVDm.tif,26,1.4628418684005737,37.57098160966687,-76.8954046757405,NA
COMPASS-RTK,NA,SWH,SWH_UP_Soil_Flux_Collar_1,2025,2,18,1.124374,GEOID18,upland,NA,NA,-34.40739822387695,-34.40305709838867,-34.372440338134766,1.1287151254882843,VA_Middle_GCS_3m_NAVDm.tif,26,1.1022781133651733,37.57088876856756,-76.89542307778265,-0.026437012123111003
COMPASS-RTK,NA,SWH,SWH_UP_Soil_Flux_Collar_2,2025,2,18,1.156214,GEOID18,upland,NA,NA,-34.40739822387695,-34.40305709838867,-34.372440338134766,1.1605551254882798,VA_Middle_GCS_3m_NAVDm.tif,26,1.1009856462478638,37.570890695204334,-76.89535536106887,-0.059569479240416
COMPASS-RTK,NA,SWH,SWH_UP_Soil_Flux_Collar_3,2025,2,18,0.976828,GEOID18,upland,NA,NA,-34.40739822387695,-34.40305709838867,-34.372440338134766,0.9811691254882788,VA_Middle_GCS_3m_NAVDm.tif,26,0.9767012596130371,37.57085217844198,-76.89535436790662,-0.004467865875241728
COMPASS-RTK,NA,SWH,SWH_UP_Soil_Flux_Collar_4,2025,2,18,0.80013,GEOID18,upland,NA,NA,-34.40739822387695,-34.40305709838867,-34.372440338134766,0.8044711254882841,VA_Middle_GCS_3m_NAVDm.tif,26,1.0976210832595825,37.57084859074737,-76.89541038552788,0.2931499577712984
COMPASS-RTK,NA,SWH,SWH_UP_Soil_Flux_Collar_5,2025,2,18,0.950733,GEOID18,upland,NA,NA,-34.40739822387695,-34.40305709838867,-34.372440338134766,0.9550741254882807,VA_Middle_GCS_3m_NAVDm.tif,26,0.8269608020782471,37.57080680736477,-76.89535866665939,-0.12811332341003367
COMPASS-RTK,NA,SWH,SWH_UP_Teros,2025,2,18,1.036719,GEOID18,upland,NA,NA,-34.40739822387695,-34.40305709838867,-34.372440338134766,1.0410601254882792,VA_Middle_GCS_3m_NAVDm.tif,26,1.1009856462478638,37.57089427227556,-76.89536169536976,0.05992552075958457
COMPASS-RTK,NA,SWH,SWH_UP_VegPlot_1,2025,2,18,NA,GEOID18,upland,Mitchella repens,NA,-34.40739822387695,-34.40305709838867,-34.372440338134766,NA,VA_Middle_GCS_3m_NAVDm.tif,26,0.8877834677696228,37.57082549546198,-76.8953856721785,NA
COMPASS-RTK,NA,SWH,SWH_UP_VegPlot_2,2025,2,18,1.159996,GEOID18,upland,Onoclea sensibilis,NA,-34.40739822387695,-34.40305709838867,-34.372440338134766,1.1643371254882808,VA_Middle_GCS_3m_NAVDm.tif,26,1.160982608795166,37.57087168787931,-76.89545445592348,-0.0033545166931148174
COMPASS-RTK,NA,SWH,SWH_UP_VegPlot_3,2025,2,18,3.126122,GEOID18,upland,Murdannia keisak,NA,-34.40739822387695,-34.40305709838867,-34.372440338134766,3.13046312548828,VA_Middle_GCS_3m_NAVDm.tif,26,1.6744942665100098,37.57093003360065,-76.89533680833388,-1.4559688589782702
COMPASS-RTK,NA,SWH,SWH_UP_VegPlot_4,2025,2,18,0.973442,GEOID18,upland,Saururus cernuus,NA,-34.40739822387695,-34.40305709838867,-34.372440338134766,0.9777831254882798,VA_Middle_GCS_3m_NAVDm.tif,26,1.1666063070297241,37.57084082632806,-76.89530877970944,0.18882318154144428
COMPASS-RTK,NA,SWH,SWH_UP_VegPlot_5,2025,2,18,1.900136,GEOID18,upland,Onoclea sensibilis,NA,-34.40739822387695,-34.40305709838867,-34.372440338134766,1.9044771254882848,VA_Middle_GCS_3m_NAVDm.tif,26,1.9784492254257202,37.57087503020994,-76.89528890901778,0.07397209993743536
COMPASS-RTK,NA,SWH,SWH_WC_AQ600,2025,2,18,0.183755,GEOID18,wetland,NA,NA,-34.40739822387695,-34.40305709838867,-34.372440338134766,0.18809612548827911,VA_Middle_GCS_3m_NAVDm.tif,26,0.2799331247806549,37.56656090621872,-76.89703392935387,0.09183699929237579
COMPASS-RTK,NA,SWH,SWH_WC_GasWells_A,2025,2,18,0.172407,GEOID18,wetland,NA,NA,-34.40739822387695,-34.40305709838867,-34.372440338134766,0.176748125488281,VA_Middle_GCS_3m_NAVDm.tif,26,0.3007742464542389,37.56661349402238,-76.89703933181254,0.12402612096595789
COMPASS-RTK,NA,SWH,SWH_WC_GasWells_B,2025,2,18,0.168055,GEOID18,wetland,NA,NA,-34.40739822387695,-34.40305709838867,-34.372440338134766,0.17239612548828376,VA_Middle_GCS_3m_NAVDm.tif,26,0.3007742464542389,37.56659062933975,-76.89704024353678,0.12837812096595513
COMPASS-RTK,NA,SWH,SWH_WC_GasWells_C,2025,2,18,0.188688,GEOID18,wetland,NA,NA,-34.40739822387695,-34.40305709838867,-34.372440338134766,0.19302912548828033,VA_Middle_GCS_3m_NAVDm.tif,26,0.1986199915409088,37.56652360436373,-76.89701435900967,0.005590866052628485
COMPASS-RTK,NA,SWH,SWH_WC_LoggerBox,2025,2,18,0.177351,GEOID18,wetland,NA,NA,-34.40739822387695,-34.40305709838867,-34.372440338134766,0.18169212548828284,VA_Middle_GCS_3m_NAVDm.tif,26,0.2799331247806549,37.566553885786,-76.89703332817484,0.09824099929237207
COMPASS-RTK,NA,SWH,SWH_WC_Lysimeters_A,2025,2,18,0.170667,GEOID18,wetland,NA,NA,-34.40739822387695,-34.40305709838867,-34.372440338134766,0.17500812548828293,VA_Middle_GCS_3m_NAVDm.tif,26,0.3007742464542389,37.56661211163058,-76.8970418131471,0.12576612096595596
COMPASS-RTK,NA,SWH,SWH_WC_Lysimeters_B,2025,2,18,0.176085,GEOID18,wetland,NA,NA,-34.40739822387695,-34.40305709838867,-34.372440338134766,0.18042612548828177,VA_Middle_GCS_3m_NAVDm.tif,26,0.3007742464542389,37.566594932564854,-76.89704203522564,0.12034812096595712
COMPASS-RTK,NA,SWH,SWH_WC_Lysimeters_C,2025,2,18,0.178173,GEOID18,wetland,NA,NA,-34.40739822387695,-34.40305709838867,-34.372440338134766,0.18251412548828228,VA_Middle_GCS_3m_NAVDm.tif,26,0.1986199915409088,37.56652416289316,-76.89701780757409,0.01610586605262654
COMPASS-RTK,NA,SWH,SWH_WC_Macrophyte_Flux_Collar_1,2025,2,18,0.244801,GEOID18,wetland,NA,NA,-34.40739822387695,-34.40305709838867,-34.372440338134766,0.24914212548828377,VA_Middle_GCS_3m_NAVDm.tif,26,0.33394116163253784,37.56662192257574,-76.8970465299883,0.08479903614425408
COMPASS-RTK,NA,SWH,SWH_WC_Macrophyte_Flux_Collar_2,2025,2,18,0.24854,GEOID18,wetland,NA,NA,-34.40739822387695,-34.40305709838867,-34.372440338134766,0.2528811254882797,VA_Middle_GCS_3m_NAVDm.tif,26,0.3007742464542389,37.56660575987484,-76.89704707754188,0.04789312096595921
COMPASS-RTK,NA,SWH,SWH_WC_Macrophyte_Flux_Collar_3,2025,2,18,0.27546,GEOID18,wetland,NA,NA,-34.40739822387695,-34.40305709838867,-34.372440338134766,0.27980112548828373,VA_Middle_GCS_3m_NAVDm.tif,26,0.30273550748825073,37.566584785176765,-76.89704484954078,0.022934381999967002
COMPASS-RTK,NA,SWH,SWH_WC_Macrophyte_Flux_Collar_4,2025,2,18,0.254246,GEOID18,wetland,NA,NA,-34.40739822387695,-34.40305709838867,-34.372440338134766,0.2585871254882832,VA_Middle_GCS_3m_NAVDm.tif,26,0.21842052042484283,37.56653369275989,-76.89702896285299,-0.040166605063440386
COMPASS-RTK,NA,SWH,SWH_WC_Macrophyte_Flux_Collar_5,2025,2,18,0.270961,GEOID18,wetland,NA,NA,-34.40739822387695,-34.40305709838867,-34.372440338134766,0.27530212548828104,VA_Middle_GCS_3m_NAVDm.tif,26,0.1986199915409088,37.566513939428695,-76.89701983608637,-0.07668213394737222
COMPASS-RTK,NA,SWH,SWH_WC_SamplingZone,2025,2,18,0.157985,GEOID18,wetland,NA,NA,-34.40739822387695,-34.40305709838867,-34.372440338134766,0.16232612548827774,VA_Middle_GCS_3m_NAVDm.tif,26,0.3284491002559662,37.56655009730229,-76.8971830930183,0.16612297476768845
COMPASS-RTK,NA,SWH,SWH_WC_Teros,2025,2,18,0.18162,GEOID18,wetland,NA,NA,-34.40739822387695,-34.40305709838867,-34.372440338134766,0.1859611254882836,VA_Middle_GCS_3m_NAVDm.tif,26,0.23967376351356506,37.566546250462025,-76.89701998081873,0.05371263802528145
COMPASS-RTK,NA,SWH,SWH_WC_VegPlot_1,2025,2,18,0.173329,GEOID18,wetland,Peltandra virginica,NA,-34.40739822387695,-34.40305709838867,-34.372440338134766,0.17767012548828376,VA_Middle_GCS_3m_NAVDm.tif,26,0.3047809898853302,37.56661215478606,-76.89705720021267,0.12711086439704644
COMPASS-RTK,NA,SWH,SWH_WC_VegPlot_2,2025,2,18,0.160107,GEOID18,wetland,Zizania aquatica,NA,-34.40739822387695,-34.40305709838867,-34.372440338134766,0.1644481254882777,VA_Middle_GCS_3m_NAVDm.tif,26,0.3047809898853302,37.566605871332975,-76.89705635964373,0.1403328643970525
COMPASS-RTK,NA,SWH,SWH_WC_VegPlot_3,2025,2,18,0.156685,GEOID18,wetland,Zizania aquatica,NA,-34.40739822387695,-34.40305709838867,-34.372440338134766,0.16102612548828432,VA_Middle_GCS_3m_NAVDm.tif,26,0.3013145625591278,37.56658084862183,-76.89705336473202,0.14028843707084349
COMPASS-RTK,NA,SWH,SWH_WC_VegPlot_4,2025,2,18,0.175677,GEOID18,wetland,Peltandra virginica,NA,-34.40739822387695,-34.40305709838867,-34.372440338134766,0.18001812548828156,VA_Middle_GCS_3m_NAVDm.tif,26,0.2799331247806549,37.566546742672536,-76.8970436732042,0.09991499929237335
COMPASS-RTK,NA,SWH,SWH_WC_VegPlot_5,2025,2,18,0.192283,GEOID18,wetland,Peltandra virginica,NA,-34.40739822387695,-34.40305709838867,-34.372440338134766,0.19662412548828456,VA_Middle_GCS_3m_NAVDm.tif,26,0.21842052042484283,37.56652122343947,-76.89703482428828,0.021796394936558272
COMPASS-RTK,NA,SWH,SWH_WC_WeatherStation,2025,2,18,0.181242,GEOID18,wetland,NA,NA,-34.40739822387695,-34.40305709838867,-34.372440338134766,0.1855831254882787,VA_Middle_GCS_3m_NAVDm.tif,26,0.30273550748825073,37.56656515573203,-76.89703763451332,0.11715238199997202
Langston_et_al_2022,NA,GWI,NT3_1,2016,NA,NA,0.15699999999999648,GEOID12B,wetland,Spartina alterniflora,NA,-36.06039810180664,-36.05931854248047,-36.0400390625,0.15699999999999648,VA_Middle_GCS_3m_NAVDm.tif,26,0.25465595722198486,37.2166790041666,-76.4091955214777,0.09765595722198839
Langston_et_al_2022,NA,GWI,NT3_2,2016,NA,NA,0.2469999999999928,GEOID12B,wetland,Spartina alterniflora,NA,-36.06039810180664,-36.05931854248047,-36.0400390625,0.2469999999999928,VA_Middle_GCS_3m_NAVDm.tif,26,0.36174511909484863,37.2169032588666,-76.4090566315777,0.11474511909485582
Langston_et_al_2022,NA,GWI,NT3_3,2016,NA,NA,0.3789999999999907,GEOID12B,wetland,C4,NA,-36.06039810180664,-36.05931854248047,-36.0400390625,0.3789999999999907,VA_Middle_GCS_3m_NAVDm.tif,26,0.4973304867744446,37.2169830450666,-76.4088330621777,0.1183304867744539
Langston_et_al_2022,NA,GWI,NT3_4,2016,NA,NA,0.492999999999995,GEOID12B,wetland,C4,NA,-36.06039810180664,-36.05931854248047,-36.0400390625,0.492999999999995,VA_Middle_GCS_3m_NAVDm.tif,26,0.5953146815299988,37.2170780892666,-76.4086748262777,0.10231468153000378
Langston_et_al_2022,NA,GWI,NT3_5,2016,NA,NA,0.573999999999991,GEOID12B,wetland,Phragmites australis,NA,-36.06039810180664,-36.05931854248047,-36.0400390625,0.573999999999991,VA_Middle_GCS_3m_NAVDm.tif,26,0.7511476874351501,37.2171914742666,-76.40849127107771,0.17714768743515918
Langston_et_al_2022,NA,GWI,NT3_J,2016,NA,NA,0.14399999999999125,GEOID12B,wetland,Juncus,NA,-36.06039810180664,-36.05931854248047,-36.0400390625,0.14399999999999125,VA_Middle_GCS_3m_NAVDm.tif,26,0.596116304397583,37.2165795646666,-76.4092361103777,0.45211630439759176
Langston_et_al_2022,NA,GWI,NT4_1,2016,NA,NA,0.286,GEOID12B,wetland,Spartina alterniflora,NA,-36.10070037841797,-36.09932327270508,-36.080081939697266,0.286,VA_Middle_GCS_3m_NAVDm.tif,26,0.31990522146224976,37.2198080578,-76.4044006925,0.03390522146224978
Langston_et_al_2022,NA,GWI,NT4_2,2016,NA,NA,0.448,GEOID12B,wetland,C4,NA,-36.10070037841797,-36.09932327270508,-36.080081939697266,0.448,VA_Middle_GCS_3m_NAVDm.tif,26,0.5785025358200073,37.2193938556,-76.4050580436,0.13050253582000731
Langston_et_al_2022,NA,GWI,NT4_3,2016,NA,NA,0.491,GEOID12B,wetland,C4,NA,-36.10070037841797,-36.09932327270508,-36.080081939697266,0.491,VA_Middle_GCS_3m_NAVDm.tif,26,0.6347442269325256,37.2194587264,-76.4052572414,0.14374422693252564
Langston_et_al_2022,NA,GWI,NT4_5,2016,NA,NA,0.535,GEOID12B,wetland,Iva frutescens,NA,-36.10070037841797,-36.09932327270508,-36.080081939697266,0.535,VA_Middle_GCS_3m_NAVDm.tif,26,0.7292097806930542,37.218885103,-76.4056695626,0.19420978069305417
Langston_et_al_2022,NA,GWI,NT4_6,2016,NA,NA,0.521,GEOID12B,wetland,C4,NA,-36.10070037841797,-36.09932327270508,-36.080081939697266,0.521,VA_Middle_GCS_3m_NAVDm.tif,26,0.7349632978439331,37.2193108198,-76.405752335,0.2139632978439331
Langston_et_al_2022,NA,GWI,NT4_7,2016,NA,NA,0.245,GEOID12B,wetland,Juncus,NA,-36.10070037841797,-36.09932327270508,-36.080081939697266,0.245,VA_Middle_GCS_3m_NAVDm.tif,26,0.37109577655792236,37.21972206,-76.4043469623,0.12609577655792237
Langston_et_al_2022,NA,GWI,OT3_1,2016,NA,NA,0.17799999999999017,GEOID12B,wetland,Spartina alterniflora,NA,-36.06039810180664,-36.05931854248047,-36.0400390625,0.17799999999999017,VA_Middle_GCS_3m_NAVDm.tif,26,0.2041686475276947,37.2190952810666,-76.4133790688777,0.026168647527704536
Langston_et_al_2022,NA,GWI,OT3_2,2016,NA,NA,0.242999999999995,GEOID12B,wetland,Spartina alterniflora,NA,-36.06039810180664,-36.05931854248047,-36.0400390625,0.242999999999995,VA_Middle_GCS_3m_NAVDm.tif,26,0.2644823491573334,37.2191675150666,-76.4133276925777,0.021482349157338376
Langston_et_al_2022,NA,GWI,OT3_3,2016,NA,NA,0.3709999999999951,GEOID12B,wetland,C4,NA,-36.06039810180664,-36.05931854248047,-36.0400390625,0.3709999999999951,VA_Middle_GCS_3m_NAVDm.tif,26,0.44113174080848694,37.2194732590666,-76.4130686278777,0.07013174080849183
Langston_et_al_2022,NA,GWI,OT3_4,2016,NA,NA,0.4879999999999925,GEOID12B,wetland,Phragmites australis,NA,-36.06039810180664,-36.05931854248047,-36.0400390625,0.4879999999999925,VA_Middle_GCS_3m_NAVDm.tif,26,0.6690942049026489,37.2195768147666,-76.4129955481777,0.18109420490265643
Langston_et_al_2022,NA,GWI,OT3_5,2016,NA,NA,0.6389999999999958,GEOID12B,wetland,Phragmites australis,NA,-36.06039810180664,-36.05931854248047,-36.0400390625,0.6389999999999958,VA_Middle_GCS_3m_NAVDm.tif,26,0.809812605381012,37.2196865297666,-76.4129367003777,0.17081260538101617
Eagle_et_al,NA,SageLotPond,1,2018,NA,NA,0.1921,GEOID12B,wetland,NA,NA,-28.413999557495117,-28.410802841186523,-28.392858505249023,0.1921,MA_GCS_3m_NAVDm.tif,14,0.16923043131828308,41.55646780390439,-70.5047909592185,-0.022869568681716912
Eagle_et_al,NA,SageLotPond,2,2018,NA,NA,0.1991,GEOID12B,wetland,NA,NA,-28.413999557495117,-28.410802841186523,-28.392858505249023,0.1991,MA_GCS_3m_NAVDm.tif,14,0.16923043131828308,41.55646786605548,-70.50479102781173,-0.029869568681716918
Eagle_et_al,NA,SageLotPond,3,2018,NA,NA,0.2021,GEOID12B,wetland,NA,NA,-28.413999557495117,-28.410802841186523,-28.392858505249023,0.2021,MA_GCS_3m_NAVDm.tif,14,0.16923043131828308,41.55646777562066,-70.50479105569191,-0.03286956868171692
Eagle_et_al,NA,SageLotPond,4,2018,NA,NA,0.2311,GEOID12B,wetland,NA,NA,-28.413999557495117,-28.410802841186523,-28.392858505249023,0.2311,MA_GCS_3m_NAVDm.tif,14,0.16688865423202515,41.556493944998905,-70.50485680203604,-0.06421134576797485
Eagle_et_al,NA,SageLotPond,5,2018,NA,NA,0.2231,GEOID12B,wetland,NA,NA,-28.413999557495117,-28.410802841186523,-28.392858505249023,0.2231,MA_GCS_3m_NAVDm.tif,14,0.16688865423202515,41.55649398139252,-70.50485677410126,-0.056211345767974846
Eagle_et_al,NA,SageLotPond,6,2018,NA,NA,0.2261,GEOID12B,wetland,NA,NA,-28.413999557495117,-28.410802841186523,-28.392858505249023,0.2261,MA_GCS_3m_NAVDm.tif,14,0.16688865423202515,41.55649400766777,-70.50485683107004,-0.05921134576797485
Eagle_et_al,NA,SageLotPond,7,2018,NA,NA,0.2611,GEOID12B,wetland,NA,NA,-28.413999557495117,-28.410802841186523,-28.392858505249023,0.2611,MA_GCS_3m_NAVDm.tif,14,0.22033986449241638,41.55655215993761,-70.50484213947375,-0.04076013550758362
Eagle_et_al,NA,SageLotPond,8,2018,NA,NA,0.2561,GEOID12B,wetland,NA,NA,-28.413999557495117,-28.410802841186523,-28.392858505249023,0.2561,MA_GCS_3m_NAVDm.tif,14,0.22033986449241638,41.55655210610041,-70.50484212383509,-0.03576013550758361
Eagle_et_al,NA,SageLotPond,9,2018,NA,NA,0.2511,GEOID12B,wetland,NA,NA,-28.413999557495117,-28.410802841186523,-28.392858505249023,0.2511,MA_GCS_3m_NAVDm.tif,14,0.22033986449241638,41.55655215915304,-70.50484219941217,-0.030760135507583608
Eagle_et_al,NA,SageLotPond,10,2018,NA,NA,0.2491,GEOID12B,wetland,NA,NA,-28.413999557495117,-28.410802841186523,-28.392858505249023,0.2491,MA_GCS_3m_NAVDm.tif,14,0.19002528488636017,41.55653119807224,-70.50476595793012,-0.05907471511363982
Eagle_et_al,NA,SageLotPond,11,2018,NA,NA,0.2491,GEOID12B,wetland,NA,NA,-28.413999557495117,-28.410802841186523,-28.392858505249023,0.2491,MA_GCS_3m_NAVDm.tif,14,0.19002528488636017,41.556531126540314,-70.50476591789838,-0.05907471511363982
Eagle_et_al,NA,SageLotPond,12,2018,NA,NA,0.2591,GEOID12B,wetland,NA,NA,-28.413999557495117,-28.410802841186523,-28.392858505249023,0.2591,MA_GCS_3m_NAVDm.tif,14,0.19002528488636017,41.556531152501805,-70.50476599884253,-0.06907471511363983
Eagle_et_al,NA,SageLotPond,13,2018,NA,NA,0.4711,GEOID12B,wetland,NA,NA,-28.413999557495117,-28.410802841186523,-28.392858505249023,0.4711,MA_GCS_3m_NAVDm.tif,14,0.3575533926486969,41.553429135511145,-70.50569339773428,-0.11354660735130312
Eagle_et_al,NA,SageLotPond,14,2018,NA,NA,0.4721,GEOID12B,wetland,NA,NA,-28.413999557495117,-28.410802841186523,-28.392858505249023,0.4721,MA_GCS_3m_NAVDm.tif,14,0.3575533926486969,41.553429170382095,-70.50569348607613,-0.11454660735130312
Eagle_et_al,NA,SageLotPond,15,2018,NA,NA,0.4221,GEOID12B,wetland,NA,NA,-28.413999557495117,-28.410802841186523,-28.392858505249023,0.4221,MA_GCS_3m_NAVDm.tif,14,0.3223034143447876,41.55345204416827,-70.50573642709531,-0.09979658565521238
Eagle_et_al,NA,SageLotPond,16,2018,NA,NA,0.4171,GEOID12B,wetland,NA,NA,-28.413999557495117,-28.410802841186523,-28.392858505249023,0.4171,MA_GCS_3m_NAVDm.tif,14,0.3223034143447876,41.55346166716358,-70.50573615764603,-0.09479658565521243
Eagle_et_al,NA,SageLotPond,17,2018,NA,NA,0.4171,GEOID12B,wetland,NA,NA,-28.413999557495117,-28.410802841186523,-28.392858505249023,0.4171,MA_GCS_3m_NAVDm.tif,14,0.3223034143447876,41.55346171282855,-70.50573610954393,-0.09479658565521243
Eagle_et_al,NA,SageLotPond,18,2018,NA,NA,0.4171,GEOID12B,wetland,NA,NA,-28.413999557495117,-28.410802841186523,-28.392858505249023,0.4171,MA_GCS_3m_NAVDm.tif,14,0.3223034143447876,41.55346164912368,-70.50573615962544,-0.09479658565521243
Eagle_et_al,NA,SageLotPond,19,2018,NA,NA,0.3871,GEOID12B,wetland,NA,NA,-28.413999557495117,-28.410802841186523,-28.392858505249023,0.3871,MA_GCS_3m_NAVDm.tif,14,0.3033110499382019,41.55346222684617,-70.50574844077406,-0.0837889500617981
Eagle_et_al,NA,SageLotPond,20,2018,NA,NA,0.3881,GEOID12B,wetland,NA,NA,-28.413999557495117,-28.410802841186523,-28.392858505249023,0.3881,MA_GCS_3m_NAVDm.tif,14,0.3033110499382019,41.55346214503859,-70.50574849762978,-0.0847889500617981
Eagle_et_al,NA,SageLotPond,21,2018,NA,NA,0.3871,GEOID12B,wetland,NA,NA,-28.413999557495117,-28.410802841186523,-28.392858505249023,0.3871,MA_GCS_3m_NAVDm.tif,14,0.3033110499382019,41.553462163313995,-70.50574847766971,-0.0837889500617981
Eagle_et_al,NA,SageLotPond,22,2018,NA,NA,0.3961,GEOID12B,wetland,NA,NA,-28.413999557495117,-28.410802841186523,-28.392858505249023,0.3961,MA_GCS_3m_NAVDm.tif,14,0.3033110499382019,41.553452761225536,-70.50574976066704,-0.0927889500617981
Eagle_et_al,NA,SageLotPond,23,2018,NA,NA,0.3921,GEOID12B,wetland,NA,NA,-28.413999557495117,-28.410802841186523,-28.392858505249023,0.3921,MA_GCS_3m_NAVDm.tif,14,0.3033110499382019,41.55345262589484,-70.50574977790997,-0.0887889500617981
Eagle_et_al,NA,SageLotPond,24,2018,NA,NA,0.3951,GEOID12B,wetland,NA,NA,-28.413999557495117,-28.410802841186523,-28.392858505249023,0.3951,MA_GCS_3m_NAVDm.tif,14,0.3033110499382019,41.55345255552501,-70.50574964917458,-0.0917889500617981
Eagle_et_al,NA,SageLotPond,25,2018,NA,NA,0.3611,GEOID12B,wetland,NA,NA,-28.413999557495117,-28.410802841186523,-28.392858505249023,0.3611,MA_GCS_3m_NAVDm.tif,14,0.2878037095069885,41.55345192796783,-70.50585945189226,-0.07329629049301145
Eagle_et_al,NA,SageLotPond,26,2018,NA,NA,0.3661,GEOID12B,wetland,NA,NA,-28.413999557495117,-28.410802841186523,-28.392858505249023,0.3661,MA_GCS_3m_NAVDm.tif,14,0.2878037095069885,41.55345187581076,-70.50585930799154,-0.07829629049301146
Eagle_et_al,NA,SageLotPond,27,2018,NA,NA,0.3581,GEOID12B,wetland,NA,NA,-28.413999557495117,-28.410802841186523,-28.392858505249023,0.3581,MA_GCS_3m_NAVDm.tif,14,0.2878037095069885,41.553460729222415,-70.50585659256812,-0.07029629049301145
Eagle_et_al,NA,SageLotPond,28,2018,NA,NA,0.3701,GEOID12B,wetland,NA,NA,-28.413999557495117,-28.410802841186523,-28.392858505249023,0.3701,MA_GCS_3m_NAVDm.tif,14,0.2878037095069885,41.55346077195131,-70.50585676862501,-0.08229629049301146
Eagle_et_al,NA,SageLotPond,29,2018,NA,NA,0.3511,GEOID12B,wetland,NA,NA,-28.413999557495117,-28.410802841186523,-28.392858505249023,0.3511,MA_GCS_3m_NAVDm.tif,14,0.2878037095069885,41.55346300928535,-70.50586887126843,-0.0632962904930115
Eagle_et_al,NA,SageLotPond,30,2018,NA,NA,0.3541,GEOID12B,wetland,NA,NA,-28.413999557495117,-28.410802841186523,-28.392858505249023,0.3541,MA_GCS_3m_NAVDm.tif,14,0.2878037095069885,41.55346301855653,-70.50586885109938,-0.0662962904930115
Eagle_et_al,NA,SageLotPond,31,2018,NA,NA,0.3561,GEOID12B,wetland,NA,NA,-28.413999557495117,-28.410802841186523,-28.392858505249023,0.3561,MA_GCS_3m_NAVDm.tif,14,0.2878037095069885,41.55346294688364,-70.50586882185681,-0.0682962904930115
Eagle_et_al,NA,SageLotPond,32,2018,NA,NA,0.3341,GEOID12B,wetland,NA,NA,-28.413999557495117,-28.410802841186523,-28.392858505249023,0.3341,MA_GCS_3m_NAVDm.tif,14,0.2878037095069885,41.553453471651835,-70.5058722506821,-0.04629629049301148
Eagle_et_al,NA,SageLotPond,33,2018,NA,NA,0.3351,GEOID12B,wetland,NA,NA,-28.413999557495117,-28.410802841186523,-28.392858505249023,0.3351,MA_GCS_3m_NAVDm.tif,14,0.2878037095069885,41.553453409862485,-70.50587215452077,-0.047296290493011484
Eagle_et_al,NA,SageLotPond,34,2018,NA,NA,0.3321,GEOID12B,wetland,NA,NA,-28.413999557495117,-28.410802841186523,-28.392858505249023,0.3321,MA_GCS_3m_NAVDm.tif,14,0.2878037095069885,41.553453427635446,-70.50587217291948,-0.04429629049301148
Eagle_et_al,NA,SageLotPond,35,2018,NA,NA,0.2901,GEOID12B,wetland,NA,NA,-28.413999557495117,-28.410802841186523,-28.392858505249023,0.2901,MA_GCS_3m_NAVDm.tif,14,0.2180558443069458,41.55350659683173,-70.50596080425815,-0.07204415569305422
Eagle_et_al,NA,SageLotPond,36,2018,NA,NA,0.2881,GEOID12B,wetland,NA,NA,-28.413999557495117,-28.410802841186523,-28.392858505249023,0.2881,MA_GCS_3m_NAVDm.tif,14,0.2180558443069458,41.55350661587657,-70.50596072556128,-0.07004415569305422
Eagle_et_al,NA,SageLotPond,37,2018,NA,NA,0.2871,GEOID12B,wetland,NA,NA,-28.413999557495117,-28.410802841186523,-28.392858505249023,0.2871,MA_GCS_3m_NAVDm.tif,14,0.2180558443069458,41.553506615939384,-70.50596072076644,-0.06904415569305422
Eagle_et_al,NA,SageLotPond,38,2018,NA,NA,0.2891,GEOID12B,wetland,NA,NA,-28.413999557495117,-28.410802841186523,-28.392858505249023,0.2891,MA_GCS_3m_NAVDm.tif,14,0.2180558443069458,41.553515683510085,-70.50595678367172,-0.07104415569305422
Eagle_et_al,NA,SageLotPond,39,2018,NA,NA,0.2881,GEOID12B,wetland,NA,NA,-28.413999557495117,-28.410802841186523,-28.392858505249023,0.2881,MA_GCS_3m_NAVDm.tif,14,0.2180558443069458,41.553515765569,-70.50595670763681,-0.07004415569305422
Eagle_et_al,NA,SageLotPond,40,2018,NA,NA,0.2831,GEOID12B,wetland,NA,NA,-28.413999557495117,-28.410802841186523,-28.392858505249023,0.2831,MA_GCS_3m_NAVDm.tif,14,0.2180558443069458,41.55351551341852,-70.50595670418113,-0.06504415569305422
Eagle_et_al,NA,SageLotPond,41,2018,NA,NA,0.2551,GEOID12B,wetland,NA,NA,-28.413999557495117,-28.410802841186523,-28.392858505249023,0.2551,MA_GCS_3m_NAVDm.tif,14,0.2180558443069458,41.55351889759505,-70.50596858045799,-0.03704415569305419
Eagle_et_al,NA,SageLotPond,42,2018,NA,NA,0.2531,GEOID12B,wetland,NA,NA,-28.413999557495117,-28.410802841186523,-28.392858505249023,0.2531,MA_GCS_3m_NAVDm.tif,14,0.2180558443069458,41.553518941171696,-70.50596869178466,-0.03504415569305419
Eagle_et_al,NA,SageLotPond,43,2018,NA,NA,0.2731,GEOID12B,wetland,NA,NA,-28.413999557495117,-28.410802841186523,-28.392858505249023,0.2731,MA_GCS_3m_NAVDm.tif,14,0.2180558443069458,41.553510275994824,-70.50597422699563,-0.05504415569305421
Eagle_et_al,NA,SageLotPond,44,2018,NA,NA,0.2691,GEOID12B,wetland,NA,NA,-28.413999557495117,-28.410802841186523,-28.392858505249023,0.2691,MA_GCS_3m_NAVDm.tif,14,0.2180558443069458,41.55351031383331,-70.50597408878126,-0.051044155693054205
Eagle_et_al,NA,SageLotPond,45,2018,NA,NA,0.2681,GEOID12B,wetland,NA,NA,-28.413999557495117,-28.410802841186523,-28.392858505249023,0.2681,MA_GCS_3m_NAVDm.tif,14,0.2180558443069458,41.55351037579532,-70.50597417175692,-0.050044155693054204
Eagle_et_al,NA,SageLotPond,46,2018,NA,NA,0.2481,GEOID12B,wetland,NA,NA,-28.413999557495117,-28.410802841186523,-28.392858505249023,0.2481,MA_GCS_3m_NAVDm.tif,14,0.20358192920684814,41.55351167024006,-70.50608300237667,-0.04451807079315184
Eagle_et_al,NA,SageLotPond,47,2018,NA,NA,0.2481,GEOID12B,wetland,NA,NA,-28.413999557495117,-28.410802841186523,-28.392858505249023,0.2481,MA_GCS_3m_NAVDm.tif,14,0.20358192920684814,41.55351162727597,-70.50608284430018,-0.04451807079315184
Eagle_et_al,NA,SageLotPond,48,2018,NA,NA,0.2451,GEOID12B,wetland,NA,NA,-28.413999557495117,-28.410802841186523,-28.392858505249023,0.2451,MA_GCS_3m_NAVDm.tif,14,0.20358192920684814,41.55351166432941,-70.50608276602145,-0.04151807079315187
Eagle_et_al,NA,SageLotPond,49,2018,NA,NA,0.2671,GEOID12B,wetland,NA,NA,-28.413999557495117,-28.410802841186523,-28.392858505249023,0.2671,MA_GCS_3m_NAVDm.tif,14,0.20358192920684814,41.55352127216186,-70.50608090389827,-0.06351807079315186
Eagle_et_al,NA,SageLotPond,50,2018,NA,NA,0.2711,GEOID12B,wetland,NA,NA,-28.413999557495117,-28.410802841186523,-28.392858505249023,0.2711,MA_GCS_3m_NAVDm.tif,14,0.20358192920684814,41.55352125479719,-70.50608085433296,-0.06751807079315186
Eagle_et_al,NA,SageLotPond,51,2018,NA,NA,0.2711,GEOID12B,wetland,NA,NA,-28.413999557495117,-28.410802841186523,-28.392858505249023,0.2711,MA_GCS_3m_NAVDm.tif,14,0.20358192920684814,41.553521212948034,-70.50608061114794,-0.06751807079315186
Eagle_et_al,NA,SageLotPond,52,2018,NA,NA,0.2421,GEOID12B,wetland,NA,NA,-28.413999557495117,-28.410802841186523,-28.392858505249023,0.2421,MA_GCS_3m_NAVDm.tif,14,0.17870761454105377,41.55352306551549,-70.50609320609075,-0.06339238545894624
Eagle_et_al,NA,SageLotPond,53,2018,NA,NA,0.2421,GEOID12B,wetland,NA,NA,-28.413999557495117,-28.410802841186523,-28.392858505249023,0.2421,MA_GCS_3m_NAVDm.tif,14,0.17870761454105377,41.553523074771,-70.50609318712043,-0.06339238545894624
Eagle_et_al,NA,SageLotPond,54,2018,NA,NA,0.2411,GEOID12B,wetland,NA,NA,-28.413999557495117,-28.410802841186523,-28.392858505249023,0.2411,MA_GCS_3m_NAVDm.tif,14,0.17870761454105377,41.55352306667755,-70.50609311738609,-0.06239238545894624
Eagle_et_al,NA,SageLotPond,55,2018,NA,NA,0.2551,GEOID12B,wetland,NA,NA,-28.413999557495117,-28.410802841186523,-28.392858505249023,0.2551,MA_GCS_3m_NAVDm.tif,14,0.17870761454105377,41.55351319811064,-70.50609631881724,-0.07639238545894622
Eagle_et_al,NA,SageLotPond,56,2018,NA,NA,0.2631,GEOID12B,wetland,NA,NA,-28.413999557495117,-28.410802841186523,-28.392858505249023,0.2631,MA_GCS_3m_NAVDm.tif,14,0.17870761454105377,41.55351320672231,-70.50609634899409,-0.08439238545894623
Eagle_et_al,NA,SageLotPond,57,2018,NA,NA,0.2571,GEOID12B,wetland,NA,NA,-28.413999557495117,-28.410802841186523,-28.392858505249023,0.2571,MA_GCS_3m_NAVDm.tif,14,0.17870761454105377,41.55351326296203,-70.50609618123013,-0.07839238545894622
Eagle_et_al,NA,SageLotPond,58,2018,NA,NA,0.2151,GEOID12B,wetland,NA,NA,-28.413999557495117,-28.410802841186523,-28.392858505249023,0.2151,MA_GCS_3m_NAVDm.tif,14,0.12861908972263336,41.553568020452445,-70.50618869035759,-0.08648091027736665
Eagle_et_al,NA,SageLotPond,59,2018,NA,NA,0.2161,GEOID12B,wetland,NA,NA,-28.413999557495117,-28.410802841186523,-28.392858505249023,0.2161,MA_GCS_3m_NAVDm.tif,14,0.12861908972263336,41.553568075577274,-70.50618860770216,-0.08748091027736662
Eagle_et_al,NA,SageLotPond,60,2018,NA,NA,0.2151,GEOID12B,wetland,NA,NA,-28.413999557495117,-28.410802841186523,-28.392858505249023,0.2151,MA_GCS_3m_NAVDm.tif,14,0.12861908972263336,41.553577551110536,-70.50618446907083,-0.08648091027736665
Eagle_et_al,NA,SageLotPond,61,2018,NA,NA,0.2091,GEOID12B,wetland,NA,NA,-28.413999557495117,-28.410802841186523,-28.392858505249023,0.2091,MA_GCS_3m_NAVDm.tif,14,0.12861908972263336,41.55357750563385,-70.50618450278814,-0.08048091027736665
Eagle_et_al,NA,SageLotPond,62,2018,NA,NA,0.2111,GEOID12B,wetland,NA,NA,-28.413999557495117,-28.410802841186523,-28.392858505249023,0.2111,MA_GCS_3m_NAVDm.tif,14,0.12861908972263336,41.553577478668196,-70.50618449856479,-0.08248091027736665
Eagle_et_al,NA,SageLotPond,63,2018,NA,NA,0.1981,GEOID12B,wetland,NA,NA,-28.413999557495117,-28.410802841186523,-28.392858505249023,0.1981,MA_GCS_3m_NAVDm.tif,14,0.12861908972263336,41.553580739221445,-70.5061954966679,-0.06948091027736664
Eagle_et_al,NA,SageLotPond,64,2018,NA,NA,0.1991,GEOID12B,wetland,NA,NA,-28.413999557495117,-28.410802841186523,-28.392858505249023,0.1991,MA_GCS_3m_NAVDm.tif,14,0.12861908972263336,41.5535806300397,-70.50619558046634,-0.07048091027736664
Eagle_et_al,NA,SageLotPond,65,2018,NA,NA,0.2031,GEOID12B,wetland,NA,NA,-28.413999557495117,-28.410802841186523,-28.392858505249023,0.2031,MA_GCS_3m_NAVDm.tif,14,0.12861908972263336,41.55358073997528,-70.50619543912968,-0.07448091027736664
Eagle_et_al,NA,SageLotPond,66,2018,NA,NA,0.2031,GEOID12B,wetland,NA,NA,-28.413999557495117,-28.410802841186523,-28.392858505249023,0.2031,MA_GCS_3m_NAVDm.tif,14,0.11050085723400116,41.553572319426145,-70.50620086368492,-0.09259914276599884
Eagle_et_al,NA,SageLotPond,67,2018,NA,NA,0.2011,GEOID12B,wetland,NA,NA,-28.413999557495117,-28.410802841186523,-28.392858505249023,0.2011,MA_GCS_3m_NAVDm.tif,14,0.11050085723400116,41.55357219331951,-70.50620086435403,-0.09059914276599884
Eagle_et_al,NA,SageLotPond,68,2018,NA,NA,0.2031,GEOID12B,wetland,NA,NA,-28.413999557495117,-28.410802841186523,-28.392858505249023,0.2031,MA_GCS_3m_NAVDm.tif,14,0.11050085723400116,41.55357226623299,-70.50620079889872,-0.09259914276599884
Eagle_et_al,NA,SageLotPond,69,2018,NA,NA,0.2031,GEOID12B,wetland,NA,NA,-28.413999557495117,-28.410802841186523,-28.392858505249023,0.2031,MA_GCS_3m_NAVDm.tif,14,0.08387676626443863,41.55357278620903,-70.50631235273201,-0.11922323373556137
Eagle_et_al,NA,SageLotPond,70,2018,NA,NA,0.2071,GEOID12B,wetland,NA,NA,-28.413999557495117,-28.410802841186523,-28.392858505249023,0.2071,MA_GCS_3m_NAVDm.tif,14,0.08387676626443863,41.55357285829016,-70.50631235080859,-0.12322323373556138
Eagle_et_al,NA,SageLotPond,71,2018,NA,NA,0.2021,GEOID12B,wetland,NA,NA,-28.413999557495117,-28.410802841186523,-28.392858505249023,0.2021,MA_GCS_3m_NAVDm.tif,14,0.08387676626443863,41.55357277054072,-70.50631217370568,-0.11822323373556137
Eagle_et_al,NA,SageLotPond,72,2018,NA,NA,0.1631,GEOID12B,wetland,NA,NA,-28.413999557495117,-28.410802841186523,-28.392858505249023,0.1631,MA_GCS_3m_NAVDm.tif,14,0.08387676626443863,41.553581149576026,-70.50630648080666,-0.07922323373556137
Eagle_et_al,NA,SageLotPond,73,2018,NA,NA,0.1691,GEOID12B,wetland,NA,NA,-28.413999557495117,-28.410802841186523,-28.392858505249023,0.1691,MA_GCS_3m_NAVDm.tif,14,0.08387676626443863,41.55358123779665,-70.5063066219482,-0.08522323373556137
Eagle_et_al,NA,SageLotPond,74,2018,NA,NA,0.1721,GEOID12B,wetland,NA,NA,-28.413999557495117,-28.410802841186523,-28.392858505249023,0.1721,MA_GCS_3m_NAVDm.tif,14,0.08387676626443863,41.55358129135098,-70.50630665916411,-0.08822323373556137
Eagle_et_al,NA,SageLotPond,75,2018,NA,NA,0.1811,GEOID12B,wetland,NA,NA,-28.413999557495117,-28.410802841186523,-28.392858505249023,0.1811,MA_GCS_3m_NAVDm.tif,14,0.05378749594092369,41.55358480723588,-70.50631810446355,-0.12731250405907632
Eagle_et_al,NA,SageLotPond,76,2018,NA,NA,0.1781,GEOID12B,wetland,NA,NA,-28.413999557495117,-28.410802841186523,-28.392858505249023,0.1781,MA_GCS_3m_NAVDm.tif,14,0.05378749594092369,41.553585004277096,-70.50631818937728,-0.12431250405907632
Eagle_et_al,NA,SageLotPond,77,2018,NA,NA,0.1771,GEOID12B,wetland,NA,NA,-28.413999557495117,-28.410802841186523,-28.392858505249023,0.1771,MA_GCS_3m_NAVDm.tif,14,0.05378749594092369,41.553585086524706,-70.50631809895822,-0.12331250405907632
Eagle_et_al,NA,SageLotPond,78,2018,NA,NA,0.1031,GEOID12B,wetland,NA,NA,-28.413999557495117,-28.410802841186523,-28.392858505249023,0.1031,MA_GCS_3m_NAVDm.tif,14,0.08387676626443863,41.553575581120406,-70.50632314218011,-0.019223233735561368
Eagle_et_al,NA,SageLotPond,79,2018,NA,NA,0.1121,GEOID12B,wetland,NA,NA,-28.413999557495117,-28.410802841186523,-28.392858505249023,0.1121,MA_GCS_3m_NAVDm.tif,14,0.08387676626443863,41.5535756802457,-70.50632313848655,-0.028223233735561376
Eagle_et_al,NA,SageLotPond,80,2018,NA,NA,0.1041,GEOID12B,wetland,NA,NA,-28.413999557495117,-28.410802841186523,-28.392858505249023,0.1041,MA_GCS_3m_NAVDm.tif,14,0.08387676626443863,41.553575525744186,-70.50632324401485,-0.02022323373556137
Eagle_et_al,NA,SageLotPond,81,2018,NA,NA,0.1131,GEOID12B,wetland,NA,NA,-28.413999557495117,-28.410802841186523,-28.392858505249023,0.1131,MA_GCS_3m_NAVDm.tif,14,0.08822211623191833,41.55362648123894,-70.5065388560258,-0.02487788376808167
Eagle_et_al,NA,SageLotPond,82,2018,NA,NA,0.1071,GEOID12B,wetland,NA,NA,-28.413999557495117,-28.410802841186523,-28.392858505249023,0.1071,MA_GCS_3m_NAVDm.tif,14,0.08822211623191833,41.55362649770804,-70.50653897391794,-0.018877883768081666
Eagle_et_al,NA,SageLotPond,83,2018,NA,NA,0.1131,GEOID12B,wetland,NA,NA,-28.413999557495117,-28.410802841186523,-28.392858505249023,0.1131,MA_GCS_3m_NAVDm.tif,14,0.08822211623191833,41.55362639056812,-70.50653890188313,-0.02487788376808167
Eagle_et_al,NA,SageLotPond,84,2018,NA,NA,0.1111,GEOID12B,wetland,NA,NA,-28.413999557495117,-28.410802841186523,-28.392858505249023,0.1111,MA_GCS_3m_NAVDm.tif,14,0.08822211623191833,41.55363498826773,-70.50653439398044,-0.02287788376808167
Eagle_et_al,NA,SageLotPond,85,2018,NA,NA,0.1121,GEOID12B,wetland,NA,NA,-28.413999557495117,-28.410802841186523,-28.392858505249023,0.1121,MA_GCS_3m_NAVDm.tif,14,0.08822211623191833,41.55363492589772,-70.50653434217064,-0.02387788376808167
Eagle_et_al,NA,SageLotPond,86,2018,NA,NA,0.1091,GEOID12B,wetland,NA,NA,-28.413999557495117,-28.410802841186523,-28.392858505249023,0.1091,MA_GCS_3m_NAVDm.tif,14,0.08822211623191833,41.55363502554139,-70.50653429891985,-0.020877883768081668
Eagle_et_al,NA,SageLotPond,87,2018,NA,NA,0.1011,GEOID12B,wetland,NA,NA,-28.413999557495117,-28.410802841186523,-28.392858505249023,0.1011,MA_GCS_3m_NAVDm.tif,14,0.11144071817398071,41.553638156576746,-70.50654555544125,0.010340718173980717
Eagle_et_al,NA,SageLotPond,88,2018,NA,NA,0.1031,GEOID12B,wetland,NA,NA,-28.413999557495117,-28.410802841186523,-28.392858505249023,0.1031,MA_GCS_3m_NAVDm.tif,14,0.11144071817398071,41.55363804807021,-70.50654558769449,0.008340718173980716
Eagle_et_al,NA,SageLotPond,89,2018,NA,NA,0.0991,GEOID12B,wetland,NA,NA,-28.413999557495117,-28.410802841186523,-28.392858505249023,0.0991,MA_GCS_3m_NAVDm.tif,14,0.11144071817398071,41.5536380129643,-70.50654551733261,0.01234071817398072
Eagle_et_al,NA,SageLotPond,90,2018,NA,NA,0.2191,GEOID12B,wetland,NA,NA,-28.413999557495117,-28.410802841186523,-28.392858505249023,0.2191,MA_GCS_3m_NAVDm.tif,14,0.13373586535453796,41.55362975533655,-70.50655019260954,-0.08536413464546203
Eagle_et_al,NA,SageLotPond,91,2018,NA,NA,0.2141,GEOID12B,wetland,NA,NA,-28.413999557495117,-28.410802841186523,-28.392858505249023,0.2141,MA_GCS_3m_NAVDm.tif,14,0.13373586535453796,41.55362965625839,-70.50655019270661,-0.08036413464546205
Eagle_et_al,NA,SageLotPond,92,2018,NA,NA,0.2131,GEOID12B,wetland,NA,NA,-28.413999557495117,-28.410802841186523,-28.392858505249023,0.2131,MA_GCS_3m_NAVDm.tif,14,0.13373586535453796,41.55362971823567,-70.50655027448425,-0.07936413464546205
Eagle_et_al,NA,SageLotPond,93,2018,NA,NA,0.2231,GEOID12B,wetland,NA,NA,-28.413999557495117,-28.410802841186523,-28.392858505249023,0.2231,MA_GCS_3m_NAVDm.tif,14,0.1935659646987915,41.55368275156337,-70.50663892384964,-0.02953403530120849
Eagle_et_al,NA,SageLotPond,94,2018,NA,NA,0.2271,GEOID12B,wetland,NA,NA,-28.413999557495117,-28.410802841186523,-28.392858505249023,0.2271,MA_GCS_3m_NAVDm.tif,14,0.1935659646987915,41.5536826972551,-70.5066389441717,-0.03353403530120849
Eagle_et_al,NA,SageLotPond,95,2018,NA,NA,0.2191,GEOID12B,wetland,NA,NA,-28.413999557495117,-28.410802841186523,-28.392858505249023,0.2191,MA_GCS_3m_NAVDm.tif,14,0.1935659646987915,41.55368258980106,-70.50663889611091,-0.025534035301208485
Eagle_et_al,NA,SageLotPond,96,2018,NA,NA,0.2021,GEOID12B,wetland,NA,NA,-28.413999557495117,-28.410802841186523,-28.392858505249023,0.2021,MA_GCS_3m_NAVDm.tif,14,0.20348842442035675,41.553691300158185,-70.50663403950419,0.0013884244203567486
Eagle_et_al,NA,SageLotPond,97,2018,NA,NA,0.2041,GEOID12B,wetland,NA,NA,-28.413999557495117,-28.410802841186523,-28.392858505249023,0.2041,MA_GCS_3m_NAVDm.tif,14,0.20348842442035675,41.55369121027279,-70.50663402542571,-6.115755796432532e-4
Eagle_et_al,NA,SageLotPond,98,2018,NA,NA,0.2061,GEOID12B,wetland,NA,NA,-28.413999557495117,-28.410802841186523,-28.392858505249023,0.2061,MA_GCS_3m_NAVDm.tif,14,0.20348842442035675,41.553691174365746,-70.50663401619818,-0.002611575579643255
Eagle_et_al,NA,SageLotPond,99,2018,NA,NA,0.1791,GEOID12B,wetland,NA,NA,-28.413999557495117,-28.410802841186523,-28.392858505249023,0.1791,MA_GCS_3m_NAVDm.tif,14,0.20348842442035675,41.55369534845443,-70.50664540607674,0.02438842442035674
Eagle_et_al,NA,SageLotPond,100,2018,NA,NA,0.1851,GEOID12B,wetland,NA,NA,-28.413999557495117,-28.410802841186523,-28.392858505249023,0.1851,MA_GCS_3m_NAVDm.tif,14,0.20348842442035675,41.553695448255226,-70.50664535083894,0.018388424420356764
Eagle_et_al,NA,SageLotPond,101,2018,NA,NA,0.1821,GEOID12B,wetland,NA,NA,-28.413999557495117,-28.410802841186523,-28.392858505249023,0.1821,MA_GCS_3m_NAVDm.tif,14,0.20348842442035675,41.55369534062839,-70.50664531596401,0.02138842442035674
Eagle_et_al,NA,SageLotPond,102,2018,NA,NA,0.2121,GEOID12B,wetland,NA,NA,-28.413999557495117,-28.410802841186523,-28.392858505249023,0.2121,MA_GCS_3m_NAVDm.tif,14,0.1935659646987915,41.55368689435286,-70.50665132742115,-0.018534035301208507
Eagle_et_al,NA,SageLotPond,103,2018,NA,NA,0.2141,GEOID12B,wetland,NA,NA,-28.413999557495117,-28.410802841186523,-28.392858505249023,0.2141,MA_GCS_3m_NAVDm.tif,14,0.1935659646987915,41.55368680424753,-70.50665133012464,-0.02053403530120851
Eagle_et_al,NA,SageLotPond,104,2018,NA,NA,0.2151,GEOID12B,wetland,NA,NA,-28.413999557495117,-28.410802841186523,-28.392858505249023,0.2151,MA_GCS_3m_NAVDm.tif,14,0.1935659646987915,41.5536868939444,-70.50665135858772,-0.02153403530120851
Eagle_et_al,NA,SageLotPond,105,2018,NA,NA,0.2031,GEOID12B,wetland,NA,NA,-28.413999557495117,-28.410802841186523,-28.392858505249023,0.2031,MA_GCS_3m_NAVDm.tif,14,0.17479941248893738,41.55380091481604,-70.50709173395832,-0.028300587511062625
Eagle_et_al,NA,SageLotPond,106,2018,NA,NA,0.2041,GEOID12B,wetland,NA,NA,-28.413999557495117,-28.410802841186523,-28.392858505249023,0.2041,MA_GCS_3m_NAVDm.tif,14,0.17479941248893738,41.55380093236882,-70.50709176913949,-0.029300587511062626
Eagle_et_al,NA,SageLotPond,107,2018,NA,NA,0.2031,GEOID12B,wetland,NA,NA,-28.413999557495117,-28.410802841186523,-28.392858505249023,0.2031,MA_GCS_3m_NAVDm.tif,14,0.17479941248893738,41.55380092382027,-70.50709173416753,-0.028300587511062625
Eagle_et_al,NA,SageLotPond,108,2018,NA,NA,0.2121,GEOID12B,wetland,NA,NA,-28.413999557495117,-28.410802841186523,-28.392858505249023,0.2121,MA_GCS_3m_NAVDm.tif,14,0.17479941248893738,41.553809791039214,-70.50708796762567,-0.03730058751106263
Eagle_et_al,NA,SageLotPond,109,2018,NA,NA,0.2091,GEOID12B,wetland,NA,NA,-28.413999557495117,-28.410802841186523,-28.392858505249023,0.2091,MA_GCS_3m_NAVDm.tif,14,0.17479941248893738,41.553809709309576,-70.5070880184864,-0.03430058751106263
Eagle_et_al,NA,SageLotPond,110,2018,NA,NA,0.2071,GEOID12B,wetland,NA,NA,-28.413999557495117,-28.410802841186523,-28.392858505249023,0.2071,MA_GCS_3m_NAVDm.tif,14,0.17479941248893738,41.55380967300973,-70.5070880392265,-0.03230058751106263
Eagle_et_al,NA,SageLotPond,111,2018,NA,NA,0.2251,GEOID12B,wetland,NA,NA,-28.413999557495117,-28.410802841186523,-28.392858505249023,0.2251,MA_GCS_3m_NAVDm.tif,14,0.17479941248893738,41.55381388858518,-70.5070990092413,-0.05030058751106262
Eagle_et_al,NA,SageLotPond,112,2018,NA,NA,0.2281,GEOID12B,wetland,NA,NA,-28.413999557495117,-28.410802841186523,-28.392858505249023,0.2281,MA_GCS_3m_NAVDm.tif,14,0.17479941248893738,41.55381375232718,-70.50709909720577,-0.05330058751106262
Eagle_et_al,NA,SageLotPond,113,2018,NA,NA,0.2271,GEOID12B,wetland,NA,NA,-28.413999557495117,-28.410802841186523,-28.392858505249023,0.2271,MA_GCS_3m_NAVDm.tif,14,0.17479941248893738,41.55381360609068,-70.50709925928143,-0.05230058751106262
Eagle_et_al,NA,SageLotPond,114,2018,NA,NA,0.2281,GEOID12B,wetland,NA,NA,-28.413999557495117,-28.410802841186523,-28.392858505249023,0.2281,MA_GCS_3m_NAVDm.tif,14,0.17479941248893738,41.5538051121312,-70.50710409688025,-0.05330058751106262
Eagle_et_al,NA,SageLotPond,115,2018,NA,NA,0.2281,GEOID12B,wetland,NA,NA,-28.413999557495117,-28.410802841186523,-28.392858505249023,0.2281,MA_GCS_3m_NAVDm.tif,14,0.17479941248893738,41.553805193467994,-70.50710407598744,-0.05330058751106262
Eagle_et_al,NA,SageLotPond,116,2018,NA,NA,0.2271,GEOID12B,wetland,NA,NA,-28.413999557495117,-28.410802841186523,-28.392858505249023,0.2271,MA_GCS_3m_NAVDm.tif,14,0.17479941248893738,41.55380523929065,-70.50710401589892,-0.05230058751106262
Eagle_et_al,NA,SageLotPond,117,2018,NA,NA,0.2111,GEOID12B,wetland,NA,NA,-28.413999557495117,-28.410802841186523,-28.392858505249023,0.2111,MA_GCS_3m_NAVDm.tif,14,0.18888773024082184,41.553806237221416,-70.50722095432421,-0.02221226975917817
Eagle_et_al,NA,SageLotPond,118,2018,NA,NA,0.2111,GEOID12B,wetland,NA,NA,-28.413999557495117,-28.410802841186523,-28.392858505249023,0.2111,MA_GCS_3m_NAVDm.tif,14,0.18888773024082184,41.55380626423415,-70.50722095495186,-0.02221226975917817
Eagle_et_al,NA,SageLotPond,119,2018,NA,NA,0.2081,GEOID12B,wetland,NA,NA,-28.413999557495117,-28.410802841186523,-28.392858505249023,0.2081,MA_GCS_3m_NAVDm.tif,14,0.18888773024082184,41.553806325047994,-70.50722112543538,-0.01921226975917817
Eagle_et_al,NA,SageLotPond,120,2018,NA,NA,0.2271,GEOID12B,wetland,NA,NA,-28.413999557495117,-28.410802841186523,-28.392858505249023,0.2271,MA_GCS_3m_NAVDm.tif,14,0.19712164998054504,41.55381487171891,-70.50721501565192,-0.029978350019454952
Eagle_et_al,NA,SageLotPond,121,2018,NA,NA,0.2261,GEOID12B,wetland,NA,NA,-28.413999557495117,-28.410802841186523,-28.392858505249023,0.2261,MA_GCS_3m_NAVDm.tif,14,0.19712164998054504,41.55381488958598,-70.5072150268588,-0.02897835001945495
Eagle_et_al,NA,SageLotPond,122,2018,NA,NA,0.2201,GEOID12B,wetland,NA,NA,-28.413999557495117,-28.410802841186523,-28.392858505249023,0.2201,MA_GCS_3m_NAVDm.tif,14,0.19712164998054504,41.55381483697487,-70.50721491771903,-0.022978350019454946
Eagle_et_al,NA,SageLotPond,123,2018,NA,NA,0.2161,GEOID12B,wetland,NA,NA,-28.413999557495117,-28.410802841186523,-28.392858505249023,0.2161,MA_GCS_3m_NAVDm.tif,14,0.18888773024082184,41.55381969814074,-70.5072261089855,-0.027212269759178148
Eagle_et_al,NA,SageLotPond,124,2018,NA,NA,0.2191,GEOID12B,wetland,NA,NA,-28.413999557495117,-28.410802841186523,-28.392858505249023,0.2191,MA_GCS_3m_NAVDm.tif,14,0.18888773024082184,41.55381967013793,-70.50722618387701,-0.03021226975917815
Eagle_et_al,NA,SageLotPond,125,2018,NA,NA,0.2161,GEOID12B,wetland,NA,NA,-28.413999557495117,-28.410802841186523,-28.392858505249023,0.2161,MA_GCS_3m_NAVDm.tif,14,0.18888773024082184,41.55381968019513,-70.5072261037722,-0.027212269759178148
Eagle_et_al,NA,SageLotPond,126,2018,NA,NA,0.2151,GEOID12B,wetland,NA,NA,-28.413999557495117,-28.410802841186523,-28.392858505249023,0.2151,MA_GCS_3m_NAVDm.tif,14,0.18888773024082184,41.553811029699375,-70.50723257566301,-0.026212269759178175
Eagle_et_al,NA,SageLotPond,127,2018,NA,NA,0.2191,GEOID12B,wetland,NA,NA,-28.413999557495117,-28.410802841186523,-28.392858505249023,0.2191,MA_GCS_3m_NAVDm.tif,14,0.18888773024082184,41.55381124591131,-70.50723257229323,-0.03021226975917815
Eagle_et_al,NA,SageLotPond,128,2018,NA,NA,0.2191,GEOID12B,wetland,NA,NA,-28.413999557495117,-28.410802841186523,-28.392858505249023,0.2191,MA_GCS_3m_NAVDm.tif,14,0.18888773024082184,41.55381126384122,-70.50723257870526,-0.03021226975917815
Eagle_et_al,NA,SageLotPond,129,2018,NA,NA,0.1981,GEOID12B,wetland,NA,NA,-28.413999557495117,-28.410802841186523,-28.392858505249023,0.1981,MA_GCS_3m_NAVDm.tif,14,0.1881459653377533,41.553863912093306,-70.50731689603849,-0.009954034662246702
Eagle_et_al,NA,SageLotPond,130,2018,NA,NA,0.1961,GEOID12B,wetland,NA,NA,-28.413999557495117,-28.410802841186523,-28.392858505249023,0.1961,MA_GCS_3m_NAVDm.tif,14,0.1881459653377533,41.55386381376956,-70.50731683859595,-0.0079540346622467
Eagle_et_al,NA,SageLotPond,131,2018,NA,NA,0.2021,GEOID12B,wetland,NA,NA,-28.413999557495117,-28.410802841186523,-28.392858505249023,0.2021,MA_GCS_3m_NAVDm.tif,14,0.1881459653377533,41.553863750834125,-70.50731682993903,-0.013954034662246706
Eagle_et_al,NA,SageLotPond,132,2018,NA,NA,0.2011,GEOID12B,wetland,NA,NA,-28.413999557495117,-28.410802841186523,-28.392858505249023,0.2011,MA_GCS_3m_NAVDm.tif,14,0.1881459653377533,41.5538723414416,-70.50731355221819,-0.012954034662246705
Eagle_et_al,NA,SageLotPond,133,2018,NA,NA,0.2021,GEOID12B,wetland,NA,NA,-28.413999557495117,-28.410802841186523,-28.392858505249023,0.2021,MA_GCS_3m_NAVDm.tif,14,0.1881459653377533,41.553872341425894,-70.5073135534169,-0.013954034662246706
Eagle_et_al,NA,SageLotPond,134,2018,NA,NA,0.2031,GEOID12B,wetland,NA,NA,-28.413999557495117,-28.410802841186523,-28.392858505249023,0.2031,MA_GCS_3m_NAVDm.tif,14,0.1881459653377533,41.55387229675042,-70.50731352599898,-0.014954034662246707
Eagle_et_al,NA,SageLotPond,135,2018,NA,NA,0.1951,GEOID12B,wetland,NA,NA,-28.413999557495117,-28.410802841186523,-28.392858505249023,0.1951,MA_GCS_3m_NAVDm.tif,14,0.1881459653377533,41.55387566522758,-70.50732521498995,-0.0069540346622467
Eagle_et_al,NA,SageLotPond,136,2018,NA,NA,0.1941,GEOID12B,wetland,NA,NA,-28.413999557495117,-28.410802841186523,-28.392858505249023,0.1941,MA_GCS_3m_NAVDm.tif,14,0.1881459653377533,41.55387582731973,-70.50732521755741,-0.005954034662246699
Eagle_et_al,NA,SageLotPond,137,2018,NA,NA,0.1881,GEOID12B,wetland,NA,NA,-28.413999557495117,-28.410802841186523,-28.392858505249023,0.1881,MA_GCS_3m_NAVDm.tif,14,0.1881459653377533,41.55387588195816,-70.50732517206282,4.596533775330647e-5
Eagle_et_al,NA,SageLotPond,138,2018,NA,NA,0.1971,GEOID12B,wetland,NA,NA,-28.413999557495117,-28.410802841186523,-28.392858505249023,0.1971,MA_GCS_3m_NAVDm.tif,14,0.16539843380451202,41.55386673448314,-70.50732970427259,-0.031701566195487973
Eagle_et_al,NA,SageLotPond,139,2018,NA,NA,0.1961,GEOID12B,wetland,NA,NA,-28.413999557495117,-28.410802841186523,-28.392858505249023,0.1961,MA_GCS_3m_NAVDm.tif,14,0.16539843380451202,41.553866742842985,-70.50732975362924,-0.030701566195487973
Eagle_et_al,NA,SageLotPond,140,2018,NA,NA,0.1941,GEOID12B,wetland,NA,NA,-28.413999557495117,-28.410802841186523,-28.392858505249023,0.1941,MA_GCS_3m_NAVDm.tif,14,0.16539843380451202,41.55386684135534,-70.50732979668719,-0.02870156619548797
Eagle_et_al,NA,SageLotPond,141,2018,NA,NA,0.1651,GEOID12B,wetland,NA,NA,-28.413999557495117,-28.410802841186523,-28.392858505249023,0.1651,MA_GCS_3m_NAVDm.tif,14,0.093109130859375,41.55435733610653,-70.50725963707721,-0.071990869140625
Eagle_et_al,NA,SageLotPond,142,2018,NA,NA,0.1601,GEOID12B,wetland,NA,NA,-28.413999557495117,-28.410802841186523,-28.392858505249023,0.1601,MA_GCS_3m_NAVDm.tif,14,0.093109130859375,41.554357229155706,-70.50725955065563,-0.06699086914062499
Eagle_et_al,NA,SageLotPond,143,2018,NA,NA,0.1621,GEOID12B,wetland,NA,NA,-28.413999557495117,-28.410802841186523,-28.392858505249023,0.1621,MA_GCS_3m_NAVDm.tif,14,0.093109130859375,41.55435721081717,-70.50725957541043,-0.068990869140625
Eagle_et_al,NA,SageLotPond,144,2018,NA,NA,0.1731,GEOID12B,wetland,NA,NA,-28.413999557495117,-28.410802841186523,-28.392858505249023,0.1731,MA_GCS_3m_NAVDm.tif,14,0.0956944152712822,41.55436679273544,-70.50725831718137,-0.07740558472871781
Eagle_et_al,NA,SageLotPond,145,2018,NA,NA,0.1701,GEOID12B,wetland,NA,NA,-28.413999557495117,-28.410802841186523,-28.392858505249023,0.1701,MA_GCS_3m_NAVDm.tif,14,0.0956944152712822,41.554366683930105,-70.50725837220952,-0.0744055847287178
Eagle_et_al,NA,SageLotPond,146,2018,NA,NA,0.1701,GEOID12B,wetland,NA,NA,-28.413999557495117,-28.410802841186523,-28.392858505249023,0.1701,MA_GCS_3m_NAVDm.tif,14,0.0956944152712822,41.554366619218776,-70.5072584990087,-0.0744055847287178
Eagle_et_al,NA,SageLotPond,147,2018,NA,NA,0.1621,GEOID12B,wetland,NA,NA,-28.413999557495117,-28.410802841186523,-28.392858505249023,0.1621,MA_GCS_3m_NAVDm.tif,14,0.0956944152712822,41.554369159339494,-70.50727085352004,-0.0664055847287178
Eagle_et_al,NA,SageLotPond,148,2018,NA,NA,0.1631,GEOID12B,wetland,NA,NA,-28.413999557495117,-28.410802841186523,-28.392858505249023,0.1631,MA_GCS_3m_NAVDm.tif,14,0.0956944152712822,41.55436931285174,-70.50727082351257,-0.0674055847287178
Eagle_et_al,NA,SageLotPond,149,2018,NA,NA,0.1581,GEOID12B,wetland,NA,NA,-28.413999557495117,-28.410802841186523,-28.392858505249023,0.1581,MA_GCS_3m_NAVDm.tif,14,0.0956944152712822,41.55436940357,-70.5072707740596,-0.062405584728717794
Eagle_et_al,NA,SageLotPond,150,2018,NA,NA,0.1391,GEOID12B,wetland,NA,NA,-28.413999557495117,-28.410802841186523,-28.392858505249023,0.1391,MA_GCS_3m_NAVDm.tif,14,0.093109130859375,41.5543596497526,-70.50727277772484,-0.045990869140625
Eagle_et_al,NA,SageLotPond,151,2018,NA,NA,0.1431,GEOID12B,wetland,NA,NA,-28.413999557495117,-28.410802841186523,-28.392858505249023,0.1431,MA_GCS_3m_NAVDm.tif,14,0.093109130859375,41.554359596214326,-70.50727273930895,-0.049990869140625005
Eagle_et_al,NA,SageLotPond,152,2018,NA,NA,0.1411,GEOID12B,wetland,NA,NA,-28.413999557495117,-28.410802841186523,-28.392858505249023,0.1411,MA_GCS_3m_NAVDm.tif,14,0.093109130859375,41.554359506297594,-70.50727272762684,-0.047990869140625
Eagle_et_al,NA,SageLotPond,153,2018,NA,NA,0.2071,GEOID12B,wetland,NA,NA,-28.413999557495117,-28.410802841186523,-28.392858505249023,0.2071,MA_GCS_3m_NAVDm.tif,14,0.19435441493988037,41.5543059546752,-70.5071528860048,-0.012745585060119635
Eagle_et_al,NA,SageLotPond,154,2018,NA,NA,0.2071,GEOID12B,wetland,NA,NA,-28.413999557495117,-28.410802841186523,-28.392858505249023,0.2071,MA_GCS_3m_NAVDm.tif,14,0.19435441493988037,41.554305980807904,-70.50715295376106,-0.012745585060119635
Eagle_et_al,NA,SageLotPond,155,2018,NA,NA,0.2061,GEOID12B,wetland,NA,NA,-28.413999557495117,-28.410802841186523,-28.392858505249023,0.2061,MA_GCS_3m_NAVDm.tif,14,0.19435441493988037,41.55430597159937,-70.50715296913529,-0.011745585060119634
Eagle_et_al,NA,SageLotPond,156,2018,NA,NA,0.1891,GEOID12B,wetland,NA,NA,-28.413999557495117,-28.410802841186523,-28.392858505249023,0.1891,MA_GCS_3m_NAVDm.tif,14,0.17883989214897156,41.554314737541304,-70.50715005757138,-0.010260107851028433
Eagle_et_al,NA,SageLotPond,157,2018,NA,NA,0.1921,GEOID12B,wetland,NA,NA,-28.413999557495117,-28.410802841186523,-28.392858505249023,0.1921,MA_GCS_3m_NAVDm.tif,14,0.17883989214897156,41.55431472980997,-70.5071499602654,-0.013260107851028435
Eagle_et_al,NA,SageLotPond,158,2018,NA,NA,0.1851,GEOID12B,wetland,NA,NA,-28.413999557495117,-28.410802841186523,-28.392858505249023,0.1851,MA_GCS_3m_NAVDm.tif,14,0.17883989214897156,41.5543148190981,-70.50715001989633,-0.006260107851028429
Eagle_et_al,NA,SageLotPond,159,2018,NA,NA,0.1701,GEOID12B,wetland,NA,NA,-28.413999557495117,-28.410802841186523,-28.392858505249023,0.1701,MA_GCS_3m_NAVDm.tif,14,0.17883989214897156,41.55431698182246,-70.50716230686936,0.008739892148971556
Eagle_et_al,NA,SageLotPond,160,2018,NA,NA,0.1711,GEOID12B,wetland,NA,NA,-28.413999557495117,-28.410802841186523,-28.392858505249023,0.1711,MA_GCS_3m_NAVDm.tif,14,0.17883989214897156,41.55431706303353,-70.50716229556629,0.0077398921489715555
Eagle_et_al,NA,SageLotPond,161,2018,NA,NA,0.1711,GEOID12B,wetland,NA,NA,-28.413999557495117,-28.410802841186523,-28.392858505249023,0.1711,MA_GCS_3m_NAVDm.tif,14,0.17883989214897156,41.5543170256022,-70.50716240261475,0.0077398921489715555
Eagle_et_al,NA,SageLotPond,162,2018,NA,NA,0.1781,GEOID12B,wetland,NA,NA,-28.413999557495117,-28.410802841186523,-28.392858505249023,0.1781,MA_GCS_3m_NAVDm.tif,14,0.19435441493988037,41.554308078820746,-70.50716536753164,0.016254414939880363
Eagle_et_al,NA,SageLotPond,163,2018,NA,NA,0.1731,GEOID12B,wetland,NA,NA,-28.413999557495117,-28.410802841186523,-28.392858505249023,0.1731,MA_GCS_3m_NAVDm.tif,14,0.19435441493988037,41.55430786468322,-70.50716521266983,0.021254414939880367
Eagle_et_al,NA,SageLotPond,164,2018,NA,NA,0.1761,GEOID12B,wetland,NA,NA,-28.413999557495117,-28.410802841186523,-28.392858505249023,0.1761,MA_GCS_3m_NAVDm.tif,14,0.19435441493988037,41.55430800695964,-70.50716535267196,0.018254414939880365
Eagle_et_al,NA,SageLotPond,165,2018,NA,NA,0.2351,GEOID12B,wetland,NA,NA,-28.413999557495117,-28.410802841186523,-28.392858505249023,0.2351,MA_GCS_3m_NAVDm.tif,14,0.1988765001296997,41.554309147668896,-70.50702886748756,-0.036223499870300296
Eagle_et_al,NA,SageLotPond,166,2018,NA,NA,0.2301,GEOID12B,wetland,NA,NA,-28.413999557495117,-28.410802841186523,-28.392858505249023,0.2301,MA_GCS_3m_NAVDm.tif,14,0.1988765001296997,41.55430902164087,-70.50702886216139,-0.031223499870300292
Eagle_et_al,NA,SageLotPond,167,2018,NA,NA,0.2351,GEOID12B,wetland,NA,NA,-28.413999557495117,-28.410802841186523,-28.392858505249023,0.2351,MA_GCS_3m_NAVDm.tif,14,0.1988765001296997,41.5543178990886,-70.50702706352936,-0.036223499870300296
Eagle_et_al,NA,SageLotPond,168,2018,NA,NA,0.2381,GEOID12B,wetland,NA,NA,-28.413999557495117,-28.410802841186523,-28.392858505249023,0.2381,MA_GCS_3m_NAVDm.tif,14,0.1988765001296997,41.5543179174742,-70.50702703517833,-0.0392234998703003
Eagle_et_al,NA,SageLotPond,169,2018,NA,NA,0.2391,GEOID12B,wetland,NA,NA,-28.413999557495117,-28.410802841186523,-28.392858505249023,0.2391,MA_GCS_3m_NAVDm.tif,14,0.1988765001296997,41.55431799863816,-70.50702702747127,-0.0402234998703003
Eagle_et_al,NA,SageLotPond,170,2018,NA,NA,0.2451,GEOID12B,wetland,NA,NA,-28.413999557495117,-28.410802841186523,-28.392858505249023,0.2451,MA_GCS_3m_NAVDm.tif,14,0.19920039176940918,41.554319888545265,-70.50703882726704,-0.04589960823059083
Eagle_et_al,NA,SageLotPond,171,2018,NA,NA,0.2421,GEOID12B,wetland,NA,NA,-28.413999557495117,-28.410802841186523,-28.392858505249023,0.2421,MA_GCS_3m_NAVDm.tif,14,0.19920039176940918,41.55432022211094,-70.5070388038404,-0.04289960823059083
Eagle_et_al,NA,SageLotPond,172,2018,NA,NA,0.2371,GEOID12B,wetland,NA,NA,-28.413999557495117,-28.410802841186523,-28.392858505249023,0.2371,MA_GCS_3m_NAVDm.tif,14,0.19920039176940918,41.55432020532813,-70.50703870992139,-0.037899608230590826
Eagle_et_al,NA,SageLotPond,173,2018,NA,NA,0.2231,GEOID12B,wetland,NA,NA,-28.413999557495117,-28.410802841186523,-28.392858505249023,0.2231,MA_GCS_3m_NAVDm.tif,14,0.19920039176940918,41.55431132971929,-70.50704174245905,-0.023899608230590813
Eagle_et_al,NA,SageLotPond,174,2018,NA,NA,0.2211,GEOID12B,wetland,NA,NA,-28.413999557495117,-28.410802841186523,-28.392858505249023,0.2211,MA_GCS_3m_NAVDm.tif,14,0.19920039176940918,41.55431126689383,-70.50704172541124,-0.02189960823059081
Eagle_et_al,NA,SageLotPond,175,2018,NA,NA,0.2301,GEOID12B,wetland,NA,NA,-28.413999557495117,-28.410802841186523,-28.392858505249023,0.2301,MA_GCS_3m_NAVDm.tif,14,0.19920039176940918,41.55431126551102,-70.5070418308991,-0.03089960823059082
Eagle_et_al,NA,SageLotPond,176,2018,NA,NA,0.2241,GEOID12B,wetland,NA,NA,-28.413999557495117,-28.410802841186523,-28.392858505249023,0.2241,MA_GCS_3m_NAVDm.tif,14,0.20067623257637024,41.55425605089152,-70.50692309365591,-0.023423767423629754
Eagle_et_al,NA,SageLotPond,177,2018,NA,NA,0.2261,GEOID12B,wetland,NA,NA,-28.413999557495117,-28.410802841186523,-28.392858505249023,0.2261,MA_GCS_3m_NAVDm.tif,14,0.20067623257637024,41.554255972005905,-70.506922927548,-0.025423767423629756
Eagle_et_al,NA,SageLotPond,178,2018,NA,NA,0.2291,GEOID12B,wetland,NA,NA,-28.413999557495117,-28.410802841186523,-28.392858505249023,0.2291,MA_GCS_3m_NAVDm.tif,14,0.20067623257637024,41.55425592407785,-70.5069231482662,-0.02842376742362976
Eagle_et_al,NA,SageLotPond,179,2018,NA,NA,0.2161,GEOID12B,wetland,NA,NA,-28.413999557495117,-28.410802841186523,-28.392858505249023,0.2161,MA_GCS_3m_NAVDm.tif,14,0.20067623257637024,41.55426562405223,-70.50692044183259,-0.015423767423629747
Eagle_et_al,NA,SageLotPond,180,2018,NA,NA,0.2191,GEOID12B,wetland,NA,NA,-28.413999557495117,-28.410802841186523,-28.392858505249023,0.2191,MA_GCS_3m_NAVDm.tif,14,0.20067623257637024,41.554265553385235,-70.50692033587009,-0.01842376742362975
Eagle_et_al,NA,SageLotPond,181,2018,NA,NA,0.2171,GEOID12B,wetland,NA,NA,-28.413999557495117,-28.410802841186523,-28.392858505249023,0.2171,MA_GCS_3m_NAVDm.tif,14,0.20067623257637024,41.55426565351611,-70.50692025545904,-0.016423767423629748
Eagle_et_al,NA,SageLotPond,182,2018,NA,NA,0.2011,GEOID12B,wetland,NA,NA,-28.413999557495117,-28.410802841186523,-28.392858505249023,0.2011,MA_GCS_3m_NAVDm.tif,14,0.20203618705272675,41.55426813768424,-70.5069327585244,9.361870527267446e-4
Eagle_et_al,NA,SageLotPond,183,2018,NA,NA,0.1991,GEOID12B,wetland,NA,NA,-28.413999557495117,-28.410802841186523,-28.392858505249023,0.1991,MA_GCS_3m_NAVDm.tif,14,0.20203618705272675,41.554268153964344,-70.50693289080252,0.0029361870527267464
Eagle_et_al,NA,SageLotPond,184,2018,NA,NA,0.2001,GEOID12B,wetland,NA,NA,-28.413999557495117,-28.410802841186523,-28.392858505249023,0.2001,MA_GCS_3m_NAVDm.tif,14,0.20203618705272675,41.55426804666758,-70.50693283075356,0.0019361870527267455
Eagle_et_al,NA,SageLotPond,185,2018,NA,NA,0.1771,GEOID12B,wetland,NA,NA,-28.413999557495117,-28.410802841186523,-28.392858505249023,0.1771,MA_GCS_3m_NAVDm.tif,14,0.20203618705272675,41.554258732556626,-70.50693633395154,0.024936187052726738
Eagle_et_al,NA,SageLotPond,186,2018,NA,NA,0.1711,GEOID12B,wetland,NA,NA,-28.413999557495117,-28.410802841186523,-28.392858505249023,0.1711,MA_GCS_3m_NAVDm.tif,14,0.20203618705272675,41.55425875994646,-70.5069363058097,0.030936187052726744
Eagle_et_al,NA,SageLotPond,187,2018,NA,NA,0.2051,GEOID12B,wetland,NA,NA,-28.413999557495117,-28.410802841186523,-28.392858505249023,0.2051,MA_GCS_3m_NAVDm.tif,14,0.16313239932060242,41.554258864448535,-70.5067977689919,-0.04196760067939759
Eagle_et_al,NA,SageLotPond,188,2018,NA,NA,0.2051,GEOID12B,wetland,NA,NA,-28.413999557495117,-28.410802841186523,-28.392858505249023,0.2051,MA_GCS_3m_NAVDm.tif,14,0.16313239932060242,41.55425899107361,-70.50679772876606,-0.04196760067939759
Eagle_et_al,NA,SageLotPond,189,2018,NA,NA,-0.0569,GEOID12B,wetland,NA,NA,-28.413999557495117,-28.410802841186523,-28.392858505249023,-0.0569,MA_GCS_3m_NAVDm.tif,14,0.16313239932060242,41.554268515137814,-70.50679401219075,0.22003239932060242
Eagle_et_al,NA,SageLotPond,190,2018,NA,NA,-0.0579,GEOID12B,wetland,NA,NA,-28.413999557495117,-28.410802841186523,-28.392858505249023,-0.0579,MA_GCS_3m_NAVDm.tif,14,0.16313239932060242,41.55426859685162,-70.50679396252802,0.22103239932060242
Eagle_et_al,NA,SageLotPond,191,2018,NA,NA,-0.0589,GEOID12B,wetland,NA,NA,-28.413999557495117,-28.410802841186523,-28.392858505249023,-0.0589,MA_GCS_3m_NAVDm.tif,14,0.16313239932060242,41.55426853353909,-70.50679398264096,0.22203239932060242
Eagle_et_al,NA,SageLotPond,192,2018,NA,NA,-0.0409,GEOID12B,wetland,NA,NA,-28.413999557495117,-28.410802841186523,-28.392858505249023,-0.0409,MA_GCS_3m_NAVDm.tif,14,0.16313239932060242,41.554270848070026,-70.50680637264436,0.2040323993206024
Eagle_et_al,NA,SageLotPond,193,2018,NA,NA,-0.0359,GEOID12B,wetland,NA,NA,-28.413999557495117,-28.410802841186523,-28.392858505249023,-0.0359,MA_GCS_3m_NAVDm.tif,14,0.16313239932060242,41.55427094653544,-70.50680641929799,0.1990323993206024
Eagle_et_al,NA,SageLotPond,194,2018,NA,NA,-0.0459,GEOID12B,wetland,NA,NA,-28.413999557495117,-28.410802841186523,-28.392858505249023,-0.0459,MA_GCS_3m_NAVDm.tif,14,0.16313239932060242,41.55427079475155,-70.50680631744677,0.2090323993206024
Eagle_et_al,NA,SageLotPond,195,2018,NA,NA,0.0171,GEOID12B,wetland,NA,NA,-28.413999557495117,-28.410802841186523,-28.392858505249023,0.0171,MA_GCS_3m_NAVDm.tif,14,0.16313239932060242,41.55426201861921,-70.50680931994953,0.1460323993206024
Eagle_et_al,NA,SageLotPond,196,2018,NA,NA,0.0191,GEOID12B,wetland,NA,NA,-28.413999557495117,-28.410802841186523,-28.392858505249023,0.0191,MA_GCS_3m_NAVDm.tif,14,0.16313239932060242,41.554261999322385,-70.50680941782664,0.1440323993206024
Eagle_et_al,NA,SageLotPond,197,2018,NA,NA,0.0141,GEOID12B,wetland,NA,NA,-28.413999557495117,-28.410802841186523,-28.392858505249023,0.0141,MA_GCS_3m_NAVDm.tif,14,0.16313239932060242,41.554261943631495,-70.5068095436365,0.14903239932060242
Eagle_et_al,NA,SageLotPond,198,2018,NA,NA,-0.0189,GEOID12B,wetland,NA,NA,-28.413999557495117,-28.410802841186523,-28.392858505249023,-0.0189,MA_GCS_3m_NAVDm.tif,14,0.10935880243778229,41.55420843084858,-70.50669426121593,0.1282588024377823
Eagle_et_al,NA,SageLotPond,199,2018,NA,NA,-0.0159,GEOID12B,wetland,NA,NA,-28.413999557495117,-28.410802841186523,-28.392858505249023,-0.0159,MA_GCS_3m_NAVDm.tif,14,0.10935880243778229,41.55420837842552,-70.50669413769118,0.12525880243778229
Eagle_et_al,NA,SageLotPond,200,2018,NA,NA,-0.0279,GEOID12B,wetland,NA,NA,-28.413999557495117,-28.410802841186523,-28.392858505249023,-0.0279,MA_GCS_3m_NAVDm.tif,14,0.10935880243778229,41.554208360731224,-70.50669411329842,0.1372588024377823
Eagle_et_al,NA,SageLotPond,201,2018,NA,NA,0.2141,GEOID12B,wetland,NA,NA,-28.413999557495117,-28.410802841186523,-28.392858505249023,0.2141,MA_GCS_3m_NAVDm.tif,14,0.10935880243778229,41.554216663846006,-70.5066907784394,-0.10474119756221772
Eagle_et_al,NA,SageLotPond,202,2018,NA,NA,0.2071,GEOID12B,wetland,NA,NA,-28.413999557495117,-28.410802841186523,-28.392858505249023,0.2071,MA_GCS_3m_NAVDm.tif,14,0.10935880243778229,41.55421657561019,-70.50669063849466,-0.09774119756221772
Eagle_et_al,NA,SageLotPond,203,2018,NA,NA,0.2131,GEOID12B,wetland,NA,NA,-28.413999557495117,-28.410802841186523,-28.392858505249023,0.2131,MA_GCS_3m_NAVDm.tif,14,0.10935880243778229,41.55421665509312,-70.50669075905068,-0.10374119756221772
Eagle_et_al,NA,SageLotPond,204,2018,NA,NA,0.1961,GEOID12B,wetland,NA,NA,-28.413999557495117,-28.410802841186523,-28.392858505249023,0.1961,MA_GCS_3m_NAVDm.tif,14,0.10935880243778229,41.55422021873912,-70.5067019933545,-0.08674119756221771
Eagle_et_al,NA,SageLotPond,205,2018,NA,NA,0.2011,GEOID12B,wetland,NA,NA,-28.413999557495117,-28.410802841186523,-28.392858505249023,0.2011,MA_GCS_3m_NAVDm.tif,14,0.10935880243778229,41.55422026368182,-70.50670200039386,-0.09174119756221771
Eagle_et_al,NA,SageLotPond,206,2018,NA,NA,0.1971,GEOID12B,wetland,NA,NA,-28.413999557495117,-28.410802841186523,-28.392858505249023,0.1971,MA_GCS_3m_NAVDm.tif,14,0.10935880243778229,41.55422027241898,-70.50670202098132,-0.08774119756221771
Eagle_et_al,NA,SageLotPond,207,2018,NA,NA,0.1621,GEOID12B,wetland,NA,NA,-28.413999557495117,-28.410802841186523,-28.392858505249023,0.1621,MA_GCS_3m_NAVDm.tif,14,0.1280640959739685,41.554212332588214,-70.5065662951321,-0.03403590402603149
Eagle_et_al,NA,SageLotPond,208,2018,NA,NA,0.1571,GEOID12B,wetland,NA,NA,-28.413999557495117,-28.410802841186523,-28.392858505249023,0.1571,MA_GCS_3m_NAVDm.tif,14,0.1280640959739685,41.55421231605636,-70.50656618203377,-0.029035904026031484
Eagle_et_al,NA,SageLotPond,209,2018,NA,NA,0.1581,GEOID12B,wetland,NA,NA,-28.413999557495117,-28.410802841186523,-28.392858505249023,0.1581,MA_GCS_3m_NAVDm.tif,14,0.1280640959739685,41.55422179929293,-70.50656351847803,-0.030035904026031485
Eagle_et_al,NA,SageLotPond,210,2018,NA,NA,0.1581,GEOID12B,wetland,NA,NA,-28.413999557495117,-28.410802841186523,-28.392858505249023,0.1581,MA_GCS_3m_NAVDm.tif,14,0.1280640959739685,41.554221754193144,-70.50656352342601,-0.030035904026031485
Eagle_et_al,NA,SageLotPond,211,2018,NA,NA,0.1591,GEOID12B,wetland,NA,NA,-28.413999557495117,-28.410802841186523,-28.392858505249023,0.1591,MA_GCS_3m_NAVDm.tif,14,0.1280640959739685,41.55422178155148,-70.50656349768147,-0.031035904026031486
Eagle_et_al,NA,SageLotPond,212,2018,NA,NA,0.1711,GEOID12B,wetland,NA,NA,-28.413999557495117,-28.410802841186523,-28.392858505249023,0.1711,MA_GCS_3m_NAVDm.tif,14,0.1330350786447525,41.55422386382239,-70.5065764302572,-0.0380649213552475
Eagle_et_al,NA,SageLotPond,213,2018,NA,NA,0.1771,GEOID12B,wetland,NA,NA,-28.413999557495117,-28.410802841186523,-28.392858505249023,0.1771,MA_GCS_3m_NAVDm.tif,14,0.1330350786447525,41.554224061570274,-70.50657646123001,-0.044064921355247505
Eagle_et_al,NA,SageLotPond,214,2018,NA,NA,0.1711,GEOID12B,wetland,NA,NA,-28.413999557495117,-28.410802841186523,-28.392858505249023,0.1711,MA_GCS_3m_NAVDm.tif,14,0.1330350786447525,41.55422421567928,-70.50657638566942,-0.0380649213552475
Eagle_et_al,NA,SageLotPond,215,2018,NA,NA,0.1721,GEOID12B,wetland,NA,NA,-28.413999557495117,-28.410802841186523,-28.392858505249023,0.1721,MA_GCS_3m_NAVDm.tif,14,0.1330350786447525,41.554214298937694,-70.50657982575727,-0.0390649213552475
Eagle_et_al,NA,SageLotPond,216,2018,NA,NA,0.1781,GEOID12B,wetland,NA,NA,-28.413999557495117,-28.410802841186523,-28.392858505249023,0.1781,MA_GCS_3m_NAVDm.tif,14,0.1330350786447525,41.5542143071408,-70.50657988710134,-0.045064921355247506
Eagle_et_al,NA,SageLotPond,217,2018,NA,NA,0.1721,GEOID12B,wetland,NA,NA,-28.413999557495117,-28.410802841186523,-28.392858505249023,0.1721,MA_GCS_3m_NAVDm.tif,14,0.1330350786447525,41.554214315469565,-70.50657993885562,-0.0390649213552475
Eagle_et_al,NA,SageLotPond,218,2018,NA,NA,0.1351,GEOID12B,wetland,NA,NA,-28.413999557495117,-28.410802841186523,-28.392858505249023,0.1351,MA_GCS_3m_NAVDm.tif,14,0.08589571714401245,41.554158115937,-70.50644834547006,-0.04920428285598755
Eagle_et_al,NA,SageLotPond,219,2018,NA,NA,0.1291,GEOID12B,wetland,NA,NA,-28.413999557495117,-28.410802841186523,-28.392858505249023,0.1291,MA_GCS_3m_NAVDm.tif,14,0.08589571714401245,41.554158023789704,-70.50644850400786,-0.04320428285598754
Eagle_et_al,NA,SageLotPond,220,2018,NA,NA,0.1361,GEOID12B,wetland,NA,NA,-28.413999557495117,-28.410802841186523,-28.392858505249023,0.1361,MA_GCS_3m_NAVDm.tif,14,0.08589571714401245,41.55415800595399,-70.50644849040367,-0.05020428285598755
Eagle_et_al,NA,SageLotPond,221,2018,NA,NA,0.0881,GEOID12B,wetland,NA,NA,-28.413999557495117,-28.410802841186523,-28.392858505249023,0.0881,MA_GCS_3m_NAVDm.tif,14,0.08589571714401245,41.55416771364656,-70.50644519413048,-0.0022042828559875466
Eagle_et_al,NA,SageLotPond,222,2018,NA,NA,0.0901,GEOID12B,wetland,NA,NA,-28.413999557495117,-28.410802841186523,-28.392858505249023,0.0901,MA_GCS_3m_NAVDm.tif,14,0.08589571714401245,41.55416755956903,-70.50644526729387,-0.004204282855987548
Eagle_et_al,NA,SageLotPond,223,2018,NA,NA,0.1781,GEOID12B,wetland,NA,NA,-28.413999557495117,-28.410802841186523,-28.392858505249023,0.1781,MA_GCS_3m_NAVDm.tif,14,0.08589571714401245,41.554170301080056,-70.50645806887638,-0.09220428285598756
Eagle_et_al,NA,SageLotPond,224,2018,NA,NA,0.1761,GEOID12B,wetland,NA,NA,-28.413999557495117,-28.410802841186523,-28.392858505249023,0.1761,MA_GCS_3m_NAVDm.tif,14,0.08589571714401245,41.554170335777606,-70.50645817040561,-0.09020428285598756
Eagle_et_al,NA,SageLotPond,225,2018,NA,NA,0.1721,GEOID12B,wetland,NA,NA,-28.413999557495117,-28.410802841186523,-28.392858505249023,0.1721,MA_GCS_3m_NAVDm.tif,14,0.08589571714401245,41.55417037170036,-70.5064581784344,-0.08620428285598755
Eagle_et_al,NA,SageLotPond,226,2018,NA,NA,0.2071,GEOID12B,wetland,NA,NA,-28.413999557495117,-28.410802841186523,-28.392858505249023,0.2071,MA_GCS_3m_NAVDm.tif,14,0.08589571714401245,41.55416074935334,-70.50646183521516,-0.12120428285598756
Eagle_et_al,NA,SageLotPond,227,2018,NA,NA,0.2171,GEOID12B,wetland,NA,NA,-28.413999557495117,-28.410802841186523,-28.392858505249023,0.2171,MA_GCS_3m_NAVDm.tif,14,0.08589571714401245,41.55416074353776,-70.50646159166523,-0.13120428285598754
Eagle_et_al,NA,SageLotPond,228,2018,NA,NA,0.2291,GEOID12B,wetland,NA,NA,-28.413999557495117,-28.410802841186523,-28.392858505249023,0.2291,MA_GCS_3m_NAVDm.tif,14,0.1880328357219696,41.55406360170903,-70.50587595379149,-0.041067164278030394
Eagle_et_al,NA,SageLotPond,229,2018,NA,NA,0.2351,GEOID12B,wetland,NA,NA,-28.413999557495117,-28.410802841186523,-28.392858505249023,0.2351,MA_GCS_3m_NAVDm.tif,14,0.1880328357219696,41.554063630763,-70.50587579858475,-0.0470671642780304
Eagle_et_al,NA,SageLotPond,230,2018,NA,NA,0.2241,GEOID12B,wetland,NA,NA,-28.413999557495117,-28.410802841186523,-28.392858505249023,0.2241,MA_GCS_3m_NAVDm.tif,14,0.1880328357219696,41.554063692850654,-70.50587587197128,-0.03606716427803039
Eagle_et_al,NA,SageLotPond,231,2018,NA,NA,0.2301,GEOID12B,wetland,NA,NA,-28.413999557495117,-28.410802841186523,-28.392858505249023,0.2301,MA_GCS_3m_NAVDm.tif,14,0.18741677701473236,41.55407293737768,-70.5058735529116,-0.04268322298526764
Eagle_et_al,NA,SageLotPond,232,2018,NA,NA,0.2321,GEOID12B,wetland,NA,NA,-28.413999557495117,-28.410802841186523,-28.392858505249023,0.2321,MA_GCS_3m_NAVDm.tif,14,0.18741677701473236,41.55407293788012,-70.50587351455249,-0.04468322298526764
Eagle_et_al,NA,SageLotPond,233,2018,NA,NA,0.2341,GEOID12B,wetland,NA,NA,-28.413999557495117,-28.410802841186523,-28.392858505249023,0.2341,MA_GCS_3m_NAVDm.tif,14,0.18741677701473236,41.55407292186572,-70.50587336189673,-0.04668322298526764
Eagle_et_al,NA,SageLotPond,234,2018,NA,NA,0.2381,GEOID12B,wetland,NA,NA,-28.413999557495117,-28.410802841186523,-28.392858505249023,0.2381,MA_GCS_3m_NAVDm.tif,14,0.18741677701473236,41.55407531764533,-70.5058857453229,-0.050683222985267645
Eagle_et_al,NA,SageLotPond,235,2018,NA,NA,0.2331,GEOID12B,wetland,NA,NA,-28.413999557495117,-28.410802841186523,-28.392858505249023,0.2331,MA_GCS_3m_NAVDm.tif,14,0.18741677701473236,41.554075038623424,-70.50588573045182,-0.04568322298526764
Eagle_et_al,NA,SageLotPond,236,2018,NA,NA,0.2261,GEOID12B,wetland,NA,NA,-28.413999557495117,-28.410802841186523,-28.392858505249023,0.2261,MA_GCS_3m_NAVDm.tif,14,0.1880328357219696,41.5540653439137,-70.5058894120127,-0.03806716427803039
Eagle_et_al,NA,SageLotPond,237,2018,NA,NA,0.2211,GEOID12B,wetland,NA,NA,-28.413999557495117,-28.410802841186523,-28.392858505249023,0.2211,MA_GCS_3m_NAVDm.tif,14,0.1880328357219696,41.55406529021793,-70.50588938558535,-0.033067164278030386
Eagle_et_al,NA,SageLotPond,238,2018,NA,NA,0.2241,GEOID12B,wetland,NA,NA,-28.413999557495117,-28.410802841186523,-28.392858505249023,0.2241,MA_GCS_3m_NAVDm.tif,14,0.1880328357219696,41.554065362754386,-70.50588934889852,-0.03606716427803039
Eagle_et_al,NA,SageLotPond,239,2018,NA,NA,0.2701,GEOID12B,wetland,NA,NA,-28.413999557495117,-28.410802841186523,-28.392858505249023,0.2701,MA_GCS_3m_NAVDm.tif,14,0.19358934462070465,41.55400920263349,-70.50577050240545,-0.07651065537929536
Eagle_et_al,NA,SageLotPond,240,2018,NA,NA,0.2581,GEOID12B,wetland,NA,NA,-28.413999557495117,-28.410802841186523,-28.392858505249023,0.2581,MA_GCS_3m_NAVDm.tif,14,0.19358934462070465,41.55400932176123,-70.50577034689152,-0.06451065537929535
Eagle_et_al,NA,SageLotPond,241,2018,NA,NA,0.2591,GEOID12B,wetland,NA,NA,-28.413999557495117,-28.410802841186523,-28.392858505249023,0.2591,MA_GCS_3m_NAVDm.tif,14,0.2119990885257721,41.55401852628136,-70.50576695610646,-0.0471009114742279
Eagle_et_al,NA,SageLotPond,242,2018,NA,NA,0.2661,GEOID12B,wetland,NA,NA,-28.413999557495117,-28.410802841186523,-28.392858505249023,0.2661,MA_GCS_3m_NAVDm.tif,14,0.2119990885257721,41.55401845357221,-70.50576700597932,-0.05410091147422791
Eagle_et_al,NA,SageLotPond,243,2018,NA,NA,0.2591,GEOID12B,wetland,NA,NA,-28.413999557495117,-28.410802841186523,-28.392858505249023,0.2591,MA_GCS_3m_NAVDm.tif,14,0.2119990885257721,41.554018301096534,-70.50576695687464,-0.0471009114742279
Eagle_et_al,NA,SageLotPond,244,2018,NA,NA,0.2641,GEOID12B,wetland,NA,NA,-28.413999557495117,-28.410802841186523,-28.392858505249023,0.2641,MA_GCS_3m_NAVDm.tif,14,0.2119990885257721,41.554021591692326,-70.50577979033073,-0.05210091147422791
Eagle_et_al,NA,SageLotPond,245,2018,NA,NA,0.2631,GEOID12B,wetland,NA,NA,-28.413999557495117,-28.410802841186523,-28.392858505249023,0.2631,MA_GCS_3m_NAVDm.tif,14,0.2119990885257721,41.55402151744454,-70.50577995767826,-0.051100911474227906
Eagle_et_al,NA,SageLotPond,246,2018,NA,NA,0.2551,GEOID12B,wetland,NA,NA,-28.413999557495117,-28.410802841186523,-28.392858505249023,0.2551,MA_GCS_3m_NAVDm.tif,14,0.2119990885257721,41.554021536646275,-70.50577986699349,-0.0431009114742279
Eagle_et_al,NA,SageLotPond,247,2018,NA,NA,0.2401,GEOID12B,wetland,NA,NA,-28.413999557495117,-28.410802841186523,-28.392858505249023,0.2401,MA_GCS_3m_NAVDm.tif,14,0.19358934462070465,41.55401207504537,-70.50578363072013,-0.04651065537929536
Eagle_et_al,NA,SageLotPond,248,2018,NA,NA,0.2431,GEOID12B,wetland,NA,NA,-28.413999557495117,-28.410802841186523,-28.392858505249023,0.2431,MA_GCS_3m_NAVDm.tif,14,0.19358934462070465,41.55401206481646,-70.50578372401135,-0.04951065537929536
Eagle_et_al,NA,SageLotPond,249,2018,NA,NA,0.3741,GEOID12B,wetland,NA,NA,-28.413999557495117,-28.410802841186523,-28.392858505249023,0.3741,MA_GCS_3m_NAVDm.tif,14,0.25690436363220215,41.55401134877614,-70.50564446240286,-0.11719563636779784
Eagle_et_al,NA,SageLotPond,250,2018,NA,NA,0.3731,GEOID12B,wetland,NA,NA,-28.413999557495117,-28.410802841186523,-28.392858505249023,0.3731,MA_GCS_3m_NAVDm.tif,14,0.25690436363220215,41.55401133021817,-70.50564450394008,-0.11619563636779784
Eagle_et_al,NA,SageLotPond,251,2018,NA,NA,0.3751,GEOID12B,wetland,NA,NA,-28.413999557495117,-28.410802841186523,-28.392858505249023,0.3751,MA_GCS_3m_NAVDm.tif,14,0.25690436363220215,41.5540112834857,-70.50564463355568,-0.11819563636779784
Eagle_et_al,NA,SageLotPond,252,2018,NA,NA,0.4081,GEOID12B,wetland,NA,NA,-28.413999557495117,-28.410802841186523,-28.392858505249023,0.4081,MA_GCS_3m_NAVDm.tif,14,0.3053879737854004,41.55402059608486,-70.5056412428631,-0.10271202621459963
Eagle_et_al,NA,SageLotPond,253,2018,NA,NA,0.3241,GEOID12B,wetland,NA,NA,-28.413999557495117,-28.410802841186523,-28.392858505249023,0.3241,MA_GCS_3m_NAVDm.tif,14,0.3053879737854004,41.55402370674949,-70.50565268599397,-0.01871202621459961
Eagle_et_al,NA,SageLotPond,254,2018,NA,NA,0.3281,GEOID12B,wetland,NA,NA,-28.413999557495117,-28.410802841186523,-28.392858505249023,0.3281,MA_GCS_3m_NAVDm.tif,14,0.3053879737854004,41.55402386870045,-70.50565269934575,-0.022712026214599612
Eagle_et_al,NA,SageLotPond,255,2018,NA,NA,0.3341,GEOID12B,wetland,NA,NA,-28.413999557495117,-28.410802841186523,-28.392858505249023,0.3341,MA_GCS_3m_NAVDm.tif,14,0.3053879737854004,41.55402381440805,-70.50565271847,-0.028712026214599617
Eagle_et_al,NA,SageLotPond,256,2018,NA,NA,0.3021,GEOID12B,wetland,NA,NA,-28.413999557495117,-28.410802841186523,-28.392858505249023,0.3021,MA_GCS_3m_NAVDm.tif,14,0.25715184211730957,41.55401488203817,-70.50565802453255,-0.04494815788269041
Eagle_et_al,NA,SageLotPond,257,2018,NA,NA,0.3061,GEOID12B,wetland,NA,NA,-28.413999557495117,-28.410802841186523,-28.392858505249023,0.3061,MA_GCS_3m_NAVDm.tif,14,0.25715184211730957,41.55401485607726,-70.50565794359125,-0.04894815788269041
Eagle_et_al,NA,SageLotPond,258,2018,NA,NA,0.5211,GEOID12B,wetland,NA,NA,-28.413999557495117,-28.410802841186523,-28.392858505249023,0.5211,MA_GCS_3m_NAVDm.tif,14,0.43389827013015747,41.553960856569184,-70.505539847803135,-0.08720172986984254
Eagle_et_al,NA,SageLotPond,259,2018,NA,NA,0.5201,GEOID12B,wetland,NA,NA,-28.413999557495117,-28.410802841186523,-28.392858505249023,0.5201,MA_GCS_3m_NAVDm.tif,14,0.43389827013015747,41.55396090930747,-70.50553994735209,-0.08620172986984254
Eagle_et_al,NA,SageLotPond,260,2018,NA,NA,0.5191,GEOID12B,wetland,NA,NA,-28.413999557495117,-28.410802841186523,-28.392858505249023,0.5191,MA_GCS_3m_NAVDm.tif,14,0.43389827013015747,41.55397012681584,-70.5055376276206,-0.08520172986984254
Eagle_et_al,NA,SageLotPond,261,2018,NA,NA,0.5181,GEOID12B,wetland,NA,NA,-28.413999557495117,-28.410802841186523,-28.392858505249023,0.5181,MA_GCS_3m_NAVDm.tif,14,0.43389827013015747,41.55397026349654,-70.50553750728717,-0.08420172986984253
Eagle_et_al,NA,SageLotPond,262,2018,NA,NA,0.5191,GEOID12B,wetland,NA,NA,-28.413999557495117,-28.410802841186523,-28.392858505249023,0.5191,MA_GCS_3m_NAVDm.tif,14,0.38424262404441833,41.553972603246635,-70.50555004526203,-0.13485737595558167
Eagle_et_al,NA,SageLotPond,263,2018,NA,NA,0.5211,GEOID12B,wetland,NA,NA,-28.413999557495117,-28.410802841186523,-28.392858505249023,0.5211,MA_GCS_3m_NAVDm.tif,14,0.38424262404441833,41.55397263063614,-70.50555001711969,-0.13685737595558167
Eagle_et_al,NA,SageLotPond,264,2018,NA,NA,0.5211,GEOID12B,wetland,NA,NA,-28.413999557495117,-28.410802841186523,-28.392858505249023,0.5211,MA_GCS_3m_NAVDm.tif,14,0.38424262404441833,41.55397254125293,-70.50554996468358,-0.13685737595558167
Eagle_et_al,NA,SageLotPond,265,2018,NA,NA,0.5321,GEOID12B,wetland,NA,NA,-28.413999557495117,-28.410802841186523,-28.392858505249023,0.5321,MA_GCS_3m_NAVDm.tif,14,0.38424262404441833,41.5539627279972,-70.50555307037558,-0.14785737595558168
Eagle_et_al,NA,SageLotPond,266,2018,NA,NA,0.5401,GEOID12B,wetland,NA,NA,-28.413999557495117,-28.410802841186523,-28.392858505249023,0.5401,MA_GCS_3m_NAVDm.tif,14,0.38424262404441833,41.553962745566174,-70.50555310435773,-0.1558573759555817
Eagle_et_al,NA,SageLotPond,267,2018,NA,NA,0.5131,GEOID12B,wetland,NA,NA,-28.413999557495117,-28.410802841186523,-28.392858505249023,0.5131,MA_GCS_3m_NAVDm.tif,14,0.44189098477363586,41.55438402741276,-70.50559659359152,-0.07120901522636414
Eagle_et_al,NA,SageLotPond,268,2018,NA,NA,0.5061,GEOID12B,wetland,NA,NA,-28.413999557495117,-28.410802841186523,-28.392858505249023,0.5061,MA_GCS_3m_NAVDm.tif,14,0.44189098477363586,41.55438399914411,-70.50559668886275,-0.06420901522636413
Eagle_et_al,NA,SageLotPond,269,2018,NA,NA,0.4781,GEOID12B,wetland,NA,NA,-28.413999557495117,-28.410802841186523,-28.392858505249023,0.4781,MA_GCS_3m_NAVDm.tif,14,0.43162617087364197,41.55439357432918,-70.50559594344267,-0.04647382912635806
Eagle_et_al,NA,SageLotPond,270,2018,NA,NA,0.4871,GEOID12B,wetland,NA,NA,-28.413999557495117,-28.410802841186523,-28.392858505249023,0.4871,MA_GCS_3m_NAVDm.tif,14,0.43162617087364197,41.554393666428226,-70.50559578849925,-0.05547382912635801
Eagle_et_al,NA,SageLotPond,271,2018,NA,NA,0.5111,GEOID12B,wetland,NA,NA,-28.413999557495117,-28.410802841186523,-28.392858505249023,0.5111,MA_GCS_3m_NAVDm.tif,14,0.3939419388771057,41.554394228676735,-70.50560994004857,-0.11715806112289429
Eagle_et_al,NA,SageLotPond,272,2018,NA,NA,0.5091,GEOID12B,wetland,NA,NA,-28.413999557495117,-28.410802841186523,-28.392858505249023,0.5091,MA_GCS_3m_NAVDm.tif,14,0.3939419388771057,41.55439413872841,-70.50560993076623,-0.11515806112289428
Eagle_et_al,NA,SageLotPond,273,2018,NA,NA,0.5081,GEOID12B,wetland,NA,NA,-28.413999557495117,-28.410802841186523,-28.392858505249023,0.5081,MA_GCS_3m_NAVDm.tif,14,0.3939419388771057,41.55439420194656,-70.50560991784448,-0.11415806112289428
Eagle_et_al,NA,SageLotPond,274,2018,NA,NA,0.4891,GEOID12B,wetland,NA,NA,-28.413999557495117,-28.410802841186523,-28.392858505249023,0.4891,MA_GCS_3m_NAVDm.tif,14,0.4124622046947479,41.55438376045172,-70.50560941288595,-0.07663779530525205
Eagle_et_al,NA,SageLotPond,275,2018,NA,NA,0.4861,GEOID12B,wetland,NA,NA,-28.413999557495117,-28.410802841186523,-28.392858505249023,0.4861,MA_GCS_3m_NAVDm.tif,14,0.4124622046947479,41.55438378517245,-70.5056095885272,-0.07363779530525205
Eagle_et_al,NA,SageLotPond,276,2018,NA,NA,0.3781,GEOID12B,wetland,NA,NA,-28.413999557495117,-28.410802841186523,-28.392858505249023,0.3781,MA_GCS_3m_NAVDm.tif,14,0.27709048986434937,41.55442662236432,-70.50570862546508,-0.10100951013565063
Eagle_et_al,NA,SageLotPond,277,2018,NA,NA,0.3531,GEOID12B,wetland,NA,NA,-28.413999557495117,-28.410802841186523,-28.392858505249023,0.3531,MA_GCS_3m_NAVDm.tif,14,0.27709048986434937,41.55443530637778,-70.50570371410967,-0.07600951013565066
Eagle_et_al,NA,SageLotPond,278,2018,NA,NA,0.3481,GEOID12B,wetland,NA,NA,-28.413999557495117,-28.410802841186523,-28.392858505249023,0.3481,MA_GCS_3m_NAVDm.tif,14,0.28524258732795715,41.554439873980826,-70.50571532423604,-0.06285741267204287
Eagle_et_al,NA,SageLotPond,279,2018,NA,NA,0.3521,GEOID12B,wetland,NA,NA,-28.413999557495117,-28.410802841186523,-28.392858505249023,0.3521,MA_GCS_3m_NAVDm.tif,14,0.28524258732795715,41.554439720186345,-70.50571537582435,-0.06685741267204287
Eagle_et_al,NA,SageLotPond,280,2018,NA,NA,0.3461,GEOID12B,wetland,NA,NA,-28.413999557495117,-28.410802841186523,-28.392858505249023,0.3461,MA_GCS_3m_NAVDm.tif,14,0.28524258732795715,41.55443979253435,-70.50571535352186,-0.060857412672042865
Eagle_et_al,NA,SageLotPond,281,2018,NA,NA,0.3461,GEOID12B,wetland,NA,NA,-28.413999557495117,-28.410802841186523,-28.392858505249023,0.3461,MA_GCS_3m_NAVDm.tif,14,0.28524258732795715,41.5544397287667,-70.50571540839903,-0.060857412672042865
Eagle_et_al,NA,SageLotPond,282,2018,NA,NA,0.3781,GEOID12B,wetland,NA,NA,-28.413999557495117,-28.410802841186523,-28.392858505249023,0.3781,MA_GCS_3m_NAVDm.tif,14,0.28524258732795715,41.554430801104715,-70.50572173022641,-0.09285741267204284
Eagle_et_al,NA,SageLotPond,283,2018,NA,NA,0.3891,GEOID12B,wetland,NA,NA,-28.413999557495117,-28.410802841186523,-28.392858505249023,0.3891,MA_GCS_3m_NAVDm.tif,14,0.28524258732795715,41.5544309201068,-70.50572158430123,-0.10385741267204285
Eagle_et_al,NA,SageLotPond,284,2018,NA,NA,0.3581,GEOID12B,wetland,NA,NA,-28.413999557495117,-28.410802841186523,-28.392858505249023,0.3581,MA_GCS_3m_NAVDm.tif,14,0.28524258732795715,41.55443096953976,-70.50572124850353,-0.07285741267204282
Eagle_et_al,NA,SageLotPond,285,2018,NA,NA,0.2551,GEOID12B,wetland,NA,NA,-28.413999557495117,-28.410802841186523,-28.392858505249023,0.2551,MA_GCS_3m_NAVDm.tif,14,0.23112201690673828,41.554427457228634,-70.50583399563415,-0.023977983093261712
Eagle_et_al,NA,SageLotPond,286,2018,NA,NA,0.2591,GEOID12B,wetland,NA,NA,-28.413999557495117,-28.410802841186523,-28.392858505249023,0.2591,MA_GCS_3m_NAVDm.tif,14,0.23112201690673828,41.55442720424602,-70.50583405571142,-0.027977983093261716
Eagle_et_al,NA,SageLotPond,287,2018,NA,NA,0.2851,GEOID12B,wetland,NA,NA,-28.413999557495117,-28.410802841186523,-28.392858505249023,0.2851,MA_GCS_3m_NAVDm.tif,14,0.23112201690673828,41.554436203947226,-70.50582911093214,-0.05397798309326174
Eagle_et_al,NA,SageLotPond,288,2018,NA,NA,0.2871,GEOID12B,wetland,NA,NA,-28.413999557495117,-28.410802841186523,-28.392858505249023,0.2871,MA_GCS_3m_NAVDm.tif,14,0.23112201690673828,41.5544361773898,-70.50582907554191,-0.05597798309326174
Eagle_et_al,NA,SageLotPond,289,2018,NA,NA,0.2861,GEOID12B,wetland,NA,NA,-28.413999557495117,-28.410802841186523,-28.392858505249023,0.2861,MA_GCS_3m_NAVDm.tif,14,0.23112201690673828,41.55444023425733,-70.50584116904619,-0.05497798309326174
Eagle_et_al,NA,SageLotPond,290,2018,NA,NA,0.2881,GEOID12B,wetland,NA,NA,-28.413999557495117,-28.410802841186523,-28.392858505249023,0.2881,MA_GCS_3m_NAVDm.tif,14,0.23112201690673828,41.554440180828465,-70.50584112224033,-0.05697798309326174
Eagle_et_al,NA,SageLotPond,291,2018,NA,NA,0.2751,GEOID12B,wetland,NA,NA,-28.413999557495117,-28.410802841186523,-28.392858505249023,0.2751,MA_GCS_3m_NAVDm.tif,14,0.213178351521492,41.55443130362209,-70.50584634205603,-0.06192164847850801
Eagle_et_al,NA,SageLotPond,292,2018,NA,NA,0.2791,GEOID12B,wetland,NA,NA,-28.413999557495117,-28.410802841186523,-28.392858505249023,0.2791,MA_GCS_3m_NAVDm.tif,14,0.213178351521492,41.55443124030971,-70.50584636216995,-0.06592164847850801
Eagle_et_al,NA,SageLotPond,293,2018,NA,NA,0.2501,GEOID12B,wetland,NA,NA,-28.413999557495117,-28.410802841186523,-28.392858505249023,0.2501,MA_GCS_3m_NAVDm.tif,14,0.1986895054578781,41.5544808650174,-70.50593879402658,-0.051410494542121876
Eagle_et_al,NA,SageLotPond,294,2018,NA,NA,0.2501,GEOID12B,wetland,NA,NA,-28.413999557495117,-28.410802841186523,-28.392858505249023,0.2501,MA_GCS_3m_NAVDm.tif,14,0.1986895054578781,41.554480854552835,-70.50593890529937,-0.051410494542121876
Eagle_et_al,NA,SageLotPond,295,2018,NA,NA,0.2541,GEOID12B,wetland,NA,NA,-28.413999557495117,-28.410802841186523,-28.392858505249023,0.2541,MA_GCS_3m_NAVDm.tif,14,0.1986895054578781,41.554489576694714,-70.5059352095386,-0.05541049454212188
Eagle_et_al,NA,SageLotPond,296,2018,NA,NA,0.3915,GEOID12B,wetland,NA,NA,-28.413999557495117,-28.410802841186523,-28.392858505249023,0.3915,MA_GCS_3m_NAVDm.tif,14,0.327745258808136,41.55754885147722,-70.50447471516281,-0.06375474119186403
Eagle_et_al,NA,SageLotPond,297,2018,NA,NA,0.3345,GEOID12B,wetland,NA,NA,-28.413999557495117,-28.410802841186523,-28.392858505249023,0.3345,MA_GCS_3m_NAVDm.tif,14,0.35089394450187683,41.557527984708464,-70.5044235982058,0.01639394450187681
Eagle_et_al,NA,SageLotPond,298,2018,NA,NA,0.3774,GEOID12B,wetland,NA,NA,-28.413999557495117,-28.410802841186523,-28.392858505249023,0.3774,MA_GCS_3m_NAVDm.tif,14,0.34948623180389404,41.55751082303098,-70.50437815286084,-0.02791376819610597
Eagle_et_al,NA,SageLotPond,299,2018,NA,NA,0.3976,GEOID12B,wetland,NA,NA,-28.413999557495117,-28.410802841186523,-28.392858505249023,0.3976,MA_GCS_3m_NAVDm.tif,14,0.35246092081069946,41.557466225910986,-70.50440829513649,-0.045139079189300546
Eagle_et_al,NA,SageLotPond,300,2018,NA,NA,0.3776,GEOID12B,wetland,NA,NA,-28.413999557495117,-28.410802841186523,-28.392858505249023,0.3776,MA_GCS_3m_NAVDm.tif,14,0.3292368948459625,41.557490949953426,-70.50448263910732,-0.04836310515403747
Eagle_et_al,NA,SageLotPond,301,2018,NA,NA,0.3717,GEOID12B,wetland,NA,NA,-28.413999557495117,-28.410802841186523,-28.392858505249023,0.3717,MA_GCS_3m_NAVDm.tif,14,0.31215211749076843,41.557513791003686,-70.50453719904351,-0.05954788250923154
Eagle_et_al,NA,SageLotPond,302,2018,NA,NA,0.3819,GEOID12B,wetland,NA,NA,-28.413999557495117,-28.410802841186523,-28.392858505249023,0.3819,MA_GCS_3m_NAVDm.tif,14,0.37393832206726074,41.5574563998032,-70.5045969739851,-0.007961677932739275
Eagle_et_al,NA,SageLotPond,303,2018,NA,NA,0.4059,GEOID12B,wetland,NA,NA,-28.413999557495117,-28.410802841186523,-28.392858505249023,0.4059,MA_GCS_3m_NAVDm.tif,14,0.4108922779560089,41.557425176947795,-70.50455452170951,0.004992277956008928
Eagle_et_al,NA,SageLotPond,304,2018,NA,NA,0.3398,GEOID12B,wetland,NA,NA,-28.413999557495117,-28.410802841186523,-28.392858505249023,0.3398,MA_GCS_3m_NAVDm.tif,14,0.36183789372444153,41.55740193100499,-70.50451032268404,0.022037893724441537
Eagle_et_al,NA,SageLotPond,305,2018,NA,NA,0.3548,GEOID12B,wetland,NA,NA,-28.413999557495117,-28.410802841186523,-28.392858505249023,0.3548,MA_GCS_3m_NAVDm.tif,14,0.3340015411376953,41.557238396746605,-70.5048883155011,-0.020798458862304692
Eagle_et_al,NA,SageLotPond,306,2018,NA,NA,0.3777,GEOID12B,wetland,NA,NA,-28.413999557495117,-28.410802841186523,-28.392858505249023,0.3777,MA_GCS_3m_NAVDm.tif,14,0.3340015411376953,41.55723928589515,-70.50488004644104,-0.04369845886230467
Eagle_et_al,NA,SageLotPond,307,2018,NA,NA,0.3598,GEOID12B,wetland,NA,NA,-28.413999557495117,-28.410802841186523,-28.392858505249023,0.3598,MA_GCS_3m_NAVDm.tif,14,0.3340015411376953,41.557229570921166,-70.50487598976561,-0.025798458862304696
Eagle_et_al,NA,SageLotPond,308,2018,NA,NA,0.3478,GEOID12B,wetland,NA,NA,-28.413999557495117,-28.410802841186523,-28.392858505249023,0.3478,MA_GCS_3m_NAVDm.tif,14,0.34471961855888367,41.55721942172505,-70.50488281125105,-0.003080381441116331
Eagle_et_al,NA,SageLotPond,309,2018,NA,NA,0.3708,GEOID12B,wetland,NA,NA,-28.413999557495117,-28.410802841186523,-28.392858505249023,0.3708,MA_GCS_3m_NAVDm.tif,14,0.34471961855888367,41.55721327808664,-70.50489326794535,-0.02608038144111635
Eagle_et_al,NA,SageLotPond,310,2018,NA,NA,0.3481,GEOID12B,wetland,NA,NA,-28.413999557495117,-28.410802841186523,-28.392858505249023,0.3481,MA_GCS_3m_NAVDm.tif,14,0.35577088594436646,41.55720367543915,-70.50505917581508,0.0076708859443664346
Eagle_et_al,NA,SageLotPond,311,2018,NA,NA,0.3581,GEOID12B,wetland,NA,NA,-28.413999557495117,-28.410802841186523,-28.392858505249023,0.3581,MA_GCS_3m_NAVDm.tif,14,0.35577088594436646,41.55721270764921,-70.50505312107418,-0.002329114055633519
Eagle_et_al,NA,SageLotPond,312,2018,NA,NA,0.3521,GEOID12B,wetland,NA,NA,-28.413999557495117,-28.410802841186523,-28.392858505249023,0.3521,MA_GCS_3m_NAVDm.tif,14,0.35484954714775085,41.557212003528775,-70.50503652296362,0.0027495471477508304
Eagle_et_al,NA,SageLotPond,313,2018,NA,NA,0.3601,GEOID12B,wetland,NA,NA,-28.413999557495117,-28.410802841186523,-28.392858505249023,0.3601,MA_GCS_3m_NAVDm.tif,14,0.35484954714775085,41.5572037779284,-70.50502884943172,-0.005250452852249121
Eagle_et_al,NA,SageLotPond,314,2018,NA,NA,0.3381,GEOID12B,wetland,NA,NA,-28.413999557495117,-28.410802841186523,-28.392858505249023,0.3381,MA_GCS_3m_NAVDm.tif,14,0.33035364747047424,41.55718910935482,-70.50503784679329,-0.0077463525295257685
Eagle_et_al,NA,SageLotPond,315,2018,NA,NA,0.3361,GEOID12B,wetland,NA,NA,-28.413999557495117,-28.410802841186523,-28.392858505249023,0.3361,MA_GCS_3m_NAVDm.tif,14,0.33035364747047424,41.55717892306972,-70.50505417420223,-0.005746352529525767
Eagle_et_al,NA,SageLotPond,316,2018,NA,NA,0.2962,GEOID12B,wetland,NA,NA,-28.413999557495117,-28.410802841186523,-28.392858505249023,0.2962,MA_GCS_3m_NAVDm.tif,14,0.3322596848011017,41.55708493046116,-70.50496777497834,0.036059684801101666
Eagle_et_al,NA,SageLotPond,317,2018,NA,NA,0.3392,GEOID12B,wetland,NA,NA,-28.413999557495117,-28.410802841186523,-28.392858505249023,0.3392,MA_GCS_3m_NAVDm.tif,14,0.3105285167694092,41.55708178475731,-70.50498067670634,-0.028671483230590822
Eagle_et_al,NA,SageLotPond,318,2018,NA,NA,0.3302,GEOID12B,wetland,NA,NA,-28.413999557495117,-28.410802841186523,-28.392858505249023,0.3302,MA_GCS_3m_NAVDm.tif,14,0.32944315671920776,41.55708965295381,-70.50498923168782,-7.568432807922298e-4
Eagle_et_al,NA,SageLotPond,319,2018,NA,NA,0.3101,GEOID12B,wetland,NA,NA,-28.413999557495117,-28.410802841186523,-28.392858505249023,0.3101,MA_GCS_3m_NAVDm.tif,14,0.3322596848011017,41.55709915789309,-70.5049783709608,0.022159684801101698
Eagle_et_al,NA,SageLotPond,320,2018,NA,NA,0.3471,GEOID12B,wetland,NA,NA,-28.413999557495117,-28.410802841186523,-28.392858505249023,0.3471,MA_GCS_3m_NAVDm.tif,14,0.3322596848011017,41.55709964036085,-70.50496195030554,-0.014840315198898335
Eagle_et_al,NA,SageLotPond,321,2018,NA,NA,0.283,GEOID12B,wetland,NA,NA,-28.413999557495117,-28.410802841186523,-28.392858505249023,0.283,MA_GCS_3m_NAVDm.tif,14,0.2666209638118744,41.556922584432975,-70.50529267051658,-0.016379036188125584
Eagle_et_al,NA,SageLotPond,322,2018,NA,NA,0.299,GEOID12B,wetland,NA,NA,-28.413999557495117,-28.410802841186523,-28.392858505249023,0.299,MA_GCS_3m_NAVDm.tif,14,0.2666209638118744,41.55691249419666,-70.50528948406044,-0.0323790361881256
Eagle_et_al,NA,SageLotPond,323,2018,NA,NA,0.3,GEOID12B,wetland,NA,NA,-28.413999557495117,-28.410802841186523,-28.392858505249023,0.3,MA_GCS_3m_NAVDm.tif,14,0.2666209638118744,41.55692125691455,-70.50528069268333,-0.0333790361881256
Eagle_et_al,NA,SageLotPond,324,2018,NA,NA,0.318,GEOID12B,wetland,NA,NA,-28.413999557495117,-28.410802841186523,-28.392858505249023,0.318,MA_GCS_3m_NAVDm.tif,14,0.28969109058380127,41.55691437835345,-70.50527140040255,-0.028308909416198735
Eagle_et_al,NA,SageLotPond,325,2018,NA,NA,0.3119,GEOID12B,wetland,NA,NA,-28.413999557495117,-28.410802841186523,-28.392858505249023,0.3119,MA_GCS_3m_NAVDm.tif,14,0.26393169164657593,41.55692605510588,-70.5052687790707,-0.04796830835342408
Eagle_et_al,NA,SageLotPond,326,2018,NA,NA,0.2593,GEOID12B,wetland,NA,NA,-28.413999557495117,-28.410802841186523,-28.392858505249023,0.2593,MA_GCS_3m_NAVDm.tif,14,0.2042640894651413,41.55678046977198,-70.5053624692775,-0.05503591053485868
Eagle_et_al,NA,SageLotPond,327,2018,NA,NA,0.2704,GEOID12B,wetland,NA,NA,-28.413999557495117,-28.410802841186523,-28.392858505249023,0.2704,MA_GCS_3m_NAVDm.tif,14,0.2042640894651413,41.55677593774478,-70.5053686379754,-0.06613591053485868
Eagle_et_al,NA,SageLotPond,328,2018,NA,NA,0.2614,GEOID12B,wetland,NA,NA,-28.413999557495117,-28.410802841186523,-28.392858505249023,0.2614,MA_GCS_3m_NAVDm.tif,14,0.2042640894651413,41.55678219078416,-70.50537768789223,-0.057135910534858725
Eagle_et_al,NA,SageLotPond,329,2018,NA,NA,0.2734,GEOID12B,wetland,NA,NA,-28.413999557495117,-28.410802841186523,-28.392858505249023,0.2734,MA_GCS_3m_NAVDm.tif,14,0.2348260134458542,41.55679157220611,-70.50537853277763,-0.03857398655414579
Eagle_et_al,NA,SageLotPond,330,2018,NA,NA,0.2793,GEOID12B,wetland,NA,NA,-28.413999557495117,-28.410802841186523,-28.392858505249023,0.2793,MA_GCS_3m_NAVDm.tif,14,0.2348260134458542,41.55679359950424,-70.50536623351698,-0.044473986554145806
Eagle_et_al,NA,SageLotPond,331,2018,NA,NA,0.2621,GEOID12B,wetland,NA,NA,-28.413999557495117,-28.410802841186523,-28.392858505249023,0.2621,MA_GCS_3m_NAVDm.tif,14,0.27011388540267944,41.55677644933586,-70.50520602055371,0.008013885402679444
Eagle_et_al,NA,SageLotPond,332,2018,NA,NA,0.2311,GEOID12B,wetland,NA,NA,-28.413999557495117,-28.410802841186523,-28.392858505249023,0.2311,MA_GCS_3m_NAVDm.tif,14,0.27011388540267944,41.55676842664237,-70.50521029875824,0.039013885402679443
Eagle_et_al,NA,SageLotPond,333,2018,NA,NA,0.2421,GEOID12B,wetland,NA,NA,-28.413999557495117,-28.410802841186523,-28.392858505249023,0.2421,MA_GCS_3m_NAVDm.tif,14,0.27011388540267944,41.55676579514605,-70.50522148558863,0.028013885402679434
Eagle_et_al,NA,SageLotPond,334,2018,NA,NA,0.2621,GEOID12B,wetland,NA,NA,-28.413999557495117,-28.410802841186523,-28.392858505249023,0.2621,MA_GCS_3m_NAVDm.tif,14,0.2636464238166809,41.55677483826192,-70.50522904495938,0.0015464238166809086
Eagle_et_al,NA,SageLotPond,335,2018,NA,NA,0.2601,GEOID12B,wetland,NA,NA,-28.413999557495117,-28.410802841186523,-28.392858505249023,0.2601,MA_GCS_3m_NAVDm.tif,14,0.27011388540267944,41.556783130409755,-70.50522035299225,0.010013885402679445
Eagle_et_al,NA,SageLotPond,336,2018,NA,NA,0.1219,GEOID12B,wetland,NA,NA,-28.413999557495117,-28.410802841186523,-28.392858505249023,0.1219,MA_GCS_3m_NAVDm.tif,14,0.08143442124128342,41.55534567090423,-70.50657600466897,-0.04046557875871658
Eagle_et_al,NA,SageLotPond,337,2018,NA,NA,0.1299,GEOID12B,wetland,NA,NA,-28.413999557495117,-28.410802841186523,-28.392858505249023,0.1299,MA_GCS_3m_NAVDm.tif,14,0.08143442124128342,41.55534802838536,-70.50658896784485,-0.04846557875871657
Eagle_et_al,NA,SageLotPond,338,2018,NA,NA,0.1249,GEOID12B,wetland,NA,NA,-28.413999557495117,-28.410802841186523,-28.392858505249023,0.1249,MA_GCS_3m_NAVDm.tif,14,0.08143442124128342,41.55535581079034,-70.50658832121977,-0.04346557875871658
Eagle_et_al,NA,SageLotPond,339,2018,NA,NA,0.1228,GEOID12B,wetland,NA,NA,-28.413999557495117,-28.410802841186523,-28.392858505249023,0.1228,MA_GCS_3m_NAVDm.tif,14,0.08636752516031265,41.5553644115934,-70.50657546627534,-0.036432474839687354
Eagle_et_al,NA,SageLotPond,340,2018,NA,NA,0.1198,GEOID12B,wetland,NA,NA,-28.413999557495117,-28.410802841186523,-28.392858505249023,0.1198,MA_GCS_3m_NAVDm.tif,14,0.0850655809044838,41.55535738831017,-70.50655887413897,-0.03473441909551621
Eagle_et_al,NA,SageLotPond,341,2018,NA,NA,0.1168,GEOID12B,wetland,NA,NA,-28.413999557495117,-28.410802841186523,-28.392858505249023,0.1168,MA_GCS_3m_NAVDm.tif,14,0.09207455813884735,41.55545786962108,-70.50664985232413,-0.02472544186115265
Eagle_et_al,NA,SageLotPond,342,2018,NA,NA,0.1118,GEOID12B,wetland,NA,NA,-28.413999557495117,-28.410802841186523,-28.392858505249023,0.1118,MA_GCS_3m_NAVDm.tif,14,0.09207455813884735,41.55546360781301,-70.50664354158154,-0.019725441861152646
Eagle_et_al,NA,SageLotPond,343,2018,NA,NA,0.1118,GEOID12B,wetland,NA,NA,-28.413999557495117,-28.410802841186523,-28.392858505249023,0.1118,MA_GCS_3m_NAVDm.tif,14,0.09207455813884735,41.5554596022688,-70.50663434248436,-0.019725441861152646
Eagle_et_al,NA,SageLotPond,344,2018,NA,NA,0.1188,GEOID12B,wetland,NA,NA,-28.413999557495117,-28.410802841186523,-28.392858505249023,0.1188,MA_GCS_3m_NAVDm.tif,14,0.09207455813884735,41.555451356997445,-70.50663127069917,-0.026725441861152652
Eagle_et_al,NA,SageLotPond,345,2018,NA,NA,0.0998,GEOID12B,wetland,NA,NA,-28.413999557495117,-28.410802841186523,-28.392858505249023,0.0998,MA_GCS_3m_NAVDm.tif,14,0.09207455813884735,41.5554665970084,-70.50665373032199,-0.007725441861152649
Eagle_et_al,NA,SageLotPond,346,2018,NA,NA,0.1105,GEOID12B,wetland,NA,NA,-28.413999557495117,-28.410802841186523,-28.392858505249023,0.1105,MA_GCS_3m_NAVDm.tif,14,0.08385949581861496,41.55546666944133,-70.50647788699338,-0.02664050418138504
Eagle_et_al,NA,SageLotPond,347,2018,NA,NA,0.1045,GEOID12B,wetland,NA,NA,-28.413999557495117,-28.410802841186523,-28.392858505249023,0.1045,MA_GCS_3m_NAVDm.tif,14,0.08385949581861496,41.55546286032966,-70.50647012420801,-0.020640504181385036
Eagle_et_al,NA,SageLotPond,348,2018,NA,NA,0.1205,GEOID12B,wetland,NA,NA,-28.413999557495117,-28.410802841186523,-28.392858505249023,0.1205,MA_GCS_3m_NAVDm.tif,14,0.06721492856740952,41.55547059854246,-70.50647257504774,-0.05328507143259048
Eagle_et_al,NA,SageLotPond,349,2018,NA,NA,0.1075,GEOID12B,wetland,NA,NA,-28.413999557495117,-28.410802841186523,-28.392858505249023,0.1075,MA_GCS_3m_NAVDm.tif,14,0.06721492856740952,41.55547536981349,-70.50647908432505,-0.04028507143259048
Eagle_et_al,NA,SageLotPond,350,2018,NA,NA,0.1205,GEOID12B,wetland,NA,NA,-28.413999557495117,-28.410802841186523,-28.392858505249023,0.1205,MA_GCS_3m_NAVDm.tif,14,0.06721492856740952,41.555476007463135,-70.50648987915514,-0.05328507143259048
Eagle_et_al,NA,SageLotPond,351,2018,NA,NA,0.1525,GEOID12B,wetland,NA,NA,-28.413999557495117,-28.410802841186523,-28.392858505249023,0.1525,MA_GCS_3m_NAVDm.tif,14,0.1278996467590332,41.55519135813684,-70.50681631050664,-0.024600353240966794
Eagle_et_al,NA,SageLotPond,352,2018,NA,NA,0.1506,GEOID12B,wetland,NA,NA,-28.413999557495117,-28.410802841186523,-28.392858505249023,0.1506,MA_GCS_3m_NAVDm.tif,14,0.1278996467590332,41.55519644017221,-70.5068245345283,-0.02270035324096681
Eagle_et_al,NA,SageLotPond,353,2018,NA,NA,0.1495,GEOID12B,wetland,NA,NA,-28.413999557495117,-28.410802841186523,-28.392858505249023,0.1495,MA_GCS_3m_NAVDm.tif,14,0.12071491032838821,41.55520516306209,-70.50681810370243,-0.02878508967161178
Eagle_et_al,NA,SageLotPond,354,2018,NA,NA,0.1705,GEOID12B,wetland,NA,NA,-28.413999557495117,-28.410802841186523,-28.392858505249023,0.1705,MA_GCS_3m_NAVDm.tif,14,0.11557435989379883,41.55520378022576,-70.50680733477158,-0.054925640106201185
Eagle_et_al,NA,SageLotPond,355,2018,NA,NA,0.1705,GEOID12B,wetland,NA,NA,-28.413999557495117,-28.410802841186523,-28.392858505249023,0.1705,MA_GCS_3m_NAVDm.tif,14,0.11657696962356567,41.55519800479136,-70.506797656913065,-0.05392303037643434
Eagle_et_al,NA,SageLotPond,356,2018,NA,NA,0.202,GEOID12B,wetland,NA,NA,-28.413999557495117,-28.410802841186523,-28.392858505249023,0.202,MA_GCS_3m_NAVDm.tif,14,0.2106315791606903,41.55503686854767,-70.50689945409917,0.008631579160690295
Eagle_et_al,NA,SageLotPond,357,2018,NA,NA,0.1899,GEOID12B,wetland,NA,NA,-28.413999557495117,-28.410802841186523,-28.392858505249023,0.1899,MA_GCS_3m_NAVDm.tif,14,0.2106315791606903,41.555042986667075,-70.50689941037051,0.020731579160690294
Eagle_et_al,NA,SageLotPond,358,2018,NA,NA,0.1899,GEOID12B,wetland,NA,NA,-28.413999557495117,-28.410802841186523,-28.392858505249023,0.1899,MA_GCS_3m_NAVDm.tif,14,0.1815275400876999,41.5550388631953,-70.50688965818964,-0.008372459912300123
Eagle_et_al,NA,SageLotPond,359,2018,NA,NA,0.1949,GEOID12B,wetland,NA,NA,-28.413999557495117,-28.410802841186523,-28.392858505249023,0.1949,MA_GCS_3m_NAVDm.tif,14,0.182349294424057,41.55502982102004,-70.50688966276826,-0.012550705575942983
Eagle_et_al,NA,SageLotPond,360,2018,NA,NA,0.204,GEOID12B,wetland,NA,NA,-28.413999557495117,-28.410802841186523,-28.392858505249023,0.204,MA_GCS_3m_NAVDm.tif,14,0.20390601456165314,41.555023367262216,-70.50689820274616,-9.398543834684969e-5
Eagle_et_al,NA,SageLotPond,361,2018,NA,NA,0.1649,GEOID12B,wetland,NA,NA,-28.413999557495117,-28.410802841186523,-28.392858505249023,0.1649,MA_GCS_3m_NAVDm.tif,14,0.16986171901226044,41.55518169417214,-70.50699527455437,0.004961719012260446
Eagle_et_al,NA,SageLotPond,362,2018,NA,NA,0.1648,GEOID12B,wetland,NA,NA,-28.413999557495117,-28.410802841186523,-28.392858505249023,0.1648,MA_GCS_3m_NAVDm.tif,14,0.16986171901226044,41.55518943000677,-70.50698959184662,0.005061719012260435
Eagle_et_al,NA,SageLotPond,363,2018,NA,NA,0.1588,GEOID12B,wetland,NA,NA,-28.413999557495117,-28.410802841186523,-28.392858505249023,0.1588,MA_GCS_3m_NAVDm.tif,14,0.14402836561203003,41.55518642815075,-70.50697638588743,-0.014771634387969967
Eagle_et_al,NA,SageLotPond,364,2018,NA,NA,0.1518,GEOID12B,wetland,NA,NA,-28.413999557495117,-28.410802841186523,-28.392858505249023,0.1518,MA_GCS_3m_NAVDm.tif,14,0.14402836561203003,41.555177680288814,-70.5069718718618,-0.007771634387969961
Eagle_et_al,NA,SageLotPond,365,2018,NA,NA,0.1579,GEOID12B,wetland,NA,NA,-28.413999557495117,-28.410802841186523,-28.392858505249023,0.1579,MA_GCS_3m_NAVDm.tif,14,0.18190699815750122,41.55516795728947,-70.50698080115039,0.024006998157501208
Eagle_et_al,NA,SageLotPond,366,2018,NA,NA,0.2404,GEOID12B,wetland,NA,NA,-28.413999557495117,-28.410802841186523,-28.392858505249023,0.2404,MA_GCS_3m_NAVDm.tif,14,0.18260715901851654,41.554599072587955,-70.50611777792106,-0.05779284098148346
Eagle_et_al,NA,SageLotPond,367,2018,NA,NA,0.2374,GEOID12B,wetland,NA,NA,-28.413999557495117,-28.410802841186523,-28.392858505249023,0.2374,MA_GCS_3m_NAVDm.tif,14,0.18260715901851654,41.55460020665203,-70.50612499043656,-0.05479284098148346
Eagle_et_al,NA,SageLotPond,368,2018,NA,NA,0.2454,GEOID12B,wetland,NA,NA,-28.413999557495117,-28.410802841186523,-28.392858505249023,0.2454,MA_GCS_3m_NAVDm.tif,14,0.17696748673915863,41.55460896237974,-70.5061255378774,-0.06843251326084138
Eagle_et_al,NA,SageLotPond,369,2018,NA,NA,0.2533,GEOID12B,wetland,NA,NA,-28.413999557495117,-28.410802841186523,-28.392858505249023,0.2533,MA_GCS_3m_NAVDm.tif,14,0.20936621725559235,41.55460984153613,-70.50611260685037,-0.04393378274440768
Eagle_et_al,NA,SageLotPond,370,2018,NA,NA,0.2681,GEOID12B,wetland,NA,NA,-28.413999557495117,-28.410802841186523,-28.392858505249023,0.2681,MA_GCS_3m_NAVDm.tif,14,0.19624115526676178,41.554696113390506,-70.50605112494908,-0.07185884473323823
Eagle_et_al,NA,SageLotPond,371,2018,NA,NA,0.2971,GEOID12B,wetland,NA,NA,-28.413999557495117,-28.410802841186523,-28.392858505249023,0.2971,MA_GCS_3m_NAVDm.tif,14,0.19624115526676178,41.55470296817065,-70.50604442046595,-0.1008588447332382
Eagle_et_al,NA,SageLotPond,372,2018,NA,NA,0.3031,GEOID12B,wetland,NA,NA,-28.413999557495117,-28.410802841186523,-28.392858505249023,0.3031,MA_GCS_3m_NAVDm.tif,14,0.2032265067100525,41.55469661172315,-70.50603171712703,-0.09987349328994749
Eagle_et_al,NA,SageLotPond,373,2018,NA,NA,0.2741,GEOID12B,wetland,NA,NA,-28.413999557495117,-28.410802841186523,-28.392858505249023,0.2741,MA_GCS_3m_NAVDm.tif,14,0.20451420545578003,41.554685841908395,-70.50603991112315,-0.06958579454421998
Eagle_et_al,NA,SageLotPond,374,2018,NA,NA,0.2621,GEOID12B,wetland,NA,NA,-28.413999557495117,-28.410802841186523,-28.392858505249023,0.2621,MA_GCS_3m_NAVDm.tif,14,0.19624115526676178,41.554686793224455,-70.50605282351239,-0.06585884473323822
Eagle_et_al,NA,SageLotPond,375,2018,NA,NA,0.2364,GEOID12B,wetland,NA,NA,-28.413999557495117,-28.410802841186523,-28.392858505249023,0.2364,MA_GCS_3m_NAVDm.tif,14,0.17519327998161316,41.55467006689121,-70.5062035538225,-0.06120672001838684
Eagle_et_al,NA,SageLotPond,376,2018,NA,NA,0.2524,GEOID12B,wetland,NA,NA,-28.413999557495117,-28.410802841186523,-28.392858505249023,0.2524,MA_GCS_3m_NAVDm.tif,14,0.17519327998161316,41.55467756212817,-70.50619883914358,-0.07720672001838685
Eagle_et_al,NA,SageLotPond,377,2018,NA,NA,0.2454,GEOID12B,wetland,NA,NA,-28.413999557495117,-28.410802841186523,-28.392858505249023,0.2454,MA_GCS_3m_NAVDm.tif,14,0.1819353997707367,41.55467450262507,-70.50618865131457,-0.06346460022926331
Eagle_et_al,NA,SageLotPond,378,2018,NA,NA,0.2364,GEOID12B,wetland,NA,NA,-28.413999557495117,-28.410802841186523,-28.392858505249023,0.2364,MA_GCS_3m_NAVDm.tif,14,0.1819353997707367,41.55466450059979,-70.5061876708294,-0.054464600229263305
Eagle_et_al,NA,SageLotPond,379,2018,NA,NA,0.2434,GEOID12B,wetland,NA,NA,-28.413999557495117,-28.410802841186523,-28.392858505249023,0.2434,MA_GCS_3m_NAVDm.tif,14,0.17519327998161316,41.55466452850291,-70.5062040343606,-0.06820672001838685
Mariotti_et_al_2024,NA,Barataria,2-Edge-1,2022,2,11,0.0185,GEOID18,wetland,Panicum repens,NA,-25.2101993560791,-25.13374137878418,-25.176210403442383,0.0949579772949214,LA_CentralEast_GCS_3m_NAVDm.tif,9,-0.23080138862133026,29.662637750833333,-90.1700080825,-0.32575936591625165
Mariotti_et_al_2024,NA,Barataria,2-Edge-2,2022,2,11,0.007,GEOID18,wetland,Panicum repens,NA,-25.2101993560791,-25.13374137878418,-25.176210403442383,0.08345797729492332,LA_CentralEast_GCS_3m_NAVDm.tif,9,-0.23080138862133026,29.662634260277777,-90.16999981666667,-0.3142593659162536
Mariotti_et_al_2024,NA,Barataria,2-Edge-3,2022,2,11,0.0609,GEOID18,wetland,Panicum repens,NA,-25.2101993560791,-25.13374137878418,-25.176210403442383,0.13735797729492205,LA_CentralEast_GCS_3m_NAVDm.tif,9,-0.23080138862133026,29.662640058055555,-90.16999701222224,-0.3681593659162523
Mariotti_et_al_2024,NA,Barataria,2-Interior-1,2022,2,11,0.3573,GEOID18,wetland,Panicum repens,NA,-25.2101993560791,-25.13374137878418,-25.176210403442383,0.4337579772949205,LA_CentralEast_GCS_3m_NAVDm.tif,9,0.47641679644584656,29.662642602777776,-90.17020559611112,0.042658819150926064
Mariotti_et_al_2024,NA,Barataria,2-Interior-2,2022,2,11,0.3837,GEOID18,wetland,Panicum repens,NA,-25.2101993560791,-25.13374137878418,-25.176210403442383,0.4601579772949229,LA_CentralEast_GCS_3m_NAVDm.tif,9,0.44293683767318726,29.66264462472222,-90.17019881361112,-0.01722113962173566
Mariotti_et_al_2024,NA,Barataria,2-Interior-3,2022,2,11,0.3981,GEOID18,wetland,Panicum repens,NA,-25.2101993560791,-25.13374137878418,-25.176210403442383,0.4745579772949214,LA_CentralEast_GCS_3m_NAVDm.tif,9,0.47641679644584656,29.66263851472222,-90.1701962825,0.0018588191509251728
Mariotti_et_al_2024,NA,Barataria,12-Edge-1,2022,4,23,0.4172,GEOID18,wetland,Sagittaria lancifolia,NA,-24.933900833129883,-24.87618064880371,-24.92922019958496,0.474920184326173,LA_CentralEast_GCS_3m_NAVDm.tif,9,0.3305976092815399,29.56869768972222,-90.1999689138889,-0.14432257504463308
Mariotti_et_al_2024,NA,Barataria,12-Edge-2,2022,4,23,0.4541,GEOID18,wetland,Sagittaria lancifolia,NA,-24.933900833129883,-24.87618064880371,-24.92922019958496,0.5118201843261723,LA_CentralEast_GCS_3m_NAVDm.tif,9,0.3847741484642029,29.568693419444443,-90.19996520666668,-0.1270460358619694
Mariotti_et_al_2024,NA,Barataria,12-Edge-3,2022,4,23,0.4812,GEOID18,wetland,Sagittaria lancifolia,NA,-24.933900833129883,-24.87618064880371,-24.92922019958496,0.5389201843261731,LA_CentralEast_GCS_3m_NAVDm.tif,9,0.3847741484642029,29.56869373888889,-90.19997231388888,-0.15414603586197018
Mariotti_et_al_2024,NA,Barataria,12-Edge-4,2022,4,23,0.469,GEOID18,wetland,Sagittaria lancifolia,NA,-24.933900833129883,-24.87618064880371,-24.92922019958496,0.5267201843261731,LA_CentralEast_GCS_3m_NAVDm.tif,9,0.3847741484642029,29.56868982194445,-90.19997064694444,-0.1419460358619702
Mariotti_et_al_2024,NA,Barataria,12-Edge-5,2022,4,23,0.4718,GEOID18,wetland,Sagittaria lancifolia,NA,-24.933900833129883,-24.87618064880371,-24.92922019958496,0.5295201843261736,LA_CentralEast_GCS_3m_NAVDm.tif,9,0.3847741484642029,29.5686945775,-90.19997286694444,-0.14474603586197077
Mariotti_et_al_2024,NA,Barataria,12-Interior-1,2022,4,23,0.5028,GEOID18,wetland,Eleocharis acicularis,NA,-24.933900833129883,-24.87618064880371,-24.92922019958496,0.5605201843261725,LA_CentralEast_GCS_3m_NAVDm.tif,9,0.47437429428100586,29.56879997388889,-90.2001261575,-0.0861458900451666
Mariotti_et_al_2024,NA,Barataria,12-Interior-2,2022,4,23,0.4971,GEOID18,wetland,Eleocharis acicularis,NA,-24.933900833129883,-24.87618064880371,-24.92922019958496,0.5548201843261715,LA_CentralEast_GCS_3m_NAVDm.tif,9,0.47437429428100586,29.56879917722222,-90.20013709027778,-0.08044589004516567
Mariotti_et_al_2024,NA,Barataria,12-Interior-3,2022,4,23,0.4571,GEOID18,wetland,Eleocharis acicularis,NA,-24.933900833129883,-24.87618064880371,-24.92922019958496,0.5148201843261724,LA_CentralEast_GCS_3m_NAVDm.tif,9,0.47437429428100586,29.568794854444445,-90.20013209944445,-0.04044589004516652
Mariotti_et_al_2024,NA,Barataria,12-Interior-4,2022,4,23,0.4278,GEOID18,wetland,Eleocharis acicularis,NA,-24.933900833129883,-24.87618064880371,-24.92922019958496,0.4855201843261732,LA_CentralEast_GCS_3m_NAVDm.tif,9,0.47437429428100586,29.56880456305555,-90.20013148222222,-0.011145890045167361
Mariotti_et_al_2024,NA,Barataria,16-Edge-1,2022,5,15,0.2999,GEOID18,wetland,Eleocharis acicularis,NA,-25.022300720214844,-24.95781517028809,-25.005144119262695,0.3643855499267587,LA_CentralEast_GCS_3m_NAVDm.tif,9,0.4609411656856537,29.603035711666667,-90.18659743583332,0.09655561575889499
Mariotti_et_al_2024,NA,Barataria,16-Edge-2,2022,5,15,0.3733,GEOID18,wetland,Eleocharis acicularis,NA,-25.022300720214844,-24.95781517028809,-25.005144119262695,0.4377855499267582,LA_CentralEast_GCS_3m_NAVDm.tif,9,0.539426326751709,29.603035444722224,-90.18659160861112,0.10164077682495076
Mariotti_et_al_2024,NA,Barataria,16-Edge-3,2022,5,15,0.2105,GEOID18,wetland,Eleocharis acicularis,NA,-25.022300720214844,-24.95781517028809,-25.005144119262695,0.2749855499267575,LA_CentralEast_GCS_3m_NAVDm.tif,9,0.4609411656856537,29.603041108888892,-90.18659877555557,0.1859556157588962
Mariotti_et_al_2024,NA,Barataria,16-Edge-4,2022,5,15,0.2847,GEOID18,wetland,Eleocharis acicularis,NA,-25.022300720214844,-24.95781517028809,-25.005144119262695,0.34918554992675865,LA_CentralEast_GCS_3m_NAVDm.tif,9,0.539426326751709,29.603041154444448,-90.18659036444444,0.19024077682495033
Mariotti_et_al_2024,NA,Barataria,17-Edge-1,2022,5,15,0.1749,GEOID18,wetland,Eleocharis acicularis,NA,-25.027999877929688,-24.9671630859375,-25.01645278930664,0.23573679199218844,LA_CentralEast_GCS_3m_NAVDm.tif,9,0.503040611743927,29.599254883333337,-90.19793571416668,0.26730381975173856
Mariotti_et_al_2024,NA,Barataria,17-Edge-2,2022,5,15,0.2073,GEOID18,wetland,Eleocharis acicularis,NA,-25.027999877929688,-24.9671630859375,-25.01645278930664,0.26813679199218754,LA_CentralEast_GCS_3m_NAVDm.tif,9,0.503040611743927,29.59924883472222,-90.19793445416668,0.23490381975173946
Mariotti_et_al_2024,NA,Barataria,17-Edge-3,2022,5,15,0.1884,GEOID18,wetland,Eleocharis acicularis,NA,-25.027999877929688,-24.9671630859375,-25.01645278930664,0.24923679199218896,LA_CentralEast_GCS_3m_NAVDm.tif,9,0.503040611743927,29.59925792611111,-90.19792925083334,0.25380381975173805
Mariotti_et_al_2024,NA,Barataria,18-Edge-1,2022,5,15,0.1796,GEOID18,wetland,Eleocharis acicularis,NA,-25.027999877929688,-24.9671630859375,-25.01645278930664,0.24043679199218815,LA_CentralEast_GCS_3m_NAVDm.tif,9,0.4636935293674469,29.605337474722223,-90.19794187916668,0.22325673737525875
Mariotti_et_al_2024,NA,Barataria,18-Edge-2,2022,5,15,0.235,GEOID18,wetland,Eleocharis acicularis,NA,-25.027999877929688,-24.9671630859375,-25.01645278930664,0.29583679199218693,LA_CentralEast_GCS_3m_NAVDm.tif,9,0.4563876986503601,29.60533451777778,-90.19793628,0.16055090665817318
Mariotti_et_al_2024,NA,Barataria,18-Edge-3,2022,5,15,0.1942,GEOID18,wetland,Eleocharis acicularis,NA,-25.027999877929688,-24.9671630859375,-25.01645278930664,0.2550367919921861,LA_CentralEast_GCS_3m_NAVDm.tif,9,0.4563876986503601,29.605340041944444,-90.1979332388889,0.201350906658174
Mariotti_et_al_2024,NA,Barataria,18-Edge-4,2022,5,15,0.2349,GEOID18,wetland,Eleocharis acicularis,NA,-25.027999877929688,-24.9671630859375,-25.01645278930664,0.29573679199218716,LA_CentralEast_GCS_3m_NAVDm.tif,9,0.4563876986503601,29.60534199916667,-90.19793891361113,0.16065090665817294
Mariotti_et_al_2024,NA,Barataria,19-Edge-1,2022,5,15,0.1846,GEOID18,wetland,Eleocharis acicularis,NA,-24.984399795532227,-24.931711196899418,-24.983776092529297,0.23728859863281215,LA_CentralEast_GCS_3m_NAVDm.tif,9,0.5424000024795532,29.59138429722222,-90.22203870666668,0.30511140384674107
Mariotti_et_al_2024,NA,Barataria,19-Edge-2,2022,5,15,0.2058,GEOID18,wetland,Eleocharis acicularis,NA,-24.984399795532227,-24.931711196899418,-24.983776092529297,0.2584885986328125,LA_CentralEast_GCS_3m_NAVDm.tif,9,0.5452693700790405,29.591392826944443,-90.22204029833334,0.28678077144622804
Mariotti_et_al_2024,NA,Barataria,19-Edge-3,2022,5,15,0.1687,GEOID18,wetland,Eleocharis acicularis,NA,-24.984399795532227,-24.931711196899418,-24.983776092529297,0.22138859863281368,LA_CentralEast_GCS_3m_NAVDm.tif,9,0.5424000024795532,29.591387690555553,-90.22204503694444,0.32101140384673954
Mariotti_et_al_2024,NA,Barataria,19-Edge-4,2022,5,15,0.225,GEOID18,wetland,Eleocharis acicularis,NA,-24.984399795532227,-24.931711196899418,-24.983776092529297,0.2776885986328139,LA_CentralEast_GCS_3m_NAVDm.tif,9,0.5452693700790405,29.591389231944444,-90.22203481888889,0.2675807714462266
Mariotti_et_al_2024,NA,Barataria,20-Edge-1,2022,5,15,0.2214,GEOID18,wetland,Eleocharis acicularis,NA,-24.99020004272461,-24.941497802734375,-24.994667053222656,0.27010223999023353,LA_CentralEast_GCS_3m_NAVDm.tif,9,0.36280012130737305,29.591204635,-90.23301603444445,0.09269788131713952
Mariotti_et_al_2024,NA,Barataria,20-Edge-2,2022,5,15,0.2373,GEOID18,wetland,Eleocharis acicularis,NA,-24.99020004272461,-24.941497802734375,-24.994667053222656,0.28600223999023555,LA_CentralEast_GCS_3m_NAVDm.tif,9,0.36280012130737305,29.591207738888887,-90.23302217166668,0.0767978813171375
Mariotti_et_al_2024,NA,Barataria,20-Edge-3,2022,5,15,0.2205,GEOID18,wetland,Eleocharis acicularis,NA,-24.99020004272461,-24.941497802734375,-24.994667053222656,0.2692022399902356,LA_CentralEast_GCS_3m_NAVDm.tif,9,0.36280012130737305,29.591213219444445,-90.23301859833332,0.09359788131713742
Mariotti_et_al_2024,NA,Barataria,20-Edge-4,2022,5,15,0.2342,GEOID18,wetland,Eleocharis acicularis,NA,-24.99020004272461,-24.941497802734375,-24.994667053222656,0.28290223999023567,LA_CentralEast_GCS_3m_NAVDm.tif,9,0.36280012130737305,29.591209440555556,-90.23301251277778,0.07989788131713738
Mariotti_et_al_2024,NA,Barataria,21-Edge-1,2022,5,15,0.2842,GEOID18,wetland,Alternanthera philoxeroides,NA,-25.031299591064453,-24.976476669311523,-25.02672958374023,0.33902292175292814,LA_CentralEast_GCS_3m_NAVDm.tif,9,0.31408393383026123,29.597656011944444,-90.2221759363889,-0.02493898792266691
Mariotti_et_al_2024,NA,Barataria,21-Edge-2,2022,5,15,0.2748,GEOID18,wetland,Alternanthera philoxeroides,NA,-25.031299591064453,-24.976476669311523,-25.02672958374023,0.32962292175292873,LA_CentralEast_GCS_3m_NAVDm.tif,9,0.31408393383026123,29.59765797472222,-90.22218225555557,-0.015538987922667502
Mariotti_et_al_2024,NA,Barataria,21-Edge-3,2022,5,15,0.2645,GEOID18,wetland,Alternanthera philoxeroides,NA,-25.031299591064453,-24.976476669311523,-25.02672958374023,0.3193229217529314,LA_CentralEast_GCS_3m_NAVDm.tif,9,0.31408393383026123,29.5976501675,-90.22217788083331,-0.005238987922670191
Mariotti_et_al_2024,NA,Barataria,21-Edge-4,2022,5,15,0.3041,GEOID18,wetland,Alternanthera philoxeroides,NA,-25.031299591064453,-24.976476669311523,-25.02672958374023,0.35892292175292795,LA_CentralEast_GCS_3m_NAVDm.tif,9,0.31408393383026123,29.597652514444444,-90.222184765,-0.04483898792266672
Mariotti_et_al_2024,NA,Barataria,22-Edge-1,2022,5,15,0.2418,GEOID18,wetland,Eleocharis acicularis,NA,-25.03610038757324,-24.985736846923828,-25.037771224975582,0.2921635406494154,LA_CentralEast_GCS_3m_NAVDm.tif,9,0.3113473951816559,29.60557234361111,-90.23236211222222,0.019183854532240474
Mariotti_et_al_2024,NA,Barataria,22-Edge-2,2022,5,15,0.2266,GEOID18,wetland,Eleocharis acicularis,NA,-25.03610038757324,-24.985736846923828,-25.037771224975582,0.2769635406494153,LA_CentralEast_GCS_3m_NAVDm.tif,9,0.3113473951816559,29.60557664027778,-90.23235637555555,0.034383854532240576
Mariotti_et_al_2024,NA,Barataria,22-Edge-3,2022,5,15,0.2381,GEOID18,wetland,Eleocharis acicularis,NA,-25.03610038757324,-24.985736846923828,-25.037771224975582,0.2884635406494134,LA_CentralEast_GCS_3m_NAVDm.tif,9,0.3113473951816559,29.605568019166668,-90.23235745361112,0.02288385453224251
Mariotti_et_al_2024,NA,Barataria,22-Edge-4,2022,5,15,0.2239,GEOID18,wetland,Eleocharis acicularis,NA,-25.03610038757324,-24.985736846923828,-25.037771224975582,0.2742635406494145,LA_CentralEast_GCS_3m_NAVDm.tif,9,0.3070509433746338,29.60557198638889,-90.2323530125,0.032787402725219295
Mariotti_et_al_2024,NA,Barataria,23-Edge-1,2022,5,15,0.2211,GEOID18,wetland,Sagittaria lancifolia,NA,-25.07710075378418,-25.021169662475582,-25.07093620300293,0.2770310913085936,LA_CentralEast_GCS_3m_NAVDm.tif,9,0.18242675065994263,29.608547111944446,-90.22065007944444,-0.09460434064865098
Mariotti_et_al_2024,NA,Barataria,23-Edge-2,2022,5,15,0.1977,GEOID18,wetland,Sagittaria lancifolia,NA,-25.07710075378418,-25.021169662475582,-25.07093620300293,0.25363109130859485,LA_CentralEast_GCS_3m_NAVDm.tif,9,0.18242675065994263,29.608544974722225,-90.22065626666668,-0.07120434064865222
Mariotti_et_al_2024,NA,Barataria,23-Edge-3,2022,5,15,0.1538,GEOID18,wetland,Sagittaria lancifolia,NA,-25.07710075378418,-25.021169662475582,-25.07093620300293,0.20973109130859413,LA_CentralEast_GCS_3m_NAVDm.tif,9,0.18242675065994263,29.60854240444445,-90.22064859083332,-0.027304340648651504
Mariotti_et_al_2024,NA,Barataria,23-Edge-4,2022,5,15,0.2208,GEOID18,wetland,Sagittaria lancifolia,NA,-25.07710075378418,-25.021169662475582,-25.07093620300293,0.2767310913085943,LA_CentralEast_GCS_3m_NAVDm.tif,9,0.18242675065994263,29.608540332222223,-90.2206541488889,-0.09430434064865167
Mariotti_et_al_2024,NA,Barataria,24-Edge-1,2022,5,15,0.1323,GEOID18,wetland,Eleocharis acicularis,NA,-25.07710075378418,-25.021169662475582,-25.07093620300293,0.1882310913085945,LA_CentralEast_GCS_3m_NAVDm.tif,9,0.31525376439094543,29.619683505833333,-90.21364235638887,0.12702267308235093
Mariotti_et_al_2024,NA,Barataria,24-Edge-2,2022,5,15,0.1769,GEOID18,wetland,Eleocharis acicularis,NA,-25.07710075378418,-25.021169662475582,-25.07093620300293,0.2328310913085936,LA_CentralEast_GCS_3m_NAVDm.tif,9,0.3265922963619232,29.61968872527778,-90.21364517111112,0.0937612050533296
Mariotti_et_al_2024,NA,Barataria,24-Edge-3,2022,5,15,0.1454,GEOID18,wetland,Eleocharis acicularis,NA,-25.07710075378418,-25.021169662475582,-25.07093620300293,0.2013310913085924,LA_CentralEast_GCS_3m_NAVDm.tif,9,0.3265922963619232,29.619686394722223,-90.21363715527778,0.12526120505333083
Mariotti_et_al_2024,NA,Barataria,24-Edge-4,2022,5,15,0.1556,GEOID18,wetland,Eleocharis acicularis,NA,-25.07710075378418,-25.021169662475582,-25.07093620300293,0.2115310913085935,LA_CentralEast_GCS_3m_NAVDm.tif,9,0.3265922963619232,29.61969126138889,-90.21363940444444,0.11506120505332973
Mariotti_et_al_2024,NA,Barataria,25-Edge-1,2022,5,15,0.1278,GEOID18,wetland,Schoenoplectus americanus,NA,-25.125499725341797,-25.066112518310547,-25.114715576171875,0.18718720703125055,LA_CentralEast_GCS_3m_NAVDm.tif,9,0.303998202085495,29.62500011277778,-90.21188830277778,0.11681099505424444
Mariotti_et_al_2024,NA,Barataria,25-Edge-2,2022,5,15,0.228,GEOID18,wetland,Schoenoplectus americanus,NA,-25.07710075378418,-25.021169662475582,-25.07093620300293,0.2839310913085953,LA_CentralEast_GCS_3m_NAVDm.tif,9,0.32201752066612244,29.62499487,-90.21189352027778,0.03808642935752715
Mariotti_et_al_2024,NA,Barataria,25-Edge-3,2022,5,15,0.1984,GEOID18,wetland,Schoenoplectus americanus,NA,-25.07710075378418,-25.021169662475582,-25.07093620300293,0.2543310913085932,LA_CentralEast_GCS_3m_NAVDm.tif,9,0.32201752066612244,29.624991874722223,-90.21188886444445,0.06768642935752922
Mariotti_et_al_2024,NA,Barataria,25-Edge-4,2022,5,15,0.1305,GEOID18,wetland,Schoenoplectus americanus,NA,-25.07710075378418,-25.021169662475582,-25.07093620300293,0.18643109130859511,LA_CentralEast_GCS_3m_NAVDm.tif,9,0.303998202085495,29.624996504444447,-90.21188479472222,0.11756711077689988
Mariotti_et_al_2024,NA,Barataria,26-Edge-1,2022,5,15,0.261,GEOID18,wetland,Eleocharis acicularis,NA,-25.118499755859375,-25.049131393432617,-25.094154357910156,0.33036836242675705,LA_CentralEast_GCS_3m_NAVDm.tif,9,0.640925407409668,29.63265024277778,-90.18739609555556,0.3105570449829109
Mariotti_et_al_2024,NA,Barataria,26-Edge-2,2022,5,15,0.2745,GEOID18,wetland,Eleocharis acicularis,NA,-25.118499755859375,-25.049131393432617,-25.094154357910156,0.34386836242675756,LA_CentralEast_GCS_3m_NAVDm.tif,9,0.640925407409668,29.632652175,-90.18739038972222,0.2970570449829104
Mariotti_et_al_2024,NA,Barataria,26-Edge-3,2022,5,15,0.2633,GEOID18,wetland,Eleocharis acicularis,NA,-25.118499755859375,-25.049131393432617,-25.094154357910156,0.3326683624267588,LA_CentralEast_GCS_3m_NAVDm.tif,9,0.640925407409668,29.632656695,-90.18739180111112,0.3082570449829092
Mariotti_et_al_2024,NA,Barataria,26-Edge-4,2022,5,15,0.2759,GEOID18,wetland,Eleocharis acicularis,NA,-25.118499755859375,-25.049131393432617,-25.094154357910156,0.34526836242675785,LA_CentralEast_GCS_3m_NAVDm.tif,9,0.640925407409668,29.632655818611113,-90.18739755166668,0.2956570449829101
Mariotti_et_al_2024,NA,Barataria,56-Edge-1,2023,1,22,0.2425,GEOID18,wetland,Sagittaria lancifolia,NA,-25.895999908447266,-25.88102912902832,-25.887680053710938,0.25747077941894503,LA_CentralEast_GCS_3m_NAVDm.tif,9,0.4199832081794739,29.88919644138889,-90.61479229444444,0.16251242876052885
Mariotti_et_al_2024,NA,Barataria,56-Edge-2,2023,1,22,0.3011,GEOID18,wetland,Sagittaria lancifolia,NA,-25.895999908447266,-25.88102912902832,-25.887680053710938,0.316070779418947,LA_CentralEast_GCS_3m_NAVDm.tif,9,0.4199832081794739,29.889192616944445,-90.61478442972222,0.10391242876052686
Mariotti_et_al_2024,NA,Barataria,56-Edge-3,2023,1,22,0.3076,GEOID18,wetland,Sagittaria lancifolia,NA,-25.895999908447266,-25.88102912902832,-25.887680053710938,0.3225707794189461,LA_CentralEast_GCS_3m_NAVDm.tif,9,0.4199832081794739,29.889198333055557,-90.61478520611112,0.0974124287605278
Mariotti_et_al_2024,NA,Barataria,56-Edge-4,2023,1,22,0.2492,GEOID18,wetland,Sagittaria lancifolia,NA,-25.895999908447266,-25.88102912902832,-25.887680053710938,0.2641707794189436,LA_CentralEast_GCS_3m_NAVDm.tif,9,0.4199832081794739,29.88919081,-90.6147904275,0.15581242876053025
Mariotti_et_al_2024,NA,Barataria,57-Edge-1,2023,1,22,0.2767,GEOID18,wetland,Sagittaria latifolia,NA,-25.894899368286133,-25.87574005126953,-25.88555335998535,0.2958593170166033,LA_CentralEast_GCS_3m_NAVDm.tif,9,0.30244719982147217,29.8809992275,-90.60322076333333,0.006587882804868883
Mariotti_et_al_2024,NA,Barataria,57-Edge-2,2023,1,22,0.2868,GEOID18,wetland,Sagittaria latifolia,NA,-25.894899368286133,-25.87574005126953,-25.88555335998535,0.30595931701660106,LA_CentralEast_GCS_3m_NAVDm.tif,9,0.30244719982147217,29.881001415833335,-90.60321572166666,-0.0035121171951288943
Mariotti_et_al_2024,NA,Barataria,57-Edge-3,2023,1,22,0.3076,GEOID18,wetland,Sagittaria latifolia,NA,-25.894899368286133,-25.87574005126953,-25.88555335998535,0.3267593170166023,LA_CentralEast_GCS_3m_NAVDm.tif,9,0.30244719982147217,29.881005179722223,-90.60321776388888,-0.024312117195130156
Mariotti_et_al_2024,NA,Barataria,57-Edge-4,2023,1,22,0.4707,GEOID18,wetland,Sagittaria latifolia,NA,-25.894899368286133,-25.87574005126953,-25.88555335998535,0.48985931701660235,LA_CentralEast_GCS_3m_NAVDm.tif,9,0.30244719982147217,29.880996361666668,-90.6032217525,-0.18741211719513018
Mariotti_et_al_2024,NA,Barataria,57-Interior-1,2023,1,22,0.2292,GEOID18,wetland,Sagittaria lancifolia,NA,-25.894899368286133,-25.87574005126953,-25.88555335998535,0.2483593170166003,LA_CentralEast_GCS_3m_NAVDm.tif,9,0.2652793526649475,29.88082832611111,-90.6030345672222,0.01692003564834721
Mariotti_et_al_2024,NA,Barataria,57-Interior-2,2023,1,22,0.2833,GEOID18,wetland,Sagittaria lancifolia,NA,-25.894899368286133,-25.87574005126953,-25.88555335998535,0.3024593170166021,LA_CentralEast_GCS_3m_NAVDm.tif,9,0.2729020416736603,29.88082077194445,-90.60303707527775,-0.029557275342941836
Mariotti_et_al_2024,NA,Barataria,57-Interior-3,2023,1,22,0.2838,GEOID18,wetland,Sagittaria lancifolia,NA,-25.894899368286133,-25.87574005126953,-25.88555335998535,0.30295931701660095,LA_CentralEast_GCS_3m_NAVDm.tif,9,0.2729020416736603,29.880825457777775,-90.6030376311111,-0.03005727534294067
Mariotti_et_al_2024,NA,Barataria,57-Interior-4,2023,1,22,0.2257,GEOID18,wetland,Sagittaria lancifolia,NA,-25.894899368286133,-25.87574005126953,-25.88555335998535,0.24485931701660135,LA_CentralEast_GCS_3m_NAVDm.tif,9,0.2729020416736603,29.880823452222224,-90.60303218444444,0.028042724657058926
Mariotti_et_al_2024,NA,Barataria,58-Edge-1,2023,3,30,0.3922,GEOID18,wetland,Leersia oryzoides,NA,-25.895999908447266,-25.88102912902832,-25.887680053710938,0.4071707794189443,LA_CentralEast_GCS_3m_NAVDm.tif,9,0.3202808201313019,29.879242056944445,-90.60909368027777,-0.08688995928764243
Mariotti_et_al_2024,NA,Barataria,58-Edge-2,2023,3,30,0.3302,GEOID18,wetland,Leersia oryzoides,NA,-25.895999908447266,-25.88102912902832,-25.887680053710938,0.3451707794189467,LA_CentralEast_GCS_3m_NAVDm.tif,9,0.3202808201313019,29.879237945,-90.60908530166668,-0.024889959287644814
Mariotti_et_al_2024,NA,Barataria,58-Edge-3,2023,3,30,0.3318,GEOID18,wetland,Leersia oryzoides,NA,-25.895999908447266,-25.88102912902832,-25.887680053710938,0.3467707794189465,LA_CentralEast_GCS_3m_NAVDm.tif,9,0.3202808201313019,29.87923676,-90.60909250138889,-0.026489959287644638
Mariotti_et_al_2024,NA,Barataria,58-Edge-4,2023,3,30,0.332,GEOID18,wetland,Leersia oryzoides,NA,-25.895999908447266,-25.88102912902832,-25.887680053710938,0.34697077941894605,LA_CentralEast_GCS_3m_NAVDm.tif,9,0.3202808201313019,29.879242824444447,-90.60908638388888,-0.02668995928764417
Mariotti_et_al_2024,NA,Barataria,58-Interior-1,2023,3,30,0.2995,GEOID18,wetland,Leersia oryzoides,NA,-25.895999908447266,-25.88102912902832,-25.887680053710938,0.31447077941894364,LA_CentralEast_GCS_3m_NAVDm.tif,9,0.2870602011680603,29.879079773333338,-90.60895668277776,-0.027410578250883333
Mariotti_et_al_2024,NA,Barataria,58-Interior-2,2023,3,30,0.3218,GEOID18,wetland,Leersia oryzoides,NA,-25.895999908447266,-25.88102912902832,-25.887680053710938,0.33677077941894495,LA_CentralEast_GCS_3m_NAVDm.tif,9,0.2870602011680603,29.87908351777778,-90.60896129277778,-0.04971057825088465
Mariotti_et_al_2024,NA,Barataria,58-Interior-3,2023,3,30,0.2933,GEOID18,wetland,Leersia oryzoides,NA,-25.895999908447266,-25.88102912902832,-25.887680053710938,0.3082707794189439,LA_CentralEast_GCS_3m_NAVDm.tif,9,0.2870602011680603,29.879082888888888,-90.60895282333333,-0.02121057825088357
Mariotti_et_al_2024,NA,Barataria,58-Interior-4,2023,3,30,0.3083,GEOID18,wetland,Leersia oryzoides,NA,-25.895999908447266,-25.88102912902832,-25.887680053710938,0.32327077941894444,LA_CentralEast_GCS_3m_NAVDm.tif,9,0.2870602011680603,29.87908706638889,-90.60895661583332,-0.03621057825088414
Mariotti_et_al_2024,NA,Barataria,59-Edge-1,2023,3,30,0.2804,GEOID18,wetland,Leersia oryzoides,NA,-25.894899368286133,-25.87574005126953,-25.88555335998535,0.29955931701660177,LA_CentralEast_GCS_3m_NAVDm.tif,9,0.5278878808021545,29.880038995833335,-90.59554452583332,0.22832856378555277
Mariotti_et_al_2024,NA,Barataria,59-Edge-2,2023,3,30,0.2456,GEOID18,wetland,Leersia oryzoides,NA,-25.894899368286133,-25.87574005126953,-25.88555335998535,0.26475931701660116,LA_CentralEast_GCS_3m_NAVDm.tif,9,0.5278878808021545,29.880043919166667,-90.595544435,0.2631285637855534
Mariotti_et_al_2024,NA,Barataria,59-Edge-3,2023,3,30,0.261,GEOID18,wetland,Leersia oryzoides,NA,-25.894899368286133,-25.87574005126953,-25.88555335998535,0.2801593170166008,LA_CentralEast_GCS_3m_NAVDm.tif,9,0.5278878808021545,29.88003674666667,-90.59555041277775,0.24772856378555375
Mariotti_et_al_2024,NA,Barataria,59-Edge-4,2023,3,30,0.2713,GEOID18,wetland,Leersia oryzoides,NA,-25.894899368286133,-25.87574005126953,-25.88555335998535,0.29045931701660166,LA_CentralEast_GCS_3m_NAVDm.tif,9,0.5278878808021545,29.88004190527778,-90.59554851916666,0.23742856378555288
Mariotti_et_al_2024,NA,Barataria,59-Interior-1,2023,3,30,0.2204,GEOID18,wetland,Leersia oryzoides,NA,-25.894899368286133,-25.87574005126953,-25.88555335998535,0.23955931701660305,LA_CentralEast_GCS_3m_NAVDm.tif,9,0.6062992811203003,29.87982543388889,-90.59556085527775,0.36673996410369725
Mariotti_et_al_2024,NA,Barataria,59-Interior-2,2023,3,30,0.2395,GEOID18,wetland,Leersia oryzoides,NA,-25.894899368286133,-25.87574005126953,-25.88555335998535,0.25865931701660116,LA_CentralEast_GCS_3m_NAVDm.tif,9,0.6137093901634216,29.879823864444443,-90.5955517225,0.35505007314682047
Mariotti_et_al_2024,NA,Barataria,59-Interior-3,2023,3,30,0.1781,GEOID18,wetland,Leersia oryzoides,NA,-25.894899368286133,-25.87574005126953,-25.88555335998535,0.19725931701660215,LA_CentralEast_GCS_3m_NAVDm.tif,9,0.6062992811203003,29.879828150833333,-90.59555680861112,0.40903996410369814
Mariotti_et_al_2024,NA,Barataria,59-Interior-4,2023,3,30,0.201,GEOID18,wetland,Leersia oryzoides,NA,-25.894899368286133,-25.87574005126953,-25.88555335998535,0.22015931701660207,LA_CentralEast_GCS_3m_NAVDm.tif,9,0.6062992811203003,29.87982127861111,-90.59555669388888,0.3861399641036982
Mariotti_et_al_2024,NA,Barataria,73-Edge-1,2023,7,14,0.3183,GEOID18,wetland,Panicum hemitomon,NA,-25.894899368286133,-25.87574005126953,-25.88555335998535,0.33745931701660226,LA_CentralEast_GCS_3m_NAVDm.tif,9,0.2767201066017151,29.88101689277778,-90.60304206666666,-0.06073921041488717
Mariotti_et_al_2024,NA,Barataria,73-Edge-2,2023,7,14,0.3476,GEOID18,wetland,Panicum hemitomon,NA,-25.894899368286133,-25.87574005126953,-25.88555335998535,0.3667593170166014,LA_CentralEast_GCS_3m_NAVDm.tif,9,0.30164551734924316,29.881012761388888,-90.60303344055556,-0.06511379966735825
Mariotti_et_al_2024,NA,Barataria,73-Edge-3,2023,7,14,0.3431,GEOID18,wetland,Panicum hemitomon,NA,-25.894899368286133,-25.87574005126953,-25.88555335998535,0.3622593170166013,LA_CentralEast_GCS_3m_NAVDm.tif,9,0.2767201066017151,29.881018927777777,-90.60303515333332,-0.08553921041488621
Mariotti_et_al_2024,NA,Barataria,74-Edge-1,2023,7,14,0.3383,GEOID18,wetland,Panicum hemitomon,NA,-25.895999908447266,-25.88102912902832,-25.887680053710938,0.3532707794189456,LA_CentralEast_GCS_3m_NAVDm.tif,9,0.30973365902900696,29.879316196944444,-90.60891806833332,-0.04353712038993862
Mariotti_et_al_2024,NA,Barataria,74-Edge-2,2023,7,14,0.3532,GEOID18,wetland,Panicum hemitomon,NA,-25.895999908447266,-25.88102912902832,-25.887680053710938,0.3681707794189464,LA_CentralEast_GCS_3m_NAVDm.tif,9,0.3332405388355255,29.879315235555556,-90.6089204075,-0.03493024058342087
Mariotti_et_al_2024,NA,Barataria,74-Edge-3,2023,7,14,0.3365,GEOID18,wetland,Panicum hemitomon,NA,-25.895999908447266,-25.88102912902832,-25.887680053710938,0.3514707794189462,LA_CentralEast_GCS_3m_NAVDm.tif,9,0.3332405388355255,29.87931549805556,-90.60892456972222,-0.01823024058342071
Mariotti_et_al_2024,NA,Barataria,74-Interior-1,2023,7,14,0.3761,GEOID18,wetland,Panicum hemitomon,NA,-25.895999908447266,-25.88102912902832,-25.887680053710938,0.3910707794189463,LA_CentralEast_GCS_3m_NAVDm.tif,9,0.28741782903671265,29.879160998611113,-90.60882537416666,-0.10365295038223366
Mariotti_et_al_2024,NA,Barataria,74-Interior-2,2023,7,14,0.3387,GEOID18,wetland,Panicum hemitomon,NA,-25.895999908447266,-25.88102912902832,-25.887680053710938,0.35367077941894465,LA_CentralEast_GCS_3m_NAVDm.tif,9,0.28741782903671265,29.87915747611111,-90.60882995333333,-0.066252950382232
Mariotti_et_al_2024,NA,Barataria,74-Interior-3,2023,7,14,0.3574,GEOID18,wetland,Panicum hemitomon,NA,-25.895999908447266,-25.88102912902832,-25.887680053710938,0.3723707794189437,LA_CentralEast_GCS_3m_NAVDm.tif,9,0.28741782903671265,29.879156096666662,-90.60883499444444,-0.08495295038223105
Mariotti_et_al_2024,NA,Barataria,74-3m-1,2023,7,14,0.3888,GEOID18,wetland,Panicum hemitomon,NA,-25.895999908447266,-25.88102912902832,-25.887680053710938,0.4037707794189451,LA_CentralEast_GCS_3m_NAVDm.tif,9,0.30973365902900696,29.879303458333332,-90.60890942638888,-0.09403712038993817
Mariotti_et_al_2024,NA,Barataria,74-3m-2,2023,7,14,0.3763,GEOID18,wetland,Panicum hemitomon,NA,-25.895999908447266,-25.88102912902832,-25.887680053710938,0.39127077941894584,LA_CentralEast_GCS_3m_NAVDm.tif,9,0.30973365902900696,29.879299056666667,-90.60891312583333,-0.08153712038993888
Mariotti_et_al_2024,NA,Barataria,74-3m-3,2023,7,14,0.3389,GEOID18,wetland,Panicum hemitomon,NA,-25.895999908447266,-25.88102912902832,-25.887680053710938,0.3538707794189442,LA_CentralEast_GCS_3m_NAVDm.tif,9,0.30973365902900696,29.879297973333333,-90.60890932916666,-0.04413712038993722
Mariotti_et_al_2024,NA,Barataria,74-5m-1,2023,7,14,0.4019,GEOID18,wetland,Colocasia esculenta,NA,-25.895999908447266,-25.88102912902832,-25.887680053710938,0.41687077941894657,LA_CentralEast_GCS_3m_NAVDm.tif,9,0.3013678789138794,29.879287332222223,-90.60890351083331,-0.11550290050506717
Mariotti_et_al_2024,NA,Barataria,74-5m-2,2023,7,14,0.3685,GEOID18,wetland,Colocasia esculenta,NA,-25.895999908447266,-25.88102912902832,-25.887680053710938,0.38347077941894625,LA_CentralEast_GCS_3m_NAVDm.tif,9,0.3013678789138794,29.8792886875,-90.608899394722215,-0.08210290050506686
Mariotti_et_al_2024,NA,Barataria,74-5m-3,2023,7,14,0.418,GEOID18,wetland,Colocasia esculenta,NA,-25.895999908447266,-25.88102912902832,-25.887680053710938,0.4329707794189446,LA_CentralEast_GCS_3m_NAVDm.tif,9,0.30973365902900696,29.87929175388889,-90.60889685666666,-0.12323712038993762
Mariotti_et_al_2024,NA,Barataria,74-7m-1,2023,7,14,0.4058,GEOID18,wetland,Panicum hemitomon,NA,-25.895999908447266,-25.88102912902832,-25.887680053710938,0.4207707794189446,LA_CentralEast_GCS_3m_NAVDm.tif,9,0.29064860939979553,29.87927023138889,-90.60889008138888,-0.13012217001914905
Mariotti_et_al_2024,NA,Barataria,74-7m-2,2023,7,14,0.4046,GEOID18,wetland,Panicum hemitomon,NA,-25.895999908447266,-25.88102912902832,-25.887680053710938,0.41957077941894383,LA_CentralEast_GCS_3m_NAVDm.tif,9,0.29064860939979553,29.879266645277777,-90.6088845536111,-0.1289221700191483
Mariotti_et_al_2024,NA,Barataria,74-7m-3,2023,7,14,0.3949,GEOID18,wetland,Panicum hemitomon,NA,-25.895999908447266,-25.88102912902832,-25.887680053710938,0.4098707794189451,LA_CentralEast_GCS_3m_NAVDm.tif,9,0.29064860939979553,29.879275445555557,-90.60889043083333,-0.11922217001914959
Mariotti_et_al_2024,NA,Barataria,74-9m-1,2023,7,14,0.33,GEOID18,wetland,Panicum hemitomon,NA,-25.895999908447266,-25.88102912902832,-25.887680053710938,0.3449707794189436,LA_CentralEast_GCS_3m_NAVDm.tif,9,0.30173686146736145,29.87925559111111,-90.60887489805556,-0.04323391795158216
Mariotti_et_al_2024,NA,Barataria,74-9m-2,2023,7,14,0.4182,GEOID18,wetland,Panicum hemitomon,NA,-25.895999908447266,-25.88102912902832,-25.887680053710938,0.4331707794189441,LA_CentralEast_GCS_3m_NAVDm.tif,9,0.30173686146736145,29.879260482777777,-90.60887848361112,-0.13143391795158266
Mariotti_et_al_2024,NA,Barataria,74-9m-3,2023,7,14,0.3849,GEOID18,wetland,Panicum hemitomon,NA,-25.895999908447266,-25.88102912902832,-25.887680053710938,0.3998707794189471,LA_CentralEast_GCS_3m_NAVDm.tif,9,0.30173686146736145,29.879258547777777,-90.6088721247222,-0.09813391795158566
Mariotti_et_al_2024,NA,Barataria,74-11m-1,2023,7,14,0.374,GEOID18,wetland,Panicum hemitomon,NA,-25.895999908447266,-25.88102912902832,-25.887680053710938,0.3889707794189441,LA_CentralEast_GCS_3m_NAVDm.tif,9,0.28962811827659607,29.87924137888889,-90.6088620286111,-0.09934266114234802
Mariotti_et_al_2024,NA,Barataria,74-11m-2,2023,7,14,0.3651,GEOID18,wetland,Panicum hemitomon,NA,-25.895999908447266,-25.88102912902832,-25.887680053710938,0.3800707794189435,LA_CentralEast_GCS_3m_NAVDm.tif,9,0.28962811827659607,29.87924505666667,-90.60886354,-0.09044266114234745
Mariotti_et_al_2024,NA,Barataria,74-11m-3,2023,7,14,0.3808,GEOID18,wetland,Panicum hemitomon,NA,-25.895999908447266,-25.88102912902832,-25.887680053710938,0.395770779418946,LA_CentralEast_GCS_3m_NAVDm.tif,9,0.28962811827659607,29.879239423333335,-90.6088589386111,-0.10614266114234994
Mariotti_et_al_2024,NA,Barataria,74-13m-1,2023,7,14,0.3396,GEOID18,wetland,Panicum hemitomon,NA,-25.895999908447266,-25.88102912902832,-25.887680053710938,0.3545707794189461,LA_CentralEast_GCS_3m_NAVDm.tif,9,0.3165280222892761,29.87922456444445,-90.6088522975,-0.03804275712966998
Mariotti_et_al_2024,NA,Barataria,74-13m-2,2023,7,14,0.3519,GEOID18,wetland,Panicum hemitomon,NA,-25.895999908447266,-25.88102912902832,-25.887680053710938,0.36687077941894586,LA_CentralEast_GCS_3m_NAVDm.tif,9,0.3165280222892761,29.879227271111112,-90.60884704083333,-0.050342757129669735
Mariotti_et_al_2024,NA,Barataria,74-13m-3,2023,7,14,0.3526,GEOID18,wetland,Panicum hemitomon,NA,-25.895999908447266,-25.88102912902832,-25.887680053710938,0.3675707794189442,LA_CentralEast_GCS_3m_NAVDm.tif,9,0.3165280222892761,29.87922129361111,-90.60885746416666,-0.051042757129668104
Mariotti_et_al_2024,NA,Barataria,74-15m-1,2023,7,14,0.3588,GEOID18,wetland,Panicum hemitomon,NA,-25.895999908447266,-25.88102912902832,-25.887680053710938,0.373770779418944,LA_CentralEast_GCS_3m_NAVDm.tif,9,0.30902817845344543,29.87920892,-90.60884166638888,-0.06474260096549855
Mariotti_et_al_2024,NA,Barataria,74-15m-2,2023,7,14,0.3633,GEOID18,wetland,Panicum hemitomon,NA,-25.895999908447266,-25.88102912902832,-25.887680053710938,0.37827077941894416,LA_CentralEast_GCS_3m_NAVDm.tif,9,0.3165280222892761,29.87921212555555,-90.60883973333333,-0.061742757129668036
Mariotti_et_al_2024,NA,Barataria,74-15m-3,2023,7,14,0.3351,GEOID18,wetland,Panicum hemitomon,NA,-25.895999908447266,-25.88102912902832,-25.887680053710938,0.35007077941894593,LA_CentralEast_GCS_3m_NAVDm.tif,9,0.29557451605796814,29.879207930833335,-90.60883672444444,-0.05449626336097779
Mariotti_et_al_2024,NA,Barataria,74-17m-1,2023,7,14,0.3691,GEOID18,wetland,Panicum hemitomon,NA,-25.895999908447266,-25.88102912902832,-25.887680053710938,0.3840707794189449,LA_CentralEast_GCS_3m_NAVDm.tif,9,0.29557451605796814,29.879190052222224,-90.60883499638888,-0.08849626336097677
Mariotti_et_al_2024,NA,Barataria,74-17m-2,2023,7,14,0.3679,GEOID18,wetland,Panicum hemitomon,NA,-25.895999908447266,-25.88102912902832,-25.887680053710938,0.3828707794189441,LA_CentralEast_GCS_3m_NAVDm.tif,9,0.30902817845344543,29.879189969722223,-90.60884293444444,-0.07384260096549866
Mariotti_et_al_2024,NA,Barataria,74-17m-3,2023,7,14,0.3463,GEOID18,wetland,Panicum hemitomon,NA,-25.895999908447266,-25.88102912902832,-25.887680053710938,0.3612707794189447,LA_CentralEast_GCS_3m_NAVDm.tif,9,0.29557451605796814,29.87919600388889,-90.6088269175,-0.06569626336097656
Mariotti_et_al_2024,NA,Barataria,74-19m-1,2023,7,14,0.2858,GEOID18,wetland,Panicum hemitomon,NA,-25.895999908447266,-25.88102912902832,-25.887680053710938,0.3007707794189436,LA_CentralEast_GCS_3m_NAVDm.tif,9,0.28741782903671265,29.87917187972222,-90.60882922083331,-0.013352950382230944
Mariotti_et_al_2024,NA,Barataria,74-19m-2,2023,7,14,0.3023,GEOID18,wetland,Panicum hemitomon,NA,-25.895999908447266,-25.88102912902832,-25.887680053710938,0.3172707794189442,LA_CentralEast_GCS_3m_NAVDm.tif,9,0.28741782903671265,29.879177568055557,-90.60882868138889,-0.02985295038223157
Mariotti_et_al_2024,NA,Barataria,74-19m-3,2023,7,14,0.3366,GEOID18,wetland,Panicum hemitomon,NA,-25.895999908447266,-25.88102912902832,-25.887680053710938,0.351570779418946,LA_CentralEast_GCS_3m_NAVDm.tif,9,0.28741782903671265,29.8791695825,-90.608838905,-0.06415295038223334
Mariotti_et_al_2024,NA,Barataria,1-Edge-1,2022,2,11,0.2733,GEOID18,wetland,Panicum repens,NA,-25.2052001953125,-25.125577926635746,-25.165727615356445,0.3529222686767568,LA_Delta_GCS_3m_NAVDm.tif,11,0.34558403491973877,29.670282203611112,-90.14651042777778,-0.007338233757018031
Mariotti_et_al_2024,NA,Barataria,1-Edge-2,2022,2,11,0.2899,GEOID18,wetland,Panicum repens,NA,-25.2052001953125,-25.125577926635746,-25.165727615356445,0.3695222686767572,LA_Delta_GCS_3m_NAVDm.tif,11,0.34558403491973877,29.670273059722224,-90.14651365055556,-0.023938233757018423
Mariotti_et_al_2024,NA,Barataria,1-Edge-3,2022,2,11,0.2754,GEOID18,wetland,Panicum repens,NA,-25.2052001953125,-25.125577926635746,-25.165727615356445,0.355022268676759,LA_Delta_GCS_3m_NAVDm.tif,11,0.3765043318271637,29.67027893555556,-90.14651906194445,0.021482063150404684
Mariotti_et_al_2024,NA,Barataria,1-Interior-1,2022,2,11,0.313,GEOID18,wetland,Panicum repens,NA,-25.2052001953125,-25.125577926635746,-25.165727615356445,0.39262226867675665,LA_Delta_GCS_3m_NAVDm.tif,11,0.46772679686546326,29.670123396944447,-90.14638298527778,0.07510452818870661
Mariotti_et_al_2024,NA,Barataria,1-Interior-2,2022,2,11,0.3312,GEOID18,wetland,Panicum repens,NA,-25.2052001953125,-25.125577926635746,-25.165727615356445,0.41082226867675686,LA_Delta_GCS_3m_NAVDm.tif,11,0.45828890800476074,29.6701201575,-90.14638977583334,0.04746663932800388
Mariotti_et_al_2024,NA,Barataria,1-Interior-3,2022,2,11,0.3354,GEOID18,wetland,Panicum repens,NA,-25.2052001953125,-25.125577926635746,-25.165727615356445,0.41502226867675773,LA_Delta_GCS_3m_NAVDm.tif,11,0.45828890800476074,29.67011317777778,-90.14638487416669,0.04326663932800301
Mariotti_et_al_2024,NA,Barataria,3-Edge-1,2022,2,18,0.127,GEOID18,wetland,Panicum repens,NA,-24.826799392700195,-24.74661636352539,-24.778425216674805,0.2071830291748036,LA_Delta_GCS_3m_NAVDm.tif,11,0.4531744122505188,29.54527536027778,-90.05933313138888,0.2459913830757152
Mariotti_et_al_2024,NA,Barataria,3-Edge-2,2022,2,18,0.0605,GEOID18,wetland,Panicum repens,NA,-24.826799392700195,-24.74661636352539,-24.778425216674805,0.1406830291748058,LA_Delta_GCS_3m_NAVDm.tif,11,0.44637614488601685,29.545267887500003,-90.05934129472222,0.30569311571121105
Mariotti_et_al_2024,NA,Barataria,3-Edge-3,2022,2,18,0.0817,GEOID18,wetland,Panicum repens,NA,-24.826799392700195,-24.74661636352539,-24.778425216674805,0.16188302917480613,LA_Delta_GCS_3m_NAVDm.tif,11,0.44637614488601685,29.545274449444445,-90.05934102694444,0.2844931157112107
Mariotti_et_al_2024,NA,Barataria,3-Interior-1,2022,2,18,0.2443,GEOID18,wetland,Schoenoplectus americanus,NA,-24.826799392700195,-24.74661636352539,-24.778425216674805,0.32448302917480376,LA_Delta_GCS_3m_NAVDm.tif,11,0.38580119609832764,29.54547326861111,-90.05929133694444,0.061318166923523876
Mariotti_et_al_2024,NA,Barataria,3-Interior-2,2022,2,18,0.2764,GEOID18,wetland,Schoenoplectus americanus,NA,-24.826799392700195,-24.74661636352539,-24.778425216674805,0.35658302917480356,LA_Delta_GCS_3m_NAVDm.tif,11,0.38580119609832764,29.54547975277778,-90.05928932249999,0.02921816692352408
Mariotti_et_al_2024,NA,Barataria,3-Interior-3,2022,2,18,0.2016,GEOID18,wetland,Schoenoplectus americanus,NA,-24.826799392700195,-24.74661636352539,-24.778425216674805,0.2817830291748038,LA_Delta_GCS_3m_NAVDm.tif,11,0.38580119609832764,29.54547061638889,-90.05928307111111,0.10401816692352384
Mariotti_et_al_2024,NA,Barataria,4-Edge-1,2022,2,18,0.0105,GEOID18,wetland,Panicum repens,NA,-24.77630043029785,-24.69935417175293,-24.732494354248047,0.08744625854492227,LA_Delta_GCS_3m_NAVDm.tif,11,0.5494111180305481,29.531735271666665,-90.0727898847222,0.4619648594856258
Mariotti_et_al_2024,NA,Barataria,4-Edge-2,2022,2,18,0.0385,GEOID18,wetland,Panicum repens,NA,-24.77630043029785,-24.69935417175293,-24.732494354248047,0.11544625854492097,LA_Delta_GCS_3m_NAVDm.tif,11,0.517224907875061,29.531734608055555,-90.07278145555556,0.40177864933014007
Mariotti_et_al_2024,NA,Barataria,4-Edge-3,2022,2,18,0.0701,GEOID18,wetland,Panicum repens,NA,-24.77630043029785,-24.69935417175293,-24.732494354248047,0.14704625854492193,LA_Delta_GCS_3m_NAVDm.tif,11,0.517224907875061,29.5317411025,-90.07278054027778,0.3701786493301391
Mariotti_et_al_2024,NA,Barataria,4-Interior-1,2022,2,18,0.2603,GEOID18,wetland,Schoenoplectus americanus,NA,-24.77630043029785,-24.69935417175293,-24.732494354248047,0.33724625854492274,LA_Delta_GCS_3m_NAVDm.tif,11,0.4775453209877014,29.531521023055554,-90.07267685722222,0.14029906244277868
Mariotti_et_al_2024,NA,Barataria,4-Interior-2,2022,2,18,0.2569,GEOID18,wetland,Schoenoplectus americanus,NA,-24.77630043029785,-24.69935417175293,-24.732494354248047,0.33384625854492356,LA_Delta_GCS_3m_NAVDm.tif,11,0.45451661944389343,29.53152909861111,-90.07267247555556,0.12067036089896988
Mariotti_et_al_2024,NA,Barataria,4-Interior-3,2022,2,18,0.3414,GEOID18,wetland,Schoenoplectus americanus,NA,-24.77630043029785,-24.69935417175293,-24.732494354248047,0.418346258544922,LA_Delta_GCS_3m_NAVDm.tif,11,0.45451661944389343,29.53152197611111,-90.07267041305556,0.03617036089897141
Mariotti_et_al_2024,NA,Barataria,5-Edge-1,2022,2,18,0.2364,GEOID18,wetland,Eleocharis montevidensis,NA,-24.78510093688965,-24.708765029907227,-24.74567222595215,0.3127359069824216,LA_Delta_GCS_3m_NAVDm.tif,11,0.49183693528175354,29.52534261,-90.08678117166666,0.17910102829933194
Mariotti_et_al_2024,NA,Barataria,5-Edge-2,2022,2,18,0.1863,GEOID18,wetland,Eleocharis montevidensis,NA,-24.78510093688965,-24.708765029907227,-24.74567222595215,0.2626359069824211,LA_Delta_GCS_3m_NAVDm.tif,11,0.49183693528175354,29.525337985,-90.0867869372222,0.22920102829933242
Mariotti_et_al_2024,NA,Barataria,5-Edge-3,2022,2,18,0.2473,GEOID18,wetland,Eleocharis montevidensis,NA,-24.78510093688965,-24.708765029907227,-24.74567222595215,0.32363590698242106,LA_Delta_GCS_3m_NAVDm.tif,11,0.47850456833839417,29.525332850833333,-90.08677891,0.1548686613559731
Mariotti_et_al_2024,NA,Barataria,5-Interior-1,2022,2,18,0.3349,GEOID18,wetland,Panicum repens,NA,-24.78510093688965,-24.708765029907227,-24.74567222595215,0.41123590698242296,LA_Delta_GCS_3m_NAVDm.tif,11,0.4530256688594818,29.52560702472222,-90.08678422861112,0.04178976187705885
Mariotti_et_al_2024,NA,Barataria,5-Interior-2,2022,2,18,0.3492,GEOID18,wetland,Panicum repens,NA,-24.78510093688965,-24.708765029907227,-24.74567222595215,0.4255359069824216,LA_Delta_GCS_3m_NAVDm.tif,11,0.4530256688594818,29.52560751722222,-90.08679203861112,0.027489761877060204
Mariotti_et_al_2024,NA,Barataria,5-Interior-3,2022,2,18,0.3267,GEOID18,wetland,Panicum repens,NA,-24.78510093688965,-24.708765029907227,-24.74567222595215,0.4030359069824208,LA_Delta_GCS_3m_NAVDm.tif,11,0.5084454417228699,29.52559975861111,-90.08679228055556,0.10540953474044906
Mariotti_et_al_2024,NA,Barataria,6-Edge-1,2022,2,18,0.3808,GEOID18,wetland,Panicum repens,NA,-24.728599548339844,-24.652801513671875,-24.686790466308594,0.45659803466796944,LA_Delta_GCS_3m_NAVDm.tif,11,0.5338318943977356,29.51803111583333,-90.07459879944444,0.07723385972976615
Mariotti_et_al_2024,NA,Barataria,6-Edge-2,2022,2,18,0.397,GEOID18,wetland,Panicum repens,NA,-24.728599548339844,-24.652801513671875,-24.686790466308594,0.4727980346679672,LA_Delta_GCS_3m_NAVDm.tif,11,0.5608192682266235,29.51803778388889,-90.07459613388887,0.08802123355865632
Mariotti_et_al_2024,NA,Barataria,6-Edge-3,2022,2,18,0.4147,GEOID18,wetland,Panicum repens,NA,-24.728599548339844,-24.652801513671875,-24.686790466308594,0.4904980346679686,LA_Delta_GCS_3m_NAVDm.tif,11,0.5338318943977356,29.518032009166667,-90.07460641361112,0.043333859729767
Mariotti_et_al_2024,NA,Barataria,7-Edge-1,2022,2,18,0.2012,GEOID18,wetland,Schoenoplectus americanus,NA,-24.68989944458008,-24.616220474243164,-24.654727935791016,0.2748789703369141,LA_Delta_GCS_3m_NAVDm.tif,11,0.47403907775878906,29.50538407861111,-90.08094600027778,0.19916010742187495
Mariotti_et_al_2024,NA,Barataria,7-Edge-2,2022,2,18,0.2231,GEOID18,wetland,Schoenoplectus americanus,NA,-24.68989944458008,-24.616220474243164,-24.654727935791016,0.2967789703369128,LA_Delta_GCS_3m_NAVDm.tif,11,0.47403907775878906,29.50537675888889,-90.08093774333332,0.17726010742187626
Mariotti_et_al_2024,NA,Barataria,7-Edge-3,2022,2,18,0.2707,GEOID18,wetland,Schoenoplectus americanus,NA,-24.68989944458008,-24.616220474243164,-24.654727935791016,0.34437897033691556,LA_Delta_GCS_3m_NAVDm.tif,11,0.47403907775878906,29.505383425,-90.08093770694444,0.1296601074218735
Mariotti_et_al_2024,NA,Barataria,7-Interior-1,2022,2,18,0.2499,GEOID18,wetland,Panicum repens,NA,-24.68989944458008,-24.616220474243164,-24.654727935791016,0.3235789703369143,LA_Delta_GCS_3m_NAVDm.tif,11,0.4838489890098572,29.505112168333333,-90.0808455761111,0.16027001867294288
Mariotti_et_al_2024,NA,Barataria,7-Interior-2,2022,2,18,0.2397,GEOID18,wetland,Panicum repens,NA,-24.68989944458008,-24.616220474243164,-24.654727935791016,0.3133789703369132,LA_Delta_GCS_3m_NAVDm.tif,11,0.4838489890098572,29.50511542611111,-90.08085670944445,0.17047001867294398
Mariotti_et_al_2024,NA,Barataria,7-Interior-3,2022,2,18,0.2596,GEOID18,wetland,Panicum repens,NA,-24.68989944458008,-24.616220474243164,-24.654727935791016,0.333278970336913,LA_Delta_GCS_3m_NAVDm.tif,11,0.4838489890098572,29.50510959888889,-90.080854485,0.15057001867294417
Mariotti_et_al_2024,NA,Barataria,27-Edge-1,2022,6,7,0.3785,GEOID18,wetland,Sagittaria lancifolia,NA,-25.714099884033203,-25.65332794189453,-25.705230712890625,0.4392719421386708,LA_Delta_GCS_3m_NAVDm.tif,11,0.31117939949035645,29.832455474166668,-90.2703617213889,-0.12809254264831438
Mariotti_et_al_2024,NA,Barataria,27-Edge-2,2022,6,7,0.3814,GEOID18,wetland,Sagittaria lancifolia,NA,-25.714099884033203,-25.65332794189453,-25.705230712890625,0.4421719421386712,LA_Delta_GCS_3m_NAVDm.tif,11,0.28653138875961304,29.832448509166667,-90.27036120166666,-0.1556405533790582
Mariotti_et_al_2024,NA,Barataria,27-Edge-3,2022,6,7,0.3355,GEOID18,wetland,Sagittaria lancifolia,NA,-25.714099884033203,-25.65332794189453,-25.705230712890625,0.3962719421386715,LA_Delta_GCS_3m_NAVDm.tif,11,0.31117939949035645,29.832454556666665,-90.27035518555556,-0.08509254264831506
Mariotti_et_al_2024,NA,Barataria,27-Edge-4,2022,6,7,0.3831,GEOID18,wetland,Sagittaria lancifolia,NA,-25.714099884033203,-25.65332794189453,-25.705230712890625,0.4438719421386707,LA_Delta_GCS_3m_NAVDm.tif,11,0.28653138875961304,29.832448840277777,-90.27035583416666,-0.15734055337905767
Mariotti_et_al_2024,NA,Barataria,27-Interior-1,2022,6,7,0.541,GEOID18,wetland,Panicum repens,NA,-25.714099884033203,-25.65332794189453,-25.705230712890625,0.6017719421386722,LA_Delta_GCS_3m_NAVDm.tif,11,0.2238597571849823,29.83233568472222,-90.27038899916668,-0.37791218495368994
Mariotti_et_al_2024,NA,Barataria,27-Interior-2,2022,6,7,0.5063,GEOID18,wetland,Panicum repens,NA,-25.714099884033203,-25.65332794189453,-25.705230712890625,0.5670719421386714,LA_Delta_GCS_3m_NAVDm.tif,11,0.2238597571849823,29.83234217,-90.27038283305556,-0.3432121849536891
Mariotti_et_al_2024,NA,Barataria,27-Interior-3,2022,6,7,0.4762,GEOID18,wetland,Panicum repens,NA,-25.714099884033203,-25.65332794189453,-25.705230712890625,0.5369719421386705,LA_Delta_GCS_3m_NAVDm.tif,11,0.2238597571849823,29.832336575555555,-90.27038310222224,-0.3131121849536882
Mariotti_et_al_2024,NA,Barataria,27-Interior-4,2022,6,7,0.522,GEOID18,wetland,Panicum repens,NA,-25.714099884033203,-25.65332794189453,-25.705230712890625,0.5827719421386703,LA_Delta_GCS_3m_NAVDm.tif,11,0.2238597571849823,29.832340707222222,-90.270389585,-0.35891218495368804
Mariotti_et_al_2024,NA,Barataria,28-Edge-1,2022,6,7,0.3298,GEOID18,wetland,Eleocharis acicularis,NA,-25.714099884033203,-25.65332794189453,-25.705230712890625,0.39057194213867064,LA_Delta_GCS_3m_NAVDm.tif,11,0.332380473613739,29.82962068333333,-90.26291456833331,-0.05819146852493162
Mariotti_et_al_2024,NA,Barataria,28-Edge-2,2022,6,7,0.3824,GEOID18,wetland,Eleocharis acicularis,NA,-25.714099884033203,-25.65332794189453,-25.705230712890625,0.4431719421386724,LA_Delta_GCS_3m_NAVDm.tif,11,0.332380473613739,29.8296153675,-90.26291727,-0.11079146852493338
Mariotti_et_al_2024,NA,Barataria,28-Edge-3,2022,6,7,0.3618,GEOID18,wetland,Eleocharis acicularis,NA,-25.714099884033203,-25.65332794189453,-25.705230712890625,0.42257194213867066,LA_Delta_GCS_3m_NAVDm.tif,11,0.332380473613739,29.829622899166665,-90.26291986416666,-0.09019146852493165
Mariotti_et_al_2024,NA,Barataria,28-Edge-4,2022,6,7,0.3517,GEOID18,wetland,Eleocharis acicularis,NA,-25.714099884033203,-25.65332794189453,-25.705230712890625,0.4124719421386729,LA_Delta_GCS_3m_NAVDm.tif,11,0.332380473613739,29.829617959166665,-90.26292190333334,-0.08009146852493387
Mariotti_et_al_2024,NA,Barataria,28-Interior-1,2022,6,7,0.3696,GEOID18,wetland,Sagittaria lancifolia,NA,-25.714099884033203,-25.65332794189453,-25.705230712890625,0.43037194213867025,LA_Delta_GCS_3m_NAVDm.tif,11,0.34189334511756897,29.82949510888889,-90.26290398361112,-0.08847859702110128
Mariotti_et_al_2024,NA,Barataria,28-Interior-2,2022,6,7,0.3921,GEOID18,wetland,Sagittaria lancifolia,NA,-25.714099884033203,-25.65332794189453,-25.705230712890625,0.4528719421386711,LA_Delta_GCS_3m_NAVDm.tif,11,0.34189334511756897,29.829493289722222,-90.26290991277776,-0.11097859702110213
Mariotti_et_al_2024,NA,Barataria,28-Interior-3,2022,6,7,0.358,GEOID18,wetland,Sagittaria lancifolia,NA,-25.714099884033203,-25.65332794189453,-25.705230712890625,0.4187719421386724,LA_Delta_GCS_3m_NAVDm.tif,11,0.34189334511756897,29.829496925555556,-90.26291033333334,-0.07687859702110345
Mariotti_et_al_2024,NA,Barataria,28-Interior-4,2022,6,7,0.3275,GEOID18,wetland,Sagittaria lancifolia,NA,-25.714099884033203,-25.65332794189453,-25.705230712890625,0.3882719421386725,LA_Delta_GCS_3m_NAVDm.tif,11,0.34189334511756897,29.8294978075,-90.26290585416666,-0.04637859702110353
Mariotti_et_al_2024,NA,Barataria,30-Edge-1,2022,6,7,0.431,GEOID18,wetland,Panicum repens,NA,-25.667800903320312,-25.605440139770508,-25.656965255737305,0.4933607635498056,LA_Delta_GCS_3m_NAVDm.tif,11,0.28809621930122375,29.8226163975,-90.25172182388889,-0.20526454424858187
Mariotti_et_al_2024,NA,Barataria,30-Edge-2,2022,6,7,0.5141,GEOID18,wetland,Panicum repens,NA,-25.667800903320312,-25.605440139770508,-25.656965255737305,0.5764607635498038,LA_Delta_GCS_3m_NAVDm.tif,11,0.28809621930122375,29.822621179166667,-90.25172210972222,-0.28836454424858005
Mariotti_et_al_2024,NA,Barataria,30-Edge-3,2022,6,7,0.424,GEOID18,wetland,Panicum repens,NA,-25.667800903320312,-25.605440139770508,-25.656965255737305,0.4863607635498042,LA_Delta_GCS_3m_NAVDm.tif,11,0.28809621930122375,29.82262143111111,-90.25172740472222,-0.19826454424858042
Mariotti_et_al_2024,NA,Barataria,30-Edge-4,2022,6,7,0.4215,GEOID18,wetland,Panicum repens,NA,-25.667800903320312,-25.605440139770508,-25.656965255737305,0.4838607635498065,LA_Delta_GCS_3m_NAVDm.tif,11,0.3035735487937927,29.82261608472222,-90.25172776888888,-0.18028721475601378
Mariotti_et_al_2024,NA,Barataria,30-Interior-1,2022,6,7,0.2874,GEOID18,wetland,Panicum repens,NA,-25.667800903320312,-25.605440139770508,-25.656965255737305,0.34976076354980634,LA_Delta_GCS_3m_NAVDm.tif,11,0.26626795530319214,29.82249998805555,-90.25170048472222,-0.0834928082466142
Mariotti_et_al_2024,NA,Barataria,30-Interior-2,2022,6,7,0.3019,GEOID18,wetland,Panicum repens,NA,-25.667800903320312,-25.605440139770508,-25.656965255737305,0.3642607635498045,LA_Delta_GCS_3m_NAVDm.tif,11,0.26626795530319214,29.822502122777777,-90.25170097277778,-0.09799280824661238
Mariotti_et_al_2024,NA,Barataria,30-Interior-3,2022,6,7,0.3313,GEOID18,wetland,Panicum repens,NA,-25.667800903320312,-25.605440139770508,-25.656965255737305,0.3936607635498035,LA_Delta_GCS_3m_NAVDm.tif,11,0.26626795530319214,29.82250322611111,-90.25169354861112,-0.12739280824661137
Mariotti_et_al_2024,NA,Barataria,30-Interior-4,2022,6,7,0.3728,GEOID18,wetland,Panicum repens,NA,-25.667800903320312,-25.605440139770508,-25.656965255737305,0.43516076354980626,LA_Delta_GCS_3m_NAVDm.tif,11,0.26626795530319214,29.822499315,-90.25169465861111,-0.16889280824661412
Mariotti_et_al_2024,NA,Barataria,45-Edge-1,2022,10,1,0.3012,GEOID18,wetland,Spartina alterniflora,NA,-24.062999725341797,-24.08311653137207,-24.174415588378903,0.28108319396972803,LA_Delta_GCS_3m_NAVDm.tif,11,0.44906866550445557,29.395316413333333,-89.62293590666665,0.16798547153472754
Mariotti_et_al_2024,NA,Barataria,45-Edge-2,2022,10,1,0.2822,GEOID18,wetland,Spartina alterniflora,NA,-24.062999725341797,-24.08311653137207,-24.174415588378903,0.2620831939697261,LA_Delta_GCS_3m_NAVDm.tif,11,0.44906866550445557,29.39531825527778,-89.62292773277777,0.18698547153472944
Mariotti_et_al_2024,NA,Barataria,45-Edge-3,2022,10,1,0.2931,GEOID18,wetland,Spartina alterniflora,NA,-24.062999725341797,-24.08311653137207,-24.174415588378903,0.2729831939697256,LA_Delta_GCS_3m_NAVDm.tif,11,0.44906866550445557,29.395311165833338,-89.62292583472221,0.17608547153472998
Mariotti_et_al_2024,NA,Barataria,45-Edge-4,2022,10,1,0.3123,GEOID18,wetland,Spartina alterniflora,NA,-24.062999725341797,-24.08311653137207,-24.174415588378903,0.29218319396972703,LA_Delta_GCS_3m_NAVDm.tif,11,0.44906866550445557,29.395308438333338,-89.62293492416666,0.15688547153472854
Mariotti_et_al_2024,NA,Barataria,45-Edge-5,2022,10,1,0.2902,GEOID18,wetland,Spartina alterniflora,NA,-24.062999725341797,-24.08311653137207,-24.174415588378903,0.27008319396972524,LA_Delta_GCS_3m_NAVDm.tif,11,0.44906866550445557,29.395318375,-89.62292749916666,0.17898547153473032
Mariotti_et_al_2024,NA,Barataria,45-Interior-1,2022,10,1,0.0524,GEOID18,wetland,Spartina alterniflora,NA,-24.062999725341797,-24.08311653137207,-24.174415588378903,0.03228319396972523,LA_Delta_GCS_3m_NAVDm.tif,11,0.16665087640285492,29.39548046638889,-89.6228232336111,0.1343676824331297
Mariotti_et_al_2024,NA,Barataria,45-Interior-2,2022,10,1,0.0358,GEOID18,wetland,Spartina alterniflora,NA,-24.062999725341797,-24.08311653137207,-24.174415588378903,0.01568319396972484,LA_Delta_GCS_3m_NAVDm.tif,11,0.16665087640285492,29.395480477222225,-89.62282298638888,0.15096768243313008
Mariotti_et_al_2024,NA,Barataria,45-Interior-3,2022,10,1,0.0883,GEOID18,wetland,Spartina alterniflora,NA,-24.062999725341797,-24.08311653137207,-24.174415588378903,0.06818319396972683,LA_Delta_GCS_3m_NAVDm.tif,11,0.16665087640285492,29.39547387305555,-89.6228190075,0.09846768243312809
Mariotti_et_al_2024,NA,Barataria,45-Interior-4,2022,10,1,0.1367,GEOID18,wetland,Spartina alterniflora,NA,-24.062999725341797,-24.08311653137207,-24.174415588378903,0.11658319396972772,LA_Delta_GCS_3m_NAVDm.tif,11,0.16665087640285492,29.395483728055556,-89.62281614555555,0.0500676824331272
Mariotti_et_al_2024,NA,Barataria,45-Interior-5,2022,10,1,0.0772,GEOID18,wetland,Spartina alterniflora,NA,-24.062999725341797,-24.08311653137207,-24.174415588378903,0.05708319396972783,LA_Delta_GCS_3m_NAVDm.tif,11,0.16665087640285492,29.3954758475,-89.62281339277777,0.10956768243312709
Mariotti_et_al_2024,NA,Barataria,47-Edge-1,2022,10,1,0.1808,GEOID18,wetland,Spartina alterniflora,NA,-24.073999404907227,-24.092960357666016,-24.170413970947266,0.16183904724121234,LA_Delta_GCS_3m_NAVDm.tif,11,0.20957034826278687,29.40613397888889,-89.64462710138889,0.047731301021574524
Mariotti_et_al_2024,NA,Barataria,47-Edge-2,2022,10,1,0.1803,GEOID18,wetland,Spartina alterniflora,NA,-24.073999404907227,-24.092960357666016,-24.170413970947266,0.16133904724120995,LA_Delta_GCS_3m_NAVDm.tif,11,0.20957034826278687,29.406136981666663,-89.64463297055556,0.04823130102157691
Mariotti_et_al_2024,NA,Barataria,47-Edge-3,2022,10,1,0.1643,GEOID18,wetland,Spartina alterniflora,NA,-24.073999404907227,-24.092960357666016,-24.170413970947266,0.14533904724121172,LA_Delta_GCS_3m_NAVDm.tif,11,0.20957034826278687,29.406127380833333,-89.64463102833334,0.06423130102157515
Mariotti_et_al_2024,NA,Barataria,47-Edge-4,2022,10,1,0.1278,GEOID18,wetland,Spartina alterniflora,NA,-24.073999404907227,-24.092960357666016,-24.170413970947266,0.10883904724121152,LA_Delta_GCS_3m_NAVDm.tif,11,0.16405777633190155,29.406131898055555,-89.64464010388889,0.05521872909069003
Mariotti_et_al_2024,NA,Barataria,47-Interior-1,2022,10,1,0.1926,GEOID18,wetland,Spartina alterniflora,NA,-24.073999404907227,-24.092960357666016,-24.170413970947266,0.1736390472412097,LA_Delta_GCS_3m_NAVDm.tif,11,0.23385100066661835,29.40630005138889,-89.64468791972223,0.06021195342540864
Mariotti_et_al_2024,NA,Barataria,47-Interior-2,2022,10,1,0.207,GEOID18,wetland,Spartina alterniflora,NA,-24.073999404907227,-24.092960357666016,-24.170413970947266,0.18803904724121168,LA_Delta_GCS_3m_NAVDm.tif,11,0.11328297853469849,29.4063054075,-89.64469153166668,-0.07475606870651319
Mariotti_et_al_2024,NA,Barataria,47-Interior-3,2022,10,1,0.2588,GEOID18,wetland,Spartina alterniflora,NA,-24.073999404907227,-24.092960357666016,-24.170413970947266,0.23983904724121177,LA_Delta_GCS_3m_NAVDm.tif,11,0.11328297853469849,29.40630285111111,-89.64468011166667,-0.12655606870651329
Mariotti_et_al_2024,NA,Barataria,47-Interior-4,2022,10,1,0.2369,GEOID18,wetland,Spartina alterniflora,NA,-24.073999404907227,-24.092960357666016,-24.170413970947266,0.2179390472412095,LA_Delta_GCS_3m_NAVDm.tif,11,0.11328297853469849,29.40630977083333,-89.64468490666667,-0.10465606870651101
Mariotti_et_al_2024,NA,Barataria,48-Edge-1,2022,10,1,0.1828,GEOID18,wetland,Spartina alterniflora,NA,-24.073999404907227,-24.092960357666016,-24.170413970947266,0.16383904724121123,LA_Delta_GCS_3m_NAVDm.tif,11,0.23734544217586517,29.40126883583333,-89.65291190666667,0.07350639493465394
Mariotti_et_al_2024,NA,Barataria,48-Edge-2,2022,10,1,0.1826,GEOID18,wetland,Spartina alterniflora,NA,-24.073999404907227,-24.092960357666016,-24.170413970947266,0.1636390472412117,LA_Delta_GCS_3m_NAVDm.tif,11,0.28798621892929077,29.401260144444443,-89.65290756472223,0.12434717168807907
Mariotti_et_al_2024,NA,Barataria,48-Edge-3,2022,10,1,0.2024,GEOID18,wetland,Spartina alterniflora,NA,-24.073999404907227,-24.092960357666016,-24.170413970947266,0.18343904724121177,LA_Delta_GCS_3m_NAVDm.tif,11,0.23734544217586517,29.401273839166667,-89.65290486444445,0.05390639493465341
Mariotti_et_al_2024,NA,Barataria,48-Edge-4,2022,10,1,0.1997,GEOID18,wetland,Spartina alterniflora,NA,-24.073999404907227,-24.092960357666016,-24.170413970947266,0.18073904724121093,LA_Delta_GCS_3m_NAVDm.tif,11,0.28798621892929077,29.401259863055554,-89.65290529222223,0.10724717168807985
Mariotti_et_al_2024,NA,Barataria,48-Interior-1,2022,10,1,0.2315,GEOID18,wetland,Spartina alterniflora,NA,-24.073999404907227,-24.092960357666016,-24.170413970947266,0.21253904724121145,LA_Delta_GCS_3m_NAVDm.tif,11,0.09381026774644852,29.40125304611111,-89.65313238861111,-0.11872877949476293
Mariotti_et_al_2024,NA,Barataria,48-Interior-2,2022,10,1,0.2184,GEOID18,wetland,Spartina alterniflora,NA,-24.073999404907227,-24.092960357666016,-24.170413970947266,0.19943904724121,LA_Delta_GCS_3m_NAVDm.tif,11,0.13698717951774597,29.401259264444445,-89.65312125611112,-0.06245186772346403
Mariotti_et_al_2024,NA,Barataria,48-Interior-3,2022,10,1,0.1963,GEOID18,wetland,Spartina alterniflora,NA,-24.073999404907227,-24.092960357666016,-24.170413970947266,0.17733904724121174,LA_Delta_GCS_3m_NAVDm.tif,11,0.13698717951774597,29.401253458055553,-89.65312367055556,-0.04035186772346577
Mariotti_et_al_2024,NA,Barataria,48-Interior-4,2022,10,1,0.2274,GEOID18,wetland,Spartina alterniflora,NA,-24.073999404907227,-24.092960357666016,-24.170413970947266,0.20843904724121032,LA_Delta_GCS_3m_NAVDm.tif,11,0.16239605844020844,29.40126195972222,-89.65312964305556,-0.04604298880100188
Mariotti_et_al_2024,NA,Barataria,49-Edge-1,2022,10,1,0.1473,GEOID18,wetland,Spartina alterniflora,NA,-24.073999404907227,-24.092960357666016,-24.170413970947266,0.12833904724121226,LA_Delta_GCS_3m_NAVDm.tif,11,0.33936506509780884,29.3945431475,-89.65188191416667,0.21102601785659658
Mariotti_et_al_2024,NA,Barataria,49-Edge-2,2022,10,1,0.1626,GEOID18,wetland,Spartina alterniflora,NA,-24.073999404907227,-24.092960357666016,-24.170413970947266,0.14363904724121213,LA_Delta_GCS_3m_NAVDm.tif,11,0.33936506509780884,29.3945370575,-89.65188722666667,0.1957260178565967
Mariotti_et_al_2024,NA,Barataria,49-Edge-3,2022,10,1,0.1162,GEOID18,wetland,Spartina alterniflora,NA,-24.073999404907227,-24.092960357666016,-24.170413970947266,0.09723904724121012,LA_Delta_GCS_3m_NAVDm.tif,11,0.33936506509780884,29.394538247777778,-89.6518749963889,0.2421260178565987
Mariotti_et_al_2024,NA,Barataria,49-Edge-4,2022,10,1,0.1549,GEOID18,wetland,Spartina alterniflora,NA,-24.073999404907227,-24.092960357666016,-24.170413970947266,0.1359390472412123,LA_Delta_GCS_3m_NAVDm.tif,11,0.33936506509780884,29.394532005833337,-89.65188005666667,0.20342601785659653
Mariotti_et_al_2024,NA,Barataria,49-Interior-1,2022,10,1,0.2785,GEOID18,wetland,Spartina alterniflora,NA,-24.073999404907227,-24.092960357666016,-24.170413970947266,0.259539047241212,LA_Delta_GCS_3m_NAVDm.tif,11,0.2703687846660614,29.394416963333335,-89.65207884638889,0.010829737424849384
Mariotti_et_al_2024,NA,Barataria,49-Interior-2,2022,10,1,0.2431,GEOID18,wetland,Spartina alterniflora,NA,-24.073999404907227,-24.092960357666016,-24.170413970947266,0.22413904724120923,LA_Delta_GCS_3m_NAVDm.tif,11,0.2703687846660614,29.39442044444444,-89.65208950916667,0.046229737424852174
Mariotti_et_al_2024,NA,Barataria,49-Interior-3,2022,10,1,0.255,GEOID18,wetland,Spartina alterniflora,NA,-24.073999404907227,-24.092960357666016,-24.170413970947266,0.23603904724120991,LA_Delta_GCS_3m_NAVDm.tif,11,0.2703687846660614,29.39442354055555,-89.65208133,0.034329737424851486
Mariotti_et_al_2024,NA,Barataria,49-Interior-4,2022,10,1,0.2706,GEOID18,wetland,Spartina alterniflora,NA,-24.073999404907227,-24.092960357666016,-24.170413970947266,0.25163904724121267,LA_Delta_GCS_3m_NAVDm.tif,11,0.25721198320388794,29.394414791944445,-89.65208762972223,0.005572935962675274
Mariotti_et_al_2024,NA,Barataria,51-Edge-1,2022,10,28,-0.1733,GEOID18,wetland,Spartina alterniflora,NA,-24.305999755859375,-24.313926696777344,-24.34610366821289,-0.18122694091796987,LA_Delta_GCS_3m_NAVDm.tif,11,0.32096046209335327,29.463879690833338,-89.75725626555555,0.5021874030113231
Mariotti_et_al_2024,NA,Barataria,51-Edge-2,2022,10,28,-0.1334,GEOID18,wetland,Spartina alterniflora,NA,-24.305999755859375,-24.313926696777344,-24.34610366821289,-0.1413269409179705,LA_Delta_GCS_3m_NAVDm.tif,11,0.32096046209335327,29.46388607833333,-89.75725799222222,0.46228740301132376
Mariotti_et_al_2024,NA,Barataria,51-Edge-3,2022,10,28,-0.0619,GEOID18,wetland,Spartina alterniflora,NA,-24.305999755859375,-24.313926696777344,-24.34610366821289,-0.06982694091797015,LA_Delta_GCS_3m_NAVDm.tif,11,0.32096046209335327,29.463887083055553,-89.75725174055556,0.3907874030113234
Mariotti_et_al_2024,NA,Barataria,51-Edge-4,2022,10,28,0.0112,GEOID18,wetland,Spartina alterniflora,NA,-24.305999755859375,-24.313926696777344,-24.34610366821289,0.00327305908203001,LA_Delta_GCS_3m_NAVDm.tif,11,0.32096046209335327,29.463880700555556,-89.75724893527777,0.31768740301132325
Mariotti_et_al_2024,NA,Barataria,51-Interior-1,2022,10,28,0.1027,GEOID18,wetland,Spartina alterniflora,NA,-24.305999755859375,-24.313926696777344,-24.34610366821289,0.09477305908202992,LA_Delta_GCS_3m_NAVDm.tif,11,0.3109726011753082,29.463955659166665,-89.75702650777778,0.2161995420932783
Mariotti_et_al_2024,NA,Barataria,51-Interior-2,2022,10,28,0.1065,GEOID18,wetland,Spartina alterniflora,NA,-24.305999755859375,-24.313926696777344,-24.34610366821289,0.09857305908203172,LA_Delta_GCS_3m_NAVDm.tif,11,0.3109726011753082,29.46395508555555,-89.75701990833333,0.2123995420932765
Mariotti_et_al_2024,NA,Barataria,51-Interior-3,2022,10,28,0.114,GEOID18,wetland,Spartina alterniflora,NA,-24.305999755859375,-24.313926696777344,-24.34610366821289,0.10607305908203202,LA_Delta_GCS_3m_NAVDm.tif,11,0.3109726011753082,29.46395045138889,-89.75702203416667,0.2048995420932762
Mariotti_et_al_2024,NA,Barataria,51-Interior-4,2022,10,28,0.113,GEOID18,wetland,Spartina alterniflora,NA,-24.305999755859375,-24.313926696777344,-24.34610366821289,0.1050730590820308,LA_Delta_GCS_3m_NAVDm.tif,11,0.3109726011753082,29.463951387777776,-89.75702764111111,0.20589954209327743
Mariotti_et_al_2024,NA,Barataria,52-Edge-1,2022,10,28,0.1682,GEOID18,wetland,Juncus roemerianus,NA,-24.319900512695312,-24.32237434387207,-24.35152816772461,0.16572616882324098,LA_Delta_GCS_3m_NAVDm.tif,11,0.43078044056892395,29.474489031944444,-89.75863255305556,0.26505427174568297
Mariotti_et_al_2024,NA,Barataria,52-Edge-2,2022,10,28,-0.0529,GEOID18,wetland,Juncus roemerianus,NA,-24.319900512695312,-24.32237434387207,-24.35152816772461,-0.05537383117675887,LA_Delta_GCS_3m_NAVDm.tif,11,0.46273985505104065,29.47448440333333,-89.75863534361112,0.5181136862277995
Mariotti_et_al_2024,NA,Barataria,52-Edge-3,2022,10,28,0.0086,GEOID18,wetland,Juncus roemerianus,NA,-24.319900512695312,-24.32237434387207,-24.35152816772461,0.00612616882324346,LA_Delta_GCS_3m_NAVDm.tif,11,0.43078044056892395,29.474485411666667,-89.758629835,0.4246542717456805
Mariotti_et_al_2024,NA,Barataria,52-Edge-4,2022,10,28,-0.0788,GEOID18,wetland,Juncus roemerianus,NA,-24.319900512695312,-24.32237434387207,-24.35152816772461,-0.0812738311767589,LA_Delta_GCS_3m_NAVDm.tif,11,0.46273985505104065,29.47448810972222,-89.75863655138889,0.5440136862277996
Mariotti_et_al_2024,NA,Barataria,52-Interior-1,2022,10,28,0.0996,GEOID18,wetland,Spartina alterniflora,NA,-24.319900512695312,-24.32237434387207,-24.35152816772461,0.097126168823241,LA_Delta_GCS_3m_NAVDm.tif,11,0.3409128189086914,29.47452887833333,-89.75840203888889,0.24378665008545042
Mariotti_et_al_2024,NA,Barataria,52-Interior-2,2022,10,28,0.0841,GEOID18,wetland,Spartina alterniflora,NA,-24.319900512695312,-24.32237434387207,-24.35152816772461,0.08162616882324158,LA_Delta_GCS_3m_NAVDm.tif,11,0.3409128189086914,29.474534729166663,-89.75840609194445,0.2592866500854498
Mariotti_et_al_2024,NA,Barataria,52-Interior-3,2022,10,28,0.0877,GEOID18,wetland,Spartina alterniflora,NA,-24.319900512695312,-24.32237434387207,-24.35152816772461,0.08522616882324385,LA_Delta_GCS_3m_NAVDm.tif,11,0.3409128189086914,29.474533385833332,-89.75840094083334,0.25568665008544755
Mariotti_et_al_2024,NA,Barataria,52-Interior-4,2022,10,28,0.1049,GEOID18,wetland,Spartina alterniflora,NA,-24.319900512695312,-24.32237434387207,-24.35152816772461,0.10242616882324285,LA_Delta_GCS_3m_NAVDm.tif,11,0.3409128189086914,29.474529659444443,-89.75840739416667,0.23848665008544856
Mariotti_et_al_2024,NA,Barataria,53-Edge-1,2022,10,28,0.0884,GEOID18,wetland,Spartina alterniflora,NA,-24.36549949645996,-24.36943626403809,-24.39509391784668,0.08446323242187503,LA_Delta_GCS_3m_NAVDm.tif,11,0.32916268706321716,29.48195596388889,-89.766453315,0.24469945464134213
Mariotti_et_al_2024,NA,Barataria,53-Edge-2,2022,10,28,0.0889,GEOID18,wetland,Spartina alterniflora,NA,-24.36549949645996,-24.36943626403809,-24.39509391784668,0.08496323242187387,LA_Delta_GCS_3m_NAVDm.tif,11,0.32916268706321716,29.48195696138889,-89.76646160222222,0.2441994546413433
Mariotti_et_al_2024,NA,Barataria,53-Edge-3,2022,10,28,0.0885,GEOID18,wetland,Spartina alterniflora,NA,-24.36549949645996,-24.36943626403809,-24.39509391784668,0.0845632324218748,LA_Delta_GCS_3m_NAVDm.tif,11,0.32916268706321716,29.48195985583333,-89.76645599416666,0.24459945464134236
Mariotti_et_al_2024,NA,Barataria,53-Edge-4,2022,10,28,0.0612,GEOID18,wetland,Spartina alterniflora,NA,-24.36549949645996,-24.36943626403809,-24.39509391784668,0.05726323242187448,LA_Delta_GCS_3m_NAVDm.tif,11,0.32916268706321716,29.481952481111108,-89.76645771638889,0.2718994546413427
Mariotti_et_al_2024,NA,Barataria,53-Interior-1,2022,10,28,0.2918,GEOID18,wetland,Juncus roemerianus,NA,-24.36549949645996,-24.36943626403809,-24.39509391784668,0.2878632324218735,LA_Delta_GCS_3m_NAVDm.tif,11,0.45661213994026184,29.48215911555555,-89.76637947388889,0.16874890751838834
Mariotti_et_al_2024,NA,Barataria,53-Interior-2,2022,10,28,0.2822,GEOID18,wetland,Juncus roemerianus,NA,-24.36549949645996,-24.36943626403809,-24.39509391784668,0.27826323242187456,LA_Delta_GCS_3m_NAVDm.tif,11,0.42844635248184204,29.482163831944444,-89.76638027527778,0.15018312005996748
Mariotti_et_al_2024,NA,Barataria,53-Interior-3,2022,10,28,0.2998,GEOID18,wetland,Juncus roemerianus,NA,-24.36549949645996,-24.36943626403809,-24.39509391784668,0.2958632324218762,LA_Delta_GCS_3m_NAVDm.tif,11,0.45661213994026184,29.48215914444444,-89.76637397111111,0.16074890751838566
Mariotti_et_al_2024,NA,Barataria,53-Interior-4,2022,10,28,0.2983,GEOID18,wetland,Juncus roemerianus,NA,-24.36549949645996,-24.36943626403809,-24.39509391784668,0.2943632324218761,LA_Delta_GCS_3m_NAVDm.tif,11,0.42844635248184204,29.482164818055555,-89.76637504333333,0.13408312005996592
Mariotti_et_al_2024,NA,Barataria,53-Interior-5,2022,10,28,0.38,GEOID18,wetland,Juncus roemerianus,NA,-24.36549949645996,-24.36943626403809,-24.39509391784668,0.376063232421874,LA_Delta_GCS_3m_NAVDm.tif,11,0.45661213994026184,29.482160249166665,-89.76637444944444,0.08054890751838784
Mariotti_et_al_2024,NA,Barataria,53-Interior-6,2022,10,28,0.4085,GEOID18,wetland,Juncus roemerianus,NA,-24.36549949645996,-24.36943626403809,-24.39509391784668,0.4045632324218751,LA_Delta_GCS_3m_NAVDm.tif,11,0.42844635248184204,29.48216482222222,-89.76638045194444,0.023883120059966956
Mariotti_et_al_2024,NA,Barataria,53-Interior-7,2022,10,28,0.3608,GEOID18,wetland,Juncus roemerianus,NA,-24.36549949645996,-24.36943626403809,-24.39509391784668,0.3568632324218761,LA_Delta_GCS_3m_NAVDm.tif,11,0.45661213994026184,29.482160136944444,-89.76637803777778,0.09974890751838572
Mariotti_et_al_2024,NA,Barataria,53-Interior-8,2022,10,28,0.4028,GEOID18,wetland,Juncus roemerianus,NA,-24.36549949645996,-24.36943626403809,-24.39509391784668,0.39886323242187416,LA_Delta_GCS_3m_NAVDm.tif,11,0.42844635248184204,29.482165783888888,-89.76637456277778,0.029583120059967882
Mariotti_et_al_2024,NA,Barataria,53-Interior-9,2022,10,28,0.3992,GEOID18,wetland,Juncus roemerianus,NA,-24.36549949645996,-24.36943626403809,-24.39509391784668,0.39526323242187544,LA_Delta_GCS_3m_NAVDm.tif,11,0.42844635248184204,29.48216488111111,-89.76638027194444,0.0331831200599666
Mariotti_et_al_2024,NA,Barataria,54-Edge-1,2022,10,28,0.1903,GEOID18,wetland,Juncus roemerianus,NA,-24.37969970703125,-24.37773323059082,-24.40113067626953,0.19226647644043027,LA_Delta_GCS_3m_NAVDm.tif,11,0.29532548785209656,29.47698518444444,-89.77791065222222,0.10305901141166629
Mariotti_et_al_2024,NA,Barataria,54-Edge-2,2022,10,28,0.1857,GEOID18,wetland,Juncus roemerianus,NA,-24.37969970703125,-24.37773323059082,-24.40113067626953,0.18766647644043033,LA_Delta_GCS_3m_NAVDm.tif,11,0.29532548785209656,29.47698873138889,-89.77790605444444,0.10765901141166623
Mariotti_et_al_2024,NA,Barataria,54-Edge-3,2022,10,28,0.1588,GEOID18,wetland,Juncus roemerianus,NA,-24.37969970703125,-24.37773323059082,-24.40113067626953,0.16076647644042907,LA_Delta_GCS_3m_NAVDm.tif,11,0.29683369398117065,29.476984931388888,-89.77790202999999,0.13606721754074158
Mariotti_et_al_2024,NA,Barataria,54-Edge-4,2022,10,28,0.154,GEOID18,wetland,Juncus roemerianus,NA,-24.37969970703125,-24.37773323059082,-24.40113067626953,0.1559664764404296,LA_Delta_GCS_3m_NAVDm.tif,11,0.29532548785209656,29.47698114361111,-89.7779060925,0.13935901141166696
Mariotti_et_al_2024,NA,Barataria,54-Interior-1,2022,10,28,0.3854,GEOID18,wetland,Spartina alterniflora,NA,-24.37969970703125,-24.37773323059082,-24.40113067626953,0.3873664764404303,LA_Delta_GCS_3m_NAVDm.tif,11,0.2033872902393341,29.477113124444443,-89.77809107055556,-0.1839791862010962
Mariotti_et_al_2024,NA,Barataria,54-Interior-2,2022,10,28,0.3822,GEOID18,wetland,Spartina alterniflora,NA,-24.37969970703125,-24.37773323059082,-24.40113067626953,0.3841664764404306,LA_Delta_GCS_3m_NAVDm.tif,11,0.2033872902393341,29.477115789166664,-89.77808941277777,-0.1807791862010965
Mariotti_et_al_2024,NA,Barataria,54-Interior-3,2022,10,28,0.3737,GEOID18,wetland,Spartina alterniflora,NA,-24.37969970703125,-24.37773323059082,-24.40113067626953,0.3756664764404291,LA_Delta_GCS_3m_NAVDm.tif,11,0.229030042886734,29.47711883861111,-89.77809371194445,-0.1466364335536951
Mariotti_et_al_2024,NA,Barataria,54-Interior-4,2022,10,28,0.3828,GEOID18,wetland,Spartina alterniflora,NA,-24.37969970703125,-24.37773323059082,-24.40113067626953,0.3847664764404293,LA_Delta_GCS_3m_NAVDm.tif,11,0.229030042886734,29.477114672777777,-89.77809606083333,-0.15573643355369526
Mariotti_et_al_2024,NA,Barataria,55-Edge-1,2023,1,22,0.2711,GEOID18,wetland,Thelypteris palustris,NA,-25.945199966430664,-25.928686141967773,-25.93256378173828,0.2876138244628912,LA_Delta_GCS_3m_NAVDm.tif,11,0.42840376496315,29.896695050833333,-90.61259051694444,0.14078994050025884
Mariotti_et_al_2024,NA,Barataria,55-Edge-2,2023,1,22,0.2785,GEOID18,wetland,Thelypteris palustris,NA,-25.945199966430664,-25.928686141967773,-25.93256378173828,0.2950138244628917,LA_Delta_GCS_3m_NAVDm.tif,11,0.42840376496315,29.89669369138889,-90.61259662194443,0.13338994050025832
Mariotti_et_al_2024,NA,Barataria,55-Edge-3,2023,1,22,0.3095,GEOID18,wetland,Thelypteris palustris,NA,-25.945199966430664,-25.928686141967773,-25.93256378173828,0.3260138244628905,LA_Delta_GCS_3m_NAVDm.tif,11,0.42840376496315,29.896700089166668,-90.61259102527777,0.10238994050025951
Mariotti_et_al_2024,NA,Barataria,55-Edge-4,2023,1,22,0.2705,GEOID18,wetland,Thelypteris palustris,NA,-25.945199966430664,-25.928686141967773,-25.93256378173828,0.28701382446288903,LA_Delta_GCS_3m_NAVDm.tif,11,0.42840376496315,29.896700105555556,-90.61259701916666,0.141389940500261
Mariotti_et_al_2024,NA,Barataria,55-Interior-1,2023,1,22,0.2131,GEOID18,wetland,Sagittaria lancifolia,NA,-25.945199966430664,-25.928686141967773,-25.93256378173828,0.22961382446289136,LA_Delta_GCS_3m_NAVDm.tif,11,0.33578628301620483,29.89655261277778,-90.61280327666668,0.10617245855331348
Mariotti_et_al_2024,NA,Barataria,55-Interior-2,2023,1,22,0.2534,GEOID18,wetland,Sagittaria lancifolia,NA,-25.945199966430664,-25.928686141967773,-25.93256378173828,0.2699138244628898,LA_Delta_GCS_3m_NAVDm.tif,11,0.33578628301620483,29.896551260833338,-90.61279846583332,0.06587245855331503
Mariotti_et_al_2024,NA,Barataria,55-Interior-3,2023,1,22,0.2641,GEOID18,wetland,Sagittaria lancifolia,NA,-25.945199966430664,-25.928686141967773,-25.93256378173828,0.28061382446288974,LA_Delta_GCS_3m_NAVDm.tif,11,0.33578628301620483,29.896548168333332,-90.61280625972222,0.055172458553315096
Mariotti_et_al_2024,NA,Barataria,55-Interior-4,2023,1,22,0.2552,GEOID18,wetland,Sagittaria lancifolia,NA,-25.945199966430664,-25.928686141967773,-25.93256378173828,0.27171382446288916,LA_Delta_GCS_3m_NAVDm.tif,11,0.33578628301620483,29.89654675638889,-90.61280084027776,0.06407245855331567
Mariotti_et_al_2024,NA,Barataria,60-Edge-1,2023,4,1,0.3774,GEOID18,wetland,Spartina alterniflora,NA,-24.949399948120117,-24.87833595275879,-24.883859634399418,0.4484639953613296,LA_Delta_GCS_3m_NAVDm.tif,11,0.12447787076234818,29.61338928777778,-89.95703172805555,-0.3239861245989814
Mariotti_et_al_2024,NA,Barataria,60-Edge-2,2023,4,1,0.378,GEOID18,wetland,Spartina alterniflora,NA,-24.949399948120117,-24.87833595275879,-24.883859634399418,0.44906399536132824,LA_Delta_GCS_3m_NAVDm.tif,11,0.12447787076234818,29.61338269638889,-89.95702668111112,-0.32458612459898006
Mariotti_et_al_2024,NA,Barataria,60-Edge-3,2023,4,1,0.2976,GEOID18,wetland,Spartina alterniflora,NA,-24.949399948120117,-24.87833595275879,-24.883859634399418,0.3686639953613273,LA_Delta_GCS_3m_NAVDm.tif,11,0.10772933065891266,29.6133798575,-89.9570338,-0.26093466470241466
Mariotti_et_al_2024,NA,Barataria,60-Edge-4,2023,4,1,0.3335,GEOID18,wetland,Spartina alterniflora,NA,-24.949399948120117,-24.87833595275879,-24.883859634399418,0.4045639953613289,LA_Delta_GCS_3m_NAVDm.tif,11,0.13468371331691742,29.61338595888889,-89.95703779666667,-0.2698802820444115
Mariotti_et_al_2024,NA,Barataria,60-Interior-1,2023,4,1,0.3691,GEOID18,wetland,C4,NA,-24.949399948120117,-24.87833595275879,-24.883859634399418,0.44016399536132766,LA_Delta_GCS_3m_NAVDm.tif,11,0.3072434067726135,29.613454399444446,-89.95680995277777,-0.13292058858871414
Mariotti_et_al_2024,NA,Barataria,60-Interior-2,2023,4,1,0.2947,GEOID18,wetland,C4,NA,-24.949399948120117,-24.87833595275879,-24.883859634399418,0.365763995361327,LA_Delta_GCS_3m_NAVDm.tif,11,0.3072434067726135,29.613453021944444,-89.9568008,-0.05852058858871345
Mariotti_et_al_2024,NA,Barataria,60-Interior-3,2023,4,1,0.3163,GEOID18,wetland,C4,NA,-24.949399948120117,-24.87833595275879,-24.883859634399418,0.3873639953613264,LA_Delta_GCS_3m_NAVDm.tif,11,0.3072434067726135,29.613445344166667,-89.95680291833334,-0.08012058858871285
Mariotti_et_al_2024,NA,Barataria,60-Interior-4,2023,4,1,0.3181,GEOID18,wetland,C4,NA,-24.949399948120117,-24.87833595275879,-24.883859634399418,0.3891639953613293,LA_Delta_GCS_3m_NAVDm.tif,11,0.3072434067726135,29.613447213611114,-89.9568105463889,-0.08192058858871576
Mariotti_et_al_2024,NA,Barataria,61-Edge-1,2023,4,1,0.2426,GEOID18,wetland,Spartina alterniflora,NA,-24.96220016479492,-24.8862361907959,-24.895679473876953,0.3185639739990229,LA_Delta_GCS_3m_NAVDm.tif,11,0.21297284960746765,29.613954970277774,-89.95937710555556,-0.10559112439155527
Mariotti_et_al_2024,NA,Barataria,61-Edge-2,2023,4,1,0.2834,GEOID18,wetland,Spartina alterniflora,NA,-24.96220016479492,-24.8862361907959,-24.895679473876953,0.35936397399902376,LA_Delta_GCS_3m_NAVDm.tif,11,0.21297284960746765,29.613963542222223,-89.95937112472222,-0.1463911243915561
Mariotti_et_al_2024,NA,Barataria,61-Edge-3,2023,4,1,0.2959,GEOID18,wetland,Spartina alterniflora,NA,-24.96220016479492,-24.8862361907959,-24.895679473876953,0.37186397399902305,LA_Delta_GCS_3m_NAVDm.tif,11,0.21297284960746765,29.61396428444445,-89.95937953194445,-0.1588911243915554
Mariotti_et_al_2024,NA,Barataria,61-Edge-4,2023,4,1,0.2956,GEOID18,wetland,Spartina alterniflora,NA,-24.96220016479492,-24.8862361907959,-24.895679473876953,0.37156397399902374,LA_Delta_GCS_3m_NAVDm.tif,11,0.24372676014900208,29.613957573611113,-89.95938540833333,-0.12783721385002167
Mariotti_et_al_2024,NA,Barataria,61-Interior-1,2023,4,1,0.3622,GEOID18,wetland,C4,NA,-24.96220016479492,-24.8862361907959,-24.895679473876953,0.4381639739990249,LA_Delta_GCS_3m_NAVDm.tif,11,0.35517463088035583,29.613963980555557,-89.95960650027779,-0.08298934311866907
Mariotti_et_al_2024,NA,Barataria,61-Interior-2,2023,4,1,0.4039,GEOID18,wetland,C4,NA,-24.96220016479492,-24.8862361907959,-24.895679473876953,0.4798639739990236,LA_Delta_GCS_3m_NAVDm.tif,11,0.35517463088035583,29.613957335277775,-89.95960792,-0.12468934311866775
Mariotti_et_al_2024,NA,Barataria,61-Interior-3,2023,4,1,0.3762,GEOID18,wetland,C4,NA,-24.96220016479492,-24.8862361907959,-24.895679473876953,0.4521639739990242,LA_Delta_GCS_3m_NAVDm.tif,11,0.35517463088035583,29.613964355,-89.95961543638889,-0.09698934311866836
Mariotti_et_al_2024,NA,Barataria,61-Interior-4,2023,4,1,0.3819,GEOID18,wetland,C4,NA,-24.96220016479492,-24.8862361907959,-24.895679473876953,0.4578639739990251,LA_Delta_GCS_3m_NAVDm.tif,11,0.35517463088035583,29.61395832277778,-89.95961604305556,-0.10268934311866929
Mariotti_et_al_2024,NA,Barataria,62-Edge-1,2023,4,1,0.3113,GEOID18,wetland,Spartina alterniflora,NA,-24.96220016479492,-24.8862361907959,-24.895679473876953,0.3872639739990227,LA_Delta_GCS_3m_NAVDm.tif,11,0.29582473635673523,29.61474873527778,-89.9605225388889,-0.09143923764228745
Mariotti_et_al_2024,NA,Barataria,62-Edge-2,2023,4,1,0.3236,GEOID18,wetland,Spartina alterniflora,NA,-24.96220016479492,-24.8862361907959,-24.895679473876953,0.3995639739990224,LA_Delta_GCS_3m_NAVDm.tif,11,0.29582473635673523,29.61474500527778,-89.9605273375,-0.10373923764228715
Mariotti_et_al_2024,NA,Barataria,62-Edge-3,2023,4,1,0.326,GEOID18,wetland,Spartina alterniflora,NA,-24.96220016479492,-24.8862361907959,-24.895679473876953,0.4019639739990239,LA_Delta_GCS_3m_NAVDm.tif,11,0.29582473635673523,29.61475036388889,-89.9605320025,-0.10613923764228866
Mariotti_et_al_2024,NA,Barataria,62-Edge-4,2023,4,1,0.2773,GEOID18,wetland,Spartina alterniflora,NA,-24.96220016479492,-24.8862361907959,-24.895679473876953,0.35326397399902376,LA_Delta_GCS_3m_NAVDm.tif,11,0.29582473635673523,29.61475473138889,-89.96052562694445,-0.05743923764228853
Mariotti_et_al_2024,NA,Barataria,62-Interior-1,2023,4,1,0.3192,GEOID18,wetland,C4,NA,-24.96220016479492,-24.8862361907959,-24.895679473876953,0.395163973999022,LA_Delta_GCS_3m_NAVDm.tif,11,0.24669207632541656,29.614584705277775,-89.96065199055556,-0.1484718976736054
Mariotti_et_al_2024,NA,Barataria,62-Interior-2,2023,4,1,0.3343,GEOID18,wetland,C4,NA,-24.96220016479492,-24.8862361907959,-24.895679473876953,0.4102639739990224,LA_Delta_GCS_3m_NAVDm.tif,11,0.25541090965270996,29.614582400833335,-89.96064689472223,-0.15485306434631246
Mariotti_et_al_2024,NA,Barataria,62-Interior-3,2023,4,1,0.7478,GEOID18,wetland,C4,NA,-24.96220016479492,-24.8862361907959,-24.895679473876953,0.823763973999025,LA_Delta_GCS_3m_NAVDm.tif,11,0.25541090965270996,29.614580553055557,-89.96064225527778,-0.568353064346315
Mariotti_et_al_2024,NA,Barataria,62-Interior-4,2023,4,1,0.3703,GEOID18,wetland,C4,NA,-24.96220016479492,-24.8862361907959,-24.895679473876953,0.44626397399902373,LA_Delta_GCS_3m_NAVDm.tif,11,0.24669207632541656,29.614576879722225,-89.96065520194445,-0.19957189767360717
Mariotti_et_al_2024,NA,Barataria,62-Interior-5,2023,4,1,0.3868,GEOID18,wetland,C4,NA,-24.96220016479492,-24.8862361907959,-24.895679473876953,0.4627639739990243,LA_Delta_GCS_3m_NAVDm.tif,11,0.24669207632541656,29.61457498916667,-89.96064908611112,-0.21607189767360774
Mariotti_et_al_2024,NA,Barataria,63-Edge-1,2023,4,1,0.3554,GEOID18,wetland,C4,NA,-24.949399948120117,-24.87833595275879,-24.883859634399418,0.4264639953613276,LA_Delta_GCS_3m_NAVDm.tif,11,0.32389864325523376,29.612751503055556,-89.95670067361111,-0.10256535210609385
Mariotti_et_al_2024,NA,Barataria,63-Edge-2,2023,4,1,0.3807,GEOID18,wetland,C4,NA,-24.949399948120117,-24.87833595275879,-24.883859634399418,0.45176399536132905,LA_Delta_GCS_3m_NAVDm.tif,11,0.32389864325523376,29.61274949055556,-89.95670600416668,-0.1278653521060953
Mariotti_et_al_2024,NA,Barataria,63-Edge-3,2023,4,1,0.358,GEOID18,wetland,C4,NA,-24.949399948120117,-24.87833595275879,-24.883859634399418,0.42906399536132867,LA_Delta_GCS_3m_NAVDm.tif,11,0.32389864325523376,29.612758151388892,-89.95670249416666,-0.1051653521060949
Mariotti_et_al_2024,NA,Barataria,63-Edge-4,2023,4,1,0.3719,GEOID18,wetland,C4,NA,-24.949399948120117,-24.87833595275879,-24.883859634399418,0.44296399536132824,LA_Delta_GCS_3m_NAVDm.tif,11,0.32389864325523376,29.61275653666667,-89.95670891944445,-0.11906535210609448
Mariotti_et_al_2024,NA,Barataria,63-Interior-1,2023,4,1,0.346,GEOID18,wetland,C4,NA,-24.949399948120117,-24.87833595275879,-24.883859634399418,0.4170639953613282,LA_Delta_GCS_3m_NAVDm.tif,11,0.24300909042358398,29.61270653277778,-89.95647312277778,-0.17405490493774423
Mariotti_et_al_2024,NA,Barataria,63-Interior-2,2023,4,1,0.3852,GEOID18,wetland,C4,NA,-24.949399948120117,-24.87833595275879,-24.883859634399418,0.4562639953613292,LA_Delta_GCS_3m_NAVDm.tif,11,0.1574760526418686,29.612713530555556,-89.9564651675,-0.29878794271946063
Mariotti_et_al_2024,NA,Barataria,63-Interior-3,2023,4,1,0.3604,GEOID18,wetland,C4,NA,-24.949399948120117,-24.87833595275879,-24.883859634399418,0.4314639953613266,LA_Delta_GCS_3m_NAVDm.tif,11,0.2938123345375061,29.61271458555556,-89.95647161916666,-0.13765166082382052
Mariotti_et_al_2024,NA,Barataria,63-Interior-4,2023,4,1,0.3185,GEOID18,wetland,C4,NA,-24.949399948120117,-24.87833595275879,-24.883859634399418,0.3895639953613283,LA_Delta_GCS_3m_NAVDm.tif,11,0.1615471988916397,29.612706673333335,-89.95646486972223,-0.2280167964696886
Mariotti_et_al_2024,NA,Barataria,64-Edge-1,2023,4,28,0.3306,GEOID18,wetland,C4,NA,-24.305999755859375,-24.313926696777344,-24.34610366821289,0.3226730590820317,LA_Delta_GCS_3m_NAVDm.tif,11,0.2840304672718048,29.4700208825,-89.756681565,-0.03864259181022689
Mariotti_et_al_2024,NA,Barataria,64-Edge-2,2023,4,28,0.3534,GEOID18,wetland,C4,NA,-24.305999755859375,-24.313926696777344,-24.34610366821289,0.34547305908203185,LA_Delta_GCS_3m_NAVDm.tif,11,0.2840304672718048,29.470025253055553,-89.75669135055556,-0.06144259181022704
Mariotti_et_al_2024,NA,Barataria,64-Edge-3,2023,4,28,0.3306,GEOID18,wetland,C4,NA,-24.305999755859375,-24.313926696777344,-24.34610366821289,0.3226730590820317,LA_Delta_GCS_3m_NAVDm.tif,11,0.2840304672718048,29.470027728888887,-89.75668486555556,-0.03864259181022689
Mariotti_et_al_2024,NA,Barataria,64-Edge-4,2023,4,28,0.3337,GEOID18,wetland,C4,NA,-24.305999755859375,-24.313926696777344,-24.34610366821289,0.3257730590820316,LA_Delta_GCS_3m_NAVDm.tif,11,0.2840304672718048,29.470018015833332,-89.75668968166667,-0.04174259181022677
Mariotti_et_al_2024,NA,Barataria,64-Interior-1,2023,4,28,0.324,GEOID18,wetland,Spartina alterniflora,NA,-24.305999755859375,-24.313926696777344,-24.34610366821289,0.31607305908203287,LA_Delta_GCS_3m_NAVDm.tif,11,0.4297247529029846,29.470133724166665,-89.75650463,0.11365169382095175
Mariotti_et_al_2024,NA,Barataria,64-Interior-2,2023,4,28,0.3101,GEOID18,wetland,Spartina alterniflora,NA,-24.305999755859375,-24.313926696777344,-24.34610366821289,0.30217305908202974,LA_Delta_GCS_3m_NAVDm.tif,11,0.4297247529029846,29.470137025277776,-89.75649696972222,0.12755169382095488
Mariotti_et_al_2024,NA,Barataria,64-Interior-3,2023,4,28,0.4091,GEOID18,wetland,Spartina alterniflora,NA,-24.305999755859375,-24.313926696777344,-24.34610366821289,0.40117305908202994,LA_Delta_GCS_3m_NAVDm.tif,11,0.4297247529029846,29.47012723472222,-89.75650093777777,0.028551693820954682
Mariotti_et_al_2024,NA,Barataria,64-Interior-4,2023,4,28,0.3175,GEOID18,wetland,Spartina alterniflora,NA,-24.305999755859375,-24.313926696777344,-24.34610366821289,0.30957305908203026,LA_Delta_GCS_3m_NAVDm.tif,11,0.4297247529029846,29.470130887777778,-89.75649338222222,0.12015169382095436
Mariotti_et_al_2024,NA,Barataria,65-Edge-1,2023,4,28,0.3321,GEOID18,wetland,Juncus roemerianus,NA,-24.277700424194336,-24.27777671813965,-24.311458587646484,0.332023706054688,LA_Delta_GCS_3m_NAVDm.tif,11,0.21094267070293427,29.457005056666667,-89.75875498944444,-0.12108103535175374
Mariotti_et_al_2024,NA,Barataria,65-Edge-2,2023,4,28,0.3201,GEOID18,wetland,Juncus roemerianus,NA,-24.277700424194336,-24.27777671813965,-24.311458587646484,0.32002370605468755,LA_Delta_GCS_3m_NAVDm.tif,11,0.21094267070293427,29.457009239166663,-89.75874921138889,-0.10908103535175329
Mariotti_et_al_2024,NA,Barataria,65-Edge-3,2023,4,28,0.3207,GEOID18,wetland,Juncus roemerianus,NA,-24.277700424194336,-24.27777671813965,-24.311458587646484,0.32062370605468615,LA_Delta_GCS_3m_NAVDm.tif,11,0.21094267070293427,29.457012826388887,-89.75875977888889,-0.10968103535175189
Mariotti_et_al_2024,NA,Barataria,65-Edge-4,2023,4,28,0.2907,GEOID18,wetland,Juncus roemerianus,NA,-24.277700424194336,-24.27777671813965,-24.311458587646484,0.29062370605468857,LA_Delta_GCS_3m_NAVDm.tif,11,0.21094267070293427,29.45701564111111,-89.75875309694445,-0.0796810353517543
Mariotti_et_al_2024,NA,Barataria,65-Interior-1,2023,4,28,0.2968,GEOID18,wetland,Juncus roemerianus,NA,-24.277700424194336,-24.27777671813965,-24.311458587646484,0.29672370605468856,LA_Delta_GCS_3m_NAVDm.tif,11,0.3871402144432068,29.456928802222222,-89.75851678777778,0.09041650838851822
Mariotti_et_al_2024,NA,Barataria,65-Interior-2,2023,4,28,0.2923,GEOID18,wetland,Juncus roemerianus,NA,-24.277700424194336,-24.27777671813965,-24.311458587646484,0.2922237060546884,LA_Delta_GCS_3m_NAVDm.tif,11,0.3871402144432068,29.45693310722222,-89.75852276305555,0.0949165083885184
Mariotti_et_al_2024,NA,Barataria,65-Interior-3,2023,4,28,0.2966,GEOID18,wetland,Juncus roemerianus,NA,-24.277700424194336,-24.27777671813965,-24.311458587646484,0.29652370605468903,LA_Delta_GCS_3m_NAVDm.tif,11,0.3871402144432068,29.456937723055553,-89.75851744222223,0.09061650838851776
Mariotti_et_al_2024,NA,Barataria,65-Interior-4,2023,4,28,0.2855,GEOID18,wetland,Juncus roemerianus,NA,-24.277700424194336,-24.27777671813965,-24.311458587646484,0.2854237060546865,LA_Delta_GCS_3m_NAVDm.tif,11,0.3871402144432068,29.456936484444444,-89.75851969,0.10171650838852031
Mariotti_et_al_2024,NA,Barataria,65-Interior-5,2023,4,28,0.2955,GEOID18,wetland,Juncus roemerianus,NA,-24.277700424194336,-24.27777671813965,-24.311458587646484,0.29542370605468804,LA_Delta_GCS_3m_NAVDm.tif,11,0.3871402144432068,29.456932268333333,-89.758511305,0.09171650838851875
Mariotti_et_al_2024,NA,Barataria,66-Edge-1,2023,4,28,0.27,GEOID18,wetland,Spartina alterniflora,NA,-24.277700424194336,-24.27777671813965,-24.311458587646484,0.2699237060546871,LA_Delta_GCS_3m_NAVDm.tif,11,0.35363003611564636,29.453015776666668,-89.769114645,0.08370633006095929
Mariotti_et_al_2024,NA,Barataria,66-Edge-2,2023,4,28,0.2879,GEOID18,wetland,Spartina alterniflora,NA,-24.277700424194336,-24.27777671813965,-24.311458587646484,0.287823706054688,LA_Delta_GCS_3m_NAVDm.tif,11,0.35363003611564636,29.453012249444445,-89.76910374055555,0.06580633006095837
Mariotti_et_al_2024,NA,Barataria,66-Edge-3,2023,4,28,0.285,GEOID18,wetland,Spartina alterniflora,NA,-24.277700424194336,-24.27777671813965,-24.311458587646484,0.28492370605468764,LA_Delta_GCS_3m_NAVDm.tif,11,0.35363003611564636,29.453018433333337,-89.76910567555555,0.06870633006095872
Mariotti_et_al_2024,NA,Barataria,66-Edge-4,2023,4,28,0.2785,GEOID18,wetland,Spartina alterniflora,NA,-24.277700424194336,-24.27777671813965,-24.311458587646484,0.2784237060546886,LA_Delta_GCS_3m_NAVDm.tif,11,0.35363003611564636,29.45300928861111,-89.76911234472222,0.07520633006095778
Mariotti_et_al_2024,NA,Barataria,66-Interior-1,2023,4,28,0.2727,GEOID18,wetland,Juncus roemerianus,NA,-24.277700424194336,-24.27777671813965,-24.311458587646484,0.2726237060546879,LA_Delta_GCS_3m_NAVDm.tif,11,0.2877912223339081,29.45292190083333,-89.76930084916667,0.015167516279220195
Mariotti_et_al_2024,NA,Barataria,66-Interior-2,2023,4,28,0.2801,GEOID18,wetland,Juncus roemerianus,NA,-24.277700424194336,-24.27777671813965,-24.311458587646484,0.2800237060546884,LA_Delta_GCS_3m_NAVDm.tif,11,0.2987299859523773,29.45292628305555,-89.76930289222223,0.018706279897688916
Mariotti_et_al_2024,NA,Barataria,66-Interior-3,2023,4,28,0.2852,GEOID18,wetland,Juncus roemerianus,NA,-24.277700424194336,-24.27777671813965,-24.311458587646484,0.2851237060546872,LA_Delta_GCS_3m_NAVDm.tif,11,0.2877912223339081,29.4529179575,-89.76930509055555,0.002667516279220905
Mariotti_et_al_2024,NA,Barataria,66-Interior-4,2023,4,28,0.3017,GEOID18,wetland,Juncus roemerianus,NA,-24.277700424194336,-24.27777671813965,-24.311458587646484,0.3016237060546878,LA_Delta_GCS_3m_NAVDm.tif,11,0.3207520544528961,29.452923118888886,-89.7693101961111,0.019128348398208317
Mariotti_et_al_2024,NA,Barataria,67-Edge-1,2023,4,28,0.2629,GEOID18,wetland,Juncus roemerianus,NA,-24.29210090637207,-24.28620147705078,-24.31789779663086,0.2687994293212874,LA_Delta_GCS_3m_NAVDm.tif,11,0.0618123859167099,29.452899806666665,-89.77870351833333,-0.20698704340457752
Mariotti_et_al_2024,NA,Barataria,67-Edge-2,2023,4,28,0.3022,GEOID18,wetland,Juncus roemerianus,NA,-24.29210090637207,-24.28620147705078,-24.31789779663086,0.3080994293212882,LA_Delta_GCS_3m_NAVDm.tif,11,0.0618123859167099,29.452905868055556,-89.77870370361111,-0.2462870434045783
Mariotti_et_al_2024,NA,Barataria,67-Edge-3,2023,4,28,0.2964,GEOID18,wetland,Juncus roemerianus,NA,-24.29210090637207,-24.28620147705078,-24.31789779663086,0.3022994293212875,LA_Delta_GCS_3m_NAVDm.tif,11,0.0618123859167099,29.452898874722223,-89.77869771333333,-0.2404870434045776
Mariotti_et_al_2024,NA,Barataria,67-Edge-4,2023,4,28,0.2803,GEOID18,wetland,Juncus roemerianus,NA,-24.29210090637207,-24.28620147705078,-24.31789779663086,0.2861994293212895,LA_Delta_GCS_3m_NAVDm.tif,11,0.0618123859167099,29.452903568055554,-89.77869700083333,-0.2243870434045796
Mariotti_et_al_2024,NA,Barataria,67-Interior-1,2023,4,28,0.4369,GEOID18,wetland,Juncus roemerianus,NA,-24.29210090637207,-24.28620147705078,-24.31789779663086,0.44279942932129046,LA_Delta_GCS_3m_NAVDm.tif,11,0.27740174531936646,29.45277104722222,-89.77851050944444,-0.165397684001924
Mariotti_et_al_2024,NA,Barataria,67-Interior-2,2023,4,28,0.4694,GEOID18,wetland,Juncus roemerianus,NA,-24.29210090637207,-24.28620147705078,-24.31789779663086,0.4752994293212893,LA_Delta_GCS_3m_NAVDm.tif,11,0.27740174531936646,29.452775456666664,-89.77851172027778,-0.19789768400192287
Mariotti_et_al_2024,NA,Barataria,67-Interior-3,2023,4,28,0.4403,GEOID18,wetland,Juncus roemerianus,NA,-24.29210090637207,-24.28620147705078,-24.31789779663086,0.4461994293212896,LA_Delta_GCS_3m_NAVDm.tif,11,0.27740174531936646,29.452769652222223,-89.77851816055555,-0.16879768400192313
Mariotti_et_al_2024,NA,Barataria,67-Interior-4,2023,4,28,0.4763,GEOID18,wetland,Juncus roemerianus,NA,-24.29210090637207,-24.28620147705078,-24.31789779663086,0.48219942932128745,LA_Delta_GCS_3m_NAVDm.tif,11,0.27740174531936646,29.452774023333333,-89.77851902194445,-0.204797684001921
Mariotti_et_al_2024,NA,Barataria,68-Edge-1,2023,4,28,0.2706,GEOID18,wetland,Spartina alterniflora,NA,-24.334199905395508,-24.330659866333008,-24.35773468017578,0.27414003906250173,LA_Delta_GCS_3m_NAVDm.tif,11,0.1862371861934662,29.463913353888888,-89.7841209075,-0.08790285286903554
Mariotti_et_al_2024,NA,Barataria,68-Edge-2,2023,4,28,0.2628,GEOID18,wetland,Spartina alterniflora,NA,-24.334199905395508,-24.330659866333008,-24.35773468017578,0.2663400390624986,LA_Delta_GCS_3m_NAVDm.tif,11,-0.013720658607780933,29.463919793055556,-89.78412460694445,-0.2800606976702795
Mariotti_et_al_2024,NA,Barataria,68-Edge-3,2023,4,28,0.2213,GEOID18,wetland,Spartina alterniflora,NA,-24.334199905395508,-24.330659866333008,-24.35773468017578,0.22484003906249941,LA_Delta_GCS_3m_NAVDm.tif,11,0.1862371861934662,29.463916704166667,-89.78411384611111,-0.03860285286903323
Mariotti_et_al_2024,NA,Barataria,68-Edge-4,2023,4,28,0.2555,GEOID18,wetland,Spartina alterniflora,NA,-24.334199905395508,-24.330659866333008,-24.35773468017578,0.2590400390625014,LA_Delta_GCS_3m_NAVDm.tif,11,-0.013720658607780933,29.463922014166663,-89.78411800722222,-0.2727606976702823
Mariotti_et_al_2024,NA,Barataria,68-Interior-1,2023,4,28,0.1752,GEOID18,wetland,Spartina alterniflora,NA,-24.334199905395508,-24.330659866333008,-24.35773468017578,0.17874003906250024,LA_Delta_GCS_3m_NAVDm.tif,11,0.09248548746109009,29.463937428888887,-89.78434013305555,-0.08625455160141016
Mariotti_et_al_2024,NA,Barataria,68-Interior-2,2023,4,28,0.2357,GEOID18,wetland,Spartina alterniflora,NA,-24.334199905395508,-24.330659866333008,-24.35773468017578,0.23924003906250135,LA_Delta_GCS_3m_NAVDm.tif,11,0.07513400912284851,29.463936523333334,-89.78434721055555,-0.16410602993965284
Mariotti_et_al_2024,NA,Barataria,68-Interior-3,2023,4,28,0.2393,GEOID18,wetland,Spartina alterniflora,NA,-24.334199905395508,-24.330659866333008,-24.35773468017578,0.24284003906250007,LA_Delta_GCS_3m_NAVDm.tif,11,0.09248548746109009,29.463933415555555,-89.78434243722222,-0.15035455160140998
Mariotti_et_al_2024,NA,Barataria,68-Interior-4,2023,4,28,0.2544,GEOID18,wetland,Spartina alterniflora,NA,-24.334199905395508,-24.330659866333008,-24.35773468017578,0.2579400390625004,LA_Delta_GCS_3m_NAVDm.tif,11,0.07513400912284851,29.463932159166667,-89.78434968944444,-0.1828060299396519
Mariotti_et_al_2024,NA,Barataria,71-0.2m-1,2023,7,27,0.1169,GEOID18,wetland,Spartina alterniflora,NA,-24.319900512695312,-24.32237434387207,-24.35152816772461,0.1144261688232433,LA_Delta_GCS_3m_NAVDm.tif,11,0.4462888836860657,29.45947111111111,-89.75841773527777,0.33186271486282237
Mariotti_et_al_2024,NA,Barataria,71-0.2m-2,2023,7,27,0.0973,GEOID18,wetland,Spartina alterniflora,NA,-24.319900512695312,-24.32237434387207,-24.35152816772461,0.0948261688232428,LA_Delta_GCS_3m_NAVDm.tif,11,0.4532328248023987,29.459471654166663,-89.75842454777778,0.3584066559791559
Mariotti_et_al_2024,NA,Barataria,71-0.2m-3,2023,7,27,0.1278,GEOID18,wetland,Spartina alterniflora,NA,-24.319900512695312,-24.32237434387207,-24.35152816772461,0.12532616882324277,LA_Delta_GCS_3m_NAVDm.tif,11,0.46978405117988586,29.459478102777776,-89.75842561027778,0.3444578823566431
Mariotti_et_al_2024,NA,Barataria,71-0.2m-4,2023,7,27,0.1077,GEOID18,wetland,Spartina alterniflora,NA,-24.319900512695312,-24.32237434387207,-24.35152816772461,0.10522616882324344,LA_Delta_GCS_3m_NAVDm.tif,11,0.4499759376049042,29.4594775925,-89.75841622916667,0.34474976878166075
Mariotti_et_al_2024,NA,Barataria,71-Edge-1,2023,7,27,0.1507,GEOID18,wetland,Juncus roemerianus,NA,-24.319900512695312,-24.32237434387207,-24.35152816772461,0.1482261688232427,LA_Delta_GCS_3m_NAVDm.tif,11,0.4462888836860657,29.459470544722222,-89.75841354972222,0.298062714862823
Mariotti_et_al_2024,NA,Barataria,71-Edge-2,2023,7,27,0.1584,GEOID18,wetland,Juncus roemerianus,NA,-24.319900512695312,-24.32237434387207,-24.35152816772461,0.1559261688232425,LA_Delta_GCS_3m_NAVDm.tif,11,0.4462888836860657,29.459471205555555,-89.7584063425,0.29036271486282317
Mariotti_et_al_2024,NA,Barataria,71-Edge-3,2023,7,27,0.2105,GEOID18,wetland,Juncus roemerianus,NA,-24.319900512695312,-24.32237434387207,-24.35152816772461,0.20802616882324187,LA_Delta_GCS_3m_NAVDm.tif,11,0.4499759376049042,29.459477788333334,-89.75840574027778,0.2419497687816623
Mariotti_et_al_2024,NA,Barataria,71-Edge-4,2023,7,27,0.1809,GEOID18,wetland,Juncus roemerianus,NA,-24.319900512695312,-24.32237434387207,-24.35152816772461,0.17842616882324336,LA_Delta_GCS_3m_NAVDm.tif,11,0.4499759376049042,29.45947778111111,-89.75841454472223,0.2715497687816608
Mariotti_et_al_2024,NA,Barataria,71-3m-1,2023,7,27,0.2153,GEOID18,wetland,Juncus roemerianus,NA,-24.319900512695312,-24.32237434387207,-24.35152816772461,0.21282616882324135,LA_Delta_GCS_3m_NAVDm.tif,11,0.4462888836860657,29.459471382222223,-89.75839358666667,0.23346271486282433
Mariotti_et_al_2024,NA,Barataria,71-3m-2,2023,7,27,0.2039,GEOID18,wetland,Juncus roemerianus,NA,-24.319900512695312,-24.32237434387207,-24.35152816772461,0.20142616882324305,LA_Delta_GCS_3m_NAVDm.tif,11,0.4356078803539276,29.459472550833333,-89.75838646722222,0.23418171153068457
Mariotti_et_al_2024,NA,Barataria,71-3m-3,2023,7,27,0.1945,GEOID18,wetland,Juncus roemerianus,NA,-24.319900512695312,-24.32237434387207,-24.35152816772461,0.19202616882324364,LA_Delta_GCS_3m_NAVDm.tif,11,0.4356078803539276,29.459479475277774,-89.758386405,0.24358171153068398
Mariotti_et_al_2024,NA,Barataria,71-3m-4,2023,7,27,0.2017,GEOID18,wetland,Juncus roemerianus,NA,-24.319900512695312,-24.32237434387207,-24.35152816772461,0.19922616882324107,LA_Delta_GCS_3m_NAVDm.tif,11,0.4499759376049042,29.459479781666666,-89.7583951911111,0.2507497687816631
Mariotti_et_al_2024,NA,Barataria,71-5m-1,2023,7,27,0.2285,GEOID18,wetland,Juncus roemerianus,NA,-24.319900512695312,-24.32237434387207,-24.35152816772461,0.22602616882324256,LA_Delta_GCS_3m_NAVDm.tif,11,0.4356078803539276,29.45947410111111,-89.75837487111112,0.20958171153068506
Mariotti_et_al_2024,NA,Barataria,71-5m-2,2023,7,27,0.2374,GEOID18,wetland,Juncus roemerianus,NA,-24.319900512695312,-24.32237434387207,-24.35152816772461,0.23492616882324313,LA_Delta_GCS_3m_NAVDm.tif,11,0.4356078803539276,29.459474582777776,-89.75836708611111,0.20068171153068448
Mariotti_et_al_2024,NA,Barataria,71-5m-3,2023,7,27,0.2309,GEOID18,wetland,Juncus roemerianus,NA,-24.319900512695312,-24.32237434387207,-24.35152816772461,0.22842616882324052,LA_Delta_GCS_3m_NAVDm.tif,11,0.4356078803539276,29.459480785833332,-89.75837562972222,0.2071817115306871
Mariotti_et_al_2024,NA,Barataria,71-5m-4,2023,7,27,0.2307,GEOID18,wetland,Juncus roemerianus,NA,-24.319900512695312,-24.32237434387207,-24.35152816772461,0.22822616882324095,LA_Delta_GCS_3m_NAVDm.tif,11,0.4356078803539276,29.459482066666663,-89.75836879444445,0.20738171153068666
Mariotti_et_al_2024,NA,Barataria,71-7m-1,2023,7,27,0.2325,GEOID18,wetland,Juncus roemerianus,NA,-24.319900512695312,-24.32237434387207,-24.35152816772461,0.2300261688232439,LA_Delta_GCS_3m_NAVDm.tif,11,0.41363176703453064,29.45947531361111,-89.75835484361112,0.18360559821128675
Mariotti_et_al_2024,NA,Barataria,71-7m-2,2023,7,27,0.2579,GEOID18,wetland,Juncus roemerianus,NA,-24.319900512695312,-24.32237434387207,-24.35152816772461,0.25542616882324154,LA_Delta_GCS_3m_NAVDm.tif,11,0.41363176703453064,29.459475443888888,-89.75834856305555,0.1582055982112891
Mariotti_et_al_2024,NA,Barataria,71-7m-3,2023,7,27,0.302,GEOID18,wetland,Juncus roemerianus,NA,-24.319900512695312,-24.32237434387207,-24.35152816772461,0.2995261688232418,LA_Delta_GCS_3m_NAVDm.tif,11,0.41363176703453064,29.459482484166667,-89.75834676805556,0.11410559821128885
Mariotti_et_al_2024,NA,Barataria,71-7m-4,2023,7,27,0.2403,GEOID18,wetland,Juncus roemerianus,NA,-24.319900512695312,-24.32237434387207,-24.35152816772461,0.23782616882324348,LA_Delta_GCS_3m_NAVDm.tif,11,0.41363176703453064,29.459482181944445,-89.75835275666667,0.17580559821128716
Mariotti_et_al_2024,NA,Barataria,71-7m-5,2023,7,27,0.2692,GEOID18,wetland,Juncus roemerianus,NA,-24.319900512695312,-24.32237434387207,-24.35152816772461,0.2667261688232436,LA_Delta_GCS_3m_NAVDm.tif,11,0.41780441999435425,29.45947704805555,-89.7583335175,0.15107825117111062
Mariotti_et_al_2024,NA,Barataria,71-7m-6,2023,7,27,0.272,GEOID18,wetland,Juncus roemerianus,NA,-24.305999755859375,-24.313926696777344,-24.34610366821289,0.2640730590820297,LA_Delta_GCS_3m_NAVDm.tif,11,0.41780441999435425,29.459477710277778,-89.75832570833333,0.15373136091232453
Mariotti_et_al_2024,NA,Barataria,71-9m-1,2023,7,27,0.2716,GEOID18,wetland,Spartina alterniflora,NA,-24.305999755859375,-24.313926696777344,-24.34610366821289,0.26367305908203065,LA_Delta_GCS_3m_NAVDm.tif,11,0.41780441999435425,29.459477849444443,-89.75832474833334,0.1541313609123236
Mariotti_et_al_2024,NA,Barataria,71-9m-2,2023,7,27,0.2593,GEOID18,wetland,Spartina alterniflora,NA,-24.305999755859375,-24.313926696777344,-24.34610366821289,0.2513730590820309,LA_Delta_GCS_3m_NAVDm.tif,11,0.41780441999435425,29.459477547777777,-89.75833125694444,0.16643136091232336
Mariotti_et_al_2024,NA,Barataria,71-9m-3,2023,7,27,0.2828,GEOID18,wetland,Spartina alterniflora,NA,-24.305999755859375,-24.313926696777344,-24.34610366821289,0.27487305908203297,LA_Delta_GCS_3m_NAVDm.tif,11,0.41780441999435425,29.45948492833333,-89.75832599805555,0.14293136091232128
Mariotti_et_al_2024,NA,Barataria,71-9m-4,2023,7,27,0.2668,GEOID18,wetland,Spartina alterniflora,NA,-24.305999755859375,-24.313926696777344,-24.34610366821289,0.2588730590820312,LA_Delta_GCS_3m_NAVDm.tif,11,0.41780441999435425,29.45948425888889,-89.75833271583333,0.15893136091232307
Mariotti_et_al_2024,NA,Barataria,71-11m-1,2023,7,27,0.2629,GEOID18,wetland,Spartina alterniflora,NA,-24.305999755859375,-24.313926696777344,-24.34610366821289,0.2549730590820296,LA_Delta_GCS_3m_NAVDm.tif,11,0.41780441999435425,29.45947833611111,-89.75831175944444,0.16283136091232464
Mariotti_et_al_2024,NA,Barataria,71-11m-2,2023,7,27,0.2411,GEOID18,wetland,Spartina alterniflora,NA,-24.305999755859375,-24.313926696777344,-24.34610366821289,0.23317305908203068,LA_Delta_GCS_3m_NAVDm.tif,11,0.3688048720359802,29.45947905055555,-89.75830457194445,0.13563181295394955
Mariotti_et_al_2024,NA,Barataria,71-11m-3,2023,7,27,0.2362,GEOID18,wetland,Spartina alterniflora,NA,-24.305999755859375,-24.313926696777344,-24.34610366821289,0.22827305908203144,LA_Delta_GCS_3m_NAVDm.tif,11,0.41780441999435425,29.45948464972222,-89.75831295805555,0.1895313609123228
Mariotti_et_al_2024,NA,Barataria,71-11m-4,2023,7,27,0.2377,GEOID18,wetland,Spartina alterniflora,NA,-24.305999755859375,-24.313926696777344,-24.34610366821289,0.2297730590820315,LA_Delta_GCS_3m_NAVDm.tif,11,0.3688048720359802,29.4594857675,-89.75830514361111,0.13903181295394873
Mariotti_et_al_2024,NA,Barataria,71-11m-5,2023,7,27,0.2564,GEOID18,wetland,Spartina alterniflora,NA,-24.305999755859375,-24.313926696777344,-24.34610366821289,0.24847305908203057,LA_Delta_GCS_3m_NAVDm.tif,11,0.3688048720359802,29.45948289,-89.75829338527778,0.12033181295394965
Mariotti_et_al_2024,NA,Barataria,71-13m-1,2023,7,27,0.2499,GEOID18,wetland,Juncus roemerianus,NA,-24.305999755859375,-24.313926696777344,-24.34610366821289,0.24197305908203148,LA_Delta_GCS_3m_NAVDm.tif,11,0.3688048720359802,29.459482894166666,-89.7582934386111,0.12683181295394874
Mariotti_et_al_2024,NA,Barataria,71-13m-2,2023,7,27,0.2684,GEOID18,wetland,Juncus roemerianus,NA,-24.305999755859375,-24.313926696777344,-24.34610366821289,0.260473059082031,LA_Delta_GCS_3m_NAVDm.tif,11,0.3688048720359802,29.45948394527778,-89.75828599916667,0.10833181295394922
Mariotti_et_al_2024,NA,Barataria,71-13m-3,2023,7,27,0.253,GEOID18,wetland,Juncus roemerianus,NA,-24.305999755859375,-24.313926696777344,-24.34610366821289,0.24507305908203136,LA_Delta_GCS_3m_NAVDm.tif,11,0.3688048720359802,29.459489315833338,-89.75828721861112,0.12373181295394886
Mariotti_et_al_2024,NA,Barataria,71-13m-4,2023,7,27,0.2852,GEOID18,wetland,Juncus roemerianus,NA,-24.305999755859375,-24.313926696777344,-24.34610366821289,0.2772730590820309,LA_Delta_GCS_3m_NAVDm.tif,11,0.3688048720359802,29.459488849166664,-89.75829290055556,0.0915318129539493
Mariotti_et_al_2024,NA,Barataria,71-15m-1,2023,7,27,0.2564,GEOID18,wetland,Spartina alterniflora,NA,-24.305999755859375,-24.313926696777344,-24.34610366821289,0.24847305908203057,LA_Delta_GCS_3m_NAVDm.tif,11,0.34486430883407593,29.45948360527778,-89.75827157638889,0.09639124975204535
Mariotti_et_al_2024,NA,Barataria,71-15m-2,2023,7,27,0.2475,GEOID18,wetland,Spartina alterniflora,NA,-24.305999755859375,-24.313926696777344,-24.34610366821289,0.23957305908202997,LA_Delta_GCS_3m_NAVDm.tif,11,0.34486430883407593,29.459484644166665,-89.75826240194445,0.10529124975204596
Mariotti_et_al_2024,NA,Barataria,71-15m-3,2023,7,27,0.2708,GEOID18,wetland,Spartina alterniflora,NA,-24.305999755859375,-24.313926696777344,-24.34610366821289,0.2628730590820325,LA_Delta_GCS_3m_NAVDm.tif,11,0.34486430883407593,29.459491590555555,-89.75826330583334,0.08199124975204342
Mariotti_et_al_2024,NA,Barataria,71-15m-4,2023,7,27,0.262,GEOID18,wetland,Spartina alterniflora,NA,-24.305999755859375,-24.313926696777344,-24.34610366821289,0.2540730590820317,LA_Delta_GCS_3m_NAVDm.tif,11,0.34486430883407593,29.45948949861111,-89.75827061416666,0.09079124975204422
Mariotti_et_al_2024,NA,Barataria,71-17m-1,2023,7,27,0.2593,GEOID18,wetland,Juncus roemerianus,NA,-24.305999755859375,-24.313926696777344,-24.34610366821289,0.2513730590820309,LA_Delta_GCS_3m_NAVDm.tif,11,0.3265891671180725,29.459487899722223,-89.75824324277778,0.07521610803604162
Mariotti_et_al_2024,NA,Barataria,71-17m-2,2023,7,27,0.2551,GEOID18,wetland,Juncus roemerianus,NA,-24.305999755859375,-24.313926696777344,-24.34610366821289,0.24717305908203,LA_Delta_GCS_3m_NAVDm.tif,11,0.3265891671180725,29.459488366666665,-89.75825047833334,0.07941610803604252
Mariotti_et_al_2024,NA,Barataria,71-17m-3,2023,7,27,0.2643,GEOID18,wetland,Juncus roemerianus,NA,-24.305999755859375,-24.313926696777344,-24.34610366821289,0.2563730590820299,LA_Delta_GCS_3m_NAVDm.tif,11,0.3265891671180725,29.459493209722226,-89.75824296277777,0.07021610803604261
Mariotti_et_al_2024,NA,Barataria,71-17m-4,2023,7,27,0.2579,GEOID18,wetland,Juncus roemerianus,NA,-24.305999755859375,-24.313926696777344,-24.34610366821289,0.2499730590820306,LA_Delta_GCS_3m_NAVDm.tif,11,0.3265891671180725,29.459492789166667,-89.7582504,0.07661610803604191
Mariotti_et_al_2024,NA,Barataria,71-19m-1,2023,7,27,0.2767,GEOID18,wetland,Spartina alterniflora,NA,-24.305999755859375,-24.313926696777344,-24.34610366821289,0.268773059082033,LA_Delta_GCS_3m_NAVDm.tif,11,0.31762170791625977,29.45948800111111,-89.75822981916667,0.04884864883422679
Mariotti_et_al_2024,NA,Barataria,71-19m-2,2023,7,27,0.273,GEOID18,wetland,Spartina alterniflora,NA,-24.305999755859375,-24.313926696777344,-24.34610366821289,0.26507305908203094,LA_Delta_GCS_3m_NAVDm.tif,11,0.31762170791625977,29.459488254444445,-89.75822250194445,0.05254864883422883
Mariotti_et_al_2024,NA,Barataria,71-19m-3,2023,7,27,0.2638,GEOID18,wetland,Spartina alterniflora,NA,-24.305999755859375,-24.313926696777344,-24.34610366821289,0.25587305908203106,LA_Delta_GCS_3m_NAVDm.tif,11,0.31762170791625977,29.45949499805555,-89.75822402611111,0.0617486488342287
Mariotti_et_al_2024,NA,Barataria,71-19m-4,2023,7,27,0.2705,GEOID18,wetland,Spartina alterniflora,NA,-24.305999755859375,-24.313926696777344,-24.34610366821289,0.26257305908202966,LA_Delta_GCS_3m_NAVDm.tif,11,0.31762170791625977,29.459494410277777,-89.75822995222222,0.05504864883423011
Mariotti_et_al_2024,NA,Barataria,71-Interior-1,2023,7,27,0.2531,GEOID18,wetland,Juncus roemerianus,NA,-24.305999755859375,-24.313926696777344,-24.34610366821289,0.24517305908203113,LA_Delta_GCS_3m_NAVDm.tif,11,0.31762170791625977,29.45949027777778,-89.75820915472222,0.072448648834228635
Mariotti_et_al_2024,NA,Barataria,71-Interior-2,2023,7,27,0.2579,GEOID18,wetland,Juncus roemerianus,NA,-24.305999755859375,-24.313926696777344,-24.34610366821289,0.2499730590820306,LA_Delta_GCS_3m_NAVDm.tif,11,0.3498167097568512,29.45949233611111,-89.75820196333333,0.0998436506748206
Mariotti_et_al_2024,NA,Barataria,71-Interior-3,2023,7,27,0.2412,GEOID18,wetland,Juncus roemerianus,NA,-24.305999755859375,-24.313926696777344,-24.34610366821289,0.23327305908203044,LA_Delta_GCS_3m_NAVDm.tif,11,0.31762170791625977,29.459496418333337,-89.75820841583334,0.08434864883422932
Mariotti_et_al_2024,NA,Barataria,71-Interior-4,2023,7,27,0.2449,GEOID18,wetland,Juncus roemerianus,NA,-24.305999755859375,-24.313926696777344,-24.34610366821289,0.23697305908203248,LA_Delta_GCS_3m_NAVDm.tif,11,0.3498167097568512,29.45949633305555,-89.75820238527778,0.11284365067481872
Mariotti_et_al_2024,NA,Barataria,71-28m-1,2023,7,27,0.2196,GEOID18,wetland,Spartina alterniflora,NA,-24.305999755859375,-24.313926696777344,-24.34610366821289,0.21167305908203105,LA_Delta_GCS_3m_NAVDm.tif,11,0.36984118819236755,29.4595069525,-89.75814469416666,0.1581681291103365
Mariotti_et_al_2024,NA,Barataria,71-28m-2,2023,7,27,0.2376,GEOID18,wetland,Spartina alterniflora,NA,-24.305999755859375,-24.313926696777344,-24.34610366821289,0.22967305908203173,LA_Delta_GCS_3m_NAVDm.tif,11,0.36984118819236755,29.459513206944443,-89.75814655,0.14016812911033583
Mariotti_et_al_2024,NA,Barataria,71-28m-3,2023,7,27,0.2465,GEOID18,wetland,Spartina alterniflora,NA,-24.305999755859375,-24.313926696777344,-24.34610366821289,0.2385730590820323,LA_Delta_GCS_3m_NAVDm.tif,11,0.36984118819236755,29.459509488888887,-89.75813812666667,0.13126812911033525
Mariotti_et_al_2024,NA,Barataria,71-28m-4,2023,7,27,0.2325,GEOID18,wetland,Spartina alterniflora,NA,-24.305999755859375,-24.313926696777344,-24.34610366821289,0.22457305908203296,LA_Delta_GCS_3m_NAVDm.tif,11,0.36984118819236755,29.459514375,-89.75813998722222,0.1452681291103346
Mariotti_et_al_2024,NA,Barataria,72-Edge-1,2023,7,13,0.2403,GEOID18,wetland,Spartina alterniflora,NA,-24.36549949645996,-24.36943626403809,-24.39509391784668,0.2363632324218763,LA_Delta_GCS_3m_NAVDm.tif,11,0.35116708278656006,29.48165327222222,-89.76520107805555,0.11480385036468377
Mariotti_et_al_2024,NA,Barataria,72-Edge-2,2023,7,13,0.2185,GEOID18,wetland,Spartina alterniflora,NA,-24.36549949645996,-24.36943626403809,-24.39509391784668,0.2145632324218738,LA_Delta_GCS_3m_NAVDm.tif,11,0.35116708278656006,29.481654978888887,-89.76520839777778,0.13660385036468625
Mariotti_et_al_2024,NA,Barataria,72-Edge-3,2023,7,13,0.2078,GEOID18,wetland,Spartina alterniflora,NA,-24.36549949645996,-24.36943626403809,-24.39509391784668,0.20386323242187387,LA_Delta_GCS_3m_NAVDm.tif,11,0.28725555539131165,29.481647883888886,-89.76521046916666,0.08339232296943777
Mariotti_et_al_2024,NA,Barataria,72-3m-1,2023,7,13,0.2834,GEOID18,wetland,Juncus roemerianus,NA,-24.36549949645996,-24.36943626403809,-24.39509391784668,0.2794632324218753,LA_Delta_GCS_3m_NAVDm.tif,11,0.35116708278656006,29.48166930333333,-89.76519792777778,0.07170385036468474
Mariotti_et_al_2024,NA,Barataria,72-3m-2,2023,7,13,0.2671,GEOID18,wetland,Juncus roemerianus,NA,-24.36549949645996,-24.36943626403809,-24.39509391784668,0.2631632324218742,LA_Delta_GCS_3m_NAVDm.tif,11,0.35116708278656006,29.48167575333333,-89.76519673027778,0.08800385036468583
Mariotti_et_al_2024,NA,Barataria,72-3m-3,2023,7,13,0.2755,GEOID18,wetland,Juncus roemerianus,NA,-24.36549949645996,-24.36943626403809,-24.39509391784668,0.27156323242187597,LA_Delta_GCS_3m_NAVDm.tif,11,0.35116708278656006,29.481675609444444,-89.7651894411111,0.07960385036468409
Mariotti_et_al_2024,NA,Barataria,72-3m-4,2023,7,13,0.2647,GEOID18,wetland,Juncus roemerianus,NA,-24.36549949645996,-24.36943626403809,-24.39509391784668,0.26076323242187627,LA_Delta_GCS_3m_NAVDm.tif,11,0.35116708278656006,29.481668365555553,-89.76519070083333,0.09040385036468379
Mariotti_et_al_2024,NA,Barataria,72-5m-1,2023,7,13,0.2478,GEOID18,wetland,Juncus roemerianus,NA,-24.36549949645996,-24.36943626403809,-24.39509391784668,0.24386323242187655,LA_Delta_GCS_3m_NAVDm.tif,11,0.32799702882766724,29.481684233055553,-89.76517553722222,0.08413379640579069
Mariotti_et_al_2024,NA,Barataria,72-5m-2,2023,7,13,0.2656,GEOID18,wetland,Juncus roemerianus,NA,-24.36549949645996,-24.36943626403809,-24.39509391784668,0.26166323242187417,LA_Delta_GCS_3m_NAVDm.tif,11,0.32799702882766724,29.481690528888887,-89.76517129388888,0.06633379640579307
Mariotti_et_al_2024,NA,Barataria,72-5m-3,2023,7,13,0.2543,GEOID18,wetland,Juncus roemerianus,NA,-24.36549949645996,-24.36943626403809,-24.39509391784668,0.25036323242187564,LA_Delta_GCS_3m_NAVDm.tif,11,0.32799702882766724,29.48168714472222,-89.76518207916666,0.0776337964057916
Mariotti_et_al_2024,NA,Barataria,72-7m-1,2023,7,13,0.3111,GEOID18,wetland,Juncus roemerianus,NA,-24.36549949645996,-24.36943626403809,-24.39509391784668,0.3071632324218747,LA_Delta_GCS_3m_NAVDm.tif,11,0.32799702882766724,29.48170502111111,-89.76516486944445,0.020833796405792526
Mariotti_et_al_2024,NA,Barataria,72-7m-2,2023,7,13,0.3179,GEOID18,wetland,Juncus roemerianus,NA,-24.36549949645996,-24.36943626403809,-24.39509391784668,0.3139632324218766,LA_Delta_GCS_3m_NAVDm.tif,11,0.32799702882766724,29.48170076583333,-89.76516934333333,0.01403379640579061
Mariotti_et_al_2024,NA,Barataria,72-7m-3,2023,7,13,0.3441,GEOID18,wetland,Juncus roemerianus,NA,-24.36549949645996,-24.36943626403809,-24.39509391784668,0.34016323242187596,LA_Delta_GCS_3m_NAVDm.tif,11,0.3344579339027405,29.48170952861111,-89.76517207583333,-0.005705298519135482
Mariotti_et_al_2024,NA,Barataria,72-7m-4,2023,7,13,0.3266,GEOID18,wetland,Juncus roemerianus,NA,-24.36549949645996,-24.36943626403809,-24.39509391784668,0.3226632324218741,LA_Delta_GCS_3m_NAVDm.tif,11,0.32799702882766724,29.48170138833333,-89.76517674527778,0.005333796405793123
Mariotti_et_al_2024,NA,Barataria,72-9m-1,2023,7,13,0.3467,GEOID18,wetland,C4,NA,-24.36549949645996,-24.36943626403809,-24.39509391784668,0.34276323242187345,LA_Delta_GCS_3m_NAVDm.tif,11,0.3344579339027405,29.48172336361111,-89.76515697972222,-0.008305298519132975
Mariotti_et_al_2024,NA,Barataria,72-9m-2,2023,7,13,0.3496,GEOID18,wetland,C4,NA,-24.36549949645996,-24.36943626403809,-24.39509391784668,0.3456632324218738,LA_Delta_GCS_3m_NAVDm.tif,11,0.3344579339027405,29.48172633611111,-89.76516373833333,-0.011205298519133322
Mariotti_et_al_2024,NA,Barataria,72-9m-3,2023,7,13,0.3463,GEOID18,wetland,C4,NA,-24.36549949645996,-24.36943626403809,-24.39509391784668,0.3423632324218744,LA_Delta_GCS_3m_NAVDm.tif,11,0.3344579339027405,29.481718218055555,-89.76516076722223,-0.007905298519133908
Mariotti_et_al_2024,NA,Barataria,72-9m-4,2023,7,13,0.3595,GEOID18,wetland,C4,NA,-24.36549949645996,-24.36943626403809,-24.39509391784668,0.3555632324218756,LA_Delta_GCS_3m_NAVDm.tif,11,0.3344579339027405,29.481719622777774,-89.765165695,-0.02110529851913512
Mariotti_et_al_2024,NA,Barataria,72-11m-1,2023,7,13,0.4062,GEOID18,wetland,C4,NA,-24.36549949645996,-24.36943626403809,-24.39509391784668,0.40226323242187334,LA_Delta_GCS_3m_NAVDm.tif,11,0.3159499168395996,29.481740641666665,-89.76514823277778,-0.08631331558227373
Mariotti_et_al_2024,NA,Barataria,72-11m-2,2023,7,13,0.4161,GEOID18,wetland,C4,NA,-24.36549949645996,-24.36943626403809,-24.39509391784668,0.41216323242187514,LA_Delta_GCS_3m_NAVDm.tif,11,0.3159499168395996,29.48174482611111,-89.765154445,-0.09621331558227553
Mariotti_et_al_2024,NA,Barataria,72-11m-3,2023,7,13,0.3587,GEOID18,wetland,C4,NA,-24.36549949645996,-24.36943626403809,-24.39509391784668,0.3547632324218739,LA_Delta_GCS_3m_NAVDm.tif,11,0.3159499168395996,29.481735453055553,-89.76515217,-0.0388133155822743
Mariotti_et_al_2024,NA,Barataria,72-11m-4,2023,7,13,0.3609,GEOID18,wetland,C4,NA,-24.36549949645996,-24.36943626403809,-24.39509391784668,0.3569632324218759,LA_Delta_GCS_3m_NAVDm.tif,11,0.32463130354881287,29.481737867222225,-89.76515806416667,-0.03233192887306302
Mariotti_et_al_2024,NA,Barataria,72-13m-1,2023,7,13,0.3029,GEOID18,wetland,C4,NA,-24.36549949645996,-24.36943626403809,-24.39509391784668,0.29896323242187606,LA_Delta_GCS_3m_NAVDm.tif,11,0.3159499168395996,29.481756033055554,-89.76513725305556,0.016986684417723552
Mariotti_et_al_2024,NA,Barataria,72-13m-2,2023,7,13,0.3615,GEOID18,wetland,C4,NA,-24.36549949645996,-24.36943626403809,-24.39509391784668,0.3575632324218745,LA_Delta_GCS_3m_NAVDm.tif,11,0.3159499168395996,29.481759022777776,-89.76514401833333,-0.04161331558227488
Mariotti_et_al_2024,NA,Barataria,72-13m-3,2023,7,13,0.389,GEOID18,wetland,C4,NA,-24.36549949645996,-24.36943626403809,-24.39509391784668,0.38506323242187435,LA_Delta_GCS_3m_NAVDm.tif,11,0.3159499168395996,29.481749691944444,-89.76514208111111,-0.06911331558227474
Mariotti_et_al_2024,NA,Barataria,72-13m-4,2023,7,13,0.4102,GEOID18,wetland,C4,NA,-24.36549949645996,-24.36943626403809,-24.39509391784668,0.4062632324218747,LA_Delta_GCS_3m_NAVDm.tif,11,0.3159499168395996,29.481753829166664,-89.76514951916667,-0.09031331558227507
Mariotti_et_al_2024,NA,Barataria,72-15m-1,2023,7,13,0.3375,GEOID18,wetland,C4,NA,-24.36549949645996,-24.36943626403809,-24.39509391784668,0.3335632324218736,LA_Delta_GCS_3m_NAVDm.tif,11,0.29885682463645935,29.481775267777778,-89.76513793055555,-0.03470640778541423
Mariotti_et_al_2024,NA,Barataria,72-15m-2,2023,7,13,0.3299,GEOID18,wetland,C4,NA,-24.36549949645996,-24.36943626403809,-24.39509391784668,0.32596323242187353,LA_Delta_GCS_3m_NAVDm.tif,11,0.29885682463645935,29.481774065277776,-89.76513143388888,-0.027106407785414177
Mariotti_et_al_2024,NA,Barataria,72-15m-3,2023,7,13,0.2634,GEOID18,wetland,C4,NA,-24.36549949645996,-24.36943626403809,-24.39509391784668,0.25946323242187574,LA_Delta_GCS_3m_NAVDm.tif,11,0.29885682463645935,29.48176759944444,-89.76513325666667,0.039393592214583606
Mariotti_et_al_2024,NA,Barataria,72-15m-4,2023,7,13,0.3589,GEOID18,wetland,C4,NA,-24.36549949645996,-24.36943626403809,-24.39509391784668,0.35496323242187344,LA_Delta_GCS_3m_NAVDm.tif,11,0.29885682463645935,29.48176803333333,-89.76513943138889,-0.05610640778541409
Mariotti_et_al_2024,NA,Barataria,72-17m-1,2023,7,13,0.2967,GEOID18,wetland,C4,NA,-24.36549949645996,-24.36943626403809,-24.39509391784668,0.2927632324218763,LA_Delta_GCS_3m_NAVDm.tif,11,0.3443830609321594,29.481787104444443,-89.76512159527778,0.05161982851028313
Mariotti_et_al_2024,NA,Barataria,72-17m-2,2023,7,13,0.3118,GEOID18,wetland,C4,NA,-24.36549949645996,-24.36943626403809,-24.39509391784668,0.30786323242187663,LA_Delta_GCS_3m_NAVDm.tif,11,0.3452303111553192,29.48178157972222,-89.76512397083333,0.03736707873344258
Mariotti_et_al_2024,NA,Barataria,72-17m-3,2023,7,13,0.3468,GEOID18,wetland,C4,NA,-24.36549949645996,-24.36943626403809,-24.39509391784668,0.3428632324218768,LA_Delta_GCS_3m_NAVDm.tif,11,0.3443830609321594,29.4817908175,-89.76512848222222,0.0015198285102826503
Mariotti_et_al_2024,NA,Barataria,72-17m-4,2023,7,13,0.343,GEOID18,wetland,C4,NA,-24.36549949645996,-24.36943626403809,-24.39509391784668,0.33906323242187497,LA_Delta_GCS_3m_NAVDm.tif,11,0.29885682463645935,29.481783937777777,-89.76513258,-0.04020640778541562
Mariotti_et_al_2024,NA,Barataria,72-19m-1,2023,7,13,0.4203,GEOID18,wetland,Spartina alterniflora,NA,-24.36549949645996,-24.36943626403809,-24.39509391784668,0.416363232421876,LA_Delta_GCS_3m_NAVDm.tif,11,0.3443830609321594,29.481803576666664,-89.76511154861112,-0.07198017148971658
Mariotti_et_al_2024,NA,Barataria,72-19m-2,2023,7,13,0.4432,GEOID18,wetland,Spartina alterniflora,NA,-24.36549949645996,-24.36943626403809,-24.39509391784668,0.4392632324218759,LA_Delta_GCS_3m_NAVDm.tif,11,0.3443830609321594,29.481798045555554,-89.76511460972222,-0.0948801714897165
Mariotti_et_al_2024,NA,Barataria,72-19m-3,2023,7,13,0.4351,GEOID18,wetland,Spartina alterniflora,NA,-24.36549949645996,-24.36943626403809,-24.39509391784668,0.4311632324218735,LA_Delta_GCS_3m_NAVDm.tif,11,0.3443830609321594,29.481802070555553,-89.76512233666666,-0.08678017148971406
Mariotti_et_al_2024,NA,Barataria,72-19m-4,2023,7,13,0.4485,GEOID18,wetland,Spartina alterniflora,NA,-24.36549949645996,-24.36943626403809,-24.39509391784668,0.44456323242187423,LA_Delta_GCS_3m_NAVDm.tif,11,0.3443830609321594,29.48180857138889,-89.76511941916667,-0.10018017148971481
Mariotti_et_al_2024,NA,Barataria,72-19m-5,2023,7,13,0.448,GEOID18,wetland,Spartina alterniflora,NA,-24.36549949645996,-24.36943626403809,-24.39509391784668,0.4440632324218754,LA_Delta_GCS_3m_NAVDm.tif,11,0.3443830609321594,29.481805049444443,-89.76511161055555,-0.09968017148971597
Mariotti_et_al_2024,NA,Barataria,72-Interior-1,2023,7,13,0.4799,GEOID18,wetland,Spartina alterniflora,NA,-24.36549949645996,-24.36943626403809,-24.39509391784668,0.47596323242187566,LA_Delta_GCS_3m_NAVDm.tif,11,0.3581744134426117,29.481817333888888,-89.76510847694445,-0.11778881897926397
Mariotti_et_al_2024,NA,Barataria,72-Interior-2,2023,7,13,0.3864,GEOID18,wetland,Spartina alterniflora,NA,-24.36549949645996,-24.36943626403809,-24.39509391784668,0.3824632324218733,LA_Delta_GCS_3m_NAVDm.tif,11,0.3581744134426117,29.48182239138889,-89.76510602444445,-0.024288818979261606
Mariotti_et_al_2024,NA,Barataria,72-Interior-3,2023,7,13,0.3913,GEOID18,wetland,Spartina alterniflora,NA,-24.36549949645996,-24.36943626403809,-24.39509391784668,0.3873632324218761,LA_Delta_GCS_3m_NAVDm.tif,11,0.3581744134426117,29.48181523138889,-89.76510798111111,-0.029188818979264397
Mariotti_et_al_2024,NA,Barataria,72-Interior-4,2023,7,13,0.3834,GEOID18,wetland,Spartina alterniflora,NA,-24.36549949645996,-24.36943626403809,-24.39509391784668,0.37946323242187674,LA_Delta_GCS_3m_NAVDm.tif,11,0.3581744134426117,29.481818704166663,-89.76511604472222,-0.021288818979265045
Schile-Beers et al 2014 - RTK Transect,NA,Rush Ranch,marshplain1,2012,6,18,1.37076,GEOID09,wetland,NA,NA,-32.03089904785156,-32.0271110534668,-32.02723693847656,1.3744221093750006,CA_Delta_GCS_3m_NAVDm.tif,3,1.5245423316955566,38.19265413886352,-122.02812033072242,0.150120222320556
Schile-Beers et al 2014 - RTK Transect,NA,Rush Ranch,mudflat1,2012,6,18,0.5535,GEOID09,wetland,mudflat,NA,-32.03089904785156,-32.0271110534668,-32.02723693847656,0.5571621093749997,CA_Delta_GCS_3m_NAVDm.tif,3,1.27401864528656,38.19266267886636,-122.0280800874421,0.7168565359115604
Schile-Beers et al 2014 - RTK Transect,NA,Rush Ranch,mudflat2,2012,6,18,0.57943,GEOID09,wetland,mudflat,NA,-32.03089904785156,-32.0271110534668,-32.02723693847656,0.5830921093749986,CA_Delta_GCS_3m_NAVDm.tif,3,1.133907675743103,38.19483554501386,-122.0324547387638,0.5508155663681045
Schile-Beers et al 2014 - RTK Transect,NA,Rush Ranch,mudflat5,2012,6,18,0.82005,GEOID09,wetland,mudflat,NA,-32.03089904785156,-32.0271110534668,-32.02723693847656,0.8237121093749984,CA_Delta_GCS_3m_NAVDm.tif,3,1.2974337339401245,38.19822256771373,-122.03276996611466,0.4737216245651261
Schile-Beers et al 2014 - RTK Transect,NA,Rush Ranch,scac1,2012,6,18,0.71055,GEOID09,wetland,Schoenoplectus acutus,NA,-32.09199905395508,-32.096580505371094,-32.09062957763672,0.7119194763183607,CA_Delta_GCS_3m_NAVDm.tif,3,1.6745975017547607,38.18610161663741,-122.00343907915656,0.9626780254364
Schile-Beers et al 2014 - RTK Transect,NA,Rush Ranch,scac2,2012,6,18,0.69424,GEOID09,wetland,Schoenoplectus acutus,NA,-32.09199905395508,-32.096580505371094,-32.09062957763672,0.69560947631836,CA_Delta_GCS_3m_NAVDm.tif,3,2.151618719100952,38.18611872371112,-122.0034274569274,1.4560092427825921
Schile-Beers et al 2014 - RTK Transect,NA,Rush Ranch,scac3,2012,6,18,0.60243,GEOID09,wetland,Schoenoplectus acutus,NA,-32.09199905395508,-32.096580505371094,-32.09062957763672,0.6037994763183576,CA_Delta_GCS_3m_NAVDm.tif,3,2.102891445159912,38.18508484992134,-122.00434377249948,1.4990919688415545
Schile-Beers et al 2014 - RTK Transect,NA,Rush Ranch,scac4,2012,6,18,0.6095,GEOID09,wetland,Schoenoplectus acutus,NA,-32.09199905395508,-32.096580505371094,-32.09062957763672,0.61086947631836,CA_Delta_GCS_3m_NAVDm.tif,3,1.2044421434402466,38.18333006058546,-122.00824698714403,0.5935726671218866
Schile-Beers et al 2014 - RTK Transect,NA,Rush Ranch,scac6,2012,6,18,0.47262,GEOID09,wetland,Schoenoplectus acutus,NA,-32.08449935913086,-32.083709716796875,-32.078826904296875,0.4782924548339835,CA_Delta_GCS_3m_NAVDm.tif,3,1.268052339553833,38.19046983134768,-122.02271985129109,0.7897598847198495
Schile-Beers et al 2014 - RTK Transect,NA,Rush Ranch,scac7,2012,6,18,0.72591,GEOID09,wetland,Schoenoplectus acutus,NA,-32.08449935913086,-32.083709716796875,-32.078826904296875,0.7315824548339833,CA_Delta_GCS_3m_NAVDm.tif,3,0.8887491822242737,38.190682651486895,-122.0224965074364,0.15716672739029036
Schile-Beers et al 2014 - RTK Transect,NA,Rush Ranch,scac8,2012,6,18,0.48815,GEOID09,wetland,Schoenoplectus acutus,NA,-32.08449935913086,-32.083709716796875,-32.078826904296875,0.49382245483398535,CA_Delta_GCS_3m_NAVDm.tif,3,0.8887491822242737,38.19068536490102,-122.02249842246404,0.39492672739028833
Schile-Beers et al 2014 - RTK Transect,NA,Rush Ranch,scac9,2012,6,18,0.97473,GEOID09,wetland,Schoenoplectus acutus,NA,-32.04520034790039,-32.04480743408203,-32.043453216552734,0.9764771313476572,CA_Delta_GCS_3m_NAVDm.tif,3,2.302952527999878,38.19337268404777,-122.0248739692628,1.3264753966522207
Schile-Beers et al 2014 - RTK Transect,NA,Rush Ranch,scac10,2012,6,18,0.70879,GEOID09,wetland,Schoenoplectus acutus,NA,-32.03089904785156,-32.0271110534668,-32.02723693847656,0.7124521093750005,CA_Delta_GCS_3m_NAVDm.tif,3,1.0221738815307617,38.19823154545661,-122.03282017291616,0.30972177215576124
Schile-Beers et al 2014 - RTK Transect,NA,Rush Ranch,scac11,2012,6,18,0.85773,GEOID09,wetland,Schoenoplectus acutus,NA,-32.03089904785156,-32.0271110534668,-32.02723693847656,0.8613921093750001,CA_Delta_GCS_3m_NAVDm.tif,3,1.2974337339401245,38.198222635012385,-122.03276941636514,0.4360416245651244
Schile-Beers et al 2014 - RTK Transect,NA,Rush Ranch,scca1,2012,6,18,0.61413,GEOID09,wetland,Schoenoplectus californicus,NA,-32.03089904785156,-32.0271110534668,-32.02723693847656,0.6177921093749994,CA_Delta_GCS_3m_NAVDm.tif,3,1.27401864528656,38.19266759550741,-122.02808825035687,0.6562265359115607
Schile-Beers et al 2014 - RTK Transect,NA,Rush Ranch,scca2,2012,6,18,0.94213,GEOID09,wetland,Schoenoplectus californicus,NA,-32.03089904785156,-32.0271110534668,-32.02723693847656,0.9457921093749988,CA_Delta_GCS_3m_NAVDm.tif,3,1.7634844779968262,38.19266774717792,-122.0280972310847,0.8176923686218274
Schile-Beers et al 2014 - RTK Transect,NA,Rush Ranch,scca3,2012,6,18,0.55294,GEOID09,wetland,Schoenoplectus californicus,NA,-32.03089904785156,-32.0271110534668,-32.02723693847656,0.5566021093749995,CA_Delta_GCS_3m_NAVDm.tif,3,1.3851641416549683,38.196228957577816,-122.02914567228478,0.8285620322799687
Schile-Beers et al 2014 - RTK Transect,NA,Rush Ranch,scca11,2012,6,18,0.64549,GEOID09,wetland,Schoenoplectus californicus,NA,-32.03089904785156,-32.0271110534668,-32.02723693847656,0.6491521093749988,CA_Delta_GCS_3m_NAVDm.tif,3,1.133907675743103,38.19483172423589,-122.03245140153544,0.48475556636810424
Schile-Beers et al 2014 - RTK Transect,NA,Rush Ranch,COMOMO,2011,9,22,1.39638,GEOID09,wetland,high marsh,NA,-32.04520034790039,-32.04480743408203,-32.043453216552734,1.3981271313476569,CA_Delta_GCS_3m_NAVDm.tif,3,2.173844337463379,38.19563612801748,-122.01141393571864,0.775717206115722
Schile-Beers et al 2014 - RTK Transect,NA,Rush Ranch,COMOMO1,2011,9,22,1.84657,GEOID09,wetland,high marsh,NA,-32.04520034790039,-32.04480743408203,-32.043453216552734,1.848317131347656,CA_Delta_GCS_3m_NAVDm.tif,3,2.1537561416625977,38.19564170091813,-122.01139914198396,0.3054390103149416
Schile-Beers et al 2014 - RTK Transect,NA,Rush Ranch,COMOMO2,2011,9,22,1.87862,GEOID09,wetland,high marsh,NA,-32.04520034790039,-32.04480743408203,-32.043453216552734,1.8803671313476575,CA_Delta_GCS_3m_NAVDm.tif,3,2.173844337463379,38.19564750651606,-122.01142312390056,0.29347720611572137
Schile-Beers et al 2014 - RTK Transect,NA,Rush Ranch,COMOMO3,2011,9,22,1.8902,GEOID09,wetland,high marsh,NA,-32.04520034790039,-32.04480743408203,-32.043453216552734,1.8919471313476564,CA_Delta_GCS_3m_NAVDm.tif,3,2.1162185668945312,38.19571291323893,-122.01152520259404,0.2242714355468749
Schile-Beers et al 2014 - RTK Transect,NA,Rush Ranch,COMOMO4,2011,9,22,1.87515,GEOID09,wetland,high marsh,NA,-32.04520034790039,-32.04480743408203,-32.043453216552734,1.8768971313476577,CA_Delta_GCS_3m_NAVDm.tif,3,2.1227023601531982,38.19581082389588,-122.01158165447109,0.24580522880554057
Schile-Beers et al 2014 - RTK Transect,NA,Rush Ranch,NO SCAM1,2011,9,22,1.9277,GEOID09,wetland,high marsh,NA,-32.04520034790039,-32.04480743408203,-32.043453216552734,1.9294471313476576,CA_Delta_GCS_3m_NAVDm.tif,3,2.195305824279785,38.19559188452535,-122.01097400883584,0.2658586929321276
Schile-Beers et al 2014 - RTK Transect,NA,Rush Ranch,NO SCAM2,2011,9,22,1.90972,GEOID09,wetland,high marsh,NA,-32.04520034790039,-32.04480743408203,-32.043453216552734,1.9114671313476563,CA_Delta_GCS_3m_NAVDm.tif,3,2.1450657844543457,38.195651696593494,-122.01123444099808,0.23359865310668937
Schile-Beers et al 2014 - RTK Transect,NA,Rush Ranch,NO SCAM3,2011,9,22,1.84493,GEOID09,wetland,high marsh,NA,-32.04520034790039,-32.04480743408203,-32.043453216552734,1.8466771313476575,CA_Delta_GCS_3m_NAVDm.tif,3,2.1148946285247803,38.19627064941978,-122.01179319610696,0.26821749717712273
Schile-Beers et al 2014 - RTK Transect,NA,Rush Ranch,NO SCAM4,2011,9,22,1.87224,GEOID09,wetland,high marsh,NA,-32.04520034790039,-32.04480743408203,-32.043453216552734,1.8739871313476577,CA_Delta_GCS_3m_NAVDm.tif,3,2.1220626831054688,38.19658575111976,-122.01271695971953,0.24807555175781104
Schile-Beers et al 2014 - RTK Transect,NA,Rush Ranch,NO SCAM5,2011,9,22,1.89114,GEOID09,wetland,high marsh,NA,-32.04520034790039,-32.04480743408203,-32.043453216552734,1.8928871313476563,CA_Delta_GCS_3m_NAVDm.tif,3,2.110013008117676,38.196614189990314,-122.01277135824115,0.2171258767700195
Schile-Beers et al 2014 - RTK Transect,NA,Rush Ranch,NO SCAM6,2011,9,22,2.1702,GEOID09,wetland,high marsh,NA,-32.04520034790039,-32.04480743408203,-32.043453216552734,2.1719471313476575,CA_Delta_GCS_3m_NAVDm.tif,3,2.3655037879943848,38.19663910354117,-122.01283951254725,0.19355665664672728
Schile-Beers et al 2014 - RTK Transect,NA,Rush Ranch,NO SCAM7,2011,9,22,1.96623,GEOID09,wetland,high marsh,NA,-32.04520034790039,-32.04480743408203,-32.043453216552734,1.9679771313476555,CA_Delta_GCS_3m_NAVDm.tif,3,2.119978189468384,38.19633086322415,-122.01291214375426,0.15200105812072828
Schile-Beers et al 2014 - RTK Transect,NA,Rush Ranch,NO SCAM8,2011,9,22,1.91304,GEOID09,wetland,high marsh,NA,-32.04520034790039,-32.04480743408203,-32.043453216552734,1.914787131347655,CA_Delta_GCS_3m_NAVDm.tif,3,2.1577374935150146,38.19635686358171,-122.01284083604187,0.24295036216735966
Schile-Beers et al 2014 - RTK Transect,NA,Rush Ranch,NO SCAM9,2011,9,22,1.92436,GEOID09,wetland,high marsh,NA,-32.04520034790039,-32.04480743408203,-32.043453216552734,1.9261071313476563,CA_Delta_GCS_3m_NAVDm.tif,3,2.175518274307251,38.19641266803337,-122.01279456274236,0.24941114295959466
Schile-Beers et al 2014 - RTK Transect,NA,Rush Ranch,NO SCAM10,2011,9,22,1.86623,GEOID09,wetland,high marsh,NA,-32.04520034790039,-32.04480743408203,-32.043453216552734,1.867977131347658,CA_Delta_GCS_3m_NAVDm.tif,3,2.186265468597412,38.196642412651634,-122.012636049193,0.318288337249754
Schile-Beers et al 2014 - RTK Transect,NA,Rush Ranch,NO SCAM11,2011,9,22,1.86265,GEOID09,wetland,high marsh,NA,-32.04520034790039,-32.04480743408203,-32.043453216552734,1.8643971313476548,CA_Delta_GCS_3m_NAVDm.tif,3,2.186265468597412,38.196642280197864,-122.0126359344974,0.3218683372497573
Schile-Beers et al 2014 - RTK Transect,NA,Rush Ranch,NO SCAM12,2011,9,22,1.91355,GEOID09,wetland,high marsh,NA,-32.04520034790039,-32.04480743408203,-32.043453216552734,1.915297131347657,CA_Delta_GCS_3m_NAVDm.tif,3,2.174912929534912,38.196734294899336,-122.01267683276552,0.2596157981872551
Schile-Beers et al 2014 - RTK Transect,NA,Rush Ranch,NO SCAM13,2011,9,22,1.91969,GEOID09,wetland,high marsh,NA,-32.04520034790039,-32.04480743408203,-32.043453216552734,1.9214371313476557,CA_Delta_GCS_3m_NAVDm.tif,3,2.2910537719726562,38.19681431650344,-122.01257631375208,0.36961664062500055
Schile-Beers et al 2014 - RTK Transect,NA,Rush Ranch,NO SCAM14,2011,9,22,1.94322,GEOID09,wetland,high marsh,NA,-32.04520034790039,-32.04480743408203,-32.043453216552734,1.9449671313476564,CA_Delta_GCS_3m_NAVDm.tif,3,2.2070789337158203,38.19677133707045,-122.01254801975011,0.2621118023681639
Schile-Beers et al 2014 - RTK Transect,NA,Rush Ranch,SCAC1,2011,9,22,1.19761,GEOID09,wetland,Schoenoplectus acutus,NA,-32.08449935913086,-32.083709716796875,-32.078826904296875,1.203282454833985,CA_Delta_GCS_3m_NAVDm.tif,3,1.229212760925293,38.19012466864673,-122.00846393801156,0.025930306091307864
Schile-Beers et al 2014 - RTK Transect,NA,Rush Ranch,SCAM1,2011,9,22,1.9385,GEOID09,wetland,Schoenoplectus americanus,NA,-32.04520034790039,-32.04480743408203,-32.043453216552734,1.9402471313476577,CA_Delta_GCS_3m_NAVDm.tif,3,2.2554657459259033,38.19517455606771,-122.0106814373341,0.3152186145782456
Schile-Beers et al 2014 - RTK Transect,NA,Rush Ranch,SCAM2,2011,9,22,1.92006,GEOID09,wetland,Schoenoplectus americanus,NA,-32.04520034790039,-32.04480743408203,-32.043453216552734,1.9218071313476557,CA_Delta_GCS_3m_NAVDm.tif,3,2.306077480316162,38.19526507776559,-122.0108215501742,0.3842703489685064
Schile-Beers et al 2014 - RTK Transect,NA,Rush Ranch,SCAM3,2011,9,22,1.95607,GEOID09,wetland,Schoenoplectus americanus,NA,-32.04520034790039,-32.04480743408203,-32.043453216552734,1.957817131347657,CA_Delta_GCS_3m_NAVDm.tif,3,2.326507806777954,38.19541371199747,-122.01094550768012,0.3686906754302972
Schile-Beers et al 2014 - RTK Transect,NA,Rush Ranch,SCAM4,2011,9,22,1.92435,GEOID09,wetland,Schoenoplectus americanus,NA,-32.04520034790039,-32.04480743408203,-32.043453216552734,1.9260971313476567,CA_Delta_GCS_3m_NAVDm.tif,3,2.2242140769958496,38.19551319161463,-122.0109525889645,0.2981169456481929
Schile-Beers et al 2014 - RTK Transect,NA,Rush Ranch,SCAM5,2011,9,22,1.86955,GEOID09,wetland,Schoenoplectus americanus,NA,-32.04520034790039,-32.04480743408203,-32.043453216552734,1.8712971313476563,CA_Delta_GCS_3m_NAVDm.tif,3,2.1164417266845703,38.19567864220176,-122.01148858065784,0.24514459533691402
Schile-Beers et al 2014 - RTK Transect,NA,Rush Ranch,SCAM6,2011,9,22,1.84171,GEOID09,wetland,Schoenoplectus americanus,NA,-32.04520034790039,-32.04480743408203,-32.043453216552734,1.843457131347655,CA_Delta_GCS_3m_NAVDm.tif,3,2.1145942211151123,38.196595582877,-122.01262509918443,0.2711370897674572
Schile-Beers et al 2014 - RTK Transect,NA,Rush Ranch,SCAM7,2011,9,22,1.83549,GEOID09,wetland,Schoenoplectus americanus,NA,-32.04520034790039,-32.04480743408203,-32.043453216552734,1.8372371313476563,CA_Delta_GCS_3m_NAVDm.tif,3,2.094083309173584,38.19640312316438,-122.01275299449146,0.25684617782592767
Schile-Beers et al 2014 - RTK Transect,NA,Rush Ranch,UPLAND1,2011,9,22,2.15586,GEOID09,upland,NA,NA,-32.04520034790039,-32.04480743408203,-32.043453216552734,2.157607131347657,CA_Delta_GCS_3m_NAVDm.tif,3,2.3214869499206543,38.19643225280973,-122.01291899220678,0.1638798185729975
Schile-Beers et al 2014 - RTK Transect,NA,Rush Ranch,UPLAND2,2011,9,22,2.1573,GEOID09,upland,NA,NA,-32.04520034790039,-32.04480743408203,-32.043453216552734,2.1590471313476556,CA_Delta_GCS_3m_NAVDm.tif,3,2.3214869499206543,38.19643216910078,-122.01291898328728,0.16243981857299872
Schile-Beers et al 2014 - RTK Transect,NA,Rush Ranch,UPLAND3,2011,9,22,2.32505,GEOID09,upland,NA,NA,-32.04520034790039,-32.04480743408203,-32.043453216552734,2.326797131347657,CA_Delta_GCS_3m_NAVDm.tif,3,2.756382942199707,38.196374905792574,-122.01294917881478,0.42958581085204983
Schile-Beers et al 2014 - RTK Transect,NA,Rush Ranch,UPLAND4,2011,9,22,2.43497,GEOID09,upland,NA,NA,-32.04520034790039,-32.04480743408203,-32.043453216552734,2.436717131347656,CA_Delta_GCS_3m_NAVDm.tif,3,2.7584433555603027,38.196324713505874,-122.01296733571112,0.3217262242126466
Schile-Beers et al 2014 - RTK Transect,NA,Rush Ranch,UPLAND5,2011,9,22,2.18274,GEOID09,upland,NA,NA,-32.04520034790039,-32.04480743408203,-32.043453216552734,2.1844871313476553,CA_Delta_GCS_3m_NAVDm.tif,3,2.4881343841552734,38.19678897045653,-122.01268937572566,0.3036472528076182
Schile-Beers et al 2014 - RTK Transect,NA,Rush Ranch,UPLAND6,2011,9,22,2.16672,GEOID09,upland,NA,NA,-32.04520034790039,-32.04480743408203,-32.043453216552734,2.168467131347658,CA_Delta_GCS_3m_NAVDm.tif,3,2.5309789180755615,38.19684587897573,-122.01260774523362,0.36251178672790374
Rankin et al 2024,NA,Rush Ranch,1,2016,9,1,1.981,GEOID12b,wetland,Distichlis spicata,NA,-32.03089904785156,-32.0271110534668,-32.02723693847656,1.981,CA_Delta_GCS_3m_NAVDm.tif,3,2.288224458694458,38.19972569013364,-122.02892940825208,0.3072244586944579
Rankin et al 2024,NA,Rush Ranch,2,2016,9,1,1.965,GEOID12b,wetland,Atriplex prostrata,NA,-32.03089904785156,-32.0271110534668,-32.02723693847656,1.965,CA_Delta_GCS_3m_NAVDm.tif,3,2.269437789916992,38.19977910661749,-122.02807893129052,0.3044377899169921
Rankin et al 2024,NA,Rush Ranch,3,2016,9,1,1.978,GEOID12b,wetland,Distichlis spicata,NA,-32.03089904785156,-32.0271110534668,-32.02723693847656,1.978,CA_Delta_GCS_3m_NAVDm.tif,3,2.2050318717956543,38.19981965315073,-122.02849380285085,0.22703187179565432
Rankin et al 2024,NA,Rush Ranch,4,2016,9,1,1.959,GEOID12b,wetland,Schoenoplectus americanus,NA,-32.03089904785156,-32.0271110534668,-32.02723693847656,1.959,CA_Delta_GCS_3m_NAVDm.tif,3,2.1842172145843506,38.19983096774297,-122.02770833057885,0.2252172145843505
Rankin et al 2024,NA,Rush Ranch,5,2016,9,1,1.986,GEOID12b,wetland,Juncus balticus,NA,-32.03089904785156,-32.0271110534668,-32.02723693847656,1.986,CA_Delta_GCS_3m_NAVDm.tif,3,2.223849296569824,38.199841092421465,-122.02684734991988,0.23784929656982423
Rankin et al 2024,NA,Rush Ranch,6,2016,9,1,1.913,GEOID12b,wetland,Atriplex prostrata,NA,-32.03089904785156,-32.0271110534668,-32.02723693847656,1.913,CA_Delta_GCS_3m_NAVDm.tif,3,2.2534079551696777,38.19988173644648,-122.02641674541306,0.3404079551696777
Rankin et al 2024,NA,Rush Ranch,7,2016,9,1,1.919,GEOID12b,wetland,Schoenoplectus americanus,NA,-32.03089904785156,-32.0271110534668,-32.02723693847656,1.919,CA_Delta_GCS_3m_NAVDm.tif,3,2.3144044876098633,38.19990096044436,-122.02729966325556,0.39540448760986324
Rankin et al 2024,NA,Rush Ranch,8,2016,9,12,1.99,GEOID12b,wetland,Lepidium latifolium,NA,-32.04520034790039,-32.04480743408203,-32.043453216552734,1.99,CA_Delta_GCS_3m_NAVDm.tif,3,2.2104222774505615,38.19235715491788,-122.0197313981242,0.22042227745056153
Rankin et al 2024,NA,Rush Ranch,9,2016,9,12,1.91,GEOID12b,wetland,Schoenoplectus americanus,NA,-32.04520034790039,-32.04480743408203,-32.043453216552734,1.91,CA_Delta_GCS_3m_NAVDm.tif,3,2.190110683441162,38.192541133806664,-122.01473067587446,0.2801106834411622
Rankin et al 2024,NA,Rush Ranch,10,2016,9,12,1.972,GEOID12b,wetland,Juncus balticus,NA,-32.04520034790039,-32.04480743408203,-32.043453216552734,1.972,CA_Delta_GCS_3m_NAVDm.tif,3,2.2159712314605713,38.19267473711137,-122.01971282088944,0.24397123146057131
Rankin et al 2024,NA,Rush Ranch,11,2016,9,12,1.967,GEOID12b,wetland,Salicornia pacifica,NA,-32.04520034790039,-32.04480743408203,-32.043453216552734,1.967,CA_Delta_GCS_3m_NAVDm.tif,3,2.1458065509796143,38.192855133239554,-122.01478035627396,0.17880655097961418
Rankin et al 2024,NA,Rush Ranch,12,2016,9,12,1.964,GEOID12b,wetland,Salicornia pacifica,NA,-32.04520034790039,-32.04480743408203,-32.043453216552734,1.964,CA_Delta_GCS_3m_NAVDm.tif,3,2.1706995964050293,38.19298494661495,-122.01970064584464,0.20669959640502933
Rankin et al 2024,NA,Rush Ranch,13,2016,9,12,1.855,GEOID12b,wetland,Distichlis spicata,NA,-32.052799224853516,-32.05912780761719,-32.05683517456055,1.855,CA_Delta_GCS_3m_NAVDm.tif,3,2.0954666137695312,38.19309007134659,-122.007475215308,0.24046661376953127
Rankin et al 2024,NA,Rush Ranch,14,2016,9,12,1.927,GEOID12b,wetland,Distichlis spicata,NA,-32.04520034790039,-32.04480743408203,-32.043453216552734,1.927,CA_Delta_GCS_3m_NAVDm.tif,3,2.160100221633911,38.1931697135919,-122.01482731140624,0.2331002216339111
Rankin et al 2024,NA,Rush Ranch,15,2016,9,12,1.956,GEOID12b,wetland,Distichlis spicata,NA,-32.04520034790039,-32.04480743408203,-32.043453216552734,1.956,CA_Delta_GCS_3m_NAVDm.tif,3,2.161714792251587,38.193299200645086,-122.01968391715836,0.20571479225158695
Rankin et al 2024,NA,Rush Ranch,16,2016,9,12,1.9,GEOID12b,wetland,Distichlis spicata,NA,-32.052799224853516,-32.05912780761719,-32.05683517456055,1.9,CA_Delta_GCS_3m_NAVDm.tif,3,2.1438822746276855,38.19333127765833,-122.0077568808698,0.24388227462768564
Rankin et al 2024,NA,Rush Ranch,17,2016,9,12,1.947,GEOID12b,wetland,Jaumea carnosa,NA,-32.04520034790039,-32.04480743408203,-32.043453216552734,1.947,CA_Delta_GCS_3m_NAVDm.tif,3,2.1179280281066895,38.19347662119594,-122.01487602611432,0.1709280281066894
Rankin et al 2024,NA,Rush Ranch,18,2016,9,12,1.983,GEOID12b,wetland,Distichlis spicata,NA,-32.04520034790039,-32.04480743408203,-32.043453216552734,1.983,CA_Delta_GCS_3m_NAVDm.tif,3,2.219935655593872,38.19362009262533,-122.0196710162152,0.23693565559387197
Rankin et al 2024,NA,Rush Ranch,19,2016,9,12,1.925,GEOID12b,wetland,Schoenoplectus americanus,NA,-32.052799224853516,-32.05912780761719,-32.05683517456055,1.925,CA_Delta_GCS_3m_NAVDm.tif,3,2.210070848464966,38.19355908389609,-122.00803023392076,0.2850708484649658
Rankin et al 2024,NA,Rush Ranch,20,2016,9,12,1.929,GEOID12b,wetland,Apium graveolens,NA,-32.04520034790039,-32.04480743408203,-32.043453216552734,1.929,CA_Delta_GCS_3m_NAVDm.tif,3,2.1492416858673096,38.19379508072883,-122.01492560192273,0.22024168586730952
Rankin et al 2024,NA,Rush Ranch,21,2016,9,12,1.953,GEOID12b,wetland,Salicornia pacifica,NA,-32.052799224853516,-32.05912780761719,-32.05683517456055,1.953,CA_Delta_GCS_3m_NAVDm.tif,3,2.2560925483703613,38.193789453529064,-122.0083041248786,0.30309254837036126
Rankin et al 2024,NA,Rush Ranch,22,2016,9,12,1.962,GEOID12b,wetland,Juncus balticus,NA,-32.04520034790039,-32.04480743408203,-32.043453216552734,1.962,CA_Delta_GCS_3m_NAVDm.tif,3,2.192061185836792,38.19393733101487,-122.01965552618142,0.23006118583679203
Rankin et al 2024,NA,Rush Ranch,23,2016,9,12,1.923,GEOID12b,wetland,Salicornia pacifica,NA,-32.04520034790039,-32.04480743408203,-32.043453216552734,1.923,CA_Delta_GCS_3m_NAVDm.tif,3,2.2206203937530518,38.19401636540005,-122.0085784412816,0.2976203937530517
Rankin et al 2024,NA,Rush Ranch,24,2016,9,12,1.976,GEOID12b,wetland,Distichlis spicata,NA,-32.04520034790039,-32.04480743408203,-32.043453216552734,1.976,CA_Delta_GCS_3m_NAVDm.tif,3,2.157076358795166,38.19410786035359,-122.01497492347804,0.18107635879516604
Rankin et al 2024,NA,Rush Ranch,25,2016,9,12,1.961,GEOID12b,wetland,Juncus balticus,NA,-32.04520034790039,-32.04480743408203,-32.043453216552734,1.961,CA_Delta_GCS_3m_NAVDm.tif,3,2.1686441898345947,38.194248455874146,-122.01964073461107,0.20764418983459465
Rankin et al 2024,NA,Rush Ranch,26,2016,9,12,1.92,GEOID12b,wetland,Salicornia pacifica,NA,-32.04520034790039,-32.04480743408203,-32.043453216552734,1.92,CA_Delta_GCS_3m_NAVDm.tif,3,2.1942355632781982,38.19424280231837,-122.0088488831344,0.2742355632781983
Rankin et al 2024,NA,Rush Ranch,27,2016,9,12,1.968,GEOID12b,wetland,Salicornia pacifica,NA,-32.04520034790039,-32.04480743408203,-32.043453216552734,1.968,CA_Delta_GCS_3m_NAVDm.tif,3,2.1353609561920166,38.19441901516605,-122.01501964234195,0.16736095619201663
Rankin et al 2024,NA,Rush Ranch,28,2016,9,12,1.979,GEOID12b,wetland,Juncus balticus,NA,-32.04520034790039,-32.04480743408203,-32.043453216552734,1.979,CA_Delta_GCS_3m_NAVDm.tif,3,2.2760238647460938,38.19455645117577,-122.0196289082912,0.29702386474609366
Rankin et al 2024,NA,Rush Ranch,29,2016,9,12,1.962,GEOID12b,wetland,Distichlis spicata,NA,-32.04520034790039,-32.04480743408203,-32.043453216552734,1.962,CA_Delta_GCS_3m_NAVDm.tif,3,2.2166929244995117,38.19447010789523,-122.00912942130256,0.25469292449951175
Rankin et al 2024,NA,Rush Ranch,30,2016,9,12,1.957,GEOID12b,wetland,Schoenoplectus americanus,NA,-32.04520034790039,-32.04480743408203,-32.043453216552734,1.957,CA_Delta_GCS_3m_NAVDm.tif,3,2.2464728355407715,38.19473466864616,-122.01506991946763,0.2894728355407714
Rankin et al 2024,NA,Rush Ranch,31,2016,9,12,1.954,GEOID12b,wetland,Distichlis spicata,NA,-32.04520034790039,-32.04480743408203,-32.043453216552734,1.954,CA_Delta_GCS_3m_NAVDm.tif,3,2.201016902923584,38.19470614521849,-122.009403493546,0.24701690292358403
Rankin et al 2024,NA,Rush Ranch,32,2016,9,12,1.951,GEOID12b,wetland,Schoenoplectus americanus,NA,-32.04520034790039,-32.04480743408203,-32.043453216552734,1.951,CA_Delta_GCS_3m_NAVDm.tif,3,2.2181875705718994,38.1949275319457,-122.00967590455484,0.26718757057189935
Rankin et al 2024,NA,Rush Ranch,33,2016,9,12,1.895,GEOID12b,wetland,Schoenoplectus americanus,NA,-32.04520034790039,-32.04480743408203,-32.043453216552734,1.895,CA_Delta_GCS_3m_NAVDm.tif,3,2.245122194290161,38.19504416225523,-122.01511536946316,0.3501221942901611
Rankin et al 2024,NA,Rush Ranch,34,2016,9,12,1.963,GEOID12b,wetland,Salicornia pacifica,NA,-32.04520034790039,-32.04480743408203,-32.043453216552734,1.963,CA_Delta_GCS_3m_NAVDm.tif,3,2.252572536468506,38.19516280903085,-122.00994654177192,0.2895725364685058
Rankin et al 2024,NA,Rush Ranch,35,2016,9,12,1.907,GEOID12b,wetland,Salicornia pacifica,NA,-32.04520034790039,-32.04480743408203,-32.043453216552734,1.907,CA_Delta_GCS_3m_NAVDm.tif,3,2.1780619621276855,38.19539217683825,-122.01022078944018,0.2710619621276855
Rankin et al 2024,NA,Rush Ranch,36,2016,9,12,1.932,GEOID12b,wetland,Schoenoplectus americanus,NA,-32.04520034790039,-32.04480743408203,-32.043453216552734,1.932,CA_Delta_GCS_3m_NAVDm.tif,3,2.171851396560669,38.19562126823174,-122.0104954650948,0.239851396560669
Rankin et al 2024,NA,Rush Ranch,37,2016,9,12,1.884,GEOID12b,wetland,Juncus balticus,NA,-32.04520034790039,-32.04480743408203,-32.043453216552734,1.884,CA_Delta_GCS_3m_NAVDm.tif,3,2.200138807296753,38.19585088033328,-122.0107678400153,0.31613880729675303
Rankin et al 2024,NA,Rush Ranch,38,2016,9,12,1.893,GEOID12b,wetland,Schoenoplectus americanus,NA,-32.04520034790039,-32.04480743408203,-32.043453216552734,1.893,CA_Delta_GCS_3m_NAVDm.tif,3,2.1922993659973145,38.19607935524529,-122.01104009497864,0.29929936599731444
Rankin et al 2024,NA,Rush Ranch,39,2016,9,12,1.856,GEOID12b,wetland,Juncus balticus,NA,-32.04520034790039,-32.04480743408203,-32.043453216552734,1.856,CA_Delta_GCS_3m_NAVDm.tif,3,2.1942217350006104,38.19630317039718,-122.011322007422,0.33822173500061026
Rankin et al 2024,NA,Rush Ranch,40,2016,9,12,1.837,GEOID12b,wetland,Schoenoplectus americanus,NA,-32.04520034790039,-32.04480743408203,-32.043453216552734,1.837,CA_Delta_GCS_3m_NAVDm.tif,3,2.297464609146118,38.19653801107351,-122.01159799400936,0.4604646091461182
Rankin et al 2024,NA,Rush Ranch,41,2016,9,12,1.87,GEOID12b,wetland,Juncus balticus,NA,-32.04520034790039,-32.04480743408203,-32.043453216552734,1.87,CA_Delta_GCS_3m_NAVDm.tif,3,2.2424521446228027,38.196768997113615,-122.01187115660184,0.37245214462280263
Rankin et al 2024,NA,Rush Ranch,42,2016,9,12,2.177,GEOID12b,wetland,Distichlis spicata,NA,-32.04520034790039,-32.04480743408203,-32.043453216552734,2.177,CA_Delta_GCS_3m_NAVDm.tif,3,2.282294988632202,38.196999188156056,-122.0121420247946,0.1052949886322021
Rankin et al 2024,NA,Rush Ranch,43,2016,9,16,1.926,GEOID12b,wetland,Schoenoplectus acutus,NA,-32.08449935913086,-32.083709716796875,-32.078826904296875,1.926,CA_Delta_GCS_3m_NAVDm.tif,3,2.225344657897949,38.187215248342106,-122.0139051555676,0.2993446578979493
Rankin et al 2024,NA,Rush Ranch,44,2016,9,16,1.936,GEOID12b,wetland,Schoenoplectus americanus,NA,-32.08449935913086,-32.083709716796875,-32.078826904296875,1.936,CA_Delta_GCS_3m_NAVDm.tif,3,2.1598587036132812,38.187531974796855,-122.01395647107351,0.2238587036132813
Rankin et al 2024,NA,Rush Ranch,45,2016,9,16,1.947,GEOID12b,wetland,Distichlis spicata,NA,-32.08449935913086,-32.083709716796875,-32.078826904296875,1.947,CA_Delta_GCS_3m_NAVDm.tif,3,2.1706042289733887,38.187844337741765,-122.01400331261384,0.2236042289733886
Rankin et al 2024,NA,Rush Ranch,46,2016,9,16,1.948,GEOID12b,wetland,Juncus balticus,NA,-32.08449935913086,-32.083709716796875,-32.078826904296875,1.948,CA_Delta_GCS_3m_NAVDm.tif,3,2.172041416168213,38.18815815176096,-122.01405124257764,0.22404141616821294
Rankin et al 2024,NA,Rush Ranch,47,2016,9,16,1.909,GEOID12b,wetland,Schoenoplectus americanus,NA,-32.08449935913086,-32.083709716796875,-32.078826904296875,1.909,CA_Delta_GCS_3m_NAVDm.tif,3,2.1684584617614746,38.18847245552125,-122.01409846977752,0.2594584617614746
Rankin et al 2024,NA,Rush Ranch,48,2016,9,16,1.91,GEOID12b,wetland,Jaumea carnosa,NA,-32.08449935913086,-32.083709716796875,-32.078826904296875,1.91,CA_Delta_GCS_3m_NAVDm.tif,3,2.172752618789673,38.1887860508123,-122.01414611798076,0.26275261878967293
Rankin et al 2024,NA,Rush Ranch,49,2016,9,16,1.895,GEOID12b,wetland,Typha sp,NA,-32.08449935913086,-32.083709716796875,-32.078826904296875,1.895,CA_Delta_GCS_3m_NAVDm.tif,3,2.220405101776123,38.18889215709226,-122.01989267083592,0.32540510177612303
Rankin et al 2024,NA,Rush Ranch,50,2016,9,16,1.851,GEOID12b,wetland,Schoenoplectus americanus,NA,-32.08449935913086,-32.083709716796875,-32.078826904296875,1.851,CA_Delta_GCS_3m_NAVDm.tif,3,2.217041492462158,38.189099860330955,-122.01419674399573,0.3660414924621582
Rankin et al 2024,NA,Rush Ranch,51,2016,9,16,1.807,GEOID12b,wetland,Distichlis spicata,NA,-32.08449935913086,-32.083709716796875,-32.078826904296875,1.807,CA_Delta_GCS_3m_NAVDm.tif,3,2.2530159950256348,38.1892015272288,-122.0198749249563,0.4460159950256348
Rankin et al 2024,NA,Rush Ranch,52,2016,9,16,1.819,GEOID12b,wetland,Lepidium latifolium,NA,-32.08449935913086,-32.083709716796875,-32.078826904296875,1.819,CA_Delta_GCS_3m_NAVDm.tif,3,2.1951677799224854,38.18941240114621,-122.01424117563492,0.3761677799224854
Rankin et al 2024,NA,Rush Ranch,53,2016,9,16,1.795,GEOID12b,wetland,Typha sp,NA,-32.08449935913086,-32.083709716796875,-32.078826904296875,1.795,CA_Delta_GCS_3m_NAVDm.tif,3,1.9513318538665771,38.189720329117335,-122.01429329765568,0.15633185386657722
Rankin et al 2024,NA,Rush Ranch,54,2016,9,16,1.857,GEOID12b,wetland,Distichlis spicata,NA,-32.08449935913086,-32.083709716796875,-32.078826904296875,1.857,CA_Delta_GCS_3m_NAVDm.tif,3,2.166825294494629,38.190038164854286,-122.01434259166926,0.3098252944946289
Rankin et al 2024,NA,Rush Ranch,55,2016,9,16,1.948,GEOID12b,wetland,Distichlis spicata,NA,-32.08449935913086,-32.083709716796875,-32.078826904296875,1.948,CA_Delta_GCS_3m_NAVDm.tif,3,2.213531732559204,38.19035084333432,-122.01439055104424,0.26553173255920415
Rankin et al 2024,NA,Rush Ranch,56,2016,9,16,1.893,GEOID12b,wetland,Schoenoplectus americanus,NA,-32.08449935913086,-32.083709716796875,-32.078826904296875,1.893,CA_Delta_GCS_3m_NAVDm.tif,3,2.2215311527252197,38.190663770648975,-122.0144380963592,0.3285311527252197
Rankin et al 2024,NA,Rush Ranch,57,2016,9,16,1.937,GEOID12b,wetland,Schoenoplectus americanus,NA,-32.08449935913086,-32.083709716796875,-32.078826904296875,1.937,CA_Delta_GCS_3m_NAVDm.tif,3,2.2802176475524902,38.19097674298562,-122.01448778824422,0.3432176475524902
Rankin et al 2024,NA,Rush Ranch,58,2016,9,16,1.98,GEOID12b,wetland,Trifolium macraei,NA,-32.08449935913086,-32.083709716796875,-32.078826904296875,1.98,CA_Delta_GCS_3m_NAVDm.tif,3,2.2165260314941406,38.19129268747857,-122.01453618436209,0.23652603149414064
Rankin et al 2024,NA,Rush Ranch,59,2016,9,16,1.924,GEOID12b,wetland,Schoenoplectus americanus,NA,-32.08449935913086,-32.083709716796875,-32.078826904296875,1.924,CA_Delta_GCS_3m_NAVDm.tif,3,2.202690839767456,38.191601563173386,-122.01458528134192,0.2786908397674561
Rankin et al 2024,NA,Rush Ranch,60,2016,9,16,1.98,GEOID12b,wetland,Jaumea carnosa,NA,-32.04520034790039,-32.04480743408203,-32.043453216552734,1.98,CA_Delta_GCS_3m_NAVDm.tif,3,2.1272659301757812,38.19191516141293,-122.01463439500816,0.14726593017578127
Rankin et al 2024,NA,Rush Ranch,61,2016,9,16,1.728,GEOID12b,wetland,Schoenoplectus americanus,NA,-32.04520034790039,-32.04480743408203,-32.043453216552734,1.728,CA_Delta_GCS_3m_NAVDm.tif,3,2.222712516784668,38.1922276554587,-122.01468187955952,0.494712516784668
Rankin et al 2024,NA,Rush Ranch,62,2016,9,20,2.04,GEOID12b,wetland,Lepidium latifolium,NA,-32.09199905395508,-32.096580505371094,-32.09062957763672,2.04,CA_Delta_GCS_3m_NAVDm.tif,3,2.260427713394165,38.18920029782836,-122.00281891504928,0.220427713394165
Rankin et al 2024,NA,Rush Ranch,63,2016,9,20,1.859,GEOID12b,wetland,Distichlis spicata,NA,-32.09199905395508,-32.096580505371094,-32.09062957763672,1.859,CA_Delta_GCS_3m_NAVDm.tif,3,2.0951266288757324,38.189427713655704,-122.00308951366364,0.23612662887573244
Rankin et al 2024,NA,Rush Ranch,64,2016,9,20,1.863,GEOID12b,wetland,Salicornia pacifica,NA,-32.09199905395508,-32.096580505371094,-32.09062957763672,1.863,CA_Delta_GCS_3m_NAVDm.tif,3,2.2406773567199707,38.18965738528486,-122.0033668774721,0.3776773567199707
Rankin et al 2024,NA,Rush Ranch,65,2016,9,20,1.981,GEOID12b,wetland,Distichlis spicata,NA,-32.08449935913086,-32.083709716796875,-32.078826904296875,1.981,CA_Delta_GCS_3m_NAVDm.tif,3,2.2833521366119385,38.18984075068684,-122.01984678600714,0.3023521366119384
Rankin et al 2024,NA,Rush Ranch,66,2016,9,20,1.91,GEOID12b,wetland,Distichlis spicata,NA,-32.09199905395508,-32.096580505371094,-32.09062957763672,1.91,CA_Delta_GCS_3m_NAVDm.tif,3,2.1487221717834473,38.189888781781455,-122.0036404855113,0.23872217178344735
Rankin et al 2024,NA,Rush Ranch,67,2016,9,20,2.017,GEOID12b,wetland,Schoenoplectus americanus,NA,-32.08449935913086,-32.083709716796875,-32.078826904296875,2.017,CA_Delta_GCS_3m_NAVDm.tif,3,2.144296646118164,38.19015623179163,-122.01983020238436,0.12729664611816416
Rankin et al 2024,NA,Rush Ranch,68,2016,9,20,1.93,GEOID12b,wetland,Salicornia pacifica,NA,-32.09199905395508,-32.096580505371094,-32.09062957763672,1.93,CA_Delta_GCS_3m_NAVDm.tif,3,2.197204113006592,38.19011883963226,-122.00391359964938,0.26720411300659186
Rankin et al 2024,NA,Rush Ranch,69,2016,9,20,1.985,GEOID12b,wetland,Schoenoplectus americanus,NA,-32.08449935913086,-32.083709716796875,-32.078826904296875,1.985,CA_Delta_GCS_3m_NAVDm.tif,3,2.3100926876068115,38.19047054645398,-122.01981639763748,0.3250926876068114
Rankin et al 2024,NA,Rush Ranch,70,2016,9,20,1.874,GEOID12b,wetland,Schoenoplectus americanus,NA,-32.09199905395508,-32.096580505371094,-32.09062957763672,1.874,CA_Delta_GCS_3m_NAVDm.tif,3,2.1617238521575928,38.19034780435684,-122.00418966507316,0.28772385215759266
Rankin et al 2024,NA,Rush Ranch,71,2016,9,20,1.846,GEOID12b,wetland,Schoenoplectus americanus,NA,-32.09199905395508,-32.096580505371094,-32.09062957763672,1.846,CA_Delta_GCS_3m_NAVDm.tif,3,2.2828123569488525,38.1905805292484,-122.0044639224905,0.43681235694885245
Rankin et al 2024,NA,Rush Ranch,72,2016,9,20,2.011,GEOID12b,wetland,Juncus balticus,NA,-32.08449935913086,-32.083709716796875,-32.078826904296875,2.011,CA_Delta_GCS_3m_NAVDm.tif,3,2.2675750255584717,38.19078653872059,-122.01980275296252,0.25657502555847156
Rankin et al 2024,NA,Rush Ranch,73,2016,9,20,1.954,GEOID12b,wetland,Jaumea carnosa,NA,-32.08449935913086,-32.083709716796875,-32.078826904296875,1.954,CA_Delta_GCS_3m_NAVDm.tif,3,2.169135093688965,38.19109995932524,-122.01978657329704,0.21513509368896488
Rankin et al 2024,NA,Rush Ranch,74,2016,9,20,1.943,GEOID12b,wetland,Schoenoplectus americanus,NA,-32.09199905395508,-32.096580505371094,-32.09062957763672,1.943,CA_Delta_GCS_3m_NAVDm.tif,3,2.190593719482422,38.191033213168595,-122.00501213661695,0.24759371948242181
Rankin et al 2024,NA,Rush Ranch,75,2016,9,20,1.9,GEOID12b,wetland,Schoenoplectus americanus,NA,-32.09199905395508,-32.096580505371094,-32.09062957763672,1.9,CA_Delta_GCS_3m_NAVDm.tif,3,2.2624974250793457,38.19126529445012,-122.00528617956228,0.3624974250793458
Rankin et al 2024,NA,Rush Ranch,76,2016,9,20,1.961,GEOID12b,wetland,Distichlis spicata,NA,-32.08449935913086,-32.083709716796875,-32.078826904296875,1.961,CA_Delta_GCS_3m_NAVDm.tif,3,2.2048022747039795,38.19141575206407,-122.0197727825408,0.24380227470397942
Rankin et al 2024,NA,Rush Ranch,77,2016,9,20,1.887,GEOID12b,wetland,Schoenoplectus americanus,NA,-32.09199905395508,-32.096580505371094,-32.09062957763672,1.887,CA_Delta_GCS_3m_NAVDm.tif,3,2.1966323852539062,38.19149541568438,-122.00556084468982,0.30963238525390624
Rankin et al 2024,NA,Rush Ranch,78,2016,9,20,1.97,GEOID12b,wetland,Distichlis spicata,NA,-32.04520034790039,-32.04480743408203,-32.043453216552734,1.97,CA_Delta_GCS_3m_NAVDm.tif,3,2.2430920600891113,38.19171976727687,-122.0197580989354,0.27309206008911135
Rankin et al 2024,NA,Rush Ranch,79,2016,9,20,1.994,GEOID12b,wetland,Rosa californica,NA,-32.052799224853516,-32.05912780761719,-32.05683517456055,1.994,CA_Delta_GCS_3m_NAVDm.tif,3,2.59551739692688,38.191724633135976,-122.00583528401836,0.6015173969268799
Rankin et al 2024,NA,Rush Ranch,80,2016,9,20,1.939,GEOID12b,wetland,Typha sp,NA,-32.052799224853516,-32.05912780761719,-32.05683517456055,1.939,CA_Delta_GCS_3m_NAVDm.tif,3,2.1905782222747803,38.191953775766294,-122.0061084128559,0.2515782222747802
Rankin et al 2024,NA,Rush Ranch,81,2016,9,20,1.895,GEOID12b,wetland,Schoenoplectus americanus,NA,-32.052799224853516,-32.05912780761719,-32.05683517456055,1.895,CA_Delta_GCS_3m_NAVDm.tif,3,2.163245677947998,38.19218220849648,-122.00638186136274,0.26824567794799803
Rankin et al 2024,NA,Rush Ranch,82,2016,9,20,1.766,GEOID12b,wetland,Schoenoplectus americanus,NA,-32.052799224853516,-32.05912780761719,-32.05683517456055,1.766,CA_Delta_GCS_3m_NAVDm.tif,3,2.189405918121338,38.192408632105504,-122.0066575884743,0.4234059181213379
Rankin et al 2024,NA,Rush Ranch,83,2016,9,20,1.944,GEOID12b,wetland,Schoenoplectus americanus,NA,-32.052799224853516,-32.05912780761719,-32.05683517456055,1.944,CA_Delta_GCS_3m_NAVDm.tif,3,2.1666293144226074,38.19263821857077,-122.00693120741992,0.22262931442260747
Rankin et al 2024,NA,Rush Ranch,84,2016,9,20,1.924,GEOID12b,wetland,Schoenoplectus americanus,NA,-32.052799224853516,-32.05912780761719,-32.05683517456055,1.924,CA_Delta_GCS_3m_NAVDm.tif,3,2.256549835205078,38.19287202878995,-122.00720667777402,0.3325498352050782
Rankin et al 2024,NA,Rush Ranch,85,2016,9,22,1.525,GEOID12b,wetland,Schoenoplectus acutus,NA,-32.03089904785156,-32.0271110534668,-32.02723693847656,1.525,CA_Delta_GCS_3m_NAVDm.tif,3,2.2059645652770996,38.19358553735594,-122.03216235522083,0.6809645652770997
Rankin et al 2024,NA,Rush Ranch,86,2016,9,22,1.746,GEOID12b,wetland,Schoenoplectus americanus,NA,-32.03089904785156,-32.0271110534668,-32.02723693847656,1.746,CA_Delta_GCS_3m_NAVDm.tif,3,2.268204689025879,38.199299281684254,-122.03887215153976,0.5222046890258789
Rankin et al 2024,NA,Rush Ranch,87,2016,9,22,1.998,GEOID12b,wetland,Salicornia pacifica,NA,-32.03089904785156,-32.0271110534668,-32.02723693847656,1.998,CA_Delta_GCS_3m_NAVDm.tif,3,2.2871108055114746,38.199326170735766,-122.03847879688816,0.2891108055114746
Rankin et al 2024,NA,Rush Ranch,88,2016,9,22,1.977,GEOID12b,wetland,Salicornia pacifica,NA,-32.03089904785156,-32.0271110534668,-32.02723693847656,1.977,CA_Delta_GCS_3m_NAVDm.tif,3,2.2548201084136963,38.19934091256088,-122.03807696790936,0.2778201084136962
Rankin et al 2024,NA,Rush Ranch,89,2016,9,22,1.98,GEOID12b,wetland,Salicornia pacifica,NA,-32.03089904785156,-32.0271110534668,-32.02723693847656,1.98,CA_Delta_GCS_3m_NAVDm.tif,3,2.253600597381592,38.1993620890406,-122.03768408767368,0.2736005973815918
Rankin et al 2024,NA,Rush Ranch,90,2016,9,22,1.907,GEOID12b,wetland,Juncus balticus,NA,-32.03089904785156,-32.0271110534668,-32.02723693847656,1.907,CA_Delta_GCS_3m_NAVDm.tif,3,2.208341598510742,38.199377804006446,-122.03728146895207,0.30134159851074216
Rankin et al 2024,NA,Rush Ranch,91,2016,9,22,1.948,GEOID12b,wetland,Jaumea carnosa,NA,-32.03089904785156,-32.0271110534668,-32.02723693847656,1.948,CA_Delta_GCS_3m_NAVDm.tif,3,2.1015372276306152,38.19939116925328,-122.03688151915397,0.15353722763061528
Rankin et al 2024,NA,Rush Ranch,92,2016,9,22,1.908,GEOID12b,wetland,Schoenoplectus americanus,NA,-32.03089904785156,-32.0271110534668,-32.02723693847656,1.908,CA_Delta_GCS_3m_NAVDm.tif,3,2.1569559574127197,38.19940935723989,-122.03648517163346,0.2489559574127198
Rankin et al 2024,NA,Rush Ranch,93,2016,9,22,1.958,GEOID12b,wetland,Salicornia pacifica,NA,-32.03089904785156,-32.0271110534668,-32.02723693847656,1.958,CA_Delta_GCS_3m_NAVDm.tif,3,2.1758344173431396,38.19942480812336,-122.03608711268114,0.21783441734313969
Rankin et al 2024,NA,Rush Ranch,94,2016,9,22,1.971,GEOID12b,wetland,Jaumea carnosa,NA,-32.03089904785156,-32.0271110534668,-32.02723693847656,1.971,CA_Delta_GCS_3m_NAVDm.tif,3,2.192783832550049,38.199446238359776,-122.03568753572092,0.22178383255004874
Rankin et al 2024,NA,Rush Ranch,95,2016,9,22,1.984,GEOID12b,wetland,Distichlis spicata,NA,-32.03089904785156,-32.0271110534668,-32.02723693847656,1.984,CA_Delta_GCS_3m_NAVDm.tif,3,2.2606728076934814,38.19946085646349,-122.03528826541825,0.27667280769348146
Rankin et al 2024,NA,Rush Ranch,96,2016,9,22,2.022,GEOID12b,wetland,Schoenoplectus americanus,NA,-32.03089904785156,-32.0271110534668,-32.02723693847656,2.022,CA_Delta_GCS_3m_NAVDm.tif,3,2.283125162124634,38.199480983155,-122.03488941332758,0.261125162124634
Rankin et al 2024,NA,Rush Ranch,97,2016,9,22,2.014,GEOID12b,wetland,Juncus balticus,NA,-32.03089904785156,-32.0271110534668,-32.02723693847656,2.014,CA_Delta_GCS_3m_NAVDm.tif,3,2.260525941848755,38.19949641837622,-122.03448901269796,0.2465259418487551
Rankin et al 2024,NA,Rush Ranch,98,2016,9,22,2.002,GEOID12b,wetland,Salicornia pacifica,NA,-32.03089904785156,-32.0271110534668,-32.02723693847656,2.002,CA_Delta_GCS_3m_NAVDm.tif,3,2.2052550315856934,38.199514419537785,-122.03409175290582,0.20325503158569358
Rankin et al 2024,NA,Rush Ranch,99,2016,9,22,1.957,GEOID12b,wetland,Jaumea carnosa,NA,-32.03089904785156,-32.0271110534668,-32.02723693847656,1.957,CA_Delta_GCS_3m_NAVDm.tif,3,2.180243492126465,38.19953090589857,-122.03369237731827,0.22324349212646477
Rankin et al 2024,NA,Rush Ranch,100,2016,9,22,1.988,GEOID12b,wetland,Schoenoplectus americanus,NA,-32.03089904785156,-32.0271110534668,-32.02723693847656,1.988,CA_Delta_GCS_3m_NAVDm.tif,3,2.2315704822540283,38.19954844051951,-122.0332924166754,0.24357048225402833
Rankin et al 2024,NA,Rush Ranch,101,2016,9,22,1.997,GEOID12b,wetland,Symphyotrichum lentum,NA,-32.03089904785156,-32.0271110534668,-32.02723693847656,1.997,CA_Delta_GCS_3m_NAVDm.tif,3,2.1920711994171143,38.19957023356354,-122.03289099479686,0.19507119941711415
Rankin et al 2024,NA,Rush Ranch,102,2016,9,22,1.939,GEOID12b,wetland,Schoenoplectus americanus,NA,-32.03089904785156,-32.0271110534668,-32.02723693847656,1.939,CA_Delta_GCS_3m_NAVDm.tif,3,2.319293260574341,38.19958240005037,-122.03249503346446,0.38029326057434076
Rankin et al 2024,NA,Rush Ranch,103,2016,9,9,1.619,GEOID12b,wetland,Schoenoplectus americanus,NA,-32.03089904785156,-32.0271110534668,-32.02723693847656,1.619,CA_Delta_GCS_3m_NAVDm.tif,3,2.0890300273895264,38.193729364767776,-122.03179948977838,0.4700300273895264
Rankin et al 2024,NA,Rush Ranch,104,2016,9,9,1.916,GEOID12b,wetland,Schoenoplectus americanus,NA,-32.03089904785156,-32.0271110534668,-32.02723693847656,1.916,CA_Delta_GCS_3m_NAVDm.tif,3,2.2229135036468506,38.19387755848252,-122.03145476793594,0.30691350364685066
Rankin et al 2024,NA,Rush Ranch,105,2016,9,9,2.013,GEOID12b,wetland,Juncus balticus,NA,-32.03089904785156,-32.0271110534668,-32.02723693847656,2.013,CA_Delta_GCS_3m_NAVDm.tif,3,2.2723276615142822,38.19401983138322,-122.03109818963416,0.2593276615142823
Rankin et al 2024,NA,Rush Ranch,106,2016,9,9,2.001,GEOID12b,wetland,Juncus balticus,NA,-32.03089904785156,-32.0271110534668,-32.02723693847656,2.001,CA_Delta_GCS_3m_NAVDm.tif,3,2.23579740524292,38.1941724192455,-122.03074670342028,0.23479740524292003
Rankin et al 2024,NA,Rush Ranch,107,2016,9,9,1.995,GEOID12b,wetland,Distichlis spicata,NA,-32.03089904785156,-32.0271110534668,-32.02723693847656,1.995,CA_Delta_GCS_3m_NAVDm.tif,3,2.1887717247009277,38.194307566857645,-122.03039189548392,0.19377172470092763
Rankin et al 2024,NA,Rush Ranch,108,2016,9,9,1.994,GEOID12b,wetland,Salicornia pacifica,NA,-32.03089904785156,-32.0271110534668,-32.02723693847656,1.994,CA_Delta_GCS_3m_NAVDm.tif,3,2.1647839546203613,38.19445344692125,-122.03004034694101,0.17078395462036133
Rankin et al 2024,NA,Rush Ranch,109,2016,9,9,1.975,GEOID12b,wetland,Distichlis spicata,NA,-32.03089904785156,-32.0271110534668,-32.02723693847656,1.975,CA_Delta_GCS_3m_NAVDm.tif,3,2.2425312995910645,38.19460764225305,-122.02968310240809,0.26753129959106436
Rankin et al 2024,NA,Rush Ranch,110,2016,9,9,1.983,GEOID12b,wetland,Schoenoplectus americanus,NA,-32.03089904785156,-32.0271110534668,-32.02723693847656,1.983,CA_Delta_GCS_3m_NAVDm.tif,3,2.276153326034546,38.194754191747904,-122.02933102823678,0.2931533260345458
Rankin et al 2024,NA,Rush Ranch,111,2016,9,9,1.986,GEOID12b,wetland,Distichlis spicata,NA,-32.03089904785156,-32.0271110534668,-32.02723693847656,1.986,CA_Delta_GCS_3m_NAVDm.tif,3,2.183241367340088,38.19489879465161,-122.02897691152867,0.1972413673400879
Rankin et al 2024,NA,Rush Ranch,112,2016,9,9,2.008,GEOID12b,wetland,Salicornia pacifica,NA,-32.03089904785156,-32.0271110534668,-32.02723693847656,2.008,CA_Delta_GCS_3m_NAVDm.tif,3,2.2534306049346924,38.19502810002357,-122.0286540698928,0.24543060493469238
Rankin et al 2024,NA,Rush Ranch,113,2016,9,9,1.976,GEOID12b,wetland,Salicornia pacifica,NA,-32.03089904785156,-32.0271110534668,-32.02723693847656,1.976,CA_Delta_GCS_3m_NAVDm.tif,3,2.2535817623138428,38.19519640498157,-122.02826968136478,0.2775817623138428
Rankin et al 2024,NA,Rush Ranch,114,2016,9,9,1.964,GEOID12b,wetland,Salicornia pacifica,NA,-32.03089904785156,-32.0271110534668,-32.02723693847656,1.964,CA_Delta_GCS_3m_NAVDm.tif,3,2.2318944931030273,38.195337863796944,-122.02791392350616,0.2678944931030274
Rankin et al 2024,NA,Rush Ranch,115,2016,9,9,1.931,GEOID12b,wetland,Salicornia pacifica,NA,-32.03089904785156,-32.0271110534668,-32.02723693847656,1.931,CA_Delta_GCS_3m_NAVDm.tif,3,2.165015697479248,38.19547970164699,-122.02755618359708,0.234015697479248
Rankin et al 2024,NA,Rush Ranch,116,2016,9,9,1.947,GEOID12b,wetland,Atriplex prostrata,NA,-32.03089904785156,-32.0271110534668,-32.02723693847656,1.947,CA_Delta_GCS_3m_NAVDm.tif,3,2.1057188510894775,38.19562495882462,-122.0272011946806,0.15871885108947748
Rankin et al 2024,NA,Rush Ranch,117,2016,9,9,1.993,GEOID12b,wetland,Salicornia pacifica,NA,-32.03089904785156,-32.0271110534668,-32.02723693847656,1.993,CA_Delta_GCS_3m_NAVDm.tif,3,2.1792078018188477,38.195771422400405,-122.02684727319009,0.18620780181884755
Rankin et al 2024,NA,Rush Ranch,118,2016,9,9,1.958,GEOID12b,wetland,Schoenoplectus americanus,NA,-32.03089904785156,-32.0271110534668,-32.02723693847656,1.958,CA_Delta_GCS_3m_NAVDm.tif,3,2.1867988109588623,38.19592226405917,-122.0264954275183,0.22879881095886234
Rankin et al 2024,NA,Rush Ranch,119,2016,9,9,1.987,GEOID12b,wetland,Atriplex prostrata,NA,-32.03089904785156,-32.0271110534668,-32.02723693847656,1.987,CA_Delta_GCS_3m_NAVDm.tif,3,2.276721477508545,38.19606837095115,-122.02614439717674,0.2897214775085448
Rankin et al 2024,NA,Rush Ranch,120,2016,9,9,1.95,GEOID12b,wetland,Schoenoplectus americanus,NA,-32.03089904785156,-32.0271110534668,-32.02723693847656,1.95,CA_Delta_GCS_3m_NAVDm.tif,3,2.2657992839813232,38.19621562471102,-122.02579377269213,0.3157992839813233
Rankin et al 2024,NA,Rush Ranch,121,2016,9,9,1.946,GEOID12b,wetland,Juncus balticus,NA,-32.03089904785156,-32.0271110534668,-32.02723693847656,1.946,CA_Delta_GCS_3m_NAVDm.tif,3,2.1728837490081787,38.19636385369831,-122.0254359049416,0.22688374900817876
Rankin et al 2024,NA,Rush Ranch,122,2016,9,9,2.1,GEOID12b,wetland,Distichlis spicata,NA,-32.03089904785156,-32.0271110534668,-32.02723693847656,2.1,CA_Delta_GCS_3m_NAVDm.tif,3,2.2794029712677,38.19650460893931,-122.0250767764157,0.1794029712677001
Rankin et al 2024,NA,Rush Ranch,123,2016,9,9,1.773,GEOID12b,wetland,Schoenoplectus acutus,NA,-32.03089904785156,-32.0271110534668,-32.02723693847656,1.773,CA_Delta_GCS_3m_NAVDm.tif,3,2.0626533031463623,38.199627104406105,-122.03166579248638,0.2896533031463624
Rankin et al 2024,NA,Rush Ranch,124,2016,9,9,1.892,GEOID12b,wetland,Schoenoplectus americanus,NA,-32.03089904785156,-32.0271110534668,-32.02723693847656,1.892,CA_Delta_GCS_3m_NAVDm.tif,3,2.18998646736145,38.19965246600432,-122.0312650076801,0.2979864673614503
Rankin et al 2024,NA,Rush Ranch,125,2016,9,9,1.991,GEOID12b,wetland,Schoenoplectus americanus,NA,-32.03089904785156,-32.0271110534668,-32.02723693847656,1.991,CA_Delta_GCS_3m_NAVDm.tif,3,2.2172088623046875,38.19966811176561,-122.03086431714252,0.2262088623046874
Rankin et al 2024,NA,Rush Ranch,126,2016,9,9,1.981,GEOID12b,wetland,Salicornia pacifica,NA,-32.03089904785156,-32.0271110534668,-32.02723693847656,1.981,CA_Delta_GCS_3m_NAVDm.tif,3,2.270272731781006,38.19968424143669,-122.03046564145862,0.28927273178100577
Rankin et al 2024,NA,Rush Ranch,127,2016,9,9,1.992,GEOID12b,wetland,Salicornia pacifica,NA,-32.03089904785156,-32.0271110534668,-32.02723693847656,1.992,CA_Delta_GCS_3m_NAVDm.tif,3,2.2034318447113037,38.19970588093537,-122.0300697133776,0.21143184471130372
Rankin et al 2024,NA,Rush Ranch,128,2016,9,9,2.017,GEOID12b,wetland,Juncus balticus,NA,-32.03089904785156,-32.0271110534668,-32.02723693847656,2.017,CA_Delta_GCS_3m_NAVDm.tif,3,2.296643018722534,38.199729919628034,-122.02966872819847,0.2796430187225343
Rankin et al 2024,NA,Rush Ranch,129,2016,9,9,1.949,GEOID12b,wetland,Atriplex prostrata,NA,-32.03089904785156,-32.0271110534668,-32.02723693847656,1.949,CA_Delta_GCS_3m_NAVDm.tif,3,2.2337422370910645,38.199746911152424,-122.02926796196702,0.2847422370910644
Shahan_et_al_2024,NA,Eden Landing,1,2020,NA,NA,1.4566,GEOID18,wetland,Spartina foliosa,NA,-32.51919937133789,-32.52304458618164,-32.505149841308594,1.4527547851562517,CA_SFBay_GCS_3m_NAVDm.tif,6,1.6957716941833496,37.61577879,-122.113765,0.24301690902709794
Shahan_et_al_2024,NA,Eden Landing,2,2020,NA,NA,1.5417,GEOID18,wetland,Spartina foliosa,NA,-32.51919937133789,-32.52304458618164,-32.505149841308594,1.5378547851562487,CA_SFBay_GCS_3m_NAVDm.tif,6,1.6957716941833496,37.61577983,-122.1137606,0.15791690902710087
Shahan_et_al_2024,NA,Eden Landing,3,2020,NA,NA,1.7483,GEOID18,wetland,Salicornia pacifica,NA,-32.51919937133789,-32.52304458618164,-32.505149841308594,1.7444547851562504,CA_SFBay_GCS_3m_NAVDm.tif,6,1.7979495525360107,37.61561934,-122.1140762,0.05349476737976033
Shahan_et_al_2024,NA,Eden Landing,4,2020,NA,NA,1.714,GEOID18,wetland,Salicornia pacifica,NA,-32.51919937133789,-32.52304458618164,-32.505149841308594,1.7101547851562486,CA_SFBay_GCS_3m_NAVDm.tif,6,1.7979495525360107,37.61561995,-122.1140836,0.0877947673797621
Shahan_et_al_2024,NA,Eden Landing,5,2020,NA,NA,1.7205,GEOID18,wetland,Salicornia pacifica,NA,-32.51919937133789,-32.52304458618164,-32.505149841308594,1.7166547851562513,CA_SFBay_GCS_3m_NAVDm.tif,6,1.7343703508377075,37.61562432,-122.114084,0.01771556568145627
Shahan_et_al_2024,NA,Eden Landing,6,2020,NA,NA,1.6971,GEOID18,wetland,mudflat,NA,-32.51919937133789,-32.52304458618164,-32.505149841308594,1.693254785156249,CA_SFBay_GCS_3m_NAVDm.tif,6,1.6877045631408691,37.61563117,-122.1141009,-0.005550222015379802
Shahan_et_al_2024,NA,Eden Landing,7,2020,NA,NA,1.6828,GEOID18,wetland,mudflat,NA,-32.51919937133789,-32.52304458618164,-32.505149841308594,1.6789547851562503,CA_SFBay_GCS_3m_NAVDm.tif,6,1.6877045631408691,37.61563602,-122.1141009,0.008749777984618845
Shahan_et_al_2024,NA,Eden Landing,8,2020,NA,NA,1.6951,GEOID18,wetland,mudflat,NA,-32.51919937133789,-32.52304458618164,-32.505149841308594,1.69125478515625,CA_SFBay_GCS_3m_NAVDm.tif,6,1.7343703508377075,37.61563961,-122.1140947,0.04311556568145747
Shahan_et_al_2024,NA,Eden Landing,9,2020,NA,NA,1.7586,GEOID18,wetland,mudflat,NA,-32.51919937133789,-32.52304458618164,-32.505149841308594,1.7547547851562513,CA_SFBay_GCS_3m_NAVDm.tif,6,1.7343703508377075,37.61563822,-122.1140875,-0.020384434318543754
Shahan_et_al_2024,NA,Eden Landing,10,2020,NA,NA,1.743,GEOID18,wetland,Salicornia pacifica,NA,-32.51919937133789,-32.52304458618164,-32.505149841308594,1.7391547851562486,CA_SFBay_GCS_3m_NAVDm.tif,6,1.7343703508377075,37.61563063,-122.1140739,-0.004784434318541031
Shahan_et_al_2024,NA,Eden Landing,11,2020,NA,NA,1.7347,GEOID18,wetland,Salicornia pacifica,NA,-32.51919937133789,-32.52304458618164,-32.505149841308594,1.73085478515625,CA_SFBay_GCS_3m_NAVDm.tif,6,1.8082975149154663,37.61562311,-122.1140626,0.0774427297592164
Shahan_et_al_2024,NA,Eden Landing,12,2020,NA,NA,1.5261,GEOID18,wetland,Spartina foliosa,NA,-32.51919937133789,-32.52304458618164,-32.505149841308594,1.5222547851562496,CA_SFBay_GCS_3m_NAVDm.tif,6,1.8082975149154663,37.61561917,-122.1140496,0.28604272975921674
Shahan_et_al_2024,NA,Eden Landing,13,2020,NA,NA,1.5349,GEOID18,wetland,Spartina foliosa,NA,-32.51919937133789,-32.52304458618164,-32.505149841308594,1.5310547851562504,CA_SFBay_GCS_3m_NAVDm.tif,6,1.6957716941833496,37.61578229,-122.1137588,0.16471690902709923
Shahan_et_al_2024,NA,Eden Landing,14,2020,NA,NA,1.6498,GEOID18,wetland,mudflat,NA,-32.51919937133789,-32.52304458618164,-32.505149841308594,1.645954785156249,CA_SFBay_GCS_3m_NAVDm.tif,6,1.7217408418655396,37.61565144,-122.1139588,0.0757860567092905
Shahan_et_al_2024,NA,Eden Landing,15,2020,NA,NA,1.6336,GEOID18,wetland,mudflat,NA,-32.51919937133789,-32.52304458618164,-32.505149841308594,1.6297547851562513,CA_SFBay_GCS_3m_NAVDm.tif,6,1.7146494388580322,37.6156547,-122.1139684,0.08489465370178095
Shahan_et_al_2024,NA,Eden Landing,16,2020,NA,NA,1.6851,GEOID18,wetland,Salicornia pacifica,NA,-32.51919937133789,-32.52304458618164,-32.505149841308594,1.6812547851562485,CA_SFBay_GCS_3m_NAVDm.tif,6,1.7146494388580322,37.61565971,-122.1139745,0.03339465370178374
Shahan_et_al_2024,NA,Eden Landing,17,2020,NA,NA,1.6244,GEOID18,wetland,mudflat,NA,-32.51919937133789,-32.52304458618164,-32.505149841308594,1.6205547851562514,CA_SFBay_GCS_3m_NAVDm.tif,6,1.7146494388580322,37.61566078,-122.113984,0.09409465370178083
Shahan_et_al_2024,NA,Eden Landing,18,2020,NA,NA,1.6162,GEOID18,wetland,Spartina foliosa,NA,-32.51919937133789,-32.52304458618164,-32.505149841308594,1.6123547851562492,CA_SFBay_GCS_3m_NAVDm.tif,6,1.7146494388580322,37.61566679,-122.1139892,0.10229465370178303
Shahan_et_al_2024,NA,Eden Landing,19,2020,NA,NA,1.6199,GEOID18,wetland,Spartina foliosa,NA,-32.51919937133789,-32.52304458618164,-32.505149841308594,1.6160547851562512,CA_SFBay_GCS_3m_NAVDm.tif,6,1.7342091798782349,37.61566713,-122.113993,0.11815439472198364
Shahan_et_al_2024,NA,Eden Landing,20,2020,NA,NA,1.5981,GEOID18,wetland,Spartina foliosa,NA,-32.51919937133789,-32.52304458618164,-32.505149841308594,1.5942547851562487,CA_SFBay_GCS_3m_NAVDm.tif,6,1.7342091798782349,37.61567294,-122.1139951,0.13995439472198612
Shahan_et_al_2024,NA,Eden Landing,21,2020,NA,NA,1.618,GEOID18,wetland,mudflat,NA,-32.51919937133789,-32.52304458618164,-32.505149841308594,1.6141547851562486,CA_SFBay_GCS_3m_NAVDm.tif,6,1.7217408418655396,37.61566496,-122.113962,0.107586056709291
Shahan_et_al_2024,NA,Eden Landing,22,2020,NA,NA,1.7714,GEOID18,wetland,Salicornia pacifica,NA,-32.51919937133789,-32.52304458618164,-32.505149841308594,1.76755478515625,CA_SFBay_GCS_3m_NAVDm.tif,6,1.850341796875,37.61564563,-122.1139251,0.08278701171874991
Shahan_et_al_2024,NA,Eden Landing,23,2020,NA,NA,1.685,GEOID18,wetland,Salicornia pacifica,NA,-32.51919937133789,-32.52304458618164,-32.505149841308594,1.6811547851562487,CA_SFBay_GCS_3m_NAVDm.tif,6,1.6957716941833496,37.61578039,-122.113748,0.014616909027100888
Shahan_et_al_2024,NA,Eden Landing,24,2020,NA,NA,1.5686,GEOID18,wetland,Spartina foliosa,NA,-32.51919937133789,-32.52304458618164,-32.505149841308594,1.56475478515625,CA_SFBay_GCS_3m_NAVDm.tif,6,1.6957716941833496,37.61577613,-122.1137715,0.13101690902709962
Shahan_et_al_2024,NA,Eden Landing,RTCM-Ref 3215,2020,NA,NA,12.1699,GEOID18,upland,NA,NA,-32.50310134887695,-32.501827239990234,-32.48625564575195,12.171174108886715,CA_SFBay_GCS_3m_NAVDm.tif,6,2.5470807552337646,37.71417467,-122.22207,-9.62409335365295
