study_id,survey_id,site_id,point_id,year,month,day,elevation,geoid,position,cover_class,Genus_species,geoid12b,geoid18,geoid09,elevation_navd88_geoid12b,latitude,longitude
Holmquist et al 2021,July and August 2016 20m Grid Survey,GCW,1,2016,8,1,0.113,GEOID12B,wetland,Typha angustifolia,Typha angustifolia,-33.331199645996094,-33.371246337890625,-33.329566955566406,0.113,38.87517271273743,-76.55193453475067
Holmquist et al 2021,July and August 2016 20m Grid Survey,GCW,2,2016,8,1,0.16725,GEOID12B,wetland,Schoenoplectus americanus,Schoenoplectus americanus,-33.331199645996094,-33.371246337890625,-33.329566955566406,0.16725,38.87517671599004,-76.55170232062059
Holmquist et al 2021,July and August 2016 20m Grid Survey,GCW,3,2016,8,1,0.116,GEOID12B,wetland,Iva frutescens,Iva frutescens,-33.331199645996094,-33.371246337890625,-33.329566955566406,0.116,38.87517895243415,-76.5514731746469
Holmquist et al 2021,July and August 2016 20m Grid Survey,GCW,4,2016,8,1,0.211,GEOID12B,wetland,Typha angustifolia,Typha angustifolia,-33.35449981689453,-33.398616790771484,-33.3565673828125,0.211,38.874640949011855,-76.55122987007748
Holmquist et al 2021,July and August 2016 20m Grid Survey,GCW,5,2016,8,1,0.174,GEOID12B,wetland,Spartina cynosuroides,Spartina cynosuroides,-33.35449981689453,-33.398616790771484,-33.3565673828125,0.174,38.87482233736011,-76.55123528947446
Holmquist et al 2021,July and August 2016 20m Grid Survey,GCW,6,2016,8,1,0.171,GEOID12B,wetland,Iva frutescens,Iva frutescens,-33.331199645996094,-33.371246337890625,-33.329566955566406,0.171,38.875001383685806,-76.55123725744346
Holmquist et al 2021,July and August 2016 20m Grid Survey,GCW,7,2016,8,1,0.147,GEOID12B,wetland,Iva frutescens,Iva frutescens,-33.331199645996094,-33.371246337890625,-33.329566955566406,0.147,38.875181536846604,-76.55124205064031
Holmquist et al 2021,July and August 2016 20m Grid Survey,GCW,8,2016,8,1,0.184,GEOID12B,wetland,Schoenoplectus americanus,Schoenoplectus americanus,-33.35449981689453,-33.398616790771484,-33.3565673828125,0.184,38.87464484714449,-76.55100020573524
Holmquist et al 2021,July and August 2016 20m Grid Survey,GCW,9,2016,8,1,0.13,GEOID12B,wetland,Phragmites australis,Phragmites australis,-33.35449981689453,-33.398616790771484,-33.3565673828125,0.13,38.87482439589156,-76.55100437419455
Holmquist et al 2021,July and August 2016 20m Grid Survey,GCW,10,2016,8,1,-0.012,GEOID12B,wetland,NA,NA,-33.331199645996094,-33.371246337890625,-33.329566955566406,-0.012,38.87500513831313,-76.55100822282213
Holmquist et al 2021,July and August 2016 20m Grid Survey,GCW,11,2016,8,1,0.216,GEOID12B,wetland,Spartina alterniflora,Spartina alterniflora,-33.331199645996094,-33.371246337890625,-33.329566955566406,0.216,38.875184372855486,-76.55101162371996
Holmquist et al 2021,July and August 2016 20m Grid Survey,GCW,12,2016,8,1,0.191,GEOID12B,wetland,Iva frutescens,Iva frutescens,-33.35449981689453,-33.398616790771484,-33.3565673828125,0.191,38.87464659235982,-76.55076909977176
Holmquist et al 2021,July and August 2016 20m Grid Survey,GCW,13,2016,8,1,0.15,GEOID12B,wetland,Iva frutescens,Iva frutescens,-33.35449981689453,-33.398616790771484,-33.3565673828125,0.15,38.874828025141554,-76.55077117605987
Holmquist et al 2021,July and August 2016 20m Grid Survey,GCW,14,2016,8,1,0.042,GEOID12B,wetland,Spartina cynosuroides,Spartina cynosuroides,-33.331199645996094,-33.371246337890625,-33.329566955566406,0.042,38.87500802345962,-76.5507781318162
Holmquist et al 2021,July and August 2016 20m Grid Survey,GCW,15,2016,8,1,0.069,GEOID12B,wetland,Iva frutescens,Iva frutescens,-33.331199645996094,-33.371246337890625,-33.329566955566406,0.069,38.87518800800051,-76.55078137552907
Holmquist et al 2021,July and August 2016 20m Grid Survey,GCW,16,2016,8,1,0.109,GEOID12B,wetland,Spartina cynosuroides,Spartina cynosuroides,-33.331199645996094,-33.371246337890625,-33.329566955566406,0.109,38.87536825318714,-76.55076092472582
Holmquist et al 2021,July and August 2016 20m Grid Survey,GCW,17,2016,8,1,0.162,GEOID12B,wetland,Schoenoplectus americanus,Schoenoplectus americanus,-33.35449981689453,-33.398616790771484,-33.3565673828125,0.162,38.874651442186085,-76.55053894886076
Holmquist et al 2021,July and August 2016 20m Grid Survey,GCW,18,2016,8,1,-0.04,GEOID12B,wetland,Iva frutescens,Iva frutescens,-33.35449981689453,-33.398616790771484,-33.3565673828125,-0.04,38.87483056209748,-76.55054284171277
Holmquist et al 2021,July and August 2016 20m Grid Survey,GCW,19,2016,8,1,0.151,GEOID12B,wetland,Iva frutescens,Iva frutescens,-33.331199645996094,-33.371246337890625,-33.329566955566406,0.151,38.87501147337667,-76.55054822597
Holmquist et al 2021,July and August 2016 20m Grid Survey,GCW,20,2016,8,1,0.167,GEOID12B,wetland,Phragmites australis,Phragmites australis,-33.331199645996094,-33.371246337890625,-33.329566955566406,0.167,38.87519079959003,-76.55055083232021
Holmquist et al 2021,July and August 2016 20m Grid Survey,GCW,21,2016,8,1,0.15,GEOID12B,wetland,Iva frutescens,Iva frutescens,-33.331199645996094,-33.371246337890625,-33.329566955566406,0.15,38.87537170681016,-76.55055380735311
Holmquist et al 2021,July and August 2016 20m Grid Survey,GCW,22,2016,8,1,-0.035,GEOID12B,wetland,Spartina cynosuroides,Spartina cynosuroides,-33.331199645996094,-33.371246337890625,-33.329566955566406,-0.035,38.875550871323775,-76.55053194916549
Holmquist et al 2021,July and August 2016 20m Grid Survey,GCW,23,2016,8,1,0.19725,GEOID12B,wetland,Schoenoplectus americanus,Schoenoplectus americanus,-33.35449981689453,-33.398616790771484,-33.3565673828125,0.19725,38.874469688122595,-76.55029998519838
Holmquist et al 2021,July and August 2016 20m Grid Survey,GCW,24,2016,8,1,0.19,GEOID12B,wetland,Iva frutescens,Iva frutescens,-33.35449981689453,-33.398616790771484,-33.3565673828125,0.19,38.874650499767185,-76.55030032057321
Holmquist et al 2021,July and August 2016 20m Grid Survey,GCW,25,2016,8,1,0.20425,GEOID12B,wetland,Iva frutescens,Iva frutescens,-33.35449981689453,-33.398616790771484,-33.3565673828125,0.20425,38.874841319246954,-76.55031446983388
Holmquist et al 2021,July and August 2016 20m Grid Survey,GCW,26,2016,8,1,0.262,GEOID12B,wetland,Iva frutescens,Iva frutescens,-33.331199645996094,-33.371246337890625,-33.329566955566406,0.262,38.875011709533396,-76.55032212342766
Holmquist et al 2021,July and August 2016 20m Grid Survey,GCW,27,2016,8,1,0.29325,GEOID12B,wetland,Iva frutescens,Iva frutescens,-33.331199645996094,-33.371246337890625,-33.329566955566406,0.29325,38.87520350971259,-76.55032586482396
Holmquist et al 2021,July and August 2016 20m Grid Survey,GCW,28,2016,8,1,0.336,GEOID12B,wetland,C4,NA,-33.331199645996094,-33.371246337890625,-33.329566955566406,0.336,38.87537755942962,-76.55032071622941
Holmquist et al 2021,July and August 2016 20m Grid Survey,GCW,29,2016,8,1,0.31725000000000003,GEOID12B,wetland,C4,NA,-33.331199645996094,-33.371246337890625,-33.329566955566406,0.31725000000000003,38.87555899363376,-76.55032794422718
Holmquist et al 2021,July and August 2016 20m Grid Survey,GCW,30,2016,8,1,0.25,GEOID12B,wetland,Typha angustifolia,Typha angustifolia,-33.35449981689453,-33.398616790771484,-33.3565673828125,0.25,38.87410968744498,-76.5500771670474
Holmquist et al 2021,July and August 2016 20m Grid Survey,GCW,31,2016,8,1,0.209,GEOID12B,wetland,Schoenoplectus americanus,Schoenoplectus americanus,-33.35449981689453,-33.398616790771484,-33.3565673828125,0.209,38.87429205043365,-76.5500621208243
Holmquist et al 2021,July and August 2016 20m Grid Survey,GCW,32,2016,8,1,0.278,GEOID12B,wetland,C4,NA,-33.35449981689453,-33.398616790771484,-33.3565673828125,0.278,38.87447984796304,-76.5500707542048
Holmquist et al 2021,July and August 2016 20m Grid Survey,GCW,33,2016,8,1,0.234,GEOID12B,wetland,Schoenoplectus americanus,Schoenoplectus americanus,-33.35449981689453,-33.398616790771484,-33.3565673828125,0.234,38.87465831867092,-76.55007060874952
Holmquist et al 2021,July and August 2016 20m Grid Survey,GCW,34,2016,8,1,0.2692,GEOID12B,wetland,C4,NA,-33.35449981689453,-33.398616790771484,-33.3565673828125,0.2692,38.874837576975395,-76.55007588900911
Holmquist et al 2021,July and August 2016 20m Grid Survey,GCW,35,2016,8,1,0.264,GEOID12B,wetland,Iva frutescens,Iva frutescens,-33.331199645996094,-33.371246337890625,-33.329566955566406,0.264,38.875197511931894,-76.55009282510416
Holmquist et al 2021,July and August 2016 20m Grid Survey,GCW,36,2016,8,1,0.31,GEOID12B,wetland,C4,NA,-33.331199645996094,-33.371246337890625,-33.329566955566406,0.31,38.87537885117991,-76.55009380260496
Holmquist et al 2021,July and August 2016 20m Grid Survey,GCW,37,2016,8,1,0.31,GEOID12B,wetland,C4,NA,-33.331199645996094,-33.371246337890625,-33.329566955566406,0.31,38.87556049672494,-76.55009953605914
Holmquist et al 2021,July and August 2016 20m Grid Survey,GCW,38,2016,8,1,0.169,GEOID12B,wetland,Phragmites australis,Phragmites australis,-33.331199645996094,-33.371246337890625,-33.329566955566406,0.169,38.87572928204496,-76.5500979353637
Holmquist et al 2021,July and August 2016 20m Grid Survey,GCW,39,2016,8,1,0.231,GEOID12B,wetland,Schoenoplectus americanus,Schoenoplectus americanus,-33.35449981689453,-33.398616790771484,-33.3565673828125,0.231,38.87339916292583,-76.54982068871138
Holmquist et al 2021,July and August 2016 20m Grid Survey,GCW,40,2016,8,1,0.203,GEOID12B,wetland,Schoenoplectus americanus,Schoenoplectus americanus,-33.35449981689453,-33.398616790771484,-33.3565673828125,0.203,38.873579752641085,-76.54982518786473
Holmquist et al 2021,July and August 2016 20m Grid Survey,GCW,41,2016,8,1,0.252,GEOID12B,wetland,C4,NA,-33.35449981689453,-33.398616790771484,-33.3565673828125,0.252,38.874119415350485,-76.5498385245249
Holmquist et al 2021,July and August 2016 20m Grid Survey,GCW,42,2016,8,1,0.239,GEOID12B,wetland,C4,NA,-33.35449981689453,-33.398616790771484,-33.3565673828125,0.239,38.87465875508642,-76.54984564133318
Holmquist et al 2021,July and August 2016 20m Grid Survey,GCW,43,2016,8,1,0.261,GEOID12B,wetland,C4,NA,-33.35449981689453,-33.398616790771484,-33.3565673828125,0.261,38.874840419409445,-76.5498533571315
Holmquist et al 2021,July and August 2016 20m Grid Survey,GCW,44,2016,8,1,0.299,GEOID12B,wetland,C4,NA,-33.331199645996094,-33.371246337890625,-33.329566955566406,0.299,38.87501680431977,-76.54984131580089
Holmquist et al 2021,July and August 2016 20m Grid Survey,GCW,45,2016,8,1,0.222,GEOID12B,wetland,Phragmites australis,Phragmites australis,-33.331199645996094,-33.371246337890625,-33.329566955566406,0.222,38.87519868545711,-76.54985441962384
Holmquist et al 2021,July and August 2016 20m Grid Survey,GCW,46,2016,8,1,0.244,GEOID12B,wetland,Iva frutescens,Iva frutescens,-33.331199645996094,-33.371246337890625,-33.329566955566406,0.244,38.87537800565829,-76.54987309323865
Holmquist et al 2021,July and August 2016 20m Grid Survey,GCW,47,2016,8,1,0.226,GEOID12B,wetland,Phragmites australis,Phragmites australis,-33.331199645996094,-33.371246337890625,-33.329566955566406,0.226,38.87556198594652,-76.54987061172493
Holmquist et al 2021,July and August 2016 20m Grid Survey,GCW,48,2016,8,1,0.26,GEOID12B,wetland,Phragmites australis,Phragmites australis,-33.331199645996094,-33.371246337890625,-33.329566955566406,0.26,38.87574345277934,-76.54986197761457
Holmquist et al 2021,July and August 2016 20m Grid Survey,GCW,49,2016,8,1,0.21,GEOID12B,wetland,Typha angustifolia,Typha angustifolia,-33.35449981689453,-33.398616790771484,-33.3565673828125,0.21,38.87303329638033,-76.54954363287929
Holmquist et al 2021,July and August 2016 20m Grid Survey,GCW,50,2016,8,1,0.206,GEOID12B,wetland,Schoenoplectus americanus,Schoenoplectus americanus,-33.35449981689453,-33.398616790771484,-33.3565673828125,0.206,38.87322090664227,-76.54959489891925
Holmquist et al 2021,July and August 2016 20m Grid Survey,GCW,51,2016,8,1,0.146,GEOID12B,wetland,Schoenoplectus americanus,Schoenoplectus americanus,-33.35449981689453,-33.398616790771484,-33.3565673828125,0.146,38.87340005397808,-76.54959333751358
Holmquist et al 2021,July and August 2016 20m Grid Survey,GCW,52,2016,8,1,0.185,GEOID12B,wetland,Schoenoplectus americanus,Schoenoplectus americanus,-33.35449981689453,-33.398616790771484,-33.3565673828125,0.185,38.87358376131815,-76.54959173682938
Holmquist et al 2021,July and August 2016 20m Grid Survey,GCW,53,2016,8,1,0.184,GEOID12B,wetland,Schoenoplectus americanus,Schoenoplectus americanus,-33.35449981689453,-33.398616790771484,-33.3565673828125,0.184,38.8739751415015,-76.54959285994592
Holmquist et al 2021,July and August 2016 20m Grid Survey,GCW,54,2016,8,1,0.222,GEOID12B,wetland,C4,NA,-33.35449981689453,-33.398616790771484,-33.3565673828125,0.222,38.874121800373246,-76.54960248896138
Holmquist et al 2021,July and August 2016 20m Grid Survey,GCW,55,2016,8,1,0.197,GEOID12B,wetland,C4,NA,-33.35449981689453,-33.398616790771484,-33.3565673828125,0.197,38.87430370244337,-76.54961130428106
Holmquist et al 2021,July and August 2016 20m Grid Survey,GCW,56,2016,8,1,0.202,GEOID12B,wetland,Schoenoplectus americanus,Schoenoplectus americanus,-33.35449981689453,-33.398616790771484,-33.3565673828125,0.202,38.874483292939566,-76.54961165459812
Holmquist et al 2021,July and August 2016 20m Grid Survey,GCW,57,2016,8,1,0.291,GEOID12B,wetland,C4,NA,-33.35449981689453,-33.398616790771484,-33.3565673828125,0.291,38.87466337459745,-76.54961912790037
Holmquist et al 2021,July and August 2016 20m Grid Survey,GCW,58,2016,8,1,0.247,GEOID12B,wetland,C4,NA,-33.35449981689453,-33.398616790771484,-33.3565673828125,0.247,38.874845157435686,-76.54961995239655
Holmquist et al 2021,July and August 2016 20m Grid Survey,GCW,59,2016,8,1,0.268,GEOID12B,wetland,Iva frutescens,Iva frutescens,-33.331199645996094,-33.371246337890625,-33.329566955566406,0.268,38.875027229966896,-76.54962474859175
Holmquist et al 2021,July and August 2016 20m Grid Survey,GCW,60,2016,8,1,0.193,GEOID12B,wetland,Phragmites australis,Phragmites australis,-33.331199645996094,-33.371246337890625,-33.329566955566406,0.193,38.8752038610998,-76.54962742088264
Holmquist et al 2021,July and August 2016 20m Grid Survey,GCW,61,2016,8,1,0.271,GEOID12B,wetland,Phragmites australis,Phragmites australis,-33.331199645996094,-33.371246337890625,-33.329566955566406,0.271,38.875385101632446,-76.54963312126777
Holmquist et al 2021,July and August 2016 20m Grid Survey,GCW,62,2016,8,1,0.191,GEOID12B,wetland,Phragmites australis,Phragmites australis,-33.331199645996094,-33.371246337890625,-33.329566955566406,0.191,38.8755638407565,-76.5496392284588
Holmquist et al 2021,July and August 2016 20m Grid Survey,GCW,63,2016,8,1,0.297,GEOID12B,wetland,Phragmites australis,Phragmites australis,-33.331199645996094,-33.371246337890625,-33.329566955566406,0.297,38.875742545604204,-76.5496418075657
Holmquist et al 2021,July and August 2016 20m Grid Survey,GCW,64,2016,8,1,0.319,GEOID12B,wetland,Iva frutescens,Iva frutescens,-33.331199645996094,-33.371246337890625,-33.329566955566406,0.319,38.87592233221662,-76.54964367244264
Holmquist et al 2021,July and August 2016 20m Grid Survey,GCW,65,2016,8,1,0.33,GEOID12B,wetland,Phragmites australis,Phragmites australis,-33.331199645996094,-33.371246337890625,-33.329566955566406,0.33,38.876105169052096,-76.54964790909273
Holmquist et al 2021,July and August 2016 20m Grid Survey,GCW,66,2016,8,1,0.13,GEOID12B,wetland,Phragmites australis,Phragmites australis,-33.331199645996094,-33.371246337890625,-33.329566955566406,0.13,38.87628451469179,-76.5496504099861
Holmquist et al 2021,July and August 2016 20m Grid Survey,GCW,67,2016,8,1,-0.119,GEOID12B,wetland,Phragmites australis,Phragmites australis,-33.331199645996094,-33.371246337890625,-33.329566955566406,-0.119,38.87646720014198,-76.54962531740652
Holmquist et al 2021,July and August 2016 20m Grid Survey,GCW,68,2016,8,1,0.121,GEOID12B,wetland,Schoenoplectus americanus,Schoenoplectus americanus,-33.35449981689453,-33.398616790771484,-33.3565673828125,0.121,38.87304064696188,-76.54935639862505
Holmquist et al 2021,July and August 2016 20m Grid Survey,GCW,69,2016,8,1,0.117,GEOID12B,wetland,Schoenoplectus americanus,Schoenoplectus americanus,-33.35449981689453,-33.398616790771484,-33.3565673828125,0.117,38.87322483725039,-76.54935507291546
Holmquist et al 2021,July and August 2016 20m Grid Survey,GCW,70,2016,8,1,0.216,GEOID12B,wetland,Schoenoplectus americanus,Schoenoplectus americanus,-33.35449981689453,-33.398616790771484,-33.3565673828125,0.216,38.87340422430039,-76.54936125074695
Holmquist et al 2021,July and August 2016 20m Grid Survey,GCW,71,2016,8,1,0.144,GEOID12B,wetland,Schoenoplectus americanus,Schoenoplectus americanus,-33.35449981689453,-33.398616790771484,-33.3565673828125,0.144,38.87358580343536,-76.54936588549424
Holmquist et al 2021,July and August 2016 20m Grid Survey,GCW,72,2016,8,1,0.208,GEOID12B,wetland,Schoenoplectus americanus,Schoenoplectus americanus,-33.35449981689453,-33.398616790771484,-33.3565673828125,0.208,38.8737675629103,-76.549369152474
Holmquist et al 2021,July and August 2016 20m Grid Survey,GCW,73,2016,8,1,0.195,GEOID12B,wetland,Schoenoplectus americanus,Schoenoplectus americanus,-33.35449981689453,-33.398616790771484,-33.3565673828125,0.195,38.87395059561511,-76.54937153649384
Holmquist et al 2021,July and August 2016 20m Grid Survey,GCW,74,2016,8,1,0.212,GEOID12B,wetland,Schoenoplectus americanus,Schoenoplectus americanus,-33.35449981689453,-33.398616790771484,-33.3565673828125,0.212,38.874304892702526,-76.54937699427848
Holmquist et al 2021,July and August 2016 20m Grid Survey,GCW,75,2016,8,1,0.15,GEOID12B,wetland,Schoenoplectus americanus,Schoenoplectus americanus,-33.35449981689453,-33.398616790771484,-33.3565673828125,0.15,38.874489419105814,-76.54937817741074
Holmquist et al 2021,July and August 2016 20m Grid Survey,GCW,76,2016,8,1,0.261,GEOID12B,wetland,C4,NA,-33.35449981689453,-33.398616790771484,-33.3565673828125,0.261,38.874668464937415,-76.54938833652862
Holmquist et al 2021,July and August 2016 20m Grid Survey,GCW,77,2016,8,1,0.257,GEOID12B,wetland,C4,NA,-33.35449981689453,-33.398616790771484,-33.3565673828125,0.257,38.8748471147107,-76.5493909943933
Holmquist et al 2021,July and August 2016 20m Grid Survey,GCW,78,2016,8,1,0.286,GEOID12B,wetland,Iva frutescens,Iva frutescens,-33.331199645996094,-33.371246337890625,-33.329566955566406,0.286,38.87502722742684,-76.54939612784267
Holmquist et al 2021,July and August 2016 20m Grid Survey,GCW,79,2016,8,1,0.255,GEOID12B,wetland,Schoenoplectus americanus,Schoenoplectus americanus,-33.331199645996094,-33.371246337890625,-33.329566955566406,0.255,38.87520649250221,-76.54939859164176
Holmquist et al 2021,July and August 2016 20m Grid Survey,GCW,80,2016,8,1,0.326,GEOID12B,wetland,C4,NA,-33.331199645996094,-33.371246337890625,-33.329566955566406,0.326,38.875387439223125,-76.54940063089617
Holmquist et al 2021,July and August 2016 20m Grid Survey,GCW,81,2016,8,1,0.232,GEOID12B,wetland,Phragmites australis,Phragmites australis,-33.331199645996094,-33.371246337890625,-33.329566955566406,0.232,38.87556787360388,-76.54940664752128
Holmquist et al 2021,July and August 2016 20m Grid Survey,GCW,82,2016,8,1,0.31,GEOID12B,wetland,C4,NA,-33.331199645996094,-33.371246337890625,-33.329566955566406,0.31,38.87574839839609,-76.5494112828673
Holmquist et al 2021,July and August 2016 20m Grid Survey,GCW,83,2016,8,1,0.289,GEOID12B,wetland,Schoenoplectus americanus,Schoenoplectus americanus,-33.331199645996094,-33.371246337890625,-33.329566955566406,0.289,38.8759288079693,-76.54941305694638
Holmquist et al 2021,July and August 2016 20m Grid Survey,GCW,84,2016,8,1,0.298,GEOID12B,wetland,Schoenoplectus americanus,Schoenoplectus americanus,-33.331199645996094,-33.371246337890625,-33.329566955566406,0.298,38.87610831570581,-76.54941896134979
Holmquist et al 2021,July and August 2016 20m Grid Survey,GCW,85,2016,8,1,0.363,GEOID12B,wetland,C4,NA,-33.331199645996094,-33.371246337890625,-33.329566955566406,0.363,38.87628888526004,-76.54942158046947
Holmquist et al 2021,July and August 2016 20m Grid Survey,GCW,86,2016,8,1,0.336,GEOID12B,wetland,C4,NA,-33.331199645996094,-33.371246337890625,-33.329566955566406,0.336,38.87646894350952,-76.54942266688015
Holmquist et al 2021,July and August 2016 20m Grid Survey,GCW,87,2016,8,1,0.293,GEOID12B,wetland,Phragmites australis,Phragmites australis,-33.331199645996094,-33.371246337890625,-33.329566955566406,0.293,38.87664765082569,-76.54943049064234
Holmquist et al 2021,July and August 2016 20m Grid Survey,GCW,88,2016,8,1,0.186,GEOID12B,wetland,Schoenoplectus americanus,Schoenoplectus americanus,-33.35449981689453,-33.398616790771484,-33.3565673828125,0.186,38.873046242730254,-76.54912210772574
Holmquist et al 2021,July and August 2016 20m Grid Survey,GCW,89,2016,8,1,0.207,GEOID12B,wetland,Schoenoplectus americanus,Schoenoplectus americanus,-33.35449981689453,-33.398616790771484,-33.3565673828125,0.207,38.87322745319679,-76.54912532751185
Holmquist et al 2021,July and August 2016 20m Grid Survey,GCW,90,2016,8,1,0.229,GEOID12B,wetland,Schoenoplectus americanus,Schoenoplectus americanus,-33.35449981689453,-33.398616790771484,-33.3565673828125,0.229,38.873406454011416,-76.54913005550156
Holmquist et al 2021,July and August 2016 20m Grid Survey,GCW,91,2016,8,1,0.119,GEOID12B,wetland,Schoenoplectus americanus,Schoenoplectus americanus,-33.35449981689453,-33.398616790771484,-33.3565673828125,0.119,38.873591060232116,-76.54912726280014
Holmquist et al 2021,July and August 2016 20m Grid Survey,GCW,92,2016,8,1,0.188,GEOID12B,wetland,Schoenoplectus americanus,Schoenoplectus americanus,-33.35449981689453,-33.398616790771484,-33.3565673828125,0.188,38.873766916264024,-76.54913878118305
Holmquist et al 2021,July and August 2016 20m Grid Survey,GCW,93,2016,8,1,0.169,GEOID12B,wetland,Schoenoplectus americanus,Schoenoplectus americanus,-33.35449981689453,-33.398616790771484,-33.3565673828125,0.169,38.873941702817945,-76.54913854181521
Holmquist et al 2021,July and August 2016 20m Grid Survey,GCW,94,2016,8,1,0.229,GEOID12B,wetland,C4,NA,-33.35449981689453,-33.398616790771484,-33.3565673828125,0.229,38.87430964201038,-76.54914877872488
Holmquist et al 2021,July and August 2016 20m Grid Survey,GCW,95,2016,8,1,0.26,GEOID12B,wetland,C4,NA,-33.35449981689453,-33.398616790771484,-33.3565673828125,0.26,38.874489710834474,-76.5491517895199
Holmquist et al 2021,July and August 2016 20m Grid Survey,GCW,96,2016,8,1,0.204,GEOID12B,wetland,C4,NA,-33.35449981689453,-33.398616790771484,-33.3565673828125,0.204,38.87466956936597,-76.54915706664357
Holmquist et al 2021,July and August 2016 20m Grid Survey,GCW,97,2016,8,1,0.237,GEOID12B,wetland,Schoenoplectus americanus,Schoenoplectus americanus,-33.35449981689453,-33.398616790771484,-33.3565673828125,0.237,38.87484969859754,-76.54916231510538
Holmquist et al 2021,July and August 2016 20m Grid Survey,GCW,98,2016,8,1,0.282,GEOID12B,wetland,C4,NA,-33.331199645996094,-33.371246337890625,-33.329566955566406,0.282,38.87502986241888,-76.54916291886295
Holmquist et al 2021,July and August 2016 20m Grid Survey,GCW,99,2016,8,1,0.301,GEOID12B,wetland,Schoenoplectus americanus,Schoenoplectus americanus,-33.331199645996094,-33.371246337890625,-33.329566955566406,0.301,38.87521162335481,-76.54916811060963
Holmquist et al 2021,July and August 2016 20m Grid Survey,GCW,100,2016,8,1,0.289,GEOID12B,wetland,C4,NA,-33.331199645996094,-33.371246337890625,-33.329566955566406,0.289,38.87538963184708,-76.54917156097791
Holmquist et al 2021,July and August 2016 20m Grid Survey,GCW,101,2016,8,1,0.3274,GEOID12B,wetland,Schoenoplectus americanus,Schoenoplectus americanus,-33.331199645996094,-33.371246337890625,-33.329566955566406,0.3274,38.875571371161676,-76.54917620824214
Holmquist et al 2021,July and August 2016 20m Grid Survey,GCW,102,2016,8,1,0.321,GEOID12B,wetland,C4,NA,-33.331199645996094,-33.371246337890625,-33.329566955566406,0.321,38.87575086683008,-76.54918112267598
Holmquist et al 2021,July and August 2016 20m Grid Survey,GCW,103,2016,8,1,0.3,GEOID12B,wetland,Iva frutescens,Iva frutescens,-33.331199645996094,-33.371246337890625,-33.329566955566406,0.3,38.87592998961547,-76.5491827644833
Holmquist et al 2021,July and August 2016 20m Grid Survey,GCW,104,2016,8,1,0.265,GEOID12B,wetland,Iva frutescens,Iva frutescens,-33.331199645996094,-33.371246337890625,-33.329566955566406,0.265,38.87611161157459,-76.54918824159225
Holmquist et al 2021,July and August 2016 20m Grid Survey,GCW,105,2016,8,1,0.301,GEOID12B,wetland,Schoenoplectus americanus,Schoenoplectus americanus,-33.331199645996094,-33.371246337890625,-33.329566955566406,0.301,38.87629141359641,-76.54919166191267
Holmquist et al 2021,July and August 2016 20m Grid Survey,GCW,106,2016,8,1,0.338,GEOID12B,wetland,C4,NA,-33.331199645996094,-33.371246337890625,-33.329566955566406,0.338,38.87647217140405,-76.54919503385605
Holmquist et al 2021,July and August 2016 20m Grid Survey,GCW,107,2016,8,1,0.31,GEOID12B,wetland,C4,NA,-33.331199645996094,-33.371246337890625,-33.329566955566406,0.31,38.87665094359615,-76.54919729065044
Holmquist et al 2021,July and August 2016 20m Grid Survey,GCW,108,2016,8,1,0.23,GEOID12B,wetland,Schoenoplectus americanus,Schoenoplectus americanus,-33.35449981689453,-33.398616790771484,-33.3565673828125,0.23,38.87279811645758,-76.54889144969162
Holmquist et al 2021,July and August 2016 20m Grid Survey,GCW,109,2016,8,1,-0.191,GEOID12B,wetland,Schoenoplectus americanus,Schoenoplectus americanus,-33.35449981689453,-33.398616790771484,-33.3565673828125,-0.191,38.87286949689827,-76.54888627905635
Holmquist et al 2021,July and August 2016 20m Grid Survey,GCW,110,2016,8,1,0.277,GEOID12B,wetland,Schoenoplectus americanus,Schoenoplectus americanus,-33.35449981689453,-33.398616790771484,-33.3565673828125,0.277,38.87304953323644,-76.54889106345284
Holmquist et al 2021,July and August 2016 20m Grid Survey,GCW,111,2016,8,1,0.203,GEOID12B,wetland,Schoenoplectus americanus,Schoenoplectus americanus,-33.35449981689453,-33.398616790771484,-33.3565673828125,0.203,38.87323007634621,-76.54889432579962
Holmquist et al 2021,July and August 2016 20m Grid Survey,GCW,112,2016,8,1,0.036,GEOID12B,wetland,Schoenoplectus americanus,Schoenoplectus americanus,-33.35449981689453,-33.398616790771484,-33.3565673828125,0.036,38.8734102824646,-76.5488985376058
Holmquist et al 2021,July and August 2016 20m Grid Survey,GCW,113,2016,8,1,0.268,GEOID12B,wetland,Schoenoplectus americanus,Schoenoplectus americanus,-33.35449981689453,-33.398616790771484,-33.3565673828125,0.268,38.87358953020884,-76.54890163357265
Holmquist et al 2021,July and August 2016 20m Grid Survey,GCW,114,2016,8,1,0.08,GEOID12B,wetland,Schoenoplectus americanus,Schoenoplectus americanus,-33.35449981689453,-33.398616790771484,-33.3565673828125,0.08,38.873761975981495,-76.54889376949828
Holmquist et al 2021,July and August 2016 20m Grid Survey,GCW,115,2016,8,1,0.206,GEOID12B,wetland,C4,NA,-33.35449981689453,-33.398616790771484,-33.3565673828125,0.206,38.87395029055036,-76.54890894678958
Holmquist et al 2021,July and August 2016 20m Grid Survey,GCW,116,2016,8,1,0.256,GEOID12B,wetland,Schoenoplectus americanus,Schoenoplectus americanus,-33.35449981689453,-33.398616790771484,-33.3565673828125,0.256,38.87431271583136,-76.54891845186945
Holmquist et al 2021,July and August 2016 20m Grid Survey,GCW,117,2016,8,1,0.273,GEOID12B,wetland,Iva frutescens,Iva frutescens,-33.35449981689453,-33.398616790771484,-33.3565673828125,0.273,38.87449074329329,-76.54892251284875
Holmquist et al 2021,July and August 2016 20m Grid Survey,GCW,118,2016,8,1,0.129,GEOID12B,wetland,Iva frutescens,Iva frutescens,-33.35449981689453,-33.398616790771484,-33.3565673828125,0.129,38.874672864317105,-76.54892637455595
Holmquist et al 2021,July and August 2016 20m Grid Survey,GCW,119,2016,8,1,0.231,GEOID12B,wetland,Schoenoplectus americanus,Schoenoplectus americanus,-33.35449981689453,-33.398616790771484,-33.3565673828125,0.231,38.874852810536325,-76.54892979715515
Holmquist et al 2021,July and August 2016 20m Grid Survey,GCW,120,2016,8,1,0.322,GEOID12B,wetland,C4,NA,-33.331199645996094,-33.371246337890625,-33.329566955566406,0.322,38.87503320396351,-76.54893279145928
Holmquist et al 2021,July and August 2016 20m Grid Survey,GCW,121,2016,8,1,0.267,GEOID12B,wetland,Iva frutescens,Iva frutescens,-33.331199645996094,-33.371246337890625,-33.329566955566406,0.267,38.87521360132433,-76.54893752650442
Holmquist et al 2021,July and August 2016 20m Grid Survey,GCW,122,2016,8,1,0.301,GEOID12B,wetland,C4,NA,-33.331199645996094,-33.371246337890625,-33.329566955566406,0.301,38.875393273138776,-76.548941934598
Holmquist et al 2021,July and August 2016 20m Grid Survey,GCW,123,2016,8,1,0.303,GEOID12B,wetland,C4,NA,-33.331199645996094,-33.371246337890625,-33.329566955566406,0.303,38.875573473553075,-76.5489452129955
Holmquist et al 2021,July and August 2016 20m Grid Survey,GCW,124,2016,8,1,0.325,GEOID12B,wetland,Iva frutescens,Iva frutescens,-33.331199645996094,-33.371246337890625,-33.329566955566406,0.325,38.875754418552376,-76.54895077849008
Holmquist et al 2021,July and August 2016 20m Grid Survey,GCW,125,2016,8,1,0.286,GEOID12B,wetland,C4,NA,-33.331199645996094,-33.371246337890625,-33.329566955566406,0.286,38.87593340729923,-76.54895233611686
Holmquist et al 2021,July and August 2016 20m Grid Survey,GCW,126,2016,8,1,0.034,GEOID12B,wetland,Iva frutescens,Iva frutescens,-33.331199645996094,-33.371246337890625,-33.329566955566406,0.034,38.87611215167488,-76.5489580498752
Holmquist et al 2021,July and August 2016 20m Grid Survey,GCW,127,2016,8,1,0.108,GEOID12B,wetland,Phragmites australis,Phragmites australis,-33.331199645996094,-33.371246337890625,-33.329566955566406,0.108,38.8762934964068,-76.54896201032065
Holmquist et al 2021,July and August 2016 20m Grid Survey,GCW,128,2016,8,1,0.315,GEOID12B,wetland,Phragmites australis,Phragmites australis,-33.331199645996094,-33.371246337890625,-33.329566955566406,0.315,38.876475321003845,-76.54896647690434
Holmquist et al 2021,July and August 2016 20m Grid Survey,GCW,129,2016,8,1,0.274,GEOID12B,wetland,Schoenoplectus americanus,Schoenoplectus americanus,-33.35449981689453,-33.398616790771484,-33.3565673828125,0.274,38.87287341566993,-76.54865538729949
Holmquist et al 2021,July and August 2016 20m Grid Survey,GCW,130,2016,8,1,0.147,GEOID12B,wetland,Schoenoplectus americanus,Schoenoplectus americanus,-33.35449981689453,-33.398616790771484,-33.3565673828125,0.147,38.87305545384878,-76.54866006471408
Holmquist et al 2021,July and August 2016 20m Grid Survey,GCW,131,2016,8,1,0.11,GEOID12B,wetland,Schoenoplectus americanus,Schoenoplectus americanus,-33.35449981689453,-33.398616790771484,-33.3565673828125,0.11,38.87323436537343,-76.54866609212277
Holmquist et al 2021,July and August 2016 20m Grid Survey,GCW,132,2016,8,1,0.245,GEOID12B,wetland,Schoenoplectus americanus,Schoenoplectus americanus,-33.35449981689453,-33.398616790771484,-33.3565673828125,0.245,38.87341379148198,-76.54866864958404
Holmquist et al 2021,July and August 2016 20m Grid Survey,GCW,133,2016,8,1,0.16,GEOID12B,wetland,Schoenoplectus americanus,Schoenoplectus americanus,-33.35449981689453,-33.398616790771484,-33.3565673828125,0.16,38.873594782900966,-76.5486700422363
Holmquist et al 2021,July and August 2016 20m Grid Survey,GCW,134,2016,8,1,0.243,GEOID12B,wetland,Schoenoplectus americanus,Schoenoplectus americanus,-33.35449981689453,-33.398616790771484,-33.3565673828125,0.243,38.87377434044356,-76.54867355935212
Holmquist et al 2021,July and August 2016 20m Grid Survey,GCW,135,2016,8,1,0.231,GEOID12B,wetland,Schoenoplectus americanus,Schoenoplectus americanus,-33.35449981689453,-33.398616790771484,-33.3565673828125,0.231,38.873954230491144,-76.54867918165337
Holmquist et al 2021,July and August 2016 20m Grid Survey,GCW,136,2016,8,1,0.153,GEOID12B,wetland,C4,NA,-33.35449981689453,-33.398616790771484,-33.3565673828125,0.153,38.874135191913304,-76.54868419326141
Holmquist et al 2021,July and August 2016 20m Grid Survey,GCW,137,2016,8,1,0.174,GEOID12B,wetland,C4,NA,-33.35449981689453,-33.398616790771484,-33.3565673828125,0.174,38.87431519435816,-76.54868745501791
Holmquist et al 2021,July and August 2016 20m Grid Survey,GCW,138,2016,8,1,0.205,GEOID12B,wetland,Phragmites australis,Phragmites australis,-33.35449981689453,-33.398616790771484,-33.3565673828125,0.205,38.87449479001937,-76.5486928520358
Holmquist et al 2021,July and August 2016 20m Grid Survey,GCW,139,2016,8,1,0.206,GEOID12B,wetland,Phragmites australis,Phragmites australis,-33.35449981689453,-33.398616790771484,-33.3565673828125,0.206,38.87467404810982,-76.54869720431756
Holmquist et al 2021,July and August 2016 20m Grid Survey,GCW,140,2016,8,1,0.285,GEOID12B,wetland,C4,NA,-33.35449981689453,-33.398616790771484,-33.3565673828125,0.285,38.87485634110978,-76.54869829113836
Holmquist et al 2021,July and August 2016 20m Grid Survey,GCW,141,2016,8,1,0.296,GEOID12B,wetland,NA,NA,-33.331199645996094,-33.371246337890625,-33.329566955566406,0.296,38.87503640414338,-76.54870173877678
Holmquist et al 2021,July and August 2016 20m Grid Survey,GCW,142,2016,8,1,0.123,GEOID12B,wetland,Iva frutescens,Iva frutescens,-33.331199645996094,-33.371246337890625,-33.329566955566406,0.123,38.87521590328853,-76.54870693788698
Holmquist et al 2021,July and August 2016 20m Grid Survey,GCW,143,2016,8,1,0.295,GEOID12B,wetland,C4,NA,-33.331199645996094,-33.371246337890625,-33.329566955566406,0.295,38.87539629394916,-76.54871149933284
Holmquist et al 2021,July and August 2016 20m Grid Survey,GCW,144,2016,8,1,0.311,GEOID12B,wetland,C4,NA,-33.331199645996094,-33.371246337890625,-33.329566955566406,0.311,38.875576121211324,-76.54871573734759
Holmquist et al 2021,July and August 2016 20m Grid Survey,GCW,145,2016,8,1,0.297,GEOID12B,wetland,C4,NA,-33.331199645996094,-33.371246337890625,-33.329566955566406,0.297,38.875757938995676,-76.54871936154805
Holmquist et al 2021,July and August 2016 20m Grid Survey,GCW,146,2016,8,1,0.353,GEOID12B,wetland,C4,NA,-33.331199645996094,-33.371246337890625,-33.329566955566406,0.353,38.87593616677352,-76.54872190496155
Holmquist et al 2021,July and August 2016 20m Grid Survey,GCW,147,2016,8,1,0.233,GEOID12B,wetland,Phragmites australis,Phragmites australis,-33.331199645996094,-33.371246337890625,-33.329566955566406,0.233,38.87611548525427,-76.54872781504535
Holmquist et al 2021,July and August 2016 20m Grid Survey,GCW,148,2016,8,1,0.198,GEOID12B,wetland,Phragmites australis,Phragmites australis,-33.331199645996094,-33.371246337890625,-33.329566955566406,0.198,38.87629675643296,-76.54873052833966
Holmquist et al 2021,July and August 2016 20m Grid Survey,GCW,149,2016,8,1,0.265,GEOID12B,wetland,C4,NA,-33.35449981689453,-33.398616790771484,-33.3565673828125,0.265,38.87287728296714,-76.54842630412452
Holmquist et al 2021,July and August 2016 20m Grid Survey,GCW,150,2016,8,1,0.211,GEOID12B,wetland,Schoenoplectus americanus,Schoenoplectus americanus,-33.35449981689453,-33.398616790771484,-33.3565673828125,0.211,38.873058227084215,-76.5484278679832
Holmquist et al 2021,July and August 2016 20m Grid Survey,GCW,151,2016,8,1,0.193,GEOID12B,wetland,Schoenoplectus americanus,Schoenoplectus americanus,-33.35449981689453,-33.398616790771484,-33.3565673828125,0.193,38.87323748109067,-76.54843457080854
Holmquist et al 2021,July and August 2016 20m Grid Survey,GCW,152,2016,8,1,0.222,GEOID12B,wetland,Schoenoplectus americanus,Schoenoplectus americanus,-33.35449981689453,-33.398616790771484,-33.3565673828125,0.222,38.873417613222166,-76.5484368894156
Holmquist et al 2021,July and August 2016 20m Grid Survey,GCW,153,2016,8,1,0.249,GEOID12B,wetland,Schoenoplectus americanus,Schoenoplectus americanus,-33.35449981689453,-33.398616790771484,-33.3565673828125,0.249,38.87359746989558,-76.54844027408787
Holmquist et al 2021,July and August 2016 20m Grid Survey,GCW,154,2016,8,1,0.111,GEOID12B,wetland,Schoenoplectus americanus,Schoenoplectus americanus,-33.35449981689453,-33.398616790771484,-33.3565673828125,0.111,38.87377829775609,-76.54844516686447
Holmquist et al 2021,July and August 2016 20m Grid Survey,GCW,155,2016,8,1,0.22,GEOID12B,wetland,Iva frutescens,Iva frutescens,-33.35449981689453,-33.398616790771484,-33.3565673828125,0.22,38.87395963954818,-76.54844935615415
Holmquist et al 2021,July and August 2016 20m Grid Survey,GCW,156,2016,8,1,0.088,GEOID12B,wetland,C4,NA,-33.35449981689453,-33.398616790771484,-33.3565673828125,0.088,38.874137187178484,-76.5484535899328
Holmquist et al 2021,July and August 2016 20m Grid Survey,GCW,157,2016,8,1,0.145,GEOID12B,wetland,Schoenoplectus americanus,Schoenoplectus americanus,-33.35449981689453,-33.398616790771484,-33.3565673828125,0.145,38.87431748922422,-76.54845532449575
Holmquist et al 2021,July and August 2016 20m Grid Survey,GCW,158,2016,8,1,0.259,GEOID12B,wetland,Phragmites australis,Phragmites australis,-33.35449981689453,-33.398616790771484,-33.3565673828125,0.259,38.87449885631538,-76.54846168155255
Holmquist et al 2021,July and August 2016 20m Grid Survey,GCW,159,2016,8,1,0.212,GEOID12B,wetland,Iva frutescens,Iva frutescens,-33.35449981689453,-33.398616790771484,-33.3565673828125,0.212,38.874674646132206,-76.54846324907868
Holmquist et al 2021,July and August 2016 20m Grid Survey,GCW,160,2016,8,1,0.256,GEOID12B,wetland,Iva frutescens,Iva frutescens,-33.35449981689453,-33.398616790771484,-33.3565673828125,0.256,38.87485767348961,-76.54846875465387
Holmquist et al 2021,July and August 2016 20m Grid Survey,GCW,161,2016,8,1,0.295,GEOID12B,wetland,C4,NA,-33.331199645996094,-33.371246337890625,-33.329566955566406,0.295,38.87503808754885,-76.5484729124964
Holmquist et al 2021,July and August 2016 20m Grid Survey,GCW,162,2016,8,1,0.235,GEOID12B,wetland,Iva frutescens,Iva frutescens,-33.331199645996094,-33.371246337890625,-33.329566955566406,0.235,38.87521792796877,-76.5484775190175
Holmquist et al 2021,July and August 2016 20m Grid Survey,GCW,163,2016,8,1,0.292,GEOID12B,wetland,NA,NA,-33.331199645996094,-33.371246337890625,-33.329566955566406,0.292,38.875398517470785,-76.54847999774901
Holmquist et al 2021,July and August 2016 20m Grid Survey,GCW,164,2016,8,1,0.172,GEOID12B,wetland,Iva frutescens,Iva frutescens,-33.331199645996094,-33.371246337890625,-33.329566955566406,0.172,38.87557918540593,-76.54848539463752
Holmquist et al 2021,July and August 2016 20m Grid Survey,GCW,165,2016,8,1,0.283,GEOID12B,wetland,C4,NA,-33.331199645996094,-33.371246337890625,-33.329566955566406,0.283,38.8757590586593,-76.5484882037083
Holmquist et al 2021,July and August 2016 20m Grid Survey,GCW,166,2016,8,1,0.323,GEOID12B,wetland,C4,NA,-33.331199645996094,-33.371246337890625,-33.329566955566406,0.323,38.87594026541487,-76.54849237893538
Holmquist et al 2021,July and August 2016 20m Grid Survey,GCW,167,2016,8,1,0.308,GEOID12B,wetland,Phragmites australis,Phragmites australis,-33.331199645996094,-33.371246337890625,-33.329566955566406,0.308,38.876121330611845,-76.54849771540063
Holmquist et al 2021,July and August 2016 20m Grid Survey,GCW,168,2016,8,1,0.277,GEOID12B,wetland,C4,NA,-33.35449981689453,-33.398616790771484,-33.3565673828125,0.277,38.872879617057734,-76.54819525112426
Holmquist et al 2021,July and August 2016 20m Grid Survey,GCW,169,2016,8,1,0.276,GEOID12B,wetland,C4,NA,-33.35449981689453,-33.398616790771484,-33.3565673828125,0.276,38.873059647201806,-76.54819982615793
Holmquist et al 2021,July and August 2016 20m Grid Survey,GCW,170,2016,8,1,0.194,GEOID12B,wetland,Schoenoplectus americanus,Schoenoplectus americanus,-33.35449981689453,-33.398616790771484,-33.3565673828125,0.194,38.87323963659148,-76.54820271740365
Holmquist et al 2021,July and August 2016 20m Grid Survey,GCW,171,2016,8,1,0.142,GEOID12B,wetland,Schoenoplectus americanus,Schoenoplectus americanus,-33.35449981689453,-33.398616790771484,-33.3565673828125,0.142,38.87341985421621,-76.54820742337549
Holmquist et al 2021,July and August 2016 20m Grid Survey,GCW,172,2016,8,1,0.178,GEOID12B,wetland,C4,NA,-33.35449981689453,-33.398616790771484,-33.3565673828125,0.178,38.87359959089741,-76.54821102387963
Holmquist et al 2021,July and August 2016 20m Grid Survey,GCW,173,2016,8,1,0.274,GEOID12B,wetland,C4,NA,-33.35449981689453,-33.398616790771484,-33.3565673828125,0.274,38.873780767234756,-76.54821274216098
Holmquist et al 2021,July and August 2016 20m Grid Survey,GCW,174,2016,8,1,0.114,GEOID12B,wetland,Iva frutescens,Iva frutescens,-33.35449981689453,-33.398616790771484,-33.3565673828125,0.114,38.87396154516489,-76.54821936237293
Holmquist et al 2021,July and August 2016 20m Grid Survey,GCW,175,2016,8,1,0.051,GEOID12B,wetland,Iva frutescens,Iva frutescens,-33.35449981689453,-33.398616790771484,-33.3565673828125,0.051,38.87414086333039,-76.54822258503003
Holmquist et al 2021,July and August 2016 20m Grid Survey,GCW,176,2016,8,1,0.237,GEOID12B,wetland,C4,NA,-33.35449981689453,-33.398616790771484,-33.3565673828125,0.237,38.87432067768556,-76.54822780116015
Holmquist et al 2021,July and August 2016 20m Grid Survey,GCW,177,2016,8,1,0.274,GEOID12B,wetland,C4,NA,-33.35449981689453,-33.398616790771484,-33.3565673828125,0.274,38.87450005875196,-76.54823035667236
Holmquist et al 2021,July and August 2016 20m Grid Survey,GCW,178,2016,8,1,0.141,GEOID12B,wetland,Iva frutescens,Iva frutescens,-33.35449981689453,-33.398616790771484,-33.3565673828125,0.141,38.87468125396338,-76.54823472677496
Holmquist et al 2021,July and August 2016 20m Grid Survey,GCW,179,2016,8,1,0.154,GEOID12B,wetland,Iva frutescens,Iva frutescens,-33.35449981689453,-33.398616790771484,-33.3565673828125,0.154,38.874862173764036,-76.54823608232313
Holmquist et al 2021,July and August 2016 20m Grid Survey,GCW,180,2016,8,1,0.219,GEOID12B,wetland,Iva frutescens,Iva frutescens,-33.331199645996094,-33.371246337890625,-33.329566955566406,0.219,38.87504167385291,-76.54824325142101
Holmquist et al 2021,July and August 2016 20m Grid Survey,GCW,181,2016,8,1,0.142,GEOID12B,wetland,C4,NA,-33.331199645996094,-33.371246337890625,-33.329566955566406,0.142,38.875221001442355,-76.54824712001313
Holmquist et al 2021,July and August 2016 20m Grid Survey,GCW,182,2016,8,1,0.314,GEOID12B,wetland,C4,NA,-33.331199645996094,-33.371246337890625,-33.329566955566406,0.314,38.87540238291532,-76.5482503530989
Holmquist et al 2021,July and August 2016 20m Grid Survey,GCW,183,2016,8,1,0.3,GEOID12B,wetland,C4,NA,-33.331199645996094,-33.371246337890625,-33.329566955566406,0.3,38.875583018692076,-76.54825274006247
Holmquist et al 2021,July and August 2016 20m Grid Survey,GCW,184,2016,8,1,0.227,GEOID12B,wetland,Phragmites australis,Phragmites australis,-33.331199645996094,-33.371246337890625,-33.329566955566406,0.227,38.87576290002228,-76.54825833835481
Holmquist et al 2021,July and August 2016 20m Grid Survey,GCW,185,2016,8,1,0.164,GEOID12B,wetland,Iva frutescens,Iva frutescens,-33.331199645996094,-33.371246337890625,-33.329566955566406,0.164,38.875943201693865,-76.54826281612424
Holmquist et al 2021,July and August 2016 20m Grid Survey,GCW,186,2016,8,1,0.28,GEOID12B,wetland,C4,NA,-33.35449981689453,-33.398616790771484,-33.3565673828125,0.28,38.87306349758727,-76.54797059213215
Holmquist et al 2021,July and August 2016 20m Grid Survey,GCW,187,2016,8,1,0.259,GEOID12B,wetland,C4,NA,-33.35449981689453,-33.398616790771484,-33.3565673828125,0.259,38.87324318210619,-76.54797133216313
Holmquist et al 2021,July and August 2016 20m Grid Survey,GCW,188,2016,8,1,0.185,GEOID12B,wetland,Schoenoplectus americanus,Schoenoplectus americanus,-33.35449981689453,-33.398616790771484,-33.3565673828125,0.185,38.873423862381586,-76.5479758055209
Holmquist et al 2021,July and August 2016 20m Grid Survey,GCW,189,2016,8,1,0.202,GEOID12B,wetland,Schoenoplectus americanus,Schoenoplectus americanus,-33.35449981689453,-33.398616790771484,-33.3565673828125,0.202,38.87360438523265,-76.54798059825893
Holmquist et al 2021,July and August 2016 20m Grid Survey,GCW,190,2016,8,1,0.246,GEOID12B,wetland,Schoenoplectus americanus,Schoenoplectus americanus,-33.35449981689453,-33.398616790771484,-33.3565673828125,0.246,38.87378497374481,-76.5479838363043
Holmquist et al 2021,July and August 2016 20m Grid Survey,GCW,191,2016,8,1,0.266,GEOID12B,wetland,C4,NA,-33.35449981689453,-33.398616790771484,-33.3565673828125,0.266,38.87396413848236,-76.54798775817144
Holmquist et al 2021,July and August 2016 20m Grid Survey,GCW,192,2016,8,1,0.197,GEOID12B,wetland,Iva frutescens,Iva frutescens,-33.35449981689453,-33.398616790771484,-33.3565673828125,0.197,38.874143360013726,-76.5479914738171
Holmquist et al 2021,July and August 2016 20m Grid Survey,GCW,193,2016,8,1,0.274,GEOID12B,wetland,Phragmites australis,Phragmites australis,-33.35449981689453,-33.398616790771484,-33.3565673828125,0.274,38.87432456060519,-76.54799543992586
Holmquist et al 2021,July and August 2016 20m Grid Survey,GCW,194,2016,8,1,0.228,GEOID12B,wetland,Iva frutescens,Iva frutescens,-33.35449981689453,-33.398616790771484,-33.3565673828125,0.228,38.8745033140012,-76.54799912242844
Holmquist et al 2021,July and August 2016 20m Grid Survey,GCW,195,2016,8,1,0.206,GEOID12B,wetland,Phragmites australis,Phragmites australis,-33.35449981689453,-33.398616790771484,-33.3565673828125,0.206,38.87468498574762,-76.54800425155383
Holmquist et al 2021,July and August 2016 20m Grid Survey,GCW,196,2016,8,1,0.155,GEOID12B,wetland,Kosteletzkya  virginica,Kosteletzkya  virginica,-33.35449981689453,-33.398616790771484,-33.3565673828125,0.155,38.87486477280194,-76.54800676924764
Holmquist et al 2021,July and August 2016 20m Grid Survey,GCW,197,2016,8,1,0.255,GEOID12B,wetland,C4,NA,-33.331199645996094,-33.371246337890625,-33.329566955566406,0.255,38.87504432363047,-76.5480114720293
Holmquist et al 2021,July and August 2016 20m Grid Survey,GCW,198,2016,8,1,0.229,GEOID12B,wetland,C4,NA,-33.331199645996094,-33.371246337890625,-33.329566955566406,0.229,38.87522581275539,-76.5480161016342
Holmquist et al 2021,July and August 2016 20m Grid Survey,GCW,199,2016,8,1,0.215,GEOID12B,wetland,Iva frutescens,Iva frutescens,-33.331199645996094,-33.371246337890625,-33.329566955566406,0.215,38.87540470246167,-76.54802037516394
Holmquist et al 2021,July and August 2016 20m Grid Survey,GCW,200,2016,8,1,0.295,GEOID12B,wetland,Phragmites australis,Phragmites australis,-33.331199645996094,-33.371246337890625,-33.329566955566406,0.295,38.87558453513873,-76.54802352798086
Holmquist et al 2021,July and August 2016 20m Grid Survey,GCW,201,2016,8,1,-0.104,GEOID12B,wetland,Phragmites australis,Phragmites australis,-33.331199645996094,-33.371246337890625,-33.329566955566406,-0.104,38.87576537932517,-76.54802718692864
Holmquist et al 2021,July and August 2016 20m Grid Survey,GCW,202,2016,8,1,-0.078,GEOID12B,wetland,Phragmites australis,Phragmites australis,-33.331199645996094,-33.371246337890625,-33.329566955566406,-0.078,38.875908884286716,-76.54803139592599
Holmquist et al 2021,July and August 2016 20m Grid Survey,GCW,203,2016,8,1,0.241,GEOID12B,wetland,Schoenoplectus americanus,Schoenoplectus americanus,-33.35449981689453,-33.398616790771484,-33.3565673828125,0.241,38.87306559550889,-76.54773893397743
Holmquist et al 2021,July and August 2016 20m Grid Survey,GCW,204,2016,8,1,0.242,GEOID12B,wetland,Schoenoplectus americanus,Schoenoplectus americanus,-33.35449981689453,-33.398616790771484,-33.3565673828125,0.242,38.87324573852327,-76.54774315299834
Holmquist et al 2021,July and August 2016 20m Grid Survey,GCW,205,2016,8,1,0.263,GEOID12B,wetland,C4,NA,-33.35449981689453,-33.398616790771484,-33.3565673828125,0.263,38.873427003911296,-76.54774563276789
Holmquist et al 2021,July and August 2016 20m Grid Survey,GCW,206,2016,8,1,0.244,GEOID12B,wetland,C4,NA,-33.35449981689453,-33.398616790771484,-33.3565673828125,0.244,38.87360633387931,-76.54775000712623
Holmquist et al 2021,July and August 2016 20m Grid Survey,GCW,207,2016,8,1,0.291,GEOID12B,wetland,C4,NA,-33.35449981689453,-33.398616790771484,-33.3565673828125,0.291,38.873787159522216,-76.54775371081564
Holmquist et al 2021,July and August 2016 20m Grid Survey,GCW,208,2016,8,1,0.246,GEOID12B,wetland,C4,NA,-33.35449981689453,-33.398616790771484,-33.3565673828125,0.246,38.873966148997795,-76.54775793953505
Holmquist et al 2021,July and August 2016 20m Grid Survey,GCW,209,2016,8,1,0.309,GEOID12B,wetland,C4,NA,-33.35449981689453,-33.398616790771484,-33.3565673828125,0.309,38.874146840884706,-76.54776085654636
Holmquist et al 2021,July and August 2016 20m Grid Survey,GCW,210,2016,8,1,0.175,GEOID12B,wetland,Iva frutescens,Iva frutescens,-33.35449981689453,-33.398616790771484,-33.3565673828125,0.175,38.87432734877193,-76.54776541798246
Holmquist et al 2021,July and August 2016 20m Grid Survey,GCW,211,2016,8,1,0.173,GEOID12B,wetland,Phragmites australis,Phragmites australis,-33.35449981689453,-33.398616790771484,-33.3565673828125,0.173,38.87450732441203,-76.54776866533616
Holmquist et al 2021,July and August 2016 20m Grid Survey,GCW,212,2016,8,1,-0.247,GEOID12B,wetland,NA,NA,-33.35449981689453,-33.398616790771484,-33.3565673828125,-0.247,38.874690411535944,-76.54777510410392
Holmquist et al 2021,July and August 2016 20m Grid Survey,GCW,213,2016,8,1,0.288,GEOID12B,wetland,C4,NA,-33.35449981689453,-33.398616790771484,-33.3565673828125,0.288,38.87486686936669,-76.54777794092152
Holmquist et al 2021,July and August 2016 20m Grid Survey,GCW,214,2016,8,1,0.235,GEOID12B,wetland,C4,NA,-33.331199645996094,-33.371246337890625,-33.329566955566406,0.235,38.87504780138681,-76.54778177396312
Holmquist et al 2021,July and August 2016 20m Grid Survey,GCW,215,2016,8,1,0.261,GEOID12B,wetland,Iva frutescens,Iva frutescens,-33.331199645996094,-33.371246337890625,-33.329566955566406,0.261,38.87522704931573,-76.54778553592143
Holmquist et al 2021,July and August 2016 20m Grid Survey,GCW,216,2016,8,1,0.279,GEOID12B,wetland,Kosteletzkya  virginica,Kosteletzkya  virginica,-33.331199645996094,-33.371246337890625,-33.329566955566406,0.279,38.87540832822081,-76.54778903073772
Holmquist et al 2021,July and August 2016 20m Grid Survey,GCW,217,2016,8,1,0.147,GEOID12B,wetland,Phragmites australis,Phragmites australis,-33.331199645996094,-33.371246337890625,-33.329566955566406,0.147,38.875588673917576,-76.54779358891479
Holmquist et al 2021,July and August 2016 20m Grid Survey,GCW,218,2016,8,1,0.226,GEOID12B,wetland,Phragmites australis,Phragmites australis,-33.331199645996094,-33.371246337890625,-33.329566955566406,0.226,38.87576796365661,-76.54779827407704
Holmquist et al 2021,July and August 2016 20m Grid Survey,GCW,220,2016,8,1,0.276,GEOID12B,wetland,C4,NA,-33.35449981689453,-33.398616790771484,-33.3565673828125,0.276,38.87342980267696,-76.54751477245988
Holmquist et al 2021,July and August 2016 20m Grid Survey,GCW,221,2016,8,1,0.263,GEOID12B,wetland,C4,NA,-33.35449981689453,-33.398616790771484,-33.3565673828125,0.263,38.87361008311139,-76.54751950113845
Holmquist et al 2021,July and August 2016 20m Grid Survey,GCW,222,2016,8,1,0.283,GEOID12B,wetland,C4,NA,-33.35449981689453,-33.398616790771484,-33.3565673828125,0.283,38.87378891978134,-76.54752302277767
Holmquist et al 2021,July and August 2016 20m Grid Survey,GCW,223,2016,8,1,0.285,GEOID12B,wetland,Schoenoplectus americanus,Schoenoplectus americanus,-33.35449981689453,-33.398616790771484,-33.3565673828125,0.285,38.87414960460778,-76.54753060408828
Holmquist et al 2021,July and August 2016 20m Grid Survey,GCW,224,2016,8,1,0.304,GEOID12B,wetland,C4,NA,-33.35449981689453,-33.398616790771484,-33.3565673828125,0.304,38.8743303946774,-76.5475342719429
Holmquist et al 2021,July and August 2016 20m Grid Survey,GCW,225,2016,8,1,0.235,GEOID12B,wetland,Phragmites australis,Phragmites australis,-33.35449981689453,-33.398616790771484,-33.3565673828125,0.235,38.87469150666422,-76.54754361486577
Holmquist et al 2021,July and August 2016 20m Grid Survey,GCW,226,2016,8,1,0.205,GEOID12B,wetland,Iva frutescens,Iva frutescens,-33.35449981689453,-33.398616790771484,-33.3565673828125,0.205,38.87487179790151,-76.54754752560707
Holmquist et al 2021,July and August 2016 20m Grid Survey,GCW,227,2016,8,1,0.272,GEOID12B,wetland,Iva frutescens,Iva frutescens,-33.331199645996094,-33.371246337890625,-33.329566955566406,0.272,38.87505131060801,-76.54755102756802
Holmquist et al 2021,July and August 2016 20m Grid Survey,GCW,228,2016,8,1,0.278,GEOID12B,wetland,Kosteletzkya  virginica,Kosteletzkya  virginica,-33.331199645996094,-33.371246337890625,-33.329566955566406,0.278,38.875230349537084,-76.54755424262905
Holmquist et al 2021,July and August 2016 20m Grid Survey,GCW,229,2016,8,1,0.276,GEOID12B,wetland,Iva frutescens,Iva frutescens,-33.331199645996094,-33.371246337890625,-33.329566955566406,0.276,38.87541066335573,-76.547557808142
Holmquist et al 2021,July and August 2016 20m Grid Survey,GCW,230,2016,8,1,0.193,GEOID12B,wetland,Phragmites australis,Phragmites australis,-33.331199645996094,-33.371246337890625,-33.329566955566406,0.193,38.87559123977091,-76.54756331598466
Holmquist et al 2021,July and August 2016 20m Grid Survey,GCW,231,2016,8,1,0.173,GEOID12B,wetland,Typha angustifolia,Typha angustifolia,-33.35449981689453,-33.398616790771484,-33.3565673828125,0.173,38.873072423432895,-76.54727816451684
Holmquist et al 2021,July and August 2016 20m Grid Survey,GCW,232,2016,8,1,0.125,GEOID12B,wetland,Iva frutescens,Iva frutescens,-33.35449981689453,-33.398616790771484,-33.3565673828125,0.125,38.87325242235901,-76.54728101906369
Holmquist et al 2021,July and August 2016 20m Grid Survey,GCW,233,2016,8,1,0.181,GEOID12B,wetland,Spartina cynosuroides,Spartina cynosuroides,-33.35449981689453,-33.398616790771484,-33.3565673828125,0.181,38.87343222874248,-76.54728548324923
Holmquist et al 2021,July and August 2016 20m Grid Survey,GCW,234,2016,8,1,0.242,GEOID12B,wetland,Iva frutescens,Iva frutescens,-33.35449981689453,-33.398616790771484,-33.3565673828125,0.242,38.87361242248091,-76.54728791558315
Holmquist et al 2021,July and August 2016 20m Grid Survey,GCW,235,2016,8,1,0.292,GEOID12B,wetland,Iva frutescens,Iva frutescens,-33.35449981689453,-33.398616790771484,-33.3565673828125,0.292,38.873792997912354,-76.54729282301987
Holmquist et al 2021,July and August 2016 20m Grid Survey,GCW,236,2016,8,1,0.22,GEOID12B,wetland,Phragmites australis,Phragmites australis,-33.35449981689453,-33.398616790771484,-33.3565673828125,0.22,38.87397352432984,-76.54729666893887
Holmquist et al 2021,July and August 2016 20m Grid Survey,GCW,237,2016,8,1,0.168,GEOID12B,wetland,Phragmites australis,Phragmites australis,-33.35449981689453,-33.398616790771484,-33.3565673828125,0.168,38.87415270820342,-76.54730118893265
Holmquist et al 2021,July and August 2016 20m Grid Survey,GCW,238,2016,8,1,0.244,GEOID12B,wetland,Phragmites australis,Phragmites australis,-33.35449981689453,-33.398616790771484,-33.3565673828125,0.244,38.87451299790758,-76.54730730822462
Holmquist et al 2021,July and August 2016 20m Grid Survey,GCW,239,2016,8,1,0.313,GEOID12B,wetland,C4,NA,-33.35449981689453,-33.398616790771484,-33.3565673828125,0.313,38.874693719269224,-76.54731344090128
Holmquist et al 2021,July and August 2016 20m Grid Survey,GCW,240,2016,8,1,0.302,GEOID12B,wetland,C4,NA,-33.35449981689453,-33.398616790771484,-33.3565673828125,0.302,38.87487453636954,-76.54731574864876
Holmquist et al 2021,July and August 2016 20m Grid Survey,GCW,241,2016,8,1,0.261,GEOID12B,wetland,C4,NA,-33.331199645996094,-33.371246337890625,-33.329566955566406,0.261,38.87505393350754,-76.54732117257828
Holmquist et al 2021,July and August 2016 20m Grid Survey,GCW,242,2016,8,1,0.102,GEOID12B,wetland,Phragmites australis,Phragmites australis,-33.331199645996094,-33.371246337890625,-33.329566955566406,0.102,38.87523370761903,-76.54732466813596
Holmquist et al 2021,July and August 2016 20m Grid Survey,GCW,243,2016,8,1,0.187,GEOID12B,wetland,Phragmites australis,Phragmites australis,-33.331199645996094,-33.371246337890625,-33.329566955566406,0.187,38.87541417246119,-76.54732771761347
Holmquist et al 2021,July and August 2016 20m Grid Survey,GCW,244,2016,8,1,0.34,GEOID12B,wetland,C4,NA,-33.331199645996094,-33.371246337890625,-33.329566955566406,0.34,38.87559426001219,-76.54733271859374
Holmquist et al 2021,July and August 2016 20m Grid Survey,GCW,245,2016,8,1,0.16,GEOID12B,wetland,Typha angustifolia,Typha angustifolia,-33.35449981689453,-33.398616790771484,-33.3565673828125,0.16,38.87312859443294,-76.54704852023012
Holmquist et al 2021,July and August 2016 20m Grid Survey,GCW,246,2016,8,1,0.127,GEOID12B,wetland,C4,NA,-33.35449981689453,-33.398616790771484,-33.3565673828125,0.127,38.873255296382965,-76.54705052978761
Holmquist et al 2021,July and August 2016 20m Grid Survey,GCW,247,2016,8,1,0.221,GEOID12B,wetland,Iva frutescens,Iva frutescens,-33.35449981689453,-33.398616790771484,-33.3565673828125,0.221,38.87343498186292,-76.5470545988517
Holmquist et al 2021,July and August 2016 20m Grid Survey,GCW,248,2016,8,1,-0.04,GEOID12B,wetland,Spartina cynosuroides,Spartina cynosuroides,-33.35449981689453,-33.398616790771484,-33.3565673828125,-0.04,38.873615230123875,-76.54705903749358
Holmquist et al 2021,July and August 2016 20m Grid Survey,GCW,249,2016,8,1,0.101,GEOID12B,wetland,Iva frutescens,Iva frutescens,-33.35449981689453,-33.398616790771484,-33.3565673828125,0.101,38.87379660319104,-76.54706223258319
Holmquist et al 2021,July and August 2016 20m Grid Survey,GCW,250,2016,8,1,0.147,GEOID12B,wetland,NA,NA,-33.35449981689453,-33.398616790771484,-33.3565673828125,0.147,38.87397597916587,-76.54706653711192
Holmquist et al 2021,July and August 2016 20m Grid Survey,GCW,251,2016,8,1,0.142,GEOID12B,wetland,Phragmites australis,Phragmites australis,-33.35449981689453,-33.398616790771484,-33.3565673828125,0.142,38.87415616648962,-76.54707013306047
Holmquist et al 2021,July and August 2016 20m Grid Survey,GCW,252,2016,8,1,0.209,GEOID12B,wetland,Phragmites australis,Phragmites australis,-33.35449981689453,-33.398616790771484,-33.3565673828125,0.209,38.874336428009684,-76.54707492947804
Holmquist et al 2021,July and August 2016 20m Grid Survey,GCW,253,2016,8,1,-0.122,GEOID12B,wetland,NA,NA,-33.35449981689453,-33.398616790771484,-33.3565673828125,-0.122,38.87451590794474,-76.54707818739551
Holmquist et al 2021,July and August 2016 20m Grid Survey,GCW,254,2016,8,1,0.311,GEOID12B,wetland,C4,NA,-33.35449981689453,-33.398616790771484,-33.3565673828125,0.311,38.87487677357608,-76.54708640457784
Holmquist et al 2021,July and August 2016 20m Grid Survey,GCW,255,2016,8,1,0.092,GEOID12B,wetland,Iva frutescens,Iva frutescens,-33.331199645996094,-33.371246337890625,-33.329566955566406,0.092,38.875057168363625,-76.54709134236391
Holmquist et al 2021,July and August 2016 20m Grid Survey,GCW,256,2016,8,1,0.226,GEOID12B,wetland,Iva frutescens,Iva frutescens,-33.331199645996094,-33.371246337890625,-33.329566955566406,0.226,38.87523629405417,-76.54709345152983
Holmquist et al 2021,July and August 2016 20m Grid Survey,GCW,257,2016,8,1,0.288,GEOID12B,wetland,Iva frutescens,Iva frutescens,-33.331199645996094,-33.371246337890625,-33.329566955566406,0.288,38.875416467288225,-76.5470981079283
Holmquist et al 2021,July and August 2016 20m Grid Survey,GCW,258,2016,8,1,0.295,GEOID12B,wetland,C4,NA,-33.331199645996094,-33.371246337890625,-33.329566955566406,0.295,38.875597548978305,-76.54710152758146
Holmquist et al 2021,July and August 2016 20m Grid Survey,GCW,259,2016,8,1,0.245,GEOID12B,wetland,Typha angustifolia,Typha angustifolia,-33.35449981689453,-33.398616790771484,-33.3565673828125,0.245,38.87307767507881,-76.54681721092267
Holmquist et al 2021,July and August 2016 20m Grid Survey,GCW,260,2016,8,1,0.081,GEOID12B,wetland,C4,NA,-33.35449981689453,-33.398616790771484,-33.3565673828125,0.081,38.87325849180607,-76.54681955179427
Holmquist et al 2021,July and August 2016 20m Grid Survey,GCW,261,2016,8,1,0.233,GEOID12B,wetland,Iva frutescens,Iva frutescens,-33.35449981689453,-33.398616790771484,-33.3565673828125,0.233,38.87343786843124,-76.5468251697304
Holmquist et al 2021,July and August 2016 20m Grid Survey,GCW,262,2016,8,1,0.195,GEOID12B,wetland,Iva frutescens,Iva frutescens,-33.35449981689453,-33.398616790771484,-33.3565673828125,0.195,38.87361795379915,-76.54682830170314
Holmquist et al 2021,July and August 2016 20m Grid Survey,GCW,263,2016,8,1,0.254,GEOID12B,wetland,Iva frutescens,Iva frutescens,-33.35449981689453,-33.398616790771484,-33.3565673828125,0.254,38.87379893052246,-76.54683284781017
Holmquist et al 2021,July and August 2016 20m Grid Survey,GCW,264,2016,8,1,0.11,GEOID12B,wetland,Phragmites australis,Phragmites australis,-33.35449981689453,-33.398616790771484,-33.3565673828125,0.11,38.87397832758679,-76.54683624157694
Holmquist et al 2021,July and August 2016 20m Grid Survey,GCW,265,2016,8,1,0.091,GEOID12B,wetland,Iva frutescens,Iva frutescens,-33.35449981689453,-33.398616790771484,-33.3565673828125,0.091,38.87415798496943,-76.54684039028466
Holmquist et al 2021,July and August 2016 20m Grid Survey,GCW,266,2016,8,1,0.268,GEOID12B,wetland,Iva frutescens,Iva frutescens,-33.35449981689453,-33.398616790771484,-33.3565673828125,0.268,38.874340582703006,-76.54684432612622
Holmquist et al 2021,July and August 2016 20m Grid Survey,GCW,267,2016,8,1,0.216,GEOID12B,wetland,C4,NA,-33.35449981689453,-33.398616790771484,-33.3565673828125,0.216,38.87451980523357,-76.54684728970275
Holmquist et al 2021,July and August 2016 20m Grid Survey,GCW,268,2016,8,1,0.103,GEOID12B,wetland,Iva frutescens,Iva frutescens,-33.35449981689453,-33.398616790771484,-33.3565673828125,0.103,38.874699711775854,-76.5468509943557
Holmquist et al 2021,July and August 2016 20m Grid Survey,GCW,269,2016,8,1,0.216,GEOID12B,wetland,Iva frutescens,Iva frutescens,-33.35449981689453,-33.398616790771484,-33.3565673828125,0.216,38.874879342263476,-76.54685649131093
Holmquist et al 2021,July and August 2016 20m Grid Survey,GCW,270,2016,8,1,0.3,GEOID12B,wetland,C4,NA,-33.331199645996094,-33.371246337890625,-33.329566955566406,0.3,38.87506019343962,-76.54686030873614
Holmquist et al 2021,July and August 2016 20m Grid Survey,GCW,271,2016,8,1,0.317,GEOID12B,wetland,C4,NA,-33.331199645996094,-33.371246337890625,-33.329566955566406,0.317,38.87523972283828,-76.5468625528758
Holmquist et al 2021,July and August 2016 20m Grid Survey,GCW,272,2016,8,1,0.302,GEOID12B,wetland,Iva frutescens,Iva frutescens,-33.331199645996094,-33.371246337890625,-33.329566955566406,0.302,38.87542066316943,-76.54686712157759
Holmquist et al 2021,July and August 2016 20m Grid Survey,GCW,273,2016,8,1,0.272,GEOID12B,wetland,Iva frutescens,Iva frutescens,-33.331199645996094,-33.371246337890625,-33.329566955566406,0.272,38.87560105353262,-76.54687103285994
Holmquist et al 2021,July and August 2016 20m Grid Survey,GCW,274,2016,8,1,-0.032,GEOID12B,wetland,C4,NA,-33.331199645996094,-33.371246337890625,-33.329566955566406,-0.032,38.875780968895164,-76.54687474943962
Holmquist et al 2021,July and August 2016 20m Grid Survey,GCW,275,2016,8,1,0.277,GEOID12B,wetland,Typha angustifolia,Typha angustifolia,-33.35449981689453,-33.398616790771484,-33.3565673828125,0.277,38.872901697968445,-76.54658217677361
Holmquist et al 2021,July and August 2016 20m Grid Survey,GCW,276,2016,8,1,0.22,GEOID12B,wetland,Schoenoplectus americanus,Schoenoplectus americanus,-33.35449981689453,-33.398616790771484,-33.3565673828125,0.22,38.873081652681414,-76.54658701122388
Holmquist et al 2021,July and August 2016 20m Grid Survey,GCW,277,2016,8,1,0.279,GEOID12B,wetland,Schoenoplectus americanus,Schoenoplectus americanus,-33.35449981689453,-33.398616790771484,-33.3565673828125,0.279,38.87326116765374,-76.5465889890114
Holmquist et al 2021,July and August 2016 20m Grid Survey,GCW,278,2016,8,1,0.303,GEOID12B,wetland,C4,NA,-33.35449981689453,-33.398616790771484,-33.3565673828125,0.303,38.87344164834279,-76.54659288971848
Holmquist et al 2021,July and August 2016 20m Grid Survey,GCW,279,2016,8,1,0.224,GEOID12B,wetland,C4,NA,-33.35449981689453,-33.398616790771484,-33.3565673828125,0.224,38.87362241301618,-76.54659711937443
Holmquist et al 2021,July and August 2016 20m Grid Survey,GCW,280,2016,8,1,0.247,GEOID12B,wetland,C4,NA,-33.35449981689453,-33.398616790771484,-33.3565673828125,0.247,38.87380190721542,-76.54660202467956
Holmquist et al 2021,July and August 2016 20m Grid Survey,GCW,281,2016,8,1,0.174,GEOID12B,wetland,Phragmites australis,Phragmites australis,-33.35449981689453,-33.398616790771484,-33.3565673828125,0.174,38.87398251094335,-76.54660411840437
Holmquist et al 2021,July and August 2016 20m Grid Survey,GCW,282,2016,8,1,0.135,GEOID12B,wetland,Iva frutescens,Iva frutescens,-33.35449981689453,-33.398616790771484,-33.3565673828125,0.135,38.874161757328196,-76.54660936422496
Holmquist et al 2021,July and August 2016 20m Grid Survey,GCW,283,2016,8,1,0.075,GEOID12B,wetland,Phragmites australis,Phragmites australis,-33.35449981689453,-33.398616790771484,-33.3565673828125,0.075,38.87434216393706,-76.54661341335716
Holmquist et al 2021,July and August 2016 20m Grid Survey,GCW,285,2016,8,1,0.1,GEOID12B,wetland,Iva frutescens,Iva frutescens,-33.35449981689453,-33.398616790771484,-33.3565673828125,0.1,38.87470268398424,-76.54662051403129
Holmquist et al 2021,July and August 2016 20m Grid Survey,GCW,286,2016,8,1,0.157,GEOID12B,wetland,Schoenoplectus americanus,Schoenoplectus americanus,-33.35449981689453,-33.398616790771484,-33.3565673828125,0.157,38.87488197202461,-76.54662465429246
Holmquist et al 2021,July and August 2016 20m Grid Survey,GCW,287,2016,8,1,0.288,GEOID12B,wetland,Typha angustifolia,Typha angustifolia,-33.35449981689453,-33.398616790771484,-33.3565673828125,0.288,38.8727243320187,-76.5463478744703
Holmquist et al 2021,July and August 2016 20m Grid Survey,GCW,288,2016,8,1,0.3,GEOID12B,wetland,Phragmites australis,Phragmites australis,-33.35449981689453,-33.398616790771484,-33.3565673828125,0.3,38.872903849013284,-76.54635174207885
Holmquist et al 2021,July and August 2016 20m Grid Survey,GCW,289,2016,8,1,0.31,GEOID12B,wetland,Phragmites australis,Phragmites australis,-33.35449981689453,-33.398616790771484,-33.3565673828125,0.31,38.87308449264184,-76.54635490794037
Holmquist et al 2021,July and August 2016 20m Grid Survey,GCW,290,2016,8,1,0.3,GEOID12B,wetland,Phragmites australis,Phragmites australis,-33.35449981689453,-33.398616790771484,-33.3565673828125,0.3,38.873264623098805,-76.54635803965716
Holmquist et al 2021,July and August 2016 20m Grid Survey,GCW,291,2016,8,1,0.302,GEOID12B,wetland,Phragmites australis,Phragmites australis,-33.35449981689453,-33.398616790771484,-33.3565673828125,0.302,38.873445034495525,-76.54636309098196
Holmquist et al 2021,July and August 2016 20m Grid Survey,GCW,292,2016,8,1,0.285,GEOID12B,wetland,Schoenoplectus americanus,Schoenoplectus americanus,-33.35449981689453,-33.398616790771484,-33.3565673828125,0.285,38.8736246455209,-76.5463673411602
Holmquist et al 2021,July and August 2016 20m Grid Survey,GCW,293,2016,8,1,0.291,GEOID12B,wetland,Schoenoplectus americanus,Schoenoplectus americanus,-33.35449981689453,-33.398616790771484,-33.3565673828125,0.291,38.87380500239125,-76.54637106576718
Holmquist et al 2021,July and August 2016 20m Grid Survey,GCW,294,2016,8,1,0.229,GEOID12B,wetland,Iva frutescens,Iva frutescens,-33.35449981689453,-33.398616790771484,-33.3565673828125,0.229,38.87398442056162,-76.54637422828803
Holmquist et al 2021,July and August 2016 20m Grid Survey,GCW,295,2016,8,1,0.077,GEOID12B,wetland,Iva frutescens,Iva frutescens,-33.35449981689453,-33.398616790771484,-33.3565673828125,0.077,38.874166115069244,-76.54637764766696
Holmquist et al 2021,July and August 2016 20m Grid Survey,GCW,296,2016,8,1,0.094,GEOID12B,wetland,Phragmites australis,Phragmites australis,-33.35449981689453,-33.398616790771484,-33.3565673828125,0.094,38.87434510267264,-76.5463827029035
Holmquist et al 2021,July and August 2016 20m Grid Survey,GCW,297,2016,8,1,-0.053,GEOID12B,wetland,NA,NA,-33.35449981689453,-33.398616790771484,-33.3565673828125,-0.053,38.87452469412877,-76.54638774821454
Holmquist et al 2021,July and August 2016 20m Grid Survey,GCW,298,2016,8,1,0.008,GEOID12B,wetland,Iva frutescens,Iva frutescens,-33.35449981689453,-33.398616790771484,-33.3565673828125,0.008,38.87470681642999,-76.54639016257559
Holmquist et al 2021,July and August 2016 20m Grid Survey,GCW,299,2016,8,1,-0.013,GEOID12B,wetland,Phragmites australis,Phragmites australis,-33.35449981689453,-33.398616790771484,-33.3565673828125,-0.013,38.87488604708279,-76.54639455461421
Holmquist et al 2021,July and August 2016 20m Grid Survey,GCW,300,2016,8,1,0.012,GEOID12B,wetland,Phragmites australis,Phragmites australis,-33.331199645996094,-33.371246337890625,-33.329566955566406,0.012,38.87506629749171,-76.54639815035559
Holmquist et al 2021,July and August 2016 20m Grid Survey,GCW,301,2016,8,1,0.302,GEOID12B,wetland,Phragmites australis,Phragmites australis,-33.35449981689453,-33.398616790771484,-33.3565673828125,0.302,38.87362856913384,-76.54613638923175
Holmquist et al 2021,July and August 2016 20m Grid Survey,GCW,302,2016,8,1,0.359,GEOID12B,wetland,C4,NA,-33.35449981689453,-33.398616790771484,-33.3565673828125,0.359,38.87380864859845,-76.54613996891841
Holmquist et al 2021,July and August 2016 20m Grid Survey,GCW,303,2016,8,1,0.307,GEOID12B,wetland,C4,NA,-33.35449981689453,-33.398616790771484,-33.3565673828125,0.307,38.873987794259236,-76.54614465806016
Holmquist et al 2021,July and August 2016 20m Grid Survey,GCW,304,2016,8,1,0.252,GEOID12B,wetland,C4,NA,-33.35449981689453,-33.398616790771484,-33.3565673828125,0.252,38.87416892660601,-76.54614766122155
Holmquist et al 2021,July and August 2016 20m Grid Survey,GCW,305,2016,8,1,0.229,GEOID12B,wetland,Iva frutescens,Iva frutescens,-33.35449981689453,-33.398616790771484,-33.3565673828125,0.229,38.87434770810928,-76.54615263072458
Holmquist et al 2021,July and August 2016 20m Grid Survey,GCW,306,2016,8,1,0.156,GEOID12B,wetland,Phragmites australis,Phragmites australis,-33.35449981689453,-33.398616790771484,-33.3565673828125,0.156,38.87452855676711,-76.54615664219877
Holmquist et al 2021,July and August 2016 20m Grid Survey,GCW,307,2016,8,1,0.183,GEOID12B,wetland,Phragmites australis,Phragmites australis,-33.35449981689453,-33.398616790771484,-33.3565673828125,0.183,38.87470922096302,-76.54615825204525
Holmquist et al 2021,July and August 2016 20m Grid Survey,GCW,308,2016,8,1,0.081,GEOID12B,wetland,Phragmites australis,Phragmites australis,-33.35449981689453,-33.398616790771484,-33.3565673828125,0.081,38.87488868998037,-76.54616369764864
Holmquist et al 2021,July and August 2016 20m Grid Survey,GCW,309,2016,8,1,0.179,GEOID12B,wetland,Phragmites australis,Phragmites australis,-33.331199645996094,-33.371246337890625,-33.329566955566406,0.179,38.87506754611595,-76.54616779284564
Holmquist et al 2021,July and August 2016 20m Grid Survey,GCW,310,2016,8,1,0.16,GEOID12B,wetland,Phragmites australis,Phragmites australis,-33.331199645996094,-33.371246337890625,-33.329566955566406,0.16,38.87524907769073,-76.54617058583672
Holmquist et al 2021,July and August 2016 20m Grid Survey,GCW,311,2016,8,1,0.162,GEOID12B,wetland,Phragmites australis,Phragmites australis,-33.331199645996094,-33.371246337890625,-33.329566955566406,0.162,38.875428788683756,-76.54617476879321
Holmquist et al 2021,July and August 2016 20m Grid Survey,GCW,312,2016,8,1,0.403,GEOID12B,wetland,Phragmites australis,Phragmites australis,-33.35449981689453,-33.398616790771484,-33.3565673828125,0.403,38.873270307355384,-76.54589748600193
Holmquist et al 2021,July and August 2016 20m Grid Survey,GCW,313,2016,8,1,0.361,GEOID12B,wetland,Phragmites australis,Phragmites australis,-33.35449981689453,-33.398616790771484,-33.3565673828125,0.361,38.87345179565552,-76.54590151053561
Holmquist et al 2021,July and August 2016 20m Grid Survey,GCW,314,2016,8,1,0.334,GEOID12B,wetland,Typha angustifolia,Typha angustifolia,-33.35449981689453,-33.398616790771484,-33.3565673828125,0.334,38.87363146551301,-76.54590676368178
Holmquist et al 2021,July and August 2016 20m Grid Survey,GCW,315,2016,8,1,0.314,GEOID12B,wetland,C4,NA,-33.35449981689453,-33.398616790771484,-33.3565673828125,0.314,38.87381051806032,-76.54591100063679
Holmquist et al 2021,July and August 2016 20m Grid Survey,GCW,316,2016,8,1,0.321,GEOID12B,wetland,C4,NA,-33.35449981689453,-33.398616790771484,-33.3565673828125,0.321,38.87399208789851,-76.54591771286843
Holmquist et al 2021,July and August 2016 20m Grid Survey,GCW,317,2016,8,1,0.21,GEOID12B,wetland,Schoenoplectus americanus,Schoenoplectus americanus,-33.35449981689453,-33.398616790771484,-33.3565673828125,0.21,38.874170980995864,-76.54591765834688
Holmquist et al 2021,July and August 2016 20m Grid Survey,GCW,318,2016,8,1,-0.051,GEOID12B,wetland,Phragmites australis,Phragmites australis,-33.35449981689453,-33.398616790771484,-33.3565673828125,-0.051,38.874351661415616,-76.54592076643449
Holmquist et al 2021,July and August 2016 20m Grid Survey,GCW,319,2016,8,1,0.197,GEOID12B,wetland,Iva frutescens,Iva frutescens,-33.35449981689453,-33.398616790771484,-33.3565673828125,0.197,38.87453116786791,-76.54592542834337
Holmquist et al 2021,July and August 2016 20m Grid Survey,GCW,320,2016,8,1,0.241,GEOID12B,wetland,Iva frutescens,Iva frutescens,-33.35449981689453,-33.398616790771484,-33.3565673828125,0.241,38.87471185928515,-76.5459304272029
Holmquist et al 2021,July and August 2016 20m Grid Survey,GCW,321,2016,8,1,0.168,GEOID12B,wetland,Phragmites australis,Phragmites australis,-33.35449981689453,-33.398616790771484,-33.3565673828125,0.168,38.87489178345663,-76.54593416453281
Holmquist et al 2021,July and August 2016 20m Grid Survey,GCW,322,2016,8,1,0.064,GEOID12B,wetland,Iva frutescens,Iva frutescens,-33.331199645996094,-33.371246337890625,-33.329566955566406,0.064,38.8750724221685,-76.54593701825087
Holmquist et al 2021,July and August 2016 20m Grid Survey,GCW,323,2016,8,1,0.146,GEOID12B,wetland,NA,NA,-33.331199645996094,-33.371246337890625,-33.329566955566406,0.146,38.87525312607987,-76.54594107225374
Holmquist et al 2021,July and August 2016 20m Grid Survey,GCW,324,2016,8,1,0.188,GEOID12B,wetland,Phragmites australis,Phragmites australis,-33.331199645996094,-33.371246337890625,-33.329566955566406,0.188,38.87543215261748,-76.54594522827338
Holmquist et al 2021,July and August 2016 20m Grid Survey,GCW,325,2016,8,1,0.098,GEOID12B,wetland,Spartina alterniflora,Spartina alterniflora,-33.331199645996094,-33.371246337890625,-33.329566955566406,0.098,38.87561244732497,-76.54594888154986
Holmquist et al 2021,July and August 2016 20m Grid Survey,GCW,326,2016,8,1,0.406,GEOID12B,wetland,Spartina cynosuroides,Spartina cynosuroides,-33.35449981689453,-33.398616790771484,-33.3565673828125,0.406,38.87327410041431,-76.54566883775715
Holmquist et al 2021,July and August 2016 20m Grid Survey,GCW,327,2016,8,1,0.325,GEOID12B,wetland,Spartina cynosuroides,Spartina cynosuroides,-33.35449981689453,-33.398616790771484,-33.3565673828125,0.325,38.87345383454806,-76.54567127908426
Holmquist et al 2021,July and August 2016 20m Grid Survey,GCW,328,2016,8,1,0.243,GEOID12B,wetland,Typha angustifolia,Typha angustifolia,-33.35449981689453,-33.398616790771484,-33.3565673828125,0.243,38.873634760688205,-76.54567556753925
Holmquist et al 2021,July and August 2016 20m Grid Survey,GCW,329,2016,8,1,0.261,GEOID12B,wetland,Phragmites australis,Phragmites australis,-33.35449981689453,-33.398616790771484,-33.3565673828125,0.261,38.87381471653053,-76.54568031914866
Holmquist et al 2021,July and August 2016 20m Grid Survey,GCW,330,2016,8,1,0.284,GEOID12B,wetland,Iva frutescens,Iva frutescens,-33.35449981689453,-33.398616790771484,-33.3565673828125,0.284,38.87399502001309,-76.54568399477905
Holmquist et al 2021,July and August 2016 20m Grid Survey,GCW,331,2016,8,1,0.191,GEOID12B,wetland,Phragmites australis,Phragmites australis,-33.35449981689453,-33.398616790771484,-33.3565673828125,0.191,38.87417401788702,-76.54568623584495
Holmquist et al 2021,July and August 2016 20m Grid Survey,GCW,332,2016,8,1,-0.028,GEOID12B,wetland,Phragmites australis,Phragmites australis,-33.35449981689453,-33.398616790771484,-33.3565673828125,-0.028,38.87435454718207,-76.54569055042673
Holmquist et al 2021,July and August 2016 20m Grid Survey,GCW,333,2016,8,1,0.204,GEOID12B,wetland,Kosteletzkya  virginica,Kosteletzkya  virginica,-33.35449981689453,-33.398616790771484,-33.3565673828125,0.204,38.8745344025223,-76.54569404353958
Holmquist et al 2021,July and August 2016 20m Grid Survey,GCW,334,2016,8,1,0.146,GEOID12B,wetland,Phragmites australis,Phragmites australis,-33.35449981689453,-33.398616790771484,-33.3565673828125,0.146,38.87471466949786,-76.54569843320112
Holmquist et al 2021,July and August 2016 20m Grid Survey,GCW,335,2016,8,1,0.196,GEOID12B,wetland,Phragmites australis,Phragmites australis,-33.35449981689453,-33.398616790771484,-33.3565673828125,0.196,38.87489448299592,-76.54570236351186
Holmquist et al 2021,July and August 2016 20m Grid Survey,GCW,336,2016,8,1,0.206,GEOID12B,wetland,Phragmites australis,Phragmites australis,-33.331199645996094,-33.371246337890625,-33.329566955566406,0.206,38.87507501196201,-76.54570670128697
Holmquist et al 2021,July and August 2016 20m Grid Survey,GCW,337,2016,8,1,0.281,GEOID12B,wetland,Phragmites australis,Phragmites australis,-33.35449981689453,-33.398616790771484,-33.3565673828125,0.281,38.87381707747796,-76.54545023181555
Holmquist et al 2021,July and August 2016 20m Grid Survey,GCW,338,2016,8,1,0.134,GEOID12B,wetland,Iva frutescens,Iva frutescens,-33.35449981689453,-33.398616790771484,-33.3565673828125,0.134,38.87399699574225,-76.54545237693958
Holmquist et al 2021,July and August 2016 20m Grid Survey,GCW,339,2016,8,1,0.1,GEOID12B,wetland,Schoenoplectus americanus,Schoenoplectus americanus,-33.35449981689453,-33.398616790771484,-33.3565673828125,0.1,38.87417714290297,-76.54545697080479
Holmquist et al 2021,July and August 2016 20m Grid Survey,GCW,340,2016,8,1,0.157,GEOID12B,wetland,Phragmites australis,Phragmites australis,-33.35449981689453,-33.398616790771484,-33.3565673828125,0.157,38.87435728410016,-76.54546133403568
Holmquist et al 2021,July and August 2016 20m Grid Survey,GCW,341,2016,8,1,0.117,GEOID12B,wetland,Phragmites australis,Phragmites australis,-33.35449981689453,-33.398616790771484,-33.3565673828125,0.117,38.87453862293302,-76.54546575782864
Holmquist et al 2021,July and August 2016 20m Grid Survey,GCW,342,2016,8,1,0.096,GEOID12B,wetland,Spartina cynosuroides,Spartina cynosuroides,-33.35449981689453,-33.398616790771484,-33.3565673828125,0.096,38.874723026298774,-76.54546194842884
Holmquist et al 2021,July and August 2016 20m Grid Survey,GCW,343,2016,8,1,0.245,GEOID12B,wetland,Phragmites australis,Phragmites australis,-33.331199645996094,-33.371246337890625,-33.329566955566406,0.245,38.87507909683419,-76.54547708527154
Holmquist et al 2021,July and August 2016 20m Grid Survey,GCW,344,2016,8,1,0.188,GEOID12B,wetland,Phragmites australis,Phragmites australis,-33.331199645996094,-33.371246337890625,-33.329566955566406,0.188,38.8752579528541,-76.54547983007336
Holmquist et al 2021,July and August 2016 20m Grid Survey,GCW,345,2016,8,1,0.219,GEOID12B,wetland,Schoenoplectus americanus,Schoenoplectus americanus,-33.331199645996094,-33.371246337890625,-33.329566955566406,0.219,38.875438148827975,-76.54548413706995
Holmquist et al 2021,July and August 2016 20m Grid Survey,GCW,346,2016,8,1,0.155,GEOID12B,wetland,Iva frutescens,Iva frutescens,-33.331199645996094,-33.371246337890625,-33.329566955566406,0.155,38.87561970441717,-76.54548715943483
Holmquist et al 2021,July and August 2016 20m Grid Survey,GCW,347,2016,8,1,0.056,GEOID12B,wetland,Phragmites australis,Phragmites australis,-33.331199645996094,-33.371246337890625,-33.329566955566406,0.056,38.8767007875098,-76.54548119584287
Holmquist et al 2021,July and August 2016 20m Grid Survey,GCW,348,2016,8,1,0.201,GEOID12B,wetland,Iva frutescens,Iva frutescens,-33.35449981689453,-33.398616790771484,-33.3565673828125,0.201,38.873819835698455,-76.54521936922333
Holmquist et al 2021,July and August 2016 20m Grid Survey,GCW,349,2016,8,1,0.076,GEOID12B,wetland,Iva frutescens,Iva frutescens,-33.35449981689453,-33.398616790771484,-33.3565673828125,0.076,38.87400034762943,-76.54522295598653
Holmquist et al 2021,July and August 2016 20m Grid Survey,GCW,350,2016,8,1,0.295,GEOID12B,wetland,C4,NA,-33.35449981689453,-33.398616790771484,-33.3565673828125,0.295,38.874180977252095,-76.54522513901928
Holmquist et al 2021,July and August 2016 20m Grid Survey,GCW,351,2016,8,1,0.272,GEOID12B,wetland,C4,NA,-33.35449981689453,-33.398616790771484,-33.3565673828125,0.272,38.87436142277809,-76.5452303382137
Holmquist et al 2021,July and August 2016 20m Grid Survey,GCW,352,2016,8,1,0.176,GEOID12B,wetland,Iva frutescens,Iva frutescens,-33.35449981689453,-33.398616790771484,-33.3565673828125,0.176,38.87454137848633,-76.54523510033411
Holmquist et al 2021,July and August 2016 20m Grid Survey,GCW,353,2016,8,1,0.22,GEOID12B,wetland,Phragmites australis,Phragmites australis,-33.35449981689453,-33.398616790771484,-33.3565673828125,0.22,38.87472168060101,-76.54523819854636
Holmquist et al 2021,July and August 2016 20m Grid Survey,GCW,354,2016,8,1,0.201,GEOID12B,wetland,Phragmites australis,Phragmites australis,-33.35449981689453,-33.398616790771484,-33.3565673828125,0.201,38.8749011289074,-76.54524112844244
Holmquist et al 2021,July and August 2016 20m Grid Survey,GCW,355,2016,8,1,0.094,GEOID12B,wetland,Phragmites australis,Phragmites australis,-33.331199645996094,-33.371246337890625,-33.329566955566406,0.094,38.87508106886909,-76.54524571742142
Holmquist et al 2021,July and August 2016 20m Grid Survey,GCW,356,2016,8,1,0.22,GEOID12B,wetland,Phragmites australis,Phragmites australis,-33.331199645996094,-33.371246337890625,-33.329566955566406,0.22,38.87526187802206,-76.54524863074747
Holmquist et al 2021,July and August 2016 20m Grid Survey,GCW,357,2016,8,1,0.186,GEOID12B,wetland,C4,NA,-33.331199645996094,-33.371246337890625,-33.329566955566406,0.186,38.875441376271404,-76.54525391340087
Holmquist et al 2021,July and August 2016 20m Grid Survey,GCW,358,2016,8,1,0.193,GEOID12B,wetland,Iva frutescens,Iva frutescens,-33.331199645996094,-33.371246337890625,-33.329566955566406,0.193,38.875622190016806,-76.5452585214188
Holmquist et al 2021,July and August 2016 20m Grid Survey,GCW,359,2016,8,1,0.205,GEOID12B,wetland,Spartina cynosuroides,Spartina cynosuroides,-33.331199645996094,-33.371246337890625,-33.329566955566406,0.205,38.87580203342812,-76.54526087213904
Holmquist et al 2021,July and August 2016 20m Grid Survey,GCW,360,2016,8,1,0.206,GEOID12B,wetland,Spartina cynosuroides,Spartina cynosuroides,-33.331199645996094,-33.371246337890625,-33.329566955566406,0.206,38.875982977414246,-76.54526653204745
Holmquist et al 2021,July and August 2016 20m Grid Survey,GCW,361,2016,8,1,0.251,GEOID12B,wetland,Phragmites australis,Phragmites australis,-33.331199645996094,-33.371246337890625,-33.329566955566406,0.251,38.87616234263208,-76.54527029035214
Holmquist et al 2021,July and August 2016 20m Grid Survey,GCW,362,2016,8,1,0.223,GEOID12B,wetland,Phragmites australis,Phragmites australis,-33.331199645996094,-33.371246337890625,-33.329566955566406,0.223,38.87634233765063,-76.5452734398475
Holmquist et al 2021,July and August 2016 20m Grid Survey,GCW,363,2016,8,1,0.173,GEOID12B,wetland,Phragmites australis,Phragmites australis,-33.331199645996094,-33.371246337890625,-33.329566955566406,0.173,38.87670279931233,-76.5452801871951
Holmquist et al 2021,July and August 2016 20m Grid Survey,GCW,364,2016,8,1,0.017,GEOID12B,wetland,NA,NA,-33.331199645996094,-33.371246337890625,-33.329566955566406,0.017,38.87688294716714,-76.545284723407
Holmquist et al 2021,July and August 2016 20m Grid Survey,GCW,365,2016,8,1,0.125,GEOID12B,wetland,Spartina alterniflora,Spartina alterniflora,-33.331199645996094,-33.371246337890625,-33.329566955566406,0.125,38.877063531674295,-76.54528826621255
Holmquist et al 2021,July and August 2016 20m Grid Survey,GCW,366,2016,8,1,0.111,GEOID12B,wetland,C4,NA,-33.35449981689453,-33.398616790771484,-33.3565673828125,0.111,38.87382333259824,-76.54498848802241
Holmquist et al 2021,July and August 2016 20m Grid Survey,GCW,367,2016,8,1,0.24,GEOID12B,wetland,C4,NA,-33.35449981689453,-33.398616790771484,-33.3565673828125,0.24,38.87400341199878,-76.5449920763624
Holmquist et al 2021,July and August 2016 20m Grid Survey,GCW,368,2016,8,1,0.287,GEOID12B,wetland,Schoenoplectus americanus,Schoenoplectus americanus,-33.35449981689453,-33.398616790771484,-33.3565673828125,0.287,38.87418282859388,-76.54499536220386
Holmquist et al 2021,July and August 2016 20m Grid Survey,GCW,369,2016,8,1,0.308,GEOID12B,wetland,C4,NA,-33.35449981689453,-33.398616790771484,-33.3565673828125,0.308,38.87436300357766,-76.54499989790895
Holmquist et al 2021,July and August 2016 20m Grid Survey,GCW,370,2016,8,1,0.26,GEOID12B,wetland,Schoenoplectus americanus,Schoenoplectus americanus,-33.35449981689453,-33.398616790771484,-33.3565673828125,0.26,38.874543548046866,-76.54500443012645
Holmquist et al 2021,July and August 2016 20m Grid Survey,GCW,371,2016,8,1,0.237,GEOID12B,wetland,Iva frutescens,Iva frutescens,-33.35449981689453,-33.398616790771484,-33.3565673828125,0.237,38.87472415464182,-76.54500835278373
Holmquist et al 2021,July and August 2016 20m Grid Survey,GCW,372,2016,8,1,0.205,GEOID12B,wetland,Phragmites australis,Phragmites australis,-33.35449981689453,-33.398616790771484,-33.3565673828125,0.205,38.87490346205797,-76.54501239719609
Holmquist et al 2021,July and August 2016 20m Grid Survey,GCW,373,2016,8,1,-0.063,GEOID12B,wetland,Phragmites australis,Phragmites australis,-33.331199645996094,-33.371246337890625,-33.329566955566406,-0.063,38.87508413214542,-76.54501560660633
Holmquist et al 2021,July and August 2016 20m Grid Survey,GCW,374,2016,8,1,0.226,GEOID12B,wetland,Schoenoplectus americanus,Schoenoplectus americanus,-33.331199645996094,-33.371246337890625,-33.329566955566406,0.226,38.875265284566936,-76.54501981784425
Holmquist et al 2021,July and August 2016 20m Grid Survey,GCW,375,2016,8,1,0.169,GEOID12B,wetland,C4,NA,-33.331199645996094,-33.371246337890625,-33.329566955566406,0.169,38.8754445345391,-76.54502275449133
Holmquist et al 2021,July and August 2016 20m Grid Survey,GCW,376,2016,8,1,0.253,GEOID12B,wetland,C4,NA,-33.331199645996094,-33.371246337890625,-33.329566955566406,0.253,38.87562428104937,-76.54502698146187
Holmquist et al 2021,July and August 2016 20m Grid Survey,GCW,377,2016,8,1,0.265,GEOID12B,wetland,C4,NA,-33.331199645996094,-33.371246337890625,-33.329566955566406,0.265,38.87580497203824,-76.54503065255243
Holmquist et al 2021,July and August 2016 20m Grid Survey,GCW,378,2016,8,1,0.061,GEOID12B,wetland,Iva frutescens,Iva frutescens,-33.331199645996094,-33.371246337890625,-33.329566955566406,0.061,38.8759854068248,-76.54503461784206
Holmquist et al 2021,July and August 2016 20m Grid Survey,GCW,379,2016,8,1,0.217,GEOID12B,wetland,Iva frutescens,Iva frutescens,-33.331199645996094,-33.371246337890625,-33.329566955566406,0.217,38.87616589215815,-76.54503952951497
Holmquist et al 2021,July and August 2016 20m Grid Survey,GCW,380,2016,8,1,0.133,GEOID12B,wetland,Phragmites australis,Phragmites australis,-33.331199645996094,-33.371246337890625,-33.329566955566406,0.133,38.87634539433271,-76.54504247178699
Holmquist et al 2021,July and August 2016 20m Grid Survey,GCW,381,2016,8,1,0.138,GEOID12B,wetland,Schoenoplectus americanus,Schoenoplectus americanus,-33.331199645996094,-33.371246337890625,-33.329566955566406,0.138,38.87670547418724,-76.54505015495896
Holmquist et al 2021,July and August 2016 20m Grid Survey,GCW,382,2016,8,1,0.207,GEOID12B,wetland,Phragmites australis,Phragmites australis,-33.331199645996094,-33.371246337890625,-33.329566955566406,0.207,38.87688593506443,-76.54505487028342
Holmquist et al 2021,July and August 2016 20m Grid Survey,GCW,383,2016,8,1,0.232,GEOID12B,wetland,Phragmites australis,Phragmites australis,-33.331199645996094,-33.371246337890625,-33.329566955566406,0.232,38.87706654188744,-76.54505877034684
Holmquist et al 2021,July and August 2016 20m Grid Survey,GCW,384,2016,8,1,0.254,GEOID12B,wetland,C4,NA,-33.35449981689453,-33.398616790771484,-33.3565673828125,0.254,38.87382558590065,-76.54475757986785
Holmquist et al 2021,July and August 2016 20m Grid Survey,GCW,385,2016,8,1,0.282,GEOID12B,wetland,C4,NA,-33.35449981689453,-33.398616790771484,-33.3565673828125,0.282,38.87400626123808,-76.54476107678386
Holmquist et al 2021,July and August 2016 20m Grid Survey,GCW,386,2016,8,1,0.308,GEOID12B,wetland,C4,NA,-33.35449981689453,-33.398616790771484,-33.3565673828125,0.308,38.87418706057616,-76.54476609800261
Holmquist et al 2021,July and August 2016 20m Grid Survey,GCW,387,2016,8,1,0.30400000000000005,GEOID12B,wetland,Schoenoplectus americanus,Schoenoplectus americanus,-33.35449981689453,-33.398616790771484,-33.3565673828125,0.30400000000000005,38.87446131050293,-76.54477527519292
Holmquist et al 2021,July and August 2016 20m Grid Survey,GCW,388,2016,8,1,0.164,GEOID12B,wetland,Phragmites australis,Phragmites australis,-33.35449981689453,-33.398616790771484,-33.3565673828125,0.164,38.87472781789418,-76.54477644631784
Holmquist et al 2021,July and August 2016 20m Grid Survey,GCW,389,2016,8,1,0.174,GEOID12B,wetland,Phragmites australis,Phragmites australis,-33.35449981689453,-33.398616790771484,-33.3565673828125,0.174,38.87490728122765,-76.54478096614181
Holmquist et al 2021,July and August 2016 20m Grid Survey,GCW,390,2016,8,1,0.123,GEOID12B,wetland,Phragmites australis,Phragmites australis,-33.331199645996094,-33.371246337890625,-33.329566955566406,0.123,38.875087868899016,-76.54478495703822
Holmquist et al 2021,July and August 2016 20m Grid Survey,GCW,391,2016,8,1,0.243,GEOID12B,wetland,C4,NA,-33.331199645996094,-33.371246337890625,-33.329566955566406,0.243,38.875281067833356,-76.54478924409625
Holmquist et al 2021,July and August 2016 20m Grid Survey,GCW,392,2016,8,1,0.236,GEOID12B,wetland,Schoenoplectus americanus,Schoenoplectus americanus,-33.331199645996094,-33.371246337890625,-33.329566955566406,0.236,38.875446464645364,-76.5447924450418
Holmquist et al 2021,July and August 2016 20m Grid Survey,GCW,393,2016,8,1,0.233,GEOID12B,wetland,Schoenoplectus americanus,Schoenoplectus americanus,-33.331199645996094,-33.371246337890625,-33.329566955566406,0.233,38.87562755601174,-76.5447971847031
Holmquist et al 2021,July and August 2016 20m Grid Survey,GCW,394,2016,8,1,0.213,GEOID12B,wetland,Phragmites australis,Phragmites australis,-33.331199645996094,-33.371246337890625,-33.329566955566406,0.213,38.87580806228001,-76.5448011970345
Holmquist et al 2021,July and August 2016 20m Grid Survey,GCW,395,2016,8,1,0.124,GEOID12B,wetland,Iva frutescens,Iva frutescens,-33.331199645996094,-33.371246337890625,-33.329566955566406,0.124,38.875988336437956,-76.54480368275236
Holmquist et al 2021,July and August 2016 20m Grid Survey,GCW,396,2016,8,1,0.236,GEOID12B,wetland,Phragmites australis,Phragmites australis,-33.331199645996094,-33.371246337890625,-33.329566955566406,0.236,38.87616739162536,-76.54480908160942
Holmquist et al 2021,July and August 2016 20m Grid Survey,GCW,397,2016,8,1,-0.023,GEOID12B,wetland,Phragmites australis,Phragmites australis,-33.331199645996094,-33.371246337890625,-33.329566955566406,-0.023,38.876348784016486,-76.54481149938462
Holmquist et al 2021,July and August 2016 20m Grid Survey,GCW,398,2016,8,1,0.214,GEOID12B,wetland,Phragmites australis,Phragmites australis,-33.331199645996094,-33.371246337890625,-33.329566955566406,0.214,38.87670854037471,-76.54481911674819
Holmquist et al 2021,July and August 2016 20m Grid Survey,GCW,399,2016,8,1,0.196,GEOID12B,wetland,Phragmites australis,Phragmites australis,-33.331199645996094,-33.371246337890625,-33.329566955566406,0.196,38.87688912691952,-76.54482318866444
Holmquist et al 2021,July and August 2016 20m Grid Survey,GCW,400,2016,8,1,0.157,GEOID12B,wetland,Phragmites australis,Phragmites australis,-33.331199645996094,-33.371246337890625,-33.329566955566406,0.157,38.877069116789926,-76.54482808921226
Holmquist et al 2021,July and August 2016 20m Grid Survey,GCW,401,2016,8,1,0.153,GEOID12B,wetland,C4,NA,-33.331199645996094,-33.371246337890625,-33.329566955566406,0.153,38.877249453390306,-76.5448326630067
Holmquist et al 2021,July and August 2016 20m Grid Survey,GCW,402,2016,8,1,0.251,GEOID12B,wetland,Typha angustifolia,Typha angustifolia,-33.35449981689453,-33.398616790771484,-33.3565673828125,0.251,38.87364902260863,-76.54452363060773
Holmquist et al 2021,July and August 2016 20m Grid Survey,GCW,403,2016,8,1,0.237,GEOID12B,wetland,Schoenoplectus americanus,Schoenoplectus americanus,-33.35449981689453,-33.398616790771484,-33.3565673828125,0.237,38.873829450478894,-76.54452744430887
Holmquist et al 2021,July and August 2016 20m Grid Survey,GCW,404,2016,8,1,0.241,GEOID12B,wetland,Schoenoplectus americanus,Schoenoplectus americanus,-33.35449981689453,-33.398616790771484,-33.3565673828125,0.241,38.87400935420078,-76.54453205359673
Holmquist et al 2021,July and August 2016 20m Grid Survey,GCW,405,2016,8,1,0.153,GEOID12B,wetland,Phragmites australis,Phragmites australis,-33.35449981689453,-33.398616790771484,-33.3565673828125,0.153,38.874729621199364,-76.54454614795254
Holmquist et al 2021,July and August 2016 20m Grid Survey,GCW,406,2016,8,1,0.151,GEOID12B,wetland,C4,NA,-33.35449981689453,-33.398616790771484,-33.3565673828125,0.151,38.874910360983606,-76.54455090232246
Holmquist et al 2021,July and August 2016 20m Grid Survey,GCW,407,2016,8,1,0.144,GEOID12B,wetland,Iva frutescens,Iva frutescens,-33.331199645996094,-33.371246337890625,-33.329566955566406,0.144,38.87509102700493,-76.5445551018244
Holmquist et al 2021,July and August 2016 20m Grid Survey,GCW,408,2016,8,1,0.263,GEOID12B,wetland,C4,NA,-33.331199645996094,-33.371246337890625,-33.329566955566406,0.263,38.875270510789214,-76.54455875703792
Holmquist et al 2021,July and August 2016 20m Grid Survey,GCW,409,2016,8,1,0.243,GEOID12B,wetland,C4,NA,-33.331199645996094,-33.371246337890625,-33.329566955566406,0.243,38.87545131860337,-76.54456109224887
Holmquist et al 2021,July and August 2016 20m Grid Survey,GCW,410,2016,8,1,0.262,GEOID12B,wetland,C4,NA,-33.331199645996094,-33.371246337890625,-33.329566955566406,0.262,38.875631228092054,-76.54456662418036
Holmquist et al 2021,July and August 2016 20m Grid Survey,GCW,411,2016,8,1,0.191,GEOID12B,wetland,Phragmites australis,Phragmites australis,-33.331199645996094,-33.371246337890625,-33.329566955566406,0.191,38.875811050361555,-76.54457057501018
Holmquist et al 2021,July and August 2016 20m Grid Survey,GCW,412,2016,8,1,0.214,GEOID12B,wetland,Phragmites australis,Phragmites australis,-33.331199645996094,-33.371246337890625,-33.329566955566406,0.214,38.87599111659724,-76.54457379340045
Holmquist et al 2021,July and August 2016 20m Grid Survey,GCW,413,2016,8,1,0.193,GEOID12B,wetland,Iva frutescens,Iva frutescens,-33.331199645996094,-33.371246337890625,-33.329566955566406,0.193,38.87617135340109,-76.54457842186753
Holmquist et al 2021,July and August 2016 20m Grid Survey,GCW,414,2016,8,1,0.159,GEOID12B,wetland,Iva frutescens,Iva frutescens,-33.331199645996094,-33.371246337890625,-33.329566955566406,0.159,38.87635154774935,-76.54458285348655
Holmquist et al 2021,July and August 2016 20m Grid Survey,GCW,415,2016,8,1,0.087,GEOID12B,wetland,Phragmites australis,Phragmites australis,-33.331199645996094,-33.371246337890625,-33.329566955566406,0.087,38.87653244163423,-76.54458481034112
Holmquist et al 2021,July and August 2016 20m Grid Survey,GCW,416,2016,8,1,0.084,GEOID12B,wetland,Phragmites australis,Phragmites australis,-33.331199645996094,-33.371246337890625,-33.329566955566406,0.084,38.87671131605086,-76.54459025093212
Holmquist et al 2021,July and August 2016 20m Grid Survey,GCW,417,2016,8,1,0.167,GEOID12B,wetland,Phragmites australis,Phragmites australis,-33.331199645996094,-33.371246337890625,-33.329566955566406,0.167,38.87689184273296,-76.54459271863733
Holmquist et al 2021,July and August 2016 20m Grid Survey,GCW,418,2016,8,1,0.187,GEOID12B,wetland,C4,NA,-33.331199645996094,-33.371246337890625,-33.329566955566406,0.187,38.877072742154645,-76.54459766135241
Holmquist et al 2021,July and August 2016 20m Grid Survey,GCW,419,2016,8,1,0.274,GEOID12B,wetland,Schoenoplectus americanus,Schoenoplectus americanus,-33.331199645996094,-33.371246337890625,-33.329566955566406,0.274,38.87725264790377,-76.54460210995934
Holmquist et al 2021,July and August 2016 20m Grid Survey,GCW,420,2016,8,1,0.201,GEOID12B,wetland,Schoenoplectus americanus,Schoenoplectus americanus,-33.331199645996094,-33.371246337890625,-33.329566955566406,0.201,38.87563279301696,-76.54433660591211
Holmquist et al 2021,July and August 2016 20m Grid Survey,GCW,421,2016,8,1,0.159,GEOID12B,wetland,C4,NA,-33.331199645996094,-33.371246337890625,-33.329566955566406,0.159,38.87581412378765,-76.54433959745857
Holmquist et al 2021,July and August 2016 20m Grid Survey,GCW,422,2016,8,1,0.116,GEOID12B,wetland,Iva frutescens,Iva frutescens,-33.331199645996094,-33.371246337890625,-33.329566955566406,0.116,38.875993665747544,-76.54434362236574
Holmquist et al 2021,July and August 2016 20m Grid Survey,GCW,423,2016,8,1,0.189,GEOID12B,wetland,Phragmites australis,Phragmites australis,-33.331199645996094,-33.371246337890625,-33.329566955566406,0.189,38.87617398410403,-76.54434821743442
Holmquist et al 2021,July and August 2016 20m Grid Survey,GCW,424,2016,8,1,0.208,GEOID12B,wetland,Phragmites australis,Phragmites australis,-33.331199645996094,-33.371246337890625,-33.329566955566406,0.208,38.87635485865127,-76.5443516372486
Holmquist et al 2021,July and August 2016 20m Grid Survey,GCW,425,2016,8,1,0.209,GEOID12B,wetland,Phragmites australis,Phragmites australis,-33.331199645996094,-33.371246337890625,-33.329566955566406,0.209,38.876534999864546,-76.54435531788134
Holmquist et al 2021,July and August 2016 20m Grid Survey,GCW,426,2016,8,1,0.166,GEOID12B,wetland,Iva frutescens,Iva frutescens,-33.331199645996094,-33.371246337890625,-33.329566955566406,0.166,38.87671544140804,-76.54435945462467
Holmquist et al 2021,July and August 2016 20m Grid Survey,GCW,427,2016,8,1,0.119,GEOID12B,wetland,Phragmites australis,Phragmites australis,-33.331199645996094,-33.371246337890625,-33.329566955566406,0.119,38.876895978363514,-76.54436319000393
Holmquist et al 2021,July and August 2016 20m Grid Survey,GCW,428,2016,8,1,0.227,GEOID12B,wetland,Iva frutescens,Iva frutescens,-33.331199645996094,-33.371246337890625,-33.329566955566406,0.227,38.87707551801583,-76.54436806811758
Holmquist et al 2021,July and August 2016 20m Grid Survey,GCW,429,2016,8,1,0.267,GEOID12B,wetland,Schoenoplectus americanus,Schoenoplectus americanus,-33.331199645996094,-33.371246337890625,-33.329566955566406,0.267,38.87725480784102,-76.54437139615696
Holmquist et al 2021,July and August 2016 20m Grid Survey,GCW,430,2016,8,1,0.333,GEOID12B,wetland,C4,NA,-33.331199645996094,-33.371246337890625,-33.329566955566406,0.333,38.87742300264998,-76.54437288168648
Holmquist et al 2021,July and August 2016 20m Grid Survey,GCW,431,2016,8,1,0.16,GEOID12B,wetland,Schoenoplectus americanus,Schoenoplectus americanus,-33.331199645996094,-33.371246337890625,-33.329566955566406,0.16,38.87563783297189,-76.54410542940988
Holmquist et al 2021,July and August 2016 20m Grid Survey,GCW,432,2016,8,1,0.188,GEOID12B,wetland,Schoenoplectus americanus,Schoenoplectus americanus,-33.331199645996094,-33.371246337890625,-33.329566955566406,0.188,38.87581734364894,-76.5441090956754
Holmquist et al 2021,July and August 2016 20m Grid Survey,GCW,433,2016,8,1,0.168,GEOID12B,wetland,Iva frutescens,Iva frutescens,-33.331199645996094,-33.371246337890625,-33.329566955566406,0.168,38.87599722074729,-76.5441123088074
Holmquist et al 2021,July and August 2016 20m Grid Survey,GCW,434,2016,8,1,0.231,GEOID12B,wetland,Iva frutescens,Iva frutescens,-33.331199645996094,-33.371246337890625,-33.329566955566406,0.231,38.876176811436295,-76.54411673768463
Holmquist et al 2021,July and August 2016 20m Grid Survey,GCW,435,2016,8,1,0.023,GEOID12B,wetland,Iva frutescens,Iva frutescens,-33.331199645996094,-33.371246337890625,-33.329566955566406,0.023,38.876357186721165,-76.54411975417044
Holmquist et al 2021,July and August 2016 20m Grid Survey,GCW,436,2016,8,1,0.218,GEOID12B,wetland,Phragmites australis,Phragmites australis,-33.331199645996094,-33.371246337890625,-33.329566955566406,0.218,38.876537887260184,-76.54412474893587
Holmquist et al 2021,July and August 2016 20m Grid Survey,GCW,437,2016,8,1,0.131,GEOID12B,wetland,Phragmites australis,Phragmites australis,-33.331199645996094,-33.371246337890625,-33.329566955566406,0.131,38.876718320440915,-76.54412951893134
Holmquist et al 2021,July and August 2016 20m Grid Survey,GCW,438,2016,8,1,0.129,GEOID12B,wetland,Phragmites australis,Phragmites australis,-33.331199645996094,-33.371246337890625,-33.329566955566406,0.129,38.876897942839896,-76.54413291116053
Holmquist et al 2021,July and August 2016 20m Grid Survey,GCW,439,2016,8,1,0.23,GEOID12B,wetland,C4,NA,-33.331199645996094,-33.371246337890625,-33.329566955566406,0.23,38.87707762358182,-76.54413734217118
Holmquist et al 2021,July and August 2016 20m Grid Survey,GCW,440,2016,8,1,0.286,GEOID12B,wetland,C4,NA,-33.331199645996094,-33.371246337890625,-33.329566955566406,0.286,38.87725787910748,-76.54413919193858
Holmquist et al 2021,July and August 2016 20m Grid Survey,GCW,441,2016,8,1,0.303,GEOID12B,wetland,C4,NA,-33.331199645996094,-33.371246337890625,-33.329566955566406,0.303,38.877439434928874,-76.54414355985601
Holmquist et al 2021,July and August 2016 20m Grid Survey,GCW,442,2016,8,1,0.376,GEOID12B,wetland,Spartina cynosuroides,Spartina cynosuroides,-33.331199645996094,-33.371246337890625,-33.329566955566406,0.376,38.877799062335995,-76.54415207052388
Holmquist et al 2021,July and August 2016 20m Grid Survey,GCW,443,2016,8,1,0.278,GEOID12B,wetland,Schoenoplectus americanus,Schoenoplectus americanus,-33.331199645996094,-33.371246337890625,-33.329566955566406,0.278,38.87546069455779,-76.54387058712635
Holmquist et al 2021,July and August 2016 20m Grid Survey,GCW,444,2016,8,1,0.204,GEOID12B,wetland,C4,NA,-33.331199645996094,-33.371246337890625,-33.329566955566406,0.204,38.87563909661534,-76.54387359477893
Holmquist et al 2021,July and August 2016 20m Grid Survey,GCW,445,2016,8,1,0.214,GEOID12B,wetland,Schoenoplectus americanus,Schoenoplectus americanus,-33.331199645996094,-33.371246337890625,-33.329566955566406,0.214,38.875820862022145,-76.5438791536423
Holmquist et al 2021,July and August 2016 20m Grid Survey,GCW,446,2016,8,1,0.118,GEOID12B,wetland,Iva frutescens,Iva frutescens,-33.331199645996094,-33.371246337890625,-33.329566955566406,0.118,38.87600097165985,-76.54388181790937
Holmquist et al 2021,July and August 2016 20m Grid Survey,GCW,447,2016,8,1,0.234,GEOID12B,wetland,C4,NA,-33.331199645996094,-33.371246337890625,-33.329566955566406,0.234,38.876181499838935,-76.54388622038496
Holmquist et al 2021,July and August 2016 20m Grid Survey,GCW,448,2016,8,1,0.08,GEOID12B,wetland,Phragmites australis,Phragmites australis,-33.331199645996094,-33.371246337890625,-33.329566955566406,0.08,38.876360309870776,-76.54389040127529
Holmquist et al 2021,July and August 2016 20m Grid Survey,GCW,449,2016,8,1,0.172,GEOID12B,wetland,Phragmites australis,Phragmites australis,-33.331199645996094,-33.371246337890625,-33.329566955566406,0.172,38.87654123316533,-76.5438942244718
Holmquist et al 2021,July and August 2016 20m Grid Survey,GCW,450,2016,8,1,0.197,GEOID12B,wetland,Iva frutescens,Iva frutescens,-33.331199645996094,-33.371246337890625,-33.329566955566406,0.197,38.876720914074824,-76.54389796317811
Holmquist et al 2021,July and August 2016 20m Grid Survey,GCW,451,2016,8,1,0.145,GEOID12B,wetland,Schoenoplectus americanus,Schoenoplectus americanus,-33.331199645996094,-33.371246337890625,-33.329566955566406,0.145,38.87690147091399,-76.54390155948883
Holmquist et al 2021,July and August 2016 20m Grid Survey,GCW,452,2016,8,1,0.329,GEOID12B,wetland,Spartina cynosuroides,Spartina cynosuroides,-33.331199645996094,-33.371246337890625,-33.329566955566406,0.329,38.87762240003926,-76.54391326559656
Holmquist et al 2021,July and August 2016 20m Grid Survey,GCW,453,2016,8,1,0.324,GEOID12B,wetland,Spartina cynosuroides,Spartina cynosuroides,-33.331199645996094,-33.371246337890625,-33.329566955566406,0.324,38.87780163654528,-76.54392062612008
Holmquist et al 2021,July and August 2016 20m Grid Survey,GCW,454,2016,8,1,0.336,GEOID12B,wetland,C4,NA,-33.331199645996094,-33.371246337890625,-33.329566955566406,0.336,38.87798169792814,-76.54392557218874
Holmquist et al 2021,July and August 2016 20m Grid Survey,GCW,455,2016,8,1,0.354,GEOID12B,wetland,Phragmites australis,Phragmites australis,-33.331199645996094,-33.371246337890625,-33.329566955566406,0.354,38.87820530966654,-76.54393044641938
Holmquist et al 2021,July and August 2016 20m Grid Survey,GCW,456,2016,8,1,0.296,GEOID12B,wetland,Schoenoplectus americanus,Schoenoplectus americanus,-33.331199645996094,-33.371246337890625,-33.329566955566406,0.296,38.875463316334184,-76.5436402694776
Holmquist et al 2021,July and August 2016 20m Grid Survey,GCW,457,2016,8,1,0.305,GEOID12B,wetland,C4,NA,-33.331199645996094,-33.371246337890625,-33.329566955566406,0.305,38.87564247133291,-76.54364494126314
Holmquist et al 2021,July and August 2016 20m Grid Survey,GCW,458,2016,8,1,0.279,GEOID12B,wetland,Schoenoplectus americanus,Schoenoplectus americanus,-33.331199645996094,-33.371246337890625,-33.329566955566406,0.279,38.8758230909606,-76.54364788108235
Holmquist et al 2021,July and August 2016 20m Grid Survey,GCW,459,2016,8,1,0.087,GEOID12B,wetland,C4,NA,-33.331199645996094,-33.371246337890625,-33.329566955566406,0.087,38.876003311265244,-76.54365444343891
Holmquist et al 2021,July and August 2016 20m Grid Survey,GCW,460,2016,8,1,0.253,GEOID12B,wetland,Iva frutescens,Iva frutescens,-33.331199645996094,-33.371246337890625,-33.329566955566406,0.253,38.876183968076916,-76.54365525154833
Holmquist et al 2021,July and August 2016 20m Grid Survey,GCW,461,2016,8,1,0.221,GEOID12B,wetland,Iva frutescens,Iva frutescens,-33.331199645996094,-33.371246337890625,-33.329566955566406,0.221,38.876363618202085,-76.54365995724821
Holmquist et al 2021,July and August 2016 20m Grid Survey,GCW,462,2016,8,1,0.211,GEOID12B,wetland,Schoenoplectus americanus,Schoenoplectus americanus,-33.331199645996094,-33.371246337890625,-33.329566955566406,0.211,38.87654372223917,-76.54366440767544
Holmquist et al 2021,July and August 2016 20m Grid Survey,GCW,463,2016,8,1,0.252,GEOID12B,wetland,C4,NA,-33.331199645996094,-33.371246337890625,-33.329566955566406,0.252,38.87672497272126,-76.54366733825346
Holmquist et al 2021,July and August 2016 20m Grid Survey,GCW,464,2016,8,1,0.087,GEOID12B,wetland,Schoenoplectus americanus,Schoenoplectus americanus,-33.331199645996094,-33.371246337890625,-33.329566955566406,0.087,38.876904873346994,-76.54367081603284
Holmquist et al 2021,July and August 2016 20m Grid Survey,GCW,465,2016,8,1,0.356,GEOID12B,wetland,C4,NA,-33.331199645996094,-33.371246337890625,-33.329566955566406,0.356,38.87744462500911,-76.54368293368728
Holmquist et al 2021,July and August 2016 20m Grid Survey,GCW,466,2016,8,1,0.232,GEOID12B,wetland,Iva frutescens,Iva frutescens,-33.331199645996094,-33.371246337890625,-33.329566955566406,0.232,38.87762579764224,-76.54368766106533
Holmquist et al 2021,July and August 2016 20m Grid Survey,GCW,467,2016,8,1,0.324,GEOID12B,wetland,Iva frutescens,Iva frutescens,-33.331199645996094,-33.371246337890625,-33.329566955566406,0.324,38.87780552098655,-76.54369159628988
Holmquist et al 2021,July and August 2016 20m Grid Survey,GCW,468,2016,8,1,0.318,GEOID12B,wetland,C4,NA,-33.331199645996094,-33.371246337890625,-33.329566955566406,0.318,38.877985297289804,-76.54369493325133
Holmquist et al 2021,July and August 2016 20m Grid Survey,GCW,469,2016,8,1,0.284,GEOID12B,wetland,C4,NA,-33.331199645996094,-33.371246337890625,-33.329566955566406,0.284,38.878165030069695,-76.54369815402501
Holmquist et al 2021,July and August 2016 20m Grid Survey,GCW,470,2016,8,1,0.353,GEOID12B,wetland,C4,NA,-33.331199645996094,-33.371246337890625,-33.329566955566406,0.353,38.878322898579,-76.54370167404988
Holmquist et al 2021,July and August 2016 20m Grid Survey,GCW,471,2016,8,1,0.285,GEOID12B,wetland,Schoenoplectus americanus,Schoenoplectus americanus,-33.331199645996094,-33.371246337890625,-33.329566955566406,0.285,38.87528525004648,-76.54340669991664
Holmquist et al 2021,July and August 2016 20m Grid Survey,GCW,472,2016,8,1,0.287,GEOID12B,wetland,C4,NA,-33.331199645996094,-33.371246337890625,-33.329566955566406,0.287,38.87546607965612,-76.54341011625189
Holmquist et al 2021,July and August 2016 20m Grid Survey,GCW,473,2016,8,1,0.273,GEOID12B,wetland,Schoenoplectus americanus,Schoenoplectus americanus,-33.331199645996094,-33.371246337890625,-33.329566955566406,0.273,38.8756465153131,-76.54341265954253
Holmquist et al 2021,July and August 2016 20m Grid Survey,GCW,474,2016,8,1,0.236,GEOID12B,wetland,Schoenoplectus americanus,Schoenoplectus americanus,-33.331199645996094,-33.371246337890625,-33.329566955566406,0.236,38.87582690097656,-76.54341830265686
Holmquist et al 2021,July and August 2016 20m Grid Survey,GCW,475,2016,8,1,0.26,GEOID12B,wetland,Schoenoplectus americanus,Schoenoplectus americanus,-33.331199645996094,-33.371246337890625,-33.329566955566406,0.26,38.87600694867698,-76.54342156384816
Holmquist et al 2021,July and August 2016 20m Grid Survey,GCW,476,2016,8,1,0.271,GEOID12B,wetland,C4,NA,-33.331199645996094,-33.371246337890625,-33.329566955566406,0.271,38.87618728678917,-76.54342535009084
Holmquist et al 2021,July and August 2016 20m Grid Survey,GCW,477,2016,8,1,0.28,GEOID12B,wetland,C4,NA,-33.331199645996094,-33.371246337890625,-33.329566955566406,0.28,38.876367214058895,-76.54343022259313
Holmquist et al 2021,July and August 2016 20m Grid Survey,GCW,478,2016,8,1,0.257,GEOID12B,wetland,C4,NA,-33.331199645996094,-33.371246337890625,-33.329566955566406,0.257,38.87654717760049,-76.54343303249028
Holmquist et al 2021,July and August 2016 20m Grid Survey,GCW,479,2016,8,1,0.245,GEOID12B,wetland,Phragmites australis,Phragmites australis,-33.331199645996094,-33.371246337890625,-33.329566955566406,0.245,38.8767272515805,-76.5434377122725
Holmquist et al 2021,July and August 2016 20m Grid Survey,GCW,480,2016,8,1,0.317,GEOID12B,wetland,Spartina cynosuroides,Spartina cynosuroides,-33.331199645996094,-33.371246337890625,-33.329566955566406,0.317,38.87690696966138,-76.54342705268762
Holmquist et al 2021,July and August 2016 20m Grid Survey,GCW,481,2016,8,1,0.289,GEOID12B,wetland,Iva frutescens,Iva frutescens,-33.331199645996094,-33.371246337890625,-33.329566955566406,0.289,38.87744727341775,-76.54345262172441
Holmquist et al 2021,July and August 2016 20m Grid Survey,GCW,482,2016,8,1,0.257,GEOID12B,wetland,Iva frutescens,Iva frutescens,-33.331199645996094,-33.371246337890625,-33.329566955566406,0.257,38.87762878897606,-76.54345662969122
Holmquist et al 2021,July and August 2016 20m Grid Survey,GCW,483,2016,8,1,0.203,GEOID12B,wetland,Phragmites australis,Phragmites australis,-33.331199645996094,-33.371246337890625,-33.329566955566406,0.203,38.87780854090782,-76.54346112981183
Holmquist et al 2021,July and August 2016 20m Grid Survey,GCW,484,2016,8,1,0.252,GEOID12B,wetland,Phragmites australis,Phragmites australis,-33.331199645996094,-33.371246337890625,-33.329566955566406,0.252,38.87798927027766,-76.5434646251469
Holmquist et al 2021,July and August 2016 20m Grid Survey,GCW,485,2016,8,1,0.256,GEOID12B,wetland,Phragmites australis,Phragmites australis,-33.331199645996094,-33.371246337890625,-33.329566955566406,0.256,38.87816897883204,-76.54346899759662
Holmquist et al 2021,July and August 2016 20m Grid Survey,GCW,486,2016,8,1,0.374,GEOID12B,wetland,Phragmites australis,Phragmites australis,-33.331199645996094,-33.371246337890625,-33.329566955566406,0.374,38.8783379217192,-76.54347251464516
Holmquist et al 2021,July and August 2016 20m Grid Survey,GCW,487,2016,8,1,0.296,GEOID12B,wetland,Typha angustifolia,Typha angustifolia,-33.331199645996094,-33.371246337890625,-33.329566955566406,0.296,38.875469092145295,-76.54317948424323
Holmquist et al 2021,July and August 2016 20m Grid Survey,GCW,488,2016,8,1,0.256,GEOID12B,wetland,Schoenoplectus americanus,Schoenoplectus americanus,-33.331199645996094,-33.371246337890625,-33.329566955566406,0.256,38.87564850670718,-76.54318292705521
Holmquist et al 2021,July and August 2016 20m Grid Survey,GCW,489,2016,8,1,0.217,GEOID12B,wetland,Schoenoplectus americanus,Schoenoplectus americanus,-33.331199645996094,-33.371246337890625,-33.329566955566406,0.217,38.87582862410395,-76.54318773381135
Holmquist et al 2021,July and August 2016 20m Grid Survey,GCW,490,2016,8,1,0.147,GEOID12B,wetland,Schoenoplectus americanus,Schoenoplectus americanus,-33.331199645996094,-33.371246337890625,-33.329566955566406,0.147,38.87600988702554,-76.543191089872
Holmquist et al 2021,July and August 2016 20m Grid Survey,GCW,491,2016,8,1,0.17,GEOID12B,wetland,C4,NA,-33.331199645996094,-33.371246337890625,-33.329566955566406,0.17,38.87618952464422,-76.54319469899484
Holmquist et al 2021,July and August 2016 20m Grid Survey,GCW,492,2016,8,1,0.157,GEOID12B,wetland,Iva frutescens,Iva frutescens,-33.331199645996094,-33.371246337890625,-33.329566955566406,0.157,38.876369584317686,-76.54319978127478
Holmquist et al 2021,July and August 2016 20m Grid Survey,GCW,493,2016,8,1,0.229,GEOID12B,wetland,Phragmites australis,Phragmites australis,-33.331199645996094,-33.371246337890625,-33.329566955566406,0.229,38.87673103356557,-76.54320681617165
Holmquist et al 2021,July and August 2016 20m Grid Survey,GCW,494,2016,8,1,0.187,GEOID12B,wetland,Phragmites australis,Phragmites australis,-33.331199645996094,-33.371246337890625,-33.329566955566406,0.187,38.876910616023686,-76.54320982480333
Holmquist et al 2021,July and August 2016 20m Grid Survey,GCW,495,2016,8,1,0.208,GEOID12B,wetland,Iva frutescens,Iva frutescens,-33.331199645996094,-33.371246337890625,-33.329566955566406,0.208,38.877090160048084,-76.54321437733616
Holmquist et al 2021,July and August 2016 20m Grid Survey,GCW,496,2016,8,1,0.194,GEOID12B,wetland,Phragmites australis,Phragmites australis,-33.331199645996094,-33.371246337890625,-33.329566955566406,0.194,38.87727038286456,-76.5432180223785
Holmquist et al 2021,July and August 2016 20m Grid Survey,GCW,497,2016,8,1,0.259,GEOID12B,wetland,Phragmites australis,Phragmites australis,-33.331199645996094,-33.371246337890625,-33.329566955566406,0.259,38.87745034904715,-76.54322267633934
Holmquist et al 2021,July and August 2016 20m Grid Survey,GCW,498,2016,8,1,0.188,GEOID12B,wetland,Kosteletzkya  virginica,Kosteletzkya  virginica,-33.331199645996094,-33.371246337890625,-33.329566955566406,0.188,38.87763120745754,-76.54322595478679
Holmquist et al 2021,July and August 2016 20m Grid Survey,GCW,499,2016,8,1,0.254,GEOID12B,wetland,Phragmites australis,Phragmites australis,-33.331199645996094,-33.371246337890625,-33.329566955566406,0.254,38.87781096426359,-76.54322940540692
Holmquist et al 2021,July and August 2016 20m Grid Survey,GCW,500,2016,8,1,0.124,GEOID12B,wetland,Phragmites australis,Phragmites australis,-33.331199645996094,-33.371246337890625,-33.329566955566406,0.124,38.87799161629627,-76.54323466223131
Holmquist et al 2021,July and August 2016 20m Grid Survey,GCW,501,2016,8,1,0.266,GEOID12B,wetland,Phragmites australis,Phragmites australis,-33.331199645996094,-33.371246337890625,-33.329566955566406,0.266,38.878171552341925,-76.54323818596579
Holmquist et al 2021,July and August 2016 20m Grid Survey,GCW,502,2016,8,1,0.319,GEOID12B,wetland,Phragmites australis,Phragmites australis,-33.331199645996094,-33.371246337890625,-33.329566955566406,0.319,38.8783512900268,-76.54324103682777
Holmquist et al 2021,July and August 2016 20m Grid Survey,GCW,503,2016,8,1,0.131,GEOID12B,wetland,Phragmites australis,Phragmites australis,-33.331199645996094,-33.371246337890625,-33.329566955566406,0.131,38.87637231214564,-76.54296884045883
Holmquist et al 2021,July and August 2016 20m Grid Survey,GCW,504,2016,8,1,0.101,GEOID12B,wetland,Phragmites australis,Phragmites australis,-33.331199645996094,-33.371246337890625,-33.329566955566406,0.101,38.87655340160372,-76.5429716850715
Holmquist et al 2021,July and August 2016 20m Grid Survey,GCW,505,2016,8,1,0.167,GEOID12B,wetland,Phragmites australis,Phragmites australis,-33.331199645996094,-33.371246337890625,-33.329566955566406,0.167,38.876732980323105,-76.54297634145021
Holmquist et al 2021,July and August 2016 20m Grid Survey,GCW,506,2016,8,1,0.059,GEOID12B,wetland,Phragmites australis,Phragmites australis,-33.331199645996094,-33.371246337890625,-33.329566955566406,0.059,38.87691398222396,-76.54299126515839
Holmquist et al 2021,July and August 2016 20m Grid Survey,GCW,507,2016,8,1,0.093,GEOID12B,wetland,Kosteletzkya  virginica,Kosteletzkya  virginica,-33.331199645996094,-33.371246337890625,-33.329566955566406,0.093,38.87709254736571,-76.54301738721814
Holmquist et al 2021,July and August 2016 20m Grid Survey,GCW,508,2016,8,1,0.073,GEOID12B,wetland,Phragmites australis,Phragmites australis,-33.331199645996094,-33.371246337890625,-33.329566955566406,0.073,38.8779948713263,-76.54300270159665
Holmquist et al 2021,July and August 2016 20m Grid Survey,GCW,509,2016,8,1,0.262,GEOID12B,wetland,C4,NA,-33.331199645996094,-33.371246337890625,-33.329566955566406,0.262,38.87817508529854,-76.54300701464845
Holmquist et al 2021,July and August 2016 20m Grid Survey,GCW,510,2016,8,1,0.155,GEOID12B,wetland,Phragmites australis,Phragmites australis,-33.331199645996094,-33.371246337890625,-33.329566955566406,0.155,38.87835514993193,-76.5430110363113
Holmquist et al 2021,July and August 2016 20m Grid Survey,GCW,511,2016,8,1,0.352,GEOID12B,wetland,Typha angustifolia,Typha angustifolia,-33.331199645996094,-33.371246337890625,-33.329566955566406,0.352,38.878534312688274,-76.54301579934048
Holmquist et al 2021,July and August 2016 20m Grid Survey,GCW,512,2016,8,1,0.257,GEOID12B,wetland,Phragmites australis,Phragmites australis,-33.331199645996094,-33.371246337890625,-33.329566955566406,0.257,38.876196213805265,-76.54273353682873
Holmquist et al 2021,July and August 2016 20m Grid Survey,GCW,513,2016,8,1,0.146,GEOID12B,wetland,Iva frutescens,Iva frutescens,-33.331199645996094,-33.371246337890625,-33.329566955566406,0.146,38.87637596952517,-76.54273843845955
Holmquist et al 2021,July and August 2016 20m Grid Survey,GCW,514,2016,8,1,0.211,GEOID12B,wetland,Iva frutescens,Iva frutescens,-33.331199645996094,-33.371246337890625,-33.329566955566406,0.211,38.87655553845374,-76.5427417914002
Holmquist et al 2021,July and August 2016 20m Grid Survey,GCW,515,2016,8,1,0.104,GEOID12B,wetland,Spartina alterniflora,Spartina alterniflora,-33.331199645996094,-33.371246337890625,-33.329566955566406,0.104,38.878357071973596,-76.54278035982315
Holmquist et al 2021,July and August 2016 20m Grid Survey,GCW,516,2016,8,1,0.307,GEOID12B,wetland,Phragmites australis,Phragmites australis,-33.331199645996094,-33.371246337890625,-33.329566955566406,0.307,38.878537911378785,-76.54278575798345
Holmquist et al 2021,July and August 2016 20m Grid Survey,GCW,517,2016,8,1,0.061,GEOID12B,wetland,Phragmites australis,Phragmites australis,-33.331199645996094,-33.371246337890625,-33.329566955566406,0.061,38.876198901520304,-76.54250419799858
Holmquist et al 2021,July and August 2016 20m Grid Survey,GCW,518,2016,8,1,0.107,GEOID12B,wetland,Iva frutescens,Iva frutescens,-33.331199645996094,-33.371246337890625,-33.329566955566406,0.107,38.876378576567674,-76.54250702235484
Holmquist et al 2021,July and August 2016 20m Grid Survey,GCW,519,2016,8,1,-0.003,GEOID12B,wetland,Phragmites australis,Phragmites australis,-33.331199645996094,-33.371246337890625,-33.329566955566406,-0.003,38.87656415466791,-76.54251523093656
Holmquist et al 2021,July and August 2016 20m Grid Survey,GCW,520,2016,8,1,0.159,GEOID12B,wetland,Phragmites australis,Phragmites australis,-33.331199645996094,-33.371246337890625,-33.329566955566406,0.159,38.87854088906217,-76.54255426218612
Holmquist et al 2021,July and August 2016 20m Grid Survey,GCW,521,2016,8,1,0.227,GEOID12B,wetland,Phragmites australis,Phragmites australis,-33.331199645996094,-33.371246337890625,-33.329566955566406,0.227,38.87620181497728,-76.54227274296863
Holmquist et al 2021,July and August 2016 20m Grid Survey,GCW,522,2016,8,1,0.039,GEOID12B,wetland,Phragmites australis,Phragmites australis,-33.331199645996094,-33.371246337890625,-33.329566955566406,0.039,38.87638205132202,-76.5422760515046
Holmquist et al 2021,July and August 2016 20m Grid Survey,GCW,523,2016,8,1,0.367,GEOID12B,wetland,Phragmites australis,Phragmites australis,-33.331199645996094,-33.371246337890625,-33.329566955566406,0.367,38.87638442435501,-76.54204590984853
Holmquist et al 2021,July and August 2016 20m Grid Survey,GCW,524,2016,8,1,0.261,GEOID12B,wetland,Phragmites australis,Phragmites australis,-33.331199645996094,-33.371246337890625,-33.329566955566406,0.261,38.87656571303437,-76.54205004751003
Holmquist et al 2021,July and August 2016 20m Grid Survey,GCW,525,2016,8,1,0.444,GEOID12B,wetland,Phragmites australis,Phragmites australis,-33.331199645996094,-33.371246337890625,-33.329566955566406,0.444,38.876568385008326,-76.54181907019851
Holmquist et al 2021,July and August 2016 20m Grid Survey,GCW,1,2016,8,1,0.114,GEOID12B,wetland,Typha angustifolia,Typha angustifolia,-33.35449981689453,-33.398616790771484,-33.3565673828125,0.114,38.87291051293295,-76.54916960268466
Holmquist et al 2021,July and August 2016 20m Grid Survey,GCW,2,2016,8,1,0.214,GEOID12B,wetland,Schoenoplectus americanus,Schoenoplectus americanus,-33.35449981689453,-33.398616790771484,-33.3565673828125,0.214,38.874466175121924,-76.5507651897054
Holmquist et al 2021,July and August 2016 20m Grid Survey,GCW,3,2016,8,1,0.25,GEOID12B,wetland,Iva frutescens,Iva frutescens,-33.35449981689453,-33.398616790771484,-33.3565673828125,0.25,38.87306894053702,-76.54750764866179
Holmquist et al 2021,July and August 2016 20m Grid Survey,GCW,4,2016,8,1,0.261,GEOID12B,wetland,Typha angustifolia,Typha angustifolia,-33.35449981689453,-33.398616790771484,-33.3565673828125,0.261,38.872952290610606,-76.54681641763419
Holmquist et al 2021,July and August 2016 20m Grid Survey,GCW,5,2016,8,1,0.242,GEOID12B,wetland,Spartina cynosuroides,Spartina cynosuroides,-33.35449981689453,-33.398616790771484,-33.3565673828125,0.242,38.873646545031086,-76.54475449876648
Holmquist et al 2021,July and August 2016 20m Grid Survey,GCW,6,2016,8,1,0.189,GEOID12B,wetland,Iva frutescens,Iva frutescens,-33.35449981689453,-33.398616790771484,-33.3565673828125,0.189,38.873538516900965,-76.54488299187554
Holmquist et al 2021,July and August 2016 20m Grid Survey,GCW,7,2016,8,1,0.374,GEOID12B,wetland,Iva frutescens,Iva frutescens,-33.35449981689453,-33.398616790771484,-33.3565673828125,0.374,38.87356915498799,-76.54521315620546
Holmquist et al 2021,July and August 2016 20m Grid Survey,GCW,8,2016,8,1,0.183,GEOID12B,wetland,Schoenoplectus americanus,Schoenoplectus americanus,-33.331199645996094,-33.371246337890625,-33.329566955566406,0.183,38.875031878775175,-76.55188395571567
Holmquist et al 2021,July and August 2016 20m Grid Survey,GCW,9,2016,8,1,0.472,GEOID12B,transition,Phragmites australis,Phragmites australis,-33.331199645996094,-33.371246337890625,-33.329566955566406,0.472,38.875831642197525,-76.54235581869132
Holmquist et al 2021,June 2016 TMON Survey,GCW,1,2016,8,1,0.1414175,GEOID12B,wetland,Spartina cynosuroides,Spartina cynosuroides,-33.331199645996094,-33.371246337890625,-33.329566955566406,0.1414175,38.87619247914762,-76.54865917298146
Holmquist et al 2021,June 2016 TMON Survey,GCW,2,2016,8,1,0.30522,GEOID12B,wetland,C4,NA,-33.331199645996094,-33.371246337890625,-33.329566955566406,0.30522,38.876008965367845,-76.54864431980079
Holmquist et al 2021,June 2016 TMON Survey,GCW,3,2016,8,1,0.3175725,GEOID12B,wetland,C4,NA,-33.331199645996094,-33.371246337890625,-33.329566955566406,0.3175725,38.87589590274782,-76.54863762895685
Holmquist et al 2021,June 2016 TMON Survey,GCW,4,2016,8,1,0.2834375,GEOID12B,wetland,C4,NA,-33.331199645996094,-33.371246337890625,-33.329566955566406,0.2834375,38.87577678218928,-76.54863852913903
Holmquist et al 2021,June 2016 TMON Survey,GCW,5,2016,8,1,0.270005,GEOID12B,wetland,C4,NA,-33.331199645996094,-33.371246337890625,-33.329566955566406,0.270005,38.87558885003703,-76.54861953884065
Holmquist et al 2021,June 2016 TMON Survey,GCW,6,2016,8,1,0.26593,GEOID12B,wetland,C4,NA,-33.331199645996094,-33.371246337890625,-33.329566955566406,0.26593,38.87529833670636,-76.54859473701273
Holmquist et al 2021,June 2016 TMON Survey,GCW,7,2016,8,1,0.19435,GEOID12B,wetland,Iva frutescens,Iva frutescens,-33.331199645996094,-33.371246337890625,-33.329566955566406,0.19435,38.87523195337097,-76.54860295862147
Holmquist et al 2021,June 2016 TMON Survey,GCW,8,2016,8,1,0.273965,GEOID12B,wetland,C4,NA,-33.331199645996094,-33.371246337890625,-33.329566955566406,0.273965,38.87505891424074,-76.54860601466018
Holmquist et al 2021,June 2016 TMON Survey,GCW,9,2016,8,1,0.28652,GEOID12B,wetland,C4,NA,-33.35449981689453,-33.398616790771484,-33.3565673828125,0.28652,38.87477266820558,-76.54855878031749
Holmquist et al 2021,June 2016 TMON Survey,GCW,10,2016,8,1,0.1466225,GEOID12B,wetland,C4,NA,-33.35449981689453,-33.398616790771484,-33.3565673828125,0.1466225,38.87465886218695,-76.54852844462269
Holmquist et al 2021,June 2016 TMON Survey,GCW,11,2016,8,1,0.18447,GEOID12B,wetland,Iva frutescens,Iva frutescens,-33.35449981689453,-33.398616790771484,-33.3565673828125,0.18447,38.874418206396875,-76.54851267797832
Holmquist et al 2021,June 2016 TMON Survey,GCW,12,2016,8,1,0.143145,GEOID12B,wetland,C4,NA,-33.35449981689453,-33.398616790771484,-33.3565673828125,0.143145,38.874242473712926,-76.54850635553359
Holmquist et al 2021,June 2016 TMON Survey,GCW,13,2016,8,1,0.2056,GEOID12B,wetland,C4,NA,-33.35449981689453,-33.398616790771484,-33.3565673828125,0.2056,38.87410380699883,-76.54849876806412
Holmquist et al 2021,June 2016 TMON Survey,GCW,14,2016,8,1,0.16292,GEOID12B,wetland,C4,NA,-33.35449981689453,-33.398616790771484,-33.3565673828125,0.16292,38.87386228840113,-76.54847582439102
Holmquist et al 2021,June 2016 TMON Survey,GCW,15,2016,8,1,0.2076275,GEOID12B,wetland,C4,NA,-33.35449981689453,-33.398616790771484,-33.3565673828125,0.2076275,38.87372277971323,-76.54845316453863
Holmquist et al 2021,June 2016 TMON Survey,GCW,16,2016,8,1,0.2116325,GEOID12B,wetland,C4,NA,-33.35449981689453,-33.398616790771484,-33.3565673828125,0.2116325,38.87361169383749,-76.54840840744997
Holmquist et al 2021,June 2016 TMON Survey,GCW,17,2016,8,1,0.20555,GEOID12B,wetland,Schoenoplectus americanus,Schoenoplectus americanus,-33.35449981689453,-33.398616790771484,-33.3565673828125,0.20555,38.873288959187704,-76.54841077938923
Holmquist et al 2021,June 2016 TMON Survey,GCW,18,2016,8,1,0.188505,GEOID12B,wetland,Schoenoplectus americanus,Schoenoplectus americanus,-33.35449981689453,-33.398616790771484,-33.3565673828125,0.188505,38.87318225311072,-76.54841812126665
Holmquist et al 2021,June 2016 TMON Survey,GCW,19,2016,8,1,0.24937,GEOID12B,wetland,Schoenoplectus americanus,Schoenoplectus americanus,-33.35449981689453,-33.398616790771484,-33.3565673828125,0.24937,38.872927221911375,-76.54841509202326
Holmquist et al 2021,June 2016 TMON Survey,GCW,20,2016,8,1,0.279235,GEOID12B,wetland,Typha angustifolia,Typha angustifolia,-33.35449981689453,-33.398616790771484,-33.3565673828125,0.279235,38.87276452091634,-76.54842484541894
Holmquist et al 2021,June 2016 TMON Survey,GCW,1,2016,8,1,0.14229,GEOID12B,wetland,Phragmites australis,Phragmites australis,-33.331199645996094,-33.371246337890625,-33.329566955566406,0.14229,38.87532486153444,-76.54625881603556
Holmquist et al 2021,June 2016 TMON Survey,GCW,2,2016,8,1,0.0505475,GEOID12B,wetland,Phragmites australis,Phragmites australis,-33.331199645996094,-33.371246337890625,-33.329566955566406,0.0505475,38.875159332436226,-76.54626842357723
Holmquist et al 2021,June 2016 TMON Survey,GCW,3,2016,8,1,0.162795,GEOID12B,wetland,Phragmites australis,Phragmites australis,-33.331199645996094,-33.371246337890625,-33.329566955566406,0.162795,38.87501362702598,-76.54629149519216
Holmquist et al 2021,June 2016 TMON Survey,GCW,4,2016,8,1,0.102035,GEOID12B,wetland,Phragmites australis,Phragmites australis,-33.35449981689453,-33.398616790771484,-33.3565673828125,0.102035,38.874808863844564,-76.54625252037017
Holmquist et al 2021,June 2016 TMON Survey,GCW,5,2016,8,1,0.10742750000000001,GEOID12B,wetland,Phragmites australis,Phragmites australis,-33.35449981689453,-33.398616790771484,-33.3565673828125,0.10742750000000001,38.87467496903546,-76.54620001757709
Holmquist et al 2021,June 2016 TMON Survey,GCW,6,2016,8,1,0.138425,GEOID12B,wetland,Schoenoplectus robustus,Schoenoplectus robustus,-33.35449981689453,-33.398616790771484,-33.3565673828125,0.138425,38.87447196688262,-76.54615332702225
Holmquist et al 2021,June 2016 TMON Survey,GCW,7,2016,8,1,0.251005,GEOID12B,wetland,C4,NA,-33.35449981689453,-33.398616790771484,-33.3565673828125,0.251005,38.87425620034349,-76.54619252588466
Holmquist et al 2021,June 2016 TMON Survey,GCW,8,2016,8,1,0.2966325,GEOID12B,wetland,C4,NA,-33.35449981689453,-33.398616790771484,-33.3565673828125,0.2966325,38.874012751584424,-76.54618907896685
Holmquist et al 2021,June 2016 TMON Survey,GCW,9,2016,8,1,0.31099,GEOID12B,wetland,C4,NA,-33.35449981689453,-33.398616790771484,-33.3565673828125,0.31099,38.873828367265624,-76.5461629611939
Holmquist et al 2021,June 2016 TMON Survey,GCW,10,2016,8,1,0.2833625,GEOID12B,wetland,Phragmites australis,Phragmites australis,-33.35449981689453,-33.398616790771484,-33.3565673828125,0.2833625,38.873655340792475,-76.54615754633295
Holmquist et al 2021,June 2016 TMON Survey,GCW,11,2016,8,1,0.4414475,GEOID12B,wetland,Smilax rotundifolia,Smilax rotundifolia,-33.35449981689453,-33.398616790771484,-33.3565673828125,0.4414475,38.87338935969651,-76.54616711862563
Holmquist et al 2021,June 2016 TMON Survey,GCW,1,2016,8,1,0.08527499999999999,GEOID12B,wetland,Spartina cynosuroides,Spartina cynosuroides,-33.331199645996094,-33.371246337890625,-33.329566955566406,0.08527499999999999,38.87773053687825,-76.54311945905079
Holmquist et al 2021,June 2016 TMON Survey,GCW,2,2016,8,1,0.2148775,GEOID12B,wetland,Phragmites australis,Phragmites australis,-33.331199645996094,-33.371246337890625,-33.329566955566406,0.2148775,38.87772616387813,-76.54324672724117
Holmquist et al 2021,June 2016 TMON Survey,GCW,3,2016,8,1,0.294785,GEOID12B,wetland,C4,NA,-33.331199645996094,-33.371246337890625,-33.329566955566406,0.294785,38.87776144194615,-76.54365331271927
Holmquist et al 2021,June 2016 TMON Survey,GCW,4,2016,8,1,0.2693225,GEOID12B,wetland,Solidago sempervirens,Solidago sempervirens,-33.331199645996094,-33.371246337890625,-33.329566955566406,0.2693225,38.877815082162265,-76.54381395273182
Holmquist et al 2021,June 2016 TMON Survey,GCW,5,2016,8,1,0.3180825,GEOID12B,wetland,C4,NA,-33.331199645996094,-33.371246337890625,-33.329566955566406,0.3180825,38.87784532884525,-76.54401378973411
Holmquist et al 2021,June 2016 TMON Survey,GCW,6,2016,8,1,0.3897075,GEOID12B,wetland,Spartina cynosuroides,Spartina cynosuroides,-33.331199645996094,-33.371246337890625,-33.329566955566406,0.3897075,38.87782333042597,-76.54422830787558
Holmquist et al 2021,NA,GCW,a001,2016,8,1,4.977,GEOID12B,upland,NA,NA,-33.331199645996094,-33.371246337890625,-33.329566955566406,4.977,38.886889601467686,-76.54232929357039
Holmquist et al 2021,NA,GCW,a003,2016,8,1,1.284,GEOID12B,upland,NA,NA,-33.331199645996094,-33.371246337890625,-33.329566955566406,1.284,38.88611466363287,-76.541910906592
Blue Methane Emlid,NA,GCW,Kirk collar 1A UL,2021,1,14,0.303,GEOID12B,wetland,NA,NA,-33.331199645996094,-33.371246337890625,-33.329566955566406,0.303,38.87532884855427,-76.54472959876496
Blue Methane Emlid,NA,GCW,Kirk collar 1A LL,2021,1,14,0.29100000000000004,GEOID12B,wetland,NA,NA,-33.331199645996094,-33.371246337890625,-33.329566955566406,0.29100000000000004,38.87532429522473,-76.54472777107429
Blue Methane Emlid,NA,GCW,Kirk collar 1A LR,2021,1,14,0.303,GEOID12B,wetland,NA,NA,-33.331199645996094,-33.371246337890625,-33.329566955566406,0.303,38.87532465467906,-76.54472171547577
Blue Methane Emlid,NA,GCW,Kirk collar 1A UR,2021,1,14,0.273,GEOID12B,wetland,NA,NA,-33.331199645996094,-33.371246337890625,-33.329566955566406,0.273,38.875329964995395,-76.54472285638855
Blue Methane Emlid,NA,GCW,Kirk collar 1B UL,2021,1,14,0.302,GEOID12B,wetland,NA,NA,-33.331199645996094,-33.371246337890625,-33.329566955566406,0.302,38.8753328590632,-76.54471320150141
Blue Methane Emlid,NA,GCW,Kirk collar 1B LL,2021,1,14,0.29500000000000004,GEOID12B,wetland,NA,NA,-33.331199645996094,-33.371246337890625,-33.329566955566406,0.29500000000000004,38.87532796831093,-76.54471167774405
Blue Methane Emlid,NA,GCW,Kirk collar 1B LR,2021,1,14,0.315,GEOID12B,wetland,NA,NA,-33.331199645996094,-33.371246337890625,-33.329566955566406,0.315,38.87532904934058,-76.5447055686045
Blue Methane Emlid,NA,GCW,Kirk collar 1B UR,2021,1,14,0.297,GEOID12B,wetland,NA,NA,-33.331199645996094,-33.371246337890625,-33.329566955566406,0.297,38.87533393276182,-76.54470696540197
Blue Methane Emlid,NA,GCW,Kirk quad 3 UL,2021,1,14,0.29500000000000004,GEOID12B,wetland,NA,NA,-33.331199645996094,-33.371246337890625,-33.329566955566406,0.29500000000000004,38.87533956634695,-76.54471023434444
Blue Methane Emlid,NA,GCW,Kirk quad 3 LL,2021,1,14,0.278,GEOID12B,wetland,NA,NA,-33.331199645996094,-33.371246337890625,-33.329566955566406,0.278,38.875339578836424,-76.5447086092594
Blue Methane Emlid,NA,GCW,Kirk quad 3 LR,2021,1,14,0.28600000000000003,GEOID12B,wetland,NA,NA,-33.331199645996094,-33.371246337890625,-33.329566955566406,0.28600000000000003,38.8753412563562,-76.54470849572542
Blue Methane Emlid,NA,GCW,Kirk quad 3 UR,2021,1,14,0.29000000000000004,GEOID12B,wetland,NA,NA,-33.331199645996094,-33.371246337890625,-33.329566955566406,0.29000000000000004,38.87534096767251,-76.54471056439677
Blue Methane Emlid,NA,GCW,Kirk quad 4 UL,2021,1,14,0.28700000000000003,GEOID12B,wetland,NA,NA,-33.331199645996094,-33.371246337890625,-33.329566955566406,0.28700000000000003,38.875341083865194,-76.54471063607662
Blue Methane Emlid,NA,GCW,Kirk quad 4 LL,2021,1,14,0.314,GEOID12B,wetland,NA,NA,-33.331199645996094,-33.371246337890625,-33.329566955566406,0.314,38.8753414863021,-76.5447088234698
Blue Methane Emlid,NA,GCW,Kirk quad 4 LR,2021,1,14,0.28400000000000003,GEOID12B,wetland,NA,NA,-33.331199645996094,-33.371246337890625,-33.329566955566406,0.28400000000000003,38.875342335518674,-76.54470865741946
Blue Methane Emlid,NA,GCW,Kirk quad 4 LL again,2021,1,14,0.3,GEOID12B,wetland,NA,NA,-33.331199645996094,-33.371246337890625,-33.329566955566406,0.3,38.87534136965201,-76.54470878636208
Blue Methane Emlid,NA,GCW,Kirk quad 4UR,2021,1,14,0.298,GEOID12B,wetland,NA,NA,-33.331199645996094,-33.371246337890625,-33.329566955566406,0.298,38.87534267526642,-76.5447102209671
Blue Methane Emlid,NA,GCW,Kirk quad 1 UL,2021,1,14,0.301,GEOID12B,wetland,NA,NA,-33.331199645996094,-33.371246337890625,-33.329566955566406,0.301,38.87533734448067,-76.54473310259517
Blue Methane Emlid,NA,GCW,Kirk quad 1 LL,2021,1,14,0.28400000000000003,GEOID12B,wetland,NA,NA,-33.331199645996094,-33.371246337890625,-33.329566955566406,0.28400000000000003,38.875336773020884,-76.54473475015922
Blue Methane Emlid,NA,GCW,Kirk quad 1 LR,2021,1,14,0.279,GEOID12B,wetland,NA,NA,-33.331199645996094,-33.371246337890625,-33.329566955566406,0.279,38.87533542100585,-76.54473409840851
Blue Methane Emlid,NA,GCW,Kirk quad 1 UR,2021,1,14,0.29100000000000004,GEOID12B,wetland,NA,NA,-33.331199645996094,-33.371246337890625,-33.329566955566406,0.29100000000000004,38.87533588207939,-76.54473262136455
Blue Methane Emlid,NA,GCW,Kirk quad 2 UL,2021,1,14,0.297,GEOID12B,wetland,NA,NA,-33.331199645996094,-33.371246337890625,-33.329566955566406,0.297,38.87533530997188,-76.5447322746842
Blue Methane Emlid,NA,GCW,Kirk quad 2 LL,2021,1,14,0.28300000000000003,GEOID12B,wetland,NA,NA,-33.331199645996094,-33.371246337890625,-33.329566955566406,0.28300000000000003,38.87533516481018,-76.54473439257221
Blue Methane Emlid,NA,GCW,Kirk quad 2 LR,2021,1,14,0.279,GEOID12B,wetland,NA,NA,-33.331199645996094,-33.371246337890625,-33.329566955566406,0.279,38.87533372760407,-76.54473405021523
Blue Methane Emlid,NA,GCW,Kirk quad 2 UR,2021,1,14,0.28900000000000003,GEOID12B,wetland,NA,NA,-33.331199645996094,-33.371246337890625,-33.329566955566406,0.28900000000000003,38.875333799479904,-76.54473202295918
Blue Methane Emlid,NA,GCW,Kirk 50x50 harvest UL,2021,1,14,0.256,GEOID12B,wetland,NA,NA,-33.331199645996094,-33.371246337890625,-33.329566955566406,0.256,38.87534494901922,-76.54474336520423
Blue Methane Emlid,NA,GCW,Kirk 50x50 harvest LL,2021,1,14,0.29000000000000004,GEOID12B,wetland,NA,NA,-33.331199645996094,-33.371246337890625,-33.329566955566406,0.29000000000000004,38.87534099270021,-76.544742726228
Blue Methane Emlid,NA,GCW,Kirk 50x50 harvest LR,2021,1,14,0.29100000000000004,GEOID12B,wetland,NA,NA,-33.331199645996094,-33.371246337890625,-33.329566955566406,0.29100000000000004,38.875341883045806,-76.54473740834582
Blue Methane Emlid,NA,GCW,Kirk 50x50 harvest UR,2021,1,14,0.273,GEOID12B,wetland,NA,NA,-33.331199645996094,-33.371246337890625,-33.329566955566406,0.273,38.875345517976726,-76.54473850145676
Blue Methane Emlid,NA,GCW,Kirk pixel corner on boardwalk,2021,1,14,0.345,GEOID12B,wetland,NA,NA,-33.331199645996094,-33.371246337890625,-33.329566955566406,0.345,38.875275636844606,-76.54474342062291
Blue Methane Emlid,NA,GCW,Kirk collar 2A UL,2021,1,14,0.298,GEOID12B,wetland,NA,NA,-33.331199645996094,-33.371246337890625,-33.329566955566406,0.298,38.87541220244206,-76.54456927130768
Blue Methane Emlid,NA,GCW,Kirk collar 2A LL,2021,1,14,0.321,GEOID12B,wetland,NA,NA,-33.331199645996094,-33.371246337890625,-33.329566955566406,0.321,38.87541080949749,-76.5445758002156
Blue Methane Emlid,NA,GCW,Kirk collar 2A LR,2021,1,14,0.32999999999999996,GEOID12B,wetland,NA,NA,-33.331199645996094,-33.371246337890625,-33.329566955566406,0.32999999999999996,38.875406099366,-76.54457424579418
Blue Methane Emlid,NA,GCW,Kirk collar 2A UR,2021,1,14,0.318,GEOID12B,wetland,NA,NA,-33.331199645996094,-33.371246337890625,-33.329566955566406,0.318,38.87540718130337,-76.54456806750134
Blue Methane Emlid,NA,GCW,Kirk collar 2B UL,2021,1,14,0.29400000000000004,GEOID12B,wetland,NA,NA,-33.331199645996094,-33.371246337890625,-33.329566955566406,0.29400000000000004,38.87539905286774,-76.54456402985757
Blue Methane Emlid,NA,GCW,Kirk collar 2B LL,2021,1,14,0.308,GEOID12B,wetland,NA,NA,-33.331199645996094,-33.371246337890625,-33.329566955566406,0.308,38.87539788939885,-76.54457024096666
Blue Methane Emlid,NA,GCW,Kirk collar 2B LR,2021,1,14,0.33399999999999996,GEOID12B,wetland,NA,NA,-33.331199645996094,-33.371246337890625,-33.329566955566406,0.33399999999999996,38.87539299131328,-76.54456859025791
Blue Methane Emlid,NA,GCW,Kirk collar 2B UR,2021,1,14,0.319,GEOID12B,wetland,NA,NA,-33.331199645996094,-33.371246337890625,-33.329566955566406,0.319,38.8753942644058,-76.54456226624902
Blue Methane Emlid,NA,GCW,Hog 1A NERR 2020,2021,3,25,0.348,GEOID12B,wetland,NA,NA,-33.331199645996094,-33.371246337890625,-33.329566955566406,0.348,38.87999870391223,-76.55167536684546
Blue Methane Emlid,NA,GCW,Hog 1B NERR 2020,2021,3,25,0.348,GEOID12B,wetland,NA,NA,-33.331199645996094,-33.371246337890625,-33.329566955566406,0.348,38.879993052228684,-76.55166466111835
Blue Methane Emlid,NA,GCW,Hog Corner 1,2021,3,25,0.347,GEOID12B,wetland,NA,NA,-33.331199645996094,-33.371246337890625,-33.329566955566406,0.347,38.88005349447075,-76.55176111731517
Blue Methane Emlid,NA,GCW,Hog 2B NERR 2020,2021,3,25,0.34199999999999997,GEOID12B,wetland,NA,NA,-33.331199645996094,-33.371246337890625,-33.329566955566406,0.34199999999999997,38.8800888087397,-76.55178614068852
Blue Methane Emlid,NA,GCW,Hog 2A NERR 2020,2021,3,25,0.349,GEOID12B,wetland,NA,NA,-33.331199645996094,-33.371246337890625,-33.329566955566406,0.349,38.88010140261011,-76.55178503129372
Blue Methane Emlid,NA,GCW,Hog Corner 2,2021,3,25,0.35,GEOID12B,wetland,NA,NA,-33.331199645996094,-33.371246337890625,-33.329566955566406,0.35,38.88004795202177,-76.55211638490294
Blue Methane Emlid,NA,GCW,Hog Corner 3,2021,3,25,0.344,GEOID12B,wetland,NA,NA,-33.331199645996094,-33.371246337890625,-33.329566955566406,0.344,38.87977467141435,-76.55210621924095
Blue Methane Emlid,NA,GCW,Core 2A 1,2021,3,25,0.358,GEOID12B,wetland,NA,NA,-33.331199645996094,-33.371246337890625,-33.329566955566406,0.358,38.87982259393798,-76.55195958754418
Blue Methane Emlid,NA,GCW,Core 2A 2,2021,3,25,0.353,GEOID12B,wetland,NA,NA,-33.331199645996094,-33.371246337890625,-33.329566955566406,0.353,38.87982244956329,-76.55196502564736
Blue Methane Emlid,NA,GCW,Core 2A 3,2021,3,25,0.345,GEOID12B,wetland,NA,NA,-33.331199645996094,-33.371246337890625,-33.329566955566406,0.345,38.879822539402305,-76.55197046884635
Blue Methane Emlid,NA,GCW,Core 2B 1,2021,3,25,0.35,GEOID12B,wetland,NA,NA,-33.331199645996094,-33.371246337890625,-33.329566955566406,0.35,38.87986489768743,-76.55196313635021
Blue Methane Emlid,NA,GCW,Core 2B 2,2021,3,25,0.355,GEOID12B,wetland,NA,NA,-33.331199645996094,-33.371246337890625,-33.329566955566406,0.355,38.87986494429328,-76.55196912043097
Blue Methane Emlid,NA,GCW,Core 2B 3,2021,3,25,0.361,GEOID12B,wetland,NA,NA,-33.331199645996094,-33.371246337890625,-33.329566955566406,0.361,38.879865096393196,-76.55197530278411
Blue Methane Emlid,NA,GCW,Collar 2B 1,2021,3,25,0.352,GEOID12B,wetland,NA,NA,-33.331199645996094,-33.371246337890625,-33.329566955566406,0.352,38.879847565303294,-76.55196483429852
Blue Methane Emlid,NA,GCW,Collar 2B 2,2021,3,25,0.367,GEOID12B,wetland,NA,NA,-33.331199645996094,-33.371246337890625,-33.329566955566406,0.367,38.87984737322196,-76.55197182765427
Blue Methane Emlid,NA,GCW,Collar 2B 3,2021,3,25,0.346,GEOID12B,wetland,NA,NA,-33.331199645996094,-33.371246337890625,-33.329566955566406,0.346,38.87985286168482,-76.55197176261919
Blue Methane Emlid,NA,GCW,Collar 2B 4,2021,3,25,0.371,GEOID12B,wetland,NA,NA,-33.331199645996094,-33.371246337890625,-33.329566955566406,0.371,38.87985286336777,-76.55196485734488
Blue Methane Emlid,NA,GCW,Collar 2A 1,2021,3,25,0.377,GEOID12B,wetland,NA,NA,-33.331199645996094,-33.371246337890625,-33.329566955566406,0.377,38.879834500153514,-76.55196479212727
Blue Methane Emlid,NA,GCW,Collar 2A 2,2021,3,25,0.35,GEOID12B,wetland,NA,NA,-33.331199645996094,-33.371246337890625,-33.329566955566406,0.35,38.87983433938641,-76.55197146337731
Blue Methane Emlid,NA,GCW,Collar 2A 3,2021,3,25,0.362,GEOID12B,wetland,NA,NA,-33.331199645996094,-33.371246337890625,-33.329566955566406,0.362,38.879839617902434,-76.55197160127945
Blue Methane Emlid,NA,GCW,Collar 2A 4,2021,3,25,0.371,GEOID12B,wetland,NA,NA,-33.331199645996094,-33.371246337890625,-33.329566955566406,0.371,38.8798397183695,-76.55196472121182
Blue Methane Emlid,NA,GCW,Well Cond 2,2021,3,25,0.349,GEOID12B,wetland,NA,NA,-33.331199645996094,-33.371246337890625,-33.329566955566406,0.349,38.879893177212175,-76.5519066069821
Blue Methane Emlid,NA,GCW,Well WL 2,2021,3,25,0.347,GEOID12B,wetland,NA,NA,-33.331199645996094,-33.371246337890625,-33.329566955566406,0.347,38.8798967738208,-76.55190244290075
Blue Methane Emlid,NA,GCW,Lexan 1A 1,2021,3,25,0.33499999999999996,GEOID12B,wetland,NA,NA,-33.331199645996094,-33.371246337890625,-33.329566955566406,0.33499999999999996,38.879946536030644,-76.5518587274254
Blue Methane Emlid,NA,GCW,Lexan 1A 2,2021,3,25,0.33599999999999997,GEOID12B,wetland,NA,NA,-33.331199645996094,-33.371246337890625,-33.329566955566406,0.33599999999999997,38.87994785138537,-76.55185874451386
Blue Methane Emlid,NA,GCW,Lexan 1A 3,2021,3,25,0.33799999999999997,GEOID12B,wetland,NA,NA,-33.331199645996094,-33.371246337890625,-33.329566955566406,0.33799999999999997,38.8799478731379,-76.55185710799968
Blue Methane Emlid,NA,GCW,Lexan 1A 4,2021,3,25,0.35,GEOID12B,wetland,NA,NA,-33.331199645996094,-33.371246337890625,-33.329566955566406,0.35,38.87994660343706,-76.55185704579216
Blue Methane Emlid,NA,GCW,Lexan 1A-2 1,2021,3,25,0.349,GEOID12B,wetland,NA,NA,-33.331199645996094,-33.371246337890625,-33.329566955566406,0.349,38.87994658483764,-76.55185641134311
Blue Methane Emlid,NA,GCW,Lexan 1A-2 2,2021,3,25,0.33899999999999997,GEOID12B,wetland,NA,NA,-33.331199645996094,-33.371246337890625,-33.329566955566406,0.33899999999999997,38.87994804417087,-76.55185644309195
Blue Methane Emlid,NA,GCW,Lexan 1A-2 3,2021,3,25,0.33899999999999997,GEOID12B,wetland,NA,NA,-33.331199645996094,-33.371246337890625,-33.329566955566406,0.33899999999999997,38.87994798028347,-76.55185447040027
Blue Methane Emlid,NA,GCW,Lexan 1A-2 4,2021,3,25,0.348,GEOID12B,wetland,NA,NA,-33.331199645996094,-33.371246337890625,-33.329566955566406,0.348,38.87994668095378,-76.55185460352557
Blue Methane Emlid,NA,GCW,Lexan 1B-1 1,2021,3,25,0.351,GEOID12B,wetland,NA,NA,-33.331199645996094,-33.371246337890625,-33.329566955566406,0.351,38.87996777323216,-76.55185408251594
Blue Methane Emlid,NA,GCW,Lexan 1B-1 2,2021,3,25,0.349,GEOID12B,wetland,NA,NA,-33.331199645996094,-33.371246337890625,-33.329566955566406,0.349,38.87996636948018,-76.55185393669548
Blue Methane Emlid,NA,GCW,Lexan 1B-1 3,2021,3,25,0.347,GEOID12B,wetland,NA,NA,-33.331199645996094,-33.371246337890625,-33.329566955566406,0.347,38.87996638664138,-76.55185603518004
Blue Methane Emlid,NA,GCW,Lexan 1B-1 4,2021,3,25,0.353,GEOID12B,wetland,NA,NA,-33.331199645996094,-33.371246337890625,-33.329566955566406,0.353,38.87996766810779,-76.55185589013803
Blue Methane Emlid,NA,GCW,Lexan 1B-2 1,2021,3,25,0.356,GEOID12B,wetland,NA,NA,-33.331199645996094,-33.371246337890625,-33.329566955566406,0.356,38.87996807020162,-76.55185750128952
Blue Methane Emlid,NA,GCW,Lexan 1B-2 2,2021,3,25,0.33999999999999997,GEOID12B,wetland,NA,NA,-33.331199645996094,-33.371246337890625,-33.329566955566406,0.33999999999999997,38.879966638046284,-76.5518574586038
Blue Methane Emlid,NA,GCW,Lexan 1B-2 3,2021,3,25,0.34299999999999997,GEOID12B,wetland,NA,NA,-33.331199645996094,-33.371246337890625,-33.329566955566406,0.34299999999999997,38.879966454298795,-76.55185908006602
Blue Methane Emlid,NA,GCW,Lexan 1B-2 4,2021,3,25,0.32699999999999996,GEOID12B,wetland,NA,NA,-33.331199645996094,-33.371246337890625,-33.329566955566406,0.32699999999999996,38.87996780446094,-76.55185919013643
Blue Methane Emlid,NA,GCW,Core 1B 1,2021,3,25,0.346,GEOID12B,wetland,NA,NA,-33.331199645996094,-33.371246337890625,-33.329566955566406,0.346,38.87997744494323,-76.5518524945496
Blue Methane Emlid,NA,GCW,Core 1B 2,2021,3,25,0.34099999999999997,GEOID12B,wetland,NA,NA,-33.331199645996094,-33.371246337890625,-33.329566955566406,0.34099999999999997,38.87997774881036,-76.55185878396694
Blue Methane Emlid,NA,GCW,Core 1B 3,2021,3,25,0.34299999999999997,GEOID12B,wetland,NA,NA,-33.331199645996094,-33.371246337890625,-33.329566955566406,0.34299999999999997,38.87997765680443,-76.55186435003047
Blue Methane Emlid,NA,GCW,Core 1A 1,2021,3,25,0.351,GEOID12B,wetland,NA,NA,-33.331199645996094,-33.371246337890625,-33.329566955566406,0.351,38.87993653731836,-76.55183136127069
Blue Methane Emlid,NA,GCW,Core 1A 2,2021,3,25,0.346,GEOID12B,wetland,NA,NA,-33.331199645996094,-33.371246337890625,-33.329566955566406,0.346,38.87993651005645,-76.55183680193072
Blue Methane Emlid,NA,GCW,Core 1A 3,2021,3,25,0.352,GEOID12B,wetland,NA,NA,-33.331199645996094,-33.371246337890625,-33.329566955566406,0.352,38.87993575141293,-76.55184303364466
Blue Methane Emlid,NA,GCW,Collar 1A 1,2021,3,25,0.34299999999999997,GEOID12B,wetland,NA,NA,-33.331199645996094,-33.371246337890625,-33.329566955566406,0.34299999999999997,38.87994857808484,-76.55183932397986
Blue Methane Emlid,NA,GCW,Collar 1A 2,2021,3,25,0.34199999999999997,GEOID12B,wetland,NA,NA,-33.331199645996094,-33.371246337890625,-33.329566955566406,0.34199999999999997,38.87994880636362,-76.55184587689598
Blue Methane Emlid,NA,GCW,Collar 1A 3,2021,3,25,0.361,GEOID12B,wetland,NA,NA,-33.331199645996094,-33.371246337890625,-33.329566955566406,0.361,38.87995418154917,-76.55184552118493
Blue Methane Emlid,NA,GCW,Collar 1A 4,2021,3,25,0.351,GEOID12B,wetland,NA,NA,-33.331199645996094,-33.371246337890625,-33.329566955566406,0.351,38.87995365829657,-76.5518387889298
Blue Methane Emlid,NA,GCW,Collar 1B 1,2021,3,25,0.355,GEOID12B,wetland,NA,NA,-33.331199645996094,-33.371246337890625,-33.329566955566406,0.355,38.87996113277012,-76.55184048477558
Blue Methane Emlid,NA,GCW,Collar 1B 2,2021,3,25,0.35,GEOID12B,wetland,NA,NA,-33.331199645996094,-33.371246337890625,-33.329566955566406,0.35,38.87996125310323,-76.55184702381636
Blue Methane Emlid,NA,GCW,Collar 1B 3,2021,3,25,0.348,GEOID12B,wetland,NA,NA,-33.331199645996094,-33.371246337890625,-33.329566955566406,0.348,38.87996615235472,-76.5518472226272
Blue Methane Emlid,NA,GCW,Collar 1B 4,2021,3,25,0.363,GEOID12B,wetland,NA,NA,-33.331199645996094,-33.371246337890625,-33.329566955566406,0.363,38.879966357390195,-76.55184060996797
Blue Methane Trimble R12,NA,GCW,COMPASS UPLAND,2021,12,21,1.895,GEOID18,upland,NA,NA,-33.29349899291992,-33.33185958862305,-33.29011154174805,1.8566394042968746,38.88738943697505,-76.56240858962694
Blue Methane Trimble R12,NA,GCW,COMPASS TRANSITION,2021,12,21,0.243,GEOID18,transition,NA,NA,-33.29349899291992,-33.33185958862305,-33.29011154174805,0.2046394042968771,38.88735950639823,-76.56230884032752
Blue Methane Trimble R12,NA,GCW,COMPASS WETLAND,2021,12,21,0.324,GEOID18,wetland,NA,NA,-33.29349899291992,-33.33185958862305,-33.29011154174805,0.28563940429687307,38.88735359314348,-76.56217565583644
Blue Methane Trimble R12,NA,GCW,COMPASS WATER,2021,12,21,0.074,GEOID18,water,NA,NA,-33.29349899291992,-33.33185958862305,-33.29011154174805,0.03563940429687307,38.88735494345367,-76.56219222234402
Blue Methane Trimble R12,NA,GCW,COND WELL BASE,2021,12,21,0.228,GEOID18,wetland,NA,NA,-33.29349899291992,-33.33185958862305,-33.29011154174805,0.18963940429687653,38.887338371022445,-76.5620753207738
Blue Methane Trimble R12,NA,GCW,WATER WELL BASE,2021,12,21,0.181,GEOID18,wetland,NA,NA,-33.29349899291992,-33.33185958862305,-33.29011154174805,0.14263940429687239,38.88733976378869,-76.56208158252127
Blue Methane Trimble R12,NA,GCW,1A CORE 1,2021,12,21,0.364,GEOID18,wetland,NA,NA,-33.29349899291992,-33.33185958862305,-33.29011154174805,0.3256394042968722,38.88735165701852,-76.56203166987972
Blue Methane Trimble R12,NA,GCW,1A CORE 2,2021,12,21,0.368,GEOID18,wetland,NA,NA,-33.29349899291992,-33.33185958862305,-33.29011154174805,0.3296394042968771,38.88735648098357,-76.56203285052712
Blue Methane Trimble R12,NA,GCW,1A CORE 3,2021,12,21,0.371,GEOID18,wetland,NA,NA,-33.29349899291992,-33.33185958862305,-33.29011154174805,0.3326394042968772,38.88736332958751,-76.56203582837287
Blue Methane Trimble R12,NA,GCW,1B CORE 1,2021,12,21,0.488,GEOID18,wetland,NA,NA,-33.29349899291992,-33.33185958862305,-33.29011154174805,0.44963940429687455,38.88735995326313,-76.56197866720781
Blue Methane Trimble R12,NA,GCW,1B CORE 2,2021,12,21,0.484,GEOID18,wetland,NA,NA,-33.29349899291992,-33.33185958862305,-33.29011154174805,0.44563940429687676,38.88736437280725,-76.56198010391289
Blue Methane Trimble R12,NA,GCW,1B CORE 3,2021,12,21,0.511,GEOID18,wetland,NA,NA,-33.29349899291992,-33.33185958862305,-33.29011154174805,0.4726394042968778,38.887368439688736,-76.56198118546838
Blue Methane Trimble R12,NA,GCW,1A SIPPER TEFLON,2021,12,21,0.4,GEOID18,wetland,NA,NA,-33.29349899291992,-33.33185958862305,-33.29011154174805,0.3616394042968736,38.88737375473359,-76.56198840287132
Blue Methane Trimble R12,NA,GCW,1A SIPPER RHIZON,2021,12,21,0.466,GEOID18,wetland,NA,NA,-33.29349899291992,-33.33185958862305,-33.29011154174805,0.4276394042968761,38.88737298191625,-76.56198410831139
Blue Methane Trimble R12,NA,GCW,1B SIPPER TEFLON,2021,12,21,0.379,GEOID18,wetland,NA,NA,-33.29349899291992,-33.33185958862305,-33.29011154174805,0.3406394042968728,38.88736228861524,-76.56199605755849
Blue Methane Trimble R12,NA,GCW,1B SIPPER RHIZON,2021,12,21,0.43,GEOID18,wetland,NA,NA,-33.29349899291992,-33.33185958862305,-33.29011154174805,0.3916394042968747,38.88736228342856,-76.56199467443629
Blue Methane Trimble R12,NA,GCW,1A COLLAR EDGE 2,2021,12,21,0.475,GEOID18,wetland,NA,NA,-33.29349899291992,-33.33185958862305,-33.29011154174805,0.4366394042968764,38.88736123498267,-76.56202017701159
Blue Methane Trimble R12,NA,GCW,1A COLLAR EDGE 3,2021,12,21,0.51,GEOID18,wetland,NA,NA,-33.29349899291992,-33.33185958862305,-33.29011154174805,0.471639404296873,38.887364333390835,-76.56201523626807
Blue Methane Trimble R12,NA,GCW,1A COLLAR EDGE 4,2021,12,21,0.44,GEOID18,wetland,NA,NA,-33.29349899291992,-33.33185958862305,-33.29011154174805,0.4016394042968727,38.88736005743605,-76.56201125137079
Blue Methane Trimble R12,NA,GCW,1A COLLAR EDGE 1,2021,12,21,0.44,GEOID18,wetland,NA,NA,-33.29349899291992,-33.33185958862305,-33.29011154174805,0.4016394042968727,38.88735707695682,-76.5620164103896
Blue Methane Trimble R12,NA,GCW,2A CORE 1,2021,12,21,0.318,GEOID18,wetland,NA,NA,-33.29349899291992,-33.33185958862305,-33.29011154174805,0.27963940429687284,38.88729872541444,-76.56211876458883
Blue Methane Trimble R12,NA,GCW,2A CORE 2,2021,12,21,0.284,GEOID18,wetland,NA,NA,-33.29349899291992,-33.33185958862305,-33.29011154174805,0.24563940429687392,38.88729719119681,-76.56211321834131
Blue Methane Trimble R12,NA,GCW,2A CORE 3,2021,12,21,0.323,GEOID18,wetland,NA,NA,-33.29349899291992,-33.33185958862305,-33.29011154174805,0.2846394042968754,38.88729643668022,-76.56210659536522
Blue Methane Trimble R12,NA,GCW,2A SIPPER TEFLON,2021,12,21,0.389,GEOID18,wetland,NA,NA,-33.29349899291992,-33.33185958862305,-33.29011154174805,0.3506394042968779,38.88728493753195,-76.56213668035105
Blue Methane Trimble R12,NA,GCW,2B SIPPER RHIZON,2021,12,21,0.325,GEOID18,wetland,NA,NA,-33.29349899291992,-33.33185958862305,-33.29011154174805,0.28663940429687784,38.88727192755309,-76.562141024914
Blue Methane Trimble R12,NA,GCW,2B CORE 1,2021,12,21,0.367,GEOID18,wetland,NA,NA,-33.29349899291992,-33.33185958862305,-33.29011154174805,0.32863940429687233,38.887261643540526,-76.56215882695253
Blue Methane Trimble R12,NA,GCW,2B CORE 2,2021,12,21,0.365,GEOID18,wetland,NA,NA,-33.29349899291992,-33.33185958862305,-33.29011154174805,0.326639404296877,38.88726039979314,-76.56215386676408
Blue Methane Trimble R12,NA,GCW,2B CORE 3,2021,12,21,0.38,GEOID18,wetland,NA,NA,-33.29349899291992,-33.33185958862305,-33.29011154174805,0.34163940429687756,38.8872591686612,-76.56214746571501
Blue Methane Trimble R12,NA,GCW,KIRK NERR  2020 PLOT 1A,2022,3,10,0.299,GEOID18,wetland,NA,NA,-33.331199645996094,-33.371246337890625,-33.329566955566406,0.25895330810546824,38.87534320130601,-76.54454738345636
Blue Methane Trimble R12,NA,GCW,KIRK NERR  2020 PLOT 1B,2022,3,10,0.301,GEOID18,wetland,NA,NA,-33.331199645996094,-33.371246337890625,-33.329566955566406,0.2609533081054707,38.87534660498071,-76.54453312915567
Blue Methane Trimble R12,NA,GCW,KIRK COLLAR 1A CORNER LL,2022,3,10,0.274,GEOID18,wetland,NA,NA,-33.331199645996094,-33.371246337890625,-33.329566955566406,0.23395330810546966,38.87532406694996,-76.54472751592606
Blue Methane Trimble R12,NA,GCW,KIRK COLLAR 1A CORNER UL,2022,3,10,0.306,GEOID18,wetland,NA,NA,-33.331199645996094,-33.371246337890625,-33.329566955566406,0.26595330810546614,38.875328893885346,-76.54472940969661
Blue Methane Trimble R12,NA,GCW,KIRK COLLAR 1A CORNER UR,2022,3,10,0.28,GEOID18,wetland,NA,NA,-33.331199645996094,-33.371246337890625,-33.329566955566406,0.2399533081054699,38.87532977555324,-76.54472217830372
Blue Methane Trimble R12,NA,GCW,KIRK COLLAR 1A CORNER LR,2022,3,10,0.315,GEOID18,wetland,NA,NA,-33.331199645996094,-33.371246337890625,-33.329566955566406,0.2749533081054665,38.87532465516313,-76.54472126597564
Blue Methane Trimble R12,NA,GCW,KIRK COLLAR 1B CORNER LL,2022,3,10,0.327,GEOID18,wetland,NA,NA,-33.331199645996094,-33.371246337890625,-33.329566955566406,0.28695330810546693,38.875327714342376,-76.54471107045639
Blue Methane Trimble R12,NA,GCW,KIRK COLLAR 1B CORNER UL,2022,3,10,0.305,GEOID18,wetland,NA,NA,-33.331199645996094,-33.371246337890625,-33.329566955566406,0.26495330810546847,38.87533284616694,-76.5447126050258
Blue Methane Trimble R12,NA,GCW,KIRK COLLAR 1B CORNER UR,2022,3,10,0.32,GEOID18,wetland,NA,NA,-33.331199645996094,-33.371246337890625,-33.329566955566406,0.27995330810546903,38.875334325750266,-76.54470623414373
Blue Methane Trimble R12,NA,GCW,KIRK COLLAR 1B CORNER LR,2022,3,10,0.319,GEOID18,wetland,NA,NA,-33.331199645996094,-33.371246337890625,-33.329566955566406,0.27895330810547136,38.875329320176405,-76.54470473334229
Blue Methane Trimble R12,NA,GCW,KIRK COLLAR 1B CORNER LR V2,2022,3,10,0.324,GEOID18,wetland,NA,NA,-33.331199645996094,-33.371246337890625,-33.329566955566406,0.2839533081054668,38.875329374091315,-76.54470469842522
Blue Methane Trimble R12,NA,GCW,KIRK COLLAR 1B SIPPER,2022,3,10,0.274,GEOID18,wetland,NA,NA,-33.331199645996094,-33.371246337890625,-33.329566955566406,0.23395330810546966,38.87532736904,-76.54470799565799
Blue Methane Trimble R12,NA,GCW,KIRK COLLAR 1A SIPPER,2022,3,10,0.256,GEOID18,wetland,NA,NA,-33.331199645996094,-33.371246337890625,-33.329566955566406,0.21595330810546898,38.87532401694466,-76.54472393217233
Blue Methane Trimble R12,NA,GCW,KIRK ALLOMETRY QUAD 1 LEFT LL,2022,3,10,0.293,GEOID18,wetland,NA,NA,-33.331199645996094,-33.371246337890625,-33.329566955566406,0.252953308105468,38.8753364907439,-76.54473472005222
Blue Methane Trimble R12,NA,GCW,KIRK ALLOMETRY QUAD 1 LEFT UL,2022,3,10,0.285,GEOID18,wetland,NA,NA,-33.331199645996094,-33.371246337890625,-33.329566955566406,0.24495330810546534,38.87533697153068,-76.54473326491652
Blue Methane Trimble R12,NA,GCW,KIRK ALLOMETRY QUAD 1 LEFT UR,2022,3,10,0.265,GEOID18,wetland,NA,NA,-33.331199645996094,-33.371246337890625,-33.329566955566406,0.22495330810546932,38.87533584302406,-76.54473263827698
Blue Methane Trimble R12,NA,GCW,KIRK ALLOMETRY QUAD 1 LEFT LR,2022,3,10,0.279,GEOID18,wetland,NA,NA,-33.331199645996094,-33.371246337890625,-33.329566955566406,0.23895330810547222,38.8753352543176,-76.5447341401986
Blue Methane Trimble R12,NA,GCW,KIRK ALLOMETRY QUAD 1 RIGHT LL,2022,3,10,0.263,GEOID18,wetland,NA,NA,-33.331199645996094,-33.371246337890625,-33.329566955566406,0.22295330810546687,38.875334777821905,-76.54473438525
Blue Methane Trimble R12,NA,GCW,KIRK ALLOMETRY QUAD 1 RIGHT UL,2022,3,10,0.281,GEOID18,wetland,NA,NA,-33.331199645996094,-33.371246337890625,-33.329566955566406,0.24095330810546756,38.875335085654235,-76.54473247024369
Blue Methane Trimble R12,NA,GCW,KIRK ALLOMETRY QUAD 1 RIGHT UR,2022,3,10,0.295,GEOID18,wetland,NA,NA,-33.331199645996094,-33.371246337890625,-33.329566955566406,0.25495330810547046,38.875333733737534,-76.5447323060036
Blue Methane Trimble R12,NA,GCW,KIRK ALLOMETRY QUAD 1 RIGHT LR,2022,3,10,0.293,GEOID18,wetland,NA,NA,-33.331199645996094,-33.371246337890625,-33.329566955566406,0.252953308105468,38.8753336784966,-76.54473431159316
Blue Methane Trimble R12,NA,GCW,KIRK ALLOMETRY QUAD 2 LEFT LL,2022,3,10,0.294,GEOID18,wetland,NA,NA,-33.331199645996094,-33.371246337890625,-33.329566955566406,0.2539533081054657,38.8753402249415,-76.54470819021792
Blue Methane Trimble R12,NA,GCW,KIRK ALLOMETRY QUAD 2 LEFT UL,2022,3,10,0.301,GEOID18,wetland,NA,NA,-33.331199645996094,-33.371246337890625,-33.329566955566406,0.2609533081054707,38.87533985283855,-76.54470979447701
Blue Methane Trimble R12,NA,GCW,KIRK ALLOMETRY QUAD 2 LEFT UR,2022,3,10,0.283,GEOID18,wetland,NA,NA,-33.331199645996094,-33.371246337890625,-33.329566955566406,0.24295330810547,38.8753412502909,-76.54471008519405
Blue Methane Trimble R12,NA,GCW,KIRK ALLOMETRY QUAD 2 LEFT LR,2022,3,10,0.285,GEOID18,wetland,NA,NA,-33.331199645996094,-33.371246337890625,-33.329566955566406,0.24495330810546534,38.87534135111198,-76.54470821760567
Blue Methane Trimble R12,NA,GCW,KIRK ALLOMETRY QUAD 2 RIGHT LL,2022,3,10,0.281,GEOID18,wetland,NA,NA,-33.331199645996094,-33.371246337890625,-33.329566955566406,0.24095330810546756,38.87534156717604,-76.54470818165406
Blue Methane Trimble R12,NA,GCW,KIRK ALLOMETRY QUAD 2 RIGHT UL,2022,3,10,0.283,GEOID18,wetland,NA,NA,-33.331199645996094,-33.371246337890625,-33.329566955566406,0.24295330810547,38.87534142180776,-76.54471017629456
Blue Methane Trimble R12,NA,GCW,KIRK ALLOMETRY QUAD 2 RIGHT UR,2022,3,10,0.318,GEOID18,wetland,NA,NA,-33.331199645996094,-33.371246337890625,-33.329566955566406,0.2779533081054666,38.8753421432793,-76.54471037912971
Blue Methane Trimble R12,NA,GCW,KIRK ALLOMETRY QUAD 2 RIGHT LR,2022,3,10,0.315,GEOID18,wetland,NA,NA,-33.331199645996094,-33.371246337890625,-33.329566955566406,0.2749533081054665,38.875342901255905,-76.54470839210494
Blue Methane Trimble R12,NA,GCW,KIRK INGROWTH CORE 1B-1,2022,3,10,0.33,GEOID18,wetland,NA,NA,-33.331199645996094,-33.371246337890625,-33.329566955566406,0.28995330810546704,38.87533445056327,-76.54469203534642
Blue Methane Trimble R12,NA,GCW,KIRK INGROWTH CORE 1B-2,2022,3,10,0.331,GEOID18,wetland,NA,NA,-33.331199645996094,-33.371246337890625,-33.329566955566406,0.2909533081054718,38.875343334058215,-76.54469462926622
Blue Methane Trimble R12,NA,GCW,KIRK INGROWTH CORE 1B-3,2022,3,10,0.298,GEOID18,wetland,NA,NA,-33.331199645996094,-33.371246337890625,-33.329566955566406,0.25795330810547057,38.87534806817053,-76.54469582064176
Blue Methane Trimble R12,NA,GCW,KIRK INGROWTH CORE 1A-1,2022,3,10,0.294,GEOID18,wetland,NA,NA,-33.331199645996094,-33.371246337890625,-33.329566955566406,0.2539533081054657,38.87531924120034,-76.54474210196719
Blue Methane Trimble R12,NA,GCW,KIRK INGROWTH CORE 1A-2,2022,3,10,0.284,GEOID18,wetland,NA,NA,-33.331199645996094,-33.371246337890625,-33.329566955566406,0.24395330810546767,38.87532460867751,-76.54474400381442
Blue Methane Trimble R12,NA,GCW,KIRK INGROWTH CORE 1A-3,2022,3,10,0.303,GEOID18,wetland,NA,NA,-33.331199645996094,-33.371246337890625,-33.329566955566406,0.262953308105466,38.875330481786705,-76.54474620206922
Blue Methane Trimble R12,NA,GCW,KIRK 2020 HARVEST LL,2022,3,10,0.296,GEOID18,wetland,NA,NA,-33.331199645996094,-33.371246337890625,-33.329566955566406,0.2559533081054681,38.875341767214984,-76.54474331812881
Blue Methane Trimble R12,NA,GCW,KIRK 2020 HARVEST UL,2022,3,10,0.298,GEOID18,wetland,NA,NA,-33.331199645996094,-33.371246337890625,-33.329566955566406,0.25795330810547057,38.87534557338359,-76.54474449237892
Blue Methane Trimble R12,NA,GCW,KIRK 2020 HARVEST UL 2,2022,3,10,0.296,GEOID18,wetland,NA,NA,-33.331199645996094,-33.371246337890625,-33.329566955566406,0.2559533081054681,38.87534565477263,-76.54474457253015
Blue Methane Trimble R12,NA,GCW,KIRK 2020 HARVEST UR,2022,3,10,0.302,GEOID18,wetland,NA,NA,-33.331199645996094,-33.371246337890625,-33.329566955566406,0.26195330810546835,38.875345491726684,-76.54473972181766
Blue Methane Trimble R12,NA,GCW,KIRK 2020 HARVEST LR,2022,3,10,0.289,GEOID18,wetland,NA,NA,-33.331199645996094,-33.371246337890625,-33.329566955566406,0.24895330810547023,38.875342858656765,-76.54473905867945
Blue Methane Trimble R12,NA,GCW,KIRK 2021 HARVEST 1A LL,2022,3,10,0.31,GEOID18,wetland,NA,NA,-33.331199645996094,-33.371246337890625,-33.329566955566406,0.269953308105471,38.87531282002904,-76.54471716967117
Blue Methane Trimble R12,NA,GCW,KIRK 2021 HARVEST 1A UL,2022,3,10,0.294,GEOID18,wetland,NA,NA,-33.331199645996094,-33.371246337890625,-33.329566955566406,0.2539533081054657,38.87530991648579,-76.54471645063803
Blue Methane Trimble R12,NA,GCW,KIRK 2021 HARVEST 1A UR,2022,3,10,0.307,GEOID18,wetland,NA,NA,-33.331199645996094,-33.371246337890625,-33.329566955566406,0.2669533081054709,38.87530905209394,-76.5447211811354
Blue Methane Trimble R12,NA,GCW,KIRK 2021 HARVEST 1A LR,2022,3,10,0.292,GEOID18,wetland,NA,NA,-33.331199645996094,-33.371246337890625,-33.329566955566406,0.25195330810547034,38.87531189383713,-76.54472222324475
Blue Methane Trimble R12,NA,GCW,KIRK 2021 HARVEST 1B LL,2022,3,10,0.248,GEOID18,wetland,NA,NA,-33.331199645996094,-33.371246337890625,-33.329566955566406,0.2079533081054663,38.87531446266068,-76.54470640697404
Blue Methane Trimble R12,NA,GCW,KIRK 2021 HARVEST 1B UL,2022,3,10,0.271,GEOID18,wetland,NA,NA,-33.331199645996094,-33.371246337890625,-33.329566955566406,0.23095330810546955,38.875315544868194,-76.54470208996293
Blue Methane Trimble R12,NA,GCW,KIRK 2021 HARVEST 1B UR,2022,3,10,0.277,GEOID18,wetland,NA,NA,-33.331199645996094,-33.371246337890625,-33.329566955566406,0.23695330810546977,38.875311786391364,-76.54470159534779
Blue Methane Trimble R12,NA,GCW,KIRK 2021 HARVEST 1B LR,2022,3,10,0.268,GEOID18,wetland,NA,NA,-33.331199645996094,-33.371246337890625,-33.329566955566406,0.22795330810546943,38.87531051217939,-76.54470518754984
Blue Methane Trimble R12,NA,GCW,KIRK 2022 HARVEST 1B LL,2022,3,10,0.318,GEOID18,wetland,NA,NA,-33.331199645996094,-33.371246337890625,-33.329566955566406,0.2779533081054666,38.875307674232594,-76.5447028085927
Blue Methane Trimble R12,NA,GCW,KIRK 2022 HARVEST 1B UL,2022,3,10,0.332,GEOID18,wetland,NA,NA,-33.331199645996094,-33.371246337890625,-33.329566955566406,0.2919533081054695,38.87530819089486,-76.54469900226164
Blue Methane Trimble R12,NA,GCW,KIRK 2022 HARVEST 1B UR,2022,3,10,0.335,GEOID18,wetland,NA,NA,-33.331199645996094,-33.371246337890625,-33.329566955566406,0.2949533081054696,38.87530469060313,-76.54469772234381
Blue Methane Trimble R12,NA,GCW,KIRK 2022 HARVEST 1B LR,2022,3,10,0.325,GEOID18,wetland,NA,NA,-33.331199645996094,-33.371246337890625,-33.329566955566406,0.2849533081054716,38.875304370910094,-76.5447012162606
Blue Methane Trimble R12,NA,GCW,KIRK 2022 HARVEST 1A LL,2022,3,10,0.301,GEOID18,wetland,NA,NA,-33.331199645996094,-33.371246337890625,-33.329566955566406,0.2609533081054707,38.87530331907449,-76.54470870227253
Blue Methane Trimble R12,NA,GCW,KIRK 2022 HARVEST 1A UL,2022,3,10,0.306,GEOID18,wetland,NA,NA,-33.331199645996094,-33.371246337890625,-33.329566955566406,0.26595330810546614,38.87530222543234,-76.54471239704107
Blue Methane Trimble R12,NA,GCW,KIRK 2022 HARVEST 1A UR,2022,3,10,0.316,GEOID18,wetland,NA,NA,-33.331199645996094,-33.371246337890625,-33.329566955566406,0.27595330810547125,38.87530547461514,-76.54471396667037
Blue Methane Trimble R12,NA,GCW,KIRK 2022 HARVEST 1A LR,2022,3,10,0.315,GEOID18,wetland,NA,NA,-33.331199645996094,-33.371246337890625,-33.329566955566406,0.2749533081054665,38.87530676819179,-76.54471072007559
Blue Methane Trimble R12,NA,GCW,KIRK LANDSAT CORNER 1 NEAR PLOT 1A,2022,3,10,0.341,GEOID18,wetland,NA,NA,-33.331199645996094,-33.371246337890625,-33.329566955566406,0.30095330810546983,38.87527541768855,-76.54474284252683
Blue Methane Trimble R12,NA,GCW,KIRK COND WELL GROUND,2022,3,10,0.312,GEOID18,wetland,NA,NA,-33.331199645996094,-33.371246337890625,-33.329566955566406,0.27195330810546636,38.87530458847963,-76.5446276319192
Blue Methane Trimble R12,NA,GCW,KIRK WATER WELL GROUND,2022,3,10,0.285,GEOID18,wetland,NA,NA,-33.331199645996094,-33.371246337890625,-33.329566955566406,0.24495330810546534,38.87530584244677,-76.54462115875852
Blue Methane Trimble R12,NA,GCW,KIRK COLLAR 2A LL,2022,3,10,0.28,GEOID18,wetland,NA,NA,-33.331199645996094,-33.371246337890625,-33.329566955566406,0.2399533081054699,38.87541044349437,-76.54457578823741
Blue Methane Trimble R12,NA,GCW,KIRK COLLAR 2A UL,2022,3,10,0.306,GEOID18,wetland,NA,NA,-33.331199645996094,-33.371246337890625,-33.329566955566406,0.26595330810546614,38.875412320468435,-76.54456967986967
Blue Methane Trimble R12,NA,GCW,KIRK COLLAR 2A UR,2022,3,10,0.319,GEOID18,wetland,NA,NA,-33.331199645996094,-33.371246337890625,-33.329566955566406,0.27895330810547136,38.87540684610249,-76.5445680898732
Blue Methane Trimble R12,NA,GCW,KIRK COLLAR 2A LR,2022,3,10,0.313,GEOID18,wetland,NA,NA,-33.331199645996094,-33.371246337890625,-33.329566955566406,0.27295330810547114,38.87540558214132,-76.54457430957179
Blue Methane Trimble R12,NA,GCW,KIRK COLLAR 2B LL,2022,3,10,0.322,GEOID18,wetland,NA,NA,-33.331199645996094,-33.371246337890625,-33.329566955566406,0.2819533081054715,38.87539768551042,-76.54457067217376
Blue Methane Trimble R12,NA,GCW,KIRK COLLAR 2B UL,2022,3,10,0.279,GEOID18,wetland,NA,NA,-33.331199645996094,-33.371246337890625,-33.329566955566406,0.23895330810547222,38.875399045821055,-76.54456374887478
Blue Methane Trimble R12,NA,GCW,KIRK COLLAR 2B UR,2022,3,10,0.314,GEOID18,wetland,NA,NA,-33.331199645996094,-33.371246337890625,-33.329566955566406,0.2739533081054688,38.87539385066693,-76.54456214557267
Blue Methane Trimble R12,NA,GCW,KIRK COLLAR 2B LR,2022,3,10,0.299,GEOID18,wetland,NA,NA,-33.331199645996094,-33.371246337890625,-33.329566955566406,0.25895330810546824,38.87539272971509,-76.54456807624848
Blue Methane Trimble R12,NA,GCW,KIRK 2B SIPPER,2022,3,10,0.329,GEOID18,wetland,NA,NA,-33.331199645996094,-33.371246337890625,-33.329566955566406,0.2889533081054694,38.87539405413783,-76.5445704302897
Blue Methane Trimble R12,NA,GCW,KIRK 2A SIPPER,2022,3,10,0.325,GEOID18,wetland,NA,NA,-33.331199645996094,-33.371246337890625,-33.329566955566406,0.2849533081054716,38.8754073541469,-76.54457593472212
Blue Methane Trimble R12,NA,GCW,KIRK INGROWTH CORE 2A-1,2022,3,10,0.318,GEOID18,wetland,NA,NA,-33.331199645996094,-33.371246337890625,-33.329566955566406,0.2779533081054666,38.875422825936525,-76.54457931633716
Blue Methane Trimble R12,NA,GCW,KIRK INGROWTH CORE 2A-2,2022,3,10,0.276,GEOID18,wetland,NA,NA,-33.331199645996094,-33.371246337890625,-33.329566955566406,0.2359533081054721,38.875423576380754,-76.54457308839017
Blue Methane Trimble R12,NA,GCW,KIRK INGROWTH CORE 2A-3,2022,3,10,0.282,GEOID18,wetland,NA,NA,-33.331199645996094,-33.371246337890625,-33.329566955566406,0.24195330810546523,38.87542495511258,-76.54456626869045
Blue Methane Trimble R12,NA,GCW,KIRK INGROWTH CORE 2B-1,2022,3,10,0.309,GEOID18,wetland,NA,NA,-33.331199645996094,-33.371246337890625,-33.329566955566406,0.26895330810546625,38.87538031600327,-76.54456576993378
Blue Methane Trimble R12,NA,GCW,KIRK INGROWTH CORE 2B-2,2022,3,10,0.298,GEOID18,wetland,NA,NA,-33.331199645996094,-33.371246337890625,-33.329566955566406,0.25795330810547057,38.875382745807975,-76.54456051084256
Blue Methane Trimble R12,NA,GCW,KIRK INGROWTH CORE 2B-3,2022,3,10,0.293,GEOID18,wetland,NA,NA,-33.331199645996094,-33.371246337890625,-33.329566955566406,0.252953308105468,38.87538391454244,-76.5445552828484
Blue Methane Trimble R12,NA,GCW,KIRK HARVEST 2021 2A LL,2022,3,10,0.277,GEOID18,wetland,NA,NA,-33.331199645996094,-33.371246337890625,-33.329566955566406,0.23695330810546977,38.875383502848244,-76.54458831429015
Blue Methane Trimble R12,NA,GCW,KIRK HARVEST 2021 2A UL,2022,3,10,0.273,GEOID18,wetland,NA,NA,-33.331199645996094,-33.371246337890625,-33.329566955566406,0.232953308105472,38.87538191663039,-76.54459274976728
Blue Methane Trimble R12,NA,GCW,KIRK HARVEST 2021 2A UR,2022,3,10,0.292,GEOID18,wetland,NA,NA,-33.331199645996094,-33.371246337890625,-33.329566955566406,0.25195330810547034,38.87538489358884,-76.54459381405839
Blue Methane Trimble R12,NA,GCW,KIRK HARVEST 2021 2A LR,2022,3,10,0.281,GEOID18,wetland,NA,NA,-33.331199645996094,-33.371246337890625,-33.329566955566406,0.24095330810546756,38.87538612055388,-76.54458965745846
Blue Methane Trimble R12,NA,GCW,KIRK HARVEST 2021 2B LL,2022,3,10,0.293,GEOID18,wetland,NA,NA,-33.331199645996094,-33.371246337890625,-33.329566955566406,0.252953308105468,38.87539292313712,-76.54459226464765
Blue Methane Trimble R12,NA,GCW,KIRK HARVEST 2021 2B UL,2022,3,10,0.313,GEOID18,wetland,NA,NA,-33.331199645996094,-33.371246337890625,-33.329566955566406,0.27295330810547114,38.87539236936665,-76.54459579463618
Blue Methane Trimble R12,NA,GCW,KIRK HARVEST 2021 2B UR,2022,3,10,0.309,GEOID18,wetland,NA,NA,-33.331199645996094,-33.371246337890625,-33.329566955566406,0.26895330810546625,38.87539612923698,-76.54459664649262
Blue Methane Trimble R12,NA,GCW,KIRK HARVEST 2021 2B LR,2022,3,10,0.295,GEOID18,wetland,NA,NA,-33.331199645996094,-33.371246337890625,-33.329566955566406,0.25495330810547046,38.87539666741766,-76.54459373891892
Blue Methane Trimble R12,NA,GCW,KIRK HARVEST 2022 2B LL,2022,3,10,0.315,GEOID18,wetland,NA,NA,-33.331199645996094,-33.371246337890625,-33.329566955566406,0.2749533081054665,38.87540009070086,-76.54459375164492
Blue Methane Trimble R12,NA,GCW,KIRK HARVEST 2022 2B UL,2022,3,10,0.281,GEOID18,wetland,NA,NA,-33.331199645996094,-33.371246337890625,-33.329566955566406,0.24095330810546756,38.87540329246196,-76.5445947107824
Blue Methane Trimble R12,NA,GCW,KIRK HARVEST 2022 2B UR,2022,3,10,0.281,GEOID18,wetland,NA,NA,-33.331199645996094,-33.371246337890625,-33.329566955566406,0.24095330810546756,38.87540420521563,-76.54459083277142
Blue Methane Trimble R12,NA,GCW,KIRK HARVEST 2022 2B LR,2022,3,10,0.308,GEOID18,wetland,NA,NA,-33.331199645996094,-33.371246337890625,-33.329566955566406,0.2679533081054686,38.875401163131926,-76.54458923877513
Blue Methane Trimble R12,NA,GCW,KIRK HARVEST 2022 2A LL,2022,3,10,0.26,GEOID18,wetland,NA,NA,-33.331199645996094,-33.371246337890625,-33.329566955566406,0.21995330810546676,38.87538218753957,-76.54457905709963
Blue Methane Trimble R12,NA,GCW,KIRK HARVEST 2022 2A UL,2022,3,10,0.275,GEOID18,wetland,NA,NA,-33.331199645996094,-33.371246337890625,-33.329566955566406,0.23495330810546733,38.87538290251489,-76.54457528407107
Blue Methane Trimble R12,NA,GCW,KIRK HARVEST 2022 2A UR,2022,3,10,0.291,GEOID18,wetland,NA,NA,-33.331199645996094,-33.371246337890625,-33.329566955566406,0.25095330810546557,38.8753793927192,-76.54457387745067
Blue Methane Trimble R12,NA,GCW,KIRK HARVEST 2022 2A LR,2022,3,10,0.281,GEOID18,wetland,NA,NA,-33.331199645996094,-33.371246337890625,-33.329566955566406,0.24095330810546756,38.87537841605422,-76.5445775369056
Blue Methane Trimble R12,NA,GCW,KIRK 2A ALLOMETRY QUAD LEFT 1 LL,2022,3,10,0.308,GEOID18,wetland,NA,NA,-33.331199645996094,-33.371246337890625,-33.329566955566406,0.2679533081054686,38.875415205420836,-76.5445587017865
Blue Methane Trimble R12,NA,GCW,KIRK 2A ALLOMETRY QUAD LEFT 1 UL,2022,3,10,0.311,GEOID18,wetland,NA,NA,-33.331199645996094,-33.371246337890625,-33.329566955566406,0.2709533081054687,38.87541373428388,-76.54455799666529
Blue Methane Trimble R12,NA,GCW,KIRK 2A ALLOMETRY QUAD LEFT 1 UR,2022,3,10,0.306,GEOID18,wetland,NA,NA,-33.331199645996094,-33.371246337890625,-33.329566955566406,0.26595330810546614,38.87541379664806,-76.54456012827465
Blue Methane Trimble R12,NA,GCW,KIRK 2A ALLOMETRY QUAD LEFT 1 LR,2022,3,10,0.277,GEOID18,wetland,NA,NA,-33.331199645996094,-33.371246337890625,-33.329566955566406,0.23695330810546977,38.875415274815786,-76.544560326279
Blue Methane Trimble R12,NA,GCW,KIRK 2A ALLOMETRY QUAD RIGHT 2 LL,2022,3,10,0.286,GEOID18,wetland,NA,NA,-33.331199645996094,-33.371246337890625,-33.329566955566406,0.24595330810547011,38.875414771950005,-76.54456304923849
Blue Methane Trimble R12,NA,GCW,KIRK 2A ALLOMETRY QUAD RIGHT 2 UL,2022,3,10,0.283,GEOID18,wetland,NA,NA,-33.331199645996094,-33.371246337890625,-33.329566955566406,0.24295330810547,38.87541320419378,-76.5445629785739
Blue Methane Trimble R12,NA,GCW,KIRK 2A ALLOMETRY QUAD RIGHT 2 UR,2022,3,10,0.249,GEOID18,wetland,NA,NA,-33.331199645996094,-33.371246337890625,-33.329566955566406,0.20895330810547108,38.87541304874108,-76.54456469669633
Blue Methane Trimble R12,NA,GCW,KIRK 2A ALLOMETRY QUAD RIGHT 2 LR,2022,3,10,0.287,GEOID18,wetland,NA,NA,-33.331199645996094,-33.371246337890625,-33.329566955566406,0.24695330810546778,38.875414562897014,-76.54456488294669
Blue Methane Trimble R12,NA,GCW,KIRK 2B ALLOMETRY QUAD LEFT LL,2022,3,10,0.291,GEOID18,wetland,NA,NA,-33.331199645996094,-33.371246337890625,-33.329566955566406,0.25095330810546557,38.87539489315061,-76.54455688381043
Blue Methane Trimble R12,NA,GCW,KIRK 2B ALLOMETRY QUAD LEFT UL,2022,3,10,0.328,GEOID18,wetland,NA,NA,-33.331199645996094,-33.371246337890625,-33.329566955566406,0.2879533081054717,38.875396004405594,-76.54455770647196
Blue Methane Trimble R12,NA,GCW,KIRK 2B ALLOMETRY QUAD LEFT UR,2022,3,10,0.324,GEOID18,wetland,NA,NA,-33.331199645996094,-33.371246337890625,-33.329566955566406,0.2839533081054668,38.87539658365209,-76.54455608936435
Blue Methane Trimble R12,NA,GCW,KIRK 2B ALLOMETRY QUAD LEFT LR,2022,3,10,0.311,GEOID18,wetland,NA,NA,-33.331199645996094,-33.371246337890625,-33.329566955566406,0.2709533081054687,38.87539491410812,-76.54455532788789
Blue Methane Trimble R12,NA,GCW,KIRK 2B ALLOMETRY QUAD RIGHT LL,2022,3,10,0.302,GEOID18,wetland,NA,NA,-33.331199645996094,-33.371246337890625,-33.329566955566406,0.26195330810546835,38.87539616641419,-76.54455304959592
Blue Methane Trimble R12,NA,GCW,KIRK 2B ALLOMETRY QUAD RIGHT UL,2022,3,10,0.304,GEOID18,wetland,NA,NA,-33.331199645996094,-33.371246337890625,-33.329566955566406,0.2639533081054708,38.875397537066796,-76.54455339810296
Blue Methane Trimble R12,NA,GCW,KIRK 2B ALLOMETRY QUAD RIGHT UR,2022,3,10,0.304,GEOID18,wetland,NA,NA,-33.331199645996094,-33.371246337890625,-33.329566955566406,0.2639533081054708,38.87539781832073,-76.54455159850743
Blue Methane Trimble R12,NA,GCW,KIRK 2B ALLOMETRY QUAD RIGHT LR,2022,3,10,0.308,GEOID18,wetland,NA,NA,-33.331199645996094,-33.371246337890625,-33.329566955566406,0.2679533081054686,38.8753966183761,-76.54455113366726
Blue Methane Trimble R12,NA,GCW,HOG 2020 NERR PLOT 1A,2022,3,10,0.404,GEOID18,wetland,NA,NA,-33.331199645996094,-33.371246337890625,-33.329566955566406,0.3639533081054722,38.87999945924292,-76.55167524707541
Blue Methane Trimble R12,NA,GCW,HOG 2020 NERR PLOT 1B,2022,3,10,0.425,GEOID18,wetland,NA,NA,-33.331199645996094,-33.371246337890625,-33.329566955566406,0.3849533081054659,38.87999378218823,-76.55166541725954
Blue Methane Trimble R12,NA,GCW,HOG COLLAR 1A LL,2022,3,10,0.385,GEOID18,wetland,NA,NA,-33.331199645996094,-33.371246337890625,-33.329566955566406,0.34495330810546676,38.87994848102347,-76.55183977688921
Blue Methane Trimble R12,NA,GCW,HOG COLLAR 1A UL,2022,3,10,0.381,GEOID18,wetland,NA,NA,-33.331199645996094,-33.371246337890625,-33.329566955566406,0.340953308105469,38.87994888086424,-76.55184537557274
Blue Methane Trimble R12,NA,GCW,HOG COLLAR 1A UR,2022,3,10,0.403,GEOID18,wetland,NA,NA,-33.331199645996094,-33.371246337890625,-33.329566955566406,0.36295330810546744,38.87995425978136,-76.55184559534146
Blue Methane Trimble R12,NA,GCW,HOG COLLAR 1A LR,2022,3,10,0.396,GEOID18,wetland,NA,NA,-33.331199645996094,-33.371246337890625,-33.329566955566406,0.35595330810546955,38.87995367835976,-76.55183962899503
Blue Methane Trimble R12,NA,GCW,HOG COLLAR 1B LL,2022,3,10,0.402,GEOID18,wetland,NA,NA,-33.331199645996094,-33.371246337890625,-33.329566955566406,0.3619533081054698,38.87996122364269,-76.55184097614124
Blue Methane Trimble R12,NA,GCW,HOG COLLAR 1B UL,2022,3,10,0.4,GEOID18,wetland,NA,NA,-33.331199645996094,-33.371246337890625,-33.329566955566406,0.35995330810546733,38.87996132868667,-76.55184722208256
Blue Methane Trimble R12,NA,GCW,HOG COLLAR 1B UR,2022,3,10,0.369,GEOID18,wetland,NA,NA,-33.331199645996094,-33.371246337890625,-33.329566955566406,0.3289533081054685,38.87996578014875,-76.55184755140236
Blue Methane Trimble R12,NA,GCW,HOG COLLAR 1B LR,2022,3,10,0.379,GEOID18,wetland,NA,NA,-33.331199645996094,-33.371246337890625,-33.329566955566406,0.33895330810546653,38.879965980501886,-76.55184107304062
Blue Methane Trimble R12,NA,GCW,HOG SIPPER 1A,2022,3,10,0.357,GEOID18,wetland,NA,NA,-33.331199645996094,-33.371246337890625,-33.329566955566406,0.31695330810546807,38.87995172876759,-76.55183865008199
Blue Methane Trimble R12,NA,GCW,HOG SIPPER 1B,2022,3,10,0.356,GEOID18,wetland,NA,NA,-33.331199645996094,-33.371246337890625,-33.329566955566406,0.3159533081054704,38.87996508116383,-76.55183911942302
Blue Methane Trimble R12,NA,GCW,HOG 2021 HARVEST PLOT 1A LL,2022,3,10,0.376,GEOID18,wetland,NA,NA,-33.331199645996094,-33.371246337890625,-33.329566955566406,0.3359533081054664,38.87996499903135,-76.55183180150365
Blue Methane Trimble R12,NA,GCW,HOG 2021 HARVEST PLOT 1A UL,2022,3,10,0.387,GEOID18,wetland,NA,NA,-33.331199645996094,-33.371246337890625,-33.329566955566406,0.3469533081054692,38.87996550342346,-76.55182708457181
Blue Methane Trimble R12,NA,GCW,HOG 2021 HARVEST PLOT 1A UR,2022,3,10,0.398,GEOID18,wetland,NA,NA,-33.331199645996094,-33.371246337890625,-33.329566955566406,0.357953308105472,38.879961169024746,-76.55182674299292
Blue Methane Trimble R12,NA,GCW,HOG 2021 HARVEST PLOT 1A LR,2022,3,10,0.384,GEOID18,wetland,NA,NA,-33.331199645996094,-33.371246337890625,-33.329566955566406,0.3439533081054691,38.879960403436705,-76.55183147309012
Blue Methane Trimble R12,NA,GCW,HOG 2022 HARVEST PLOT 1A LL,2022,3,10,0.382,GEOID18,wetland,NA,NA,-33.331199645996094,-33.371246337890625,-33.329566955566406,0.34195330810546665,38.87995654096242,-76.55183203902926
Blue Methane Trimble R12,NA,GCW,HOG 2022 HARVEST PLOT 1A UL,2022,3,10,0.364,GEOID18,wetland,NA,NA,-33.331199645996094,-33.371246337890625,-33.329566955566406,0.32395330810546596,38.879956880109695,-76.55182651637932
Blue Methane Trimble R12,NA,GCW,HOG 2022 HARVEST PLOT 1A UR,2022,3,10,0.371,GEOID18,wetland,NA,NA,-33.331199645996094,-33.371246337890625,-33.329566955566406,0.33095330810547097,38.879951707144706,-76.55182597261583
Blue Methane Trimble R12,NA,GCW,HOG 2022 HARVEST PLOT 1A LR,2022,3,10,0.374,GEOID18,wetland,NA,NA,-33.331199645996094,-33.371246337890625,-33.329566955566406,0.3339533081054711,38.879951278666496,-76.55183169175304
Blue Methane Trimble R12,NA,GCW,HOG 2021 HARVEST PLOT 1B LL,2022,3,10,0.392,GEOID18,wetland,NA,NA,-33.331199645996094,-33.371246337890625,-33.329566955566406,0.35195330810547176,38.87995114283467,-76.5518315082047
Blue Methane Trimble R12,NA,GCW,HOG 2021 HARVEST PLOT 1B UL,2022,3,10,0.385,GEOID18,wetland,NA,NA,-33.331199645996094,-33.371246337890625,-33.329566955566406,0.34495330810546676,38.879951329239134,-76.55182609024037
Blue Methane Trimble R12,NA,GCW,HOG 2021 HARVEST PLOT 1B UR,2022,3,10,0.386,GEOID18,wetland,NA,NA,-33.331199645996094,-33.371246337890625,-33.329566955566406,0.34595330810547154,38.87994741818544,-76.5518257344775
Blue Methane Trimble R12,NA,GCW,HOG 2021 HARVEST PLOT 1B LR,2022,3,10,0.364,GEOID18,wetland,NA,NA,-33.331199645996094,-33.371246337890625,-33.329566955566406,0.32395330810546596,38.87994715176786,-76.55183142954628
Blue Methane Trimble R12,NA,GCW,HOG 2022 HARVEST PLOT 1B LL,2022,3,10,0.361,GEOID18,wetland,NA,NA,-33.331199645996094,-33.371246337890625,-33.329566955566406,0.32095330810546585,38.87994607743838,-76.55183082546417
Blue Methane Trimble R12,NA,GCW,HOG 2022 HARVEST PLOT 1B UL,2022,3,10,0.367,GEOID18,wetland,NA,NA,-33.331199645996094,-33.371246337890625,-33.329566955566406,0.3269533081054661,38.8799465902638,-76.55182595865439
Blue Methane Trimble R12,NA,GCW,HOG 2022 HARVEST PLOT 1B UR,2022,3,10,0.391,GEOID18,wetland,NA,NA,-33.331199645996094,-33.371246337890625,-33.329566955566406,0.350953308105467,38.87994226310432,-76.55182515602655
Blue Methane Trimble R12,NA,GCW,HOG 2022 HARVEST PLOT 1B LR,2022,3,10,0.393,GEOID18,wetland,NA,NA,-33.331199645996094,-33.371246337890625,-33.329566955566406,0.35295330810546943,38.87994213909449,-76.55183040072193
Blue Methane Trimble R12,NA,GCW,HOG 2020 HARVEST AREA 2020 LL,2022,3,10,0.368,GEOID18,wetland,NA,NA,-33.331199645996094,-33.371246337890625,-33.329566955566406,0.32795330810547085,38.8799415510588,-76.55186496816336
Blue Methane Trimble R12,NA,GCW,HOG 2020 HARVEST AREA 2020 UL,2022,3,10,0.365,GEOID18,wetland,NA,NA,-33.331199645996094,-33.371246337890625,-33.329566955566406,0.32495330810547074,38.87994100598877,-76.55186847521426
Blue Methane Trimble R12,NA,GCW,HOG 2020 HARVEST AREA 2020 UR,2022,3,10,0.381,GEOID18,wetland,NA,NA,-33.331199645996094,-33.371246337890625,-33.329566955566406,0.340953308105469,38.879945097208,-76.55186882984793
Blue Methane Trimble R12,NA,GCW,HOG 2020 HARVEST AREA 2020 LR,2022,3,10,0.382,GEOID18,wetland,NA,NA,-33.331199645996094,-33.371246337890625,-33.329566955566406,0.34195330810546665,38.87994484751503,-76.55186479763405
Blue Methane Trimble R12,NA,GCW,HOG INGROWTH CORE 1A-1,2022,3,10,0.402,GEOID18,wetland,NA,NA,-33.331199645996094,-33.371246337890625,-33.329566955566406,0.3619533081054698,38.87997785696434,-76.55185131340924
Blue Methane Trimble R12,NA,GCW,HOG INGROWTH CORE 1A-2,2022,3,10,0.399,GEOID18,wetland,NA,NA,-33.331199645996094,-33.371246337890625,-33.329566955566406,0.35895330810546966,38.87997775530373,-76.5518576874263
Blue Methane Trimble R12,NA,GCW,HOG INGROWTH CORE 1A-3,2022,3,10,0.397,GEOID18,wetland,NA,NA,-33.331199645996094,-33.371246337890625,-33.329566955566406,0.3569533081054672,38.879977894257266,-76.55186337995148
Blue Methane Trimble R12,NA,GCW,HOG 1A ALLOMETRY QUAD 1 LEFT LL,2022,3,10,0.38,GEOID18,wetland,NA,NA,-33.331199645996094,-33.371246337890625,-33.329566955566406,0.3399533081054713,38.87996748054269,-76.55185401782629
Blue Methane Trimble R12,NA,GCW,HOG 1A ALLOMETRY QUAD 1 LEFT UL,2022,3,10,0.402,GEOID18,wetland,NA,NA,-33.331199645996094,-33.371246337890625,-33.329566955566406,0.3619533081054698,38.879966091631054,-76.55185360012092
Blue Methane Trimble R12,NA,GCW,HOG 1A ALLOMETRY QUAD 1 LEFT UR,2022,3,10,0.397,GEOID18,wetland,NA,NA,-33.331199645996094,-33.371246337890625,-33.329566955566406,0.3569533081054672,38.879965667105225,-76.55185565425408
Blue Methane Trimble R12,NA,GCW,HOG 1A ALLOMETRY QUAD 1 LEFT LR,2022,3,10,0.381,GEOID18,wetland,NA,NA,-33.331199645996094,-33.371246337890625,-33.329566955566406,0.340953308105469,38.87996752471283,-76.5518561381664
Blue Methane Trimble R12,NA,GCW,HOG 1A ALLOMETRY QUAD 1 RIGHT LL,2022,3,10,0.386,GEOID18,wetland,NA,NA,-33.331199645996094,-33.371246337890625,-33.329566955566406,0.34595330810547154,38.8799674233353,-76.55185789061757
Blue Methane Trimble R12,NA,GCW,HOG 1A ALLOMETRY QUAD 1 RIGHT UL,2022,3,10,0.376,GEOID18,wetland,NA,NA,-33.331199645996094,-33.371246337890625,-33.329566955566406,0.3359533081054664,38.87996606242145,-76.55185772628839
Blue Methane Trimble R12,NA,GCW,HOG 1A ALLOMETRY QUAD 1 RIGHT UR,2022,3,10,0.374,GEOID18,wetland,NA,NA,-33.331199645996094,-33.371246337890625,-33.329566955566406,0.3339533081054711,38.879966105751286,-76.55185962765692
Blue Methane Trimble R12,NA,GCW,HOG 1A ALLOMETRY QUAD 1 RIGHT LR,2022,3,10,0.369,GEOID18,wetland,NA,NA,-33.331199645996094,-33.371246337890625,-33.329566955566406,0.3289533081054685,38.87996727793349,-76.55185990842243
Blue Methane Trimble R12,NA,GCW,HOG 1B ALLOMETRY QUAD 1 LEFT LL,2022,3,10,0.375,GEOID18,wetland,NA,NA,-33.331199645996094,-33.371246337890625,-33.329566955566406,0.33495330810546875,38.879946337159,-76.55185859930417
Blue Methane Trimble R12,NA,GCW,HOG 1B ALLOMETRY QUAD 1 LEFT UL,2022,3,10,0.377,GEOID18,wetland,NA,NA,-33.331199645996094,-33.371246337890625,-33.329566955566406,0.3369533081054712,38.879947787978786,-76.5518587169683
Blue Methane Trimble R12,NA,GCW,HOG 1B ALLOMETRY QUAD 1 LEFT UR,2022,3,10,0.403,GEOID18,wetland,NA,NA,-33.331199645996094,-33.371246337890625,-33.329566955566406,0.36295330810546744,38.87994799918039,-76.55185741330645
Blue Methane Trimble R12,NA,GCW,HOG 1B ALLOMETRY QUAD 1 LEFT LR,2022,3,10,0.405,GEOID18,wetland,NA,NA,-33.331199645996094,-33.371246337890625,-33.329566955566406,0.3649533081054699,38.87994603382719,-76.55185702227168
Blue Methane Trimble R12,NA,GCW,HOG 1B ALLOMETRY QUAD 1 RIGHT LL,2022,3,10,0.402,GEOID18,wetland,NA,NA,-33.331199645996094,-33.371246337890625,-33.329566955566406,0.3619533081054698,38.879946350784316,-76.55185510711578
Blue Methane Trimble R12,NA,GCW,HOG 1B ALLOMETRY QUAD 1 RIGHT UL,2022,3,10,0.407,GEOID18,wetland,NA,NA,-33.331199645996094,-33.371246337890625,-33.329566955566406,0.3669533081054652,38.87994803626169,-76.55185533855699
Blue Methane Trimble R12,NA,GCW,HOG 1B ALLOMETRY QUAD 1 RIGHT UR,2022,3,10,0.376,GEOID18,wetland,NA,NA,-33.331199645996094,-33.371246337890625,-33.329566955566406,0.3359533081054664,38.87994791168033,-76.55185339159885
Blue Methane Trimble R12,NA,GCW,HOG 1B ALLOMETRY QUAD 1 RIGHT LR,2022,3,10,0.387,GEOID18,wetland,NA,NA,-33.331199645996094,-33.371246337890625,-33.329566955566406,0.3469533081054692,38.879946694368286,-76.5518530880668
Blue Methane Trimble R12,NA,GCW,HOG 1B INGROWTH CORE 1B-1,2022,3,10,0.415,GEOID18,wetland,NA,NA,-33.331199645996094,-33.371246337890625,-33.329566955566406,0.3749533081054679,38.87993551461574,-76.55183190601603
Blue Methane Trimble R12,NA,GCW,HOG 1B INGROWTH CORE 1B-2,2022,3,10,0.391,GEOID18,wetland,NA,NA,-33.331199645996094,-33.371246337890625,-33.329566955566406,0.350953308105467,38.87993611850745,-76.55183668513548
Blue Methane Trimble R12,NA,GCW,HOG 1B INGROWTH CORE 1B-3,2022,3,10,0.397,GEOID18,wetland,NA,NA,-33.331199645996094,-33.371246337890625,-33.329566955566406,0.3569533081054672,38.87993541333701,-76.55184307446443
Blue Methane Trimble R12,NA,GCW,HOG 2A INGROWTH CORE 2A-1,2022,3,10,0.401,GEOID18,wetland,NA,NA,-33.331199645996094,-33.371246337890625,-33.329566955566406,0.3609533081054721,38.87982256189751,-76.55195995597522
Blue Methane Trimble R12,NA,GCW,HOG 2A INGROWTH CORE 2A-2,2022,3,10,0.412,GEOID18,wetland,NA,NA,-33.331199645996094,-33.371246337890625,-33.329566955566406,0.3719533081054678,38.8798221224149,-76.55196515654208
Blue Methane Trimble R12,NA,GCW,HOG 2A INGROWTH CORE 2A-3,2022,3,10,0.378,GEOID18,wetland,NA,NA,-33.331199645996094,-33.371246337890625,-33.329566955566406,0.33795330810546886,38.87982225186859,-76.55197072233888
Blue Methane Trimble R12,NA,GCW,HOG 2B INGROWTH CORE 2B-1,2022,3,10,0.398,GEOID18,wetland,NA,NA,-33.331199645996094,-33.371246337890625,-33.329566955566406,0.357953308105472,38.87986470380097,-76.55196234213109
Blue Methane Trimble R12,NA,GCW,HOG 2B INGROWTH CORE 2B-2,2022,3,10,0.406,GEOID18,wetland,NA,NA,-33.331199645996094,-33.371246337890625,-33.329566955566406,0.36595330810546756,38.87986485966068,-76.55196774641429
Blue Methane Trimble R12,NA,GCW,HOG 2B INGROWTH CORE 2B-3,2022,3,10,0.407,GEOID18,wetland,NA,NA,-33.331199645996094,-33.371246337890625,-33.329566955566406,0.3669533081054652,38.87986487518979,-76.5519741427354
Blue Methane Trimble R12,NA,GCW,HOG COLLAR 2B LL,2022,3,10,0.418,GEOID18,wetland,NA,NA,-33.331199645996094,-33.371246337890625,-33.329566955566406,0.377953308105468,38.87984775905686,-76.55196475354299
Blue Methane Trimble R12,NA,GCW,HOG COLLAR 2B UL,2022,3,10,0.396,GEOID18,wetland,NA,NA,-33.331199645996094,-33.371246337890625,-33.329566955566406,0.35595330810546955,38.87984781207826,-76.55197152995466
Blue Methane Trimble R12,NA,GCW,HOG COLLAR 2B UR,2022,3,10,0.387,GEOID18,wetland,NA,NA,-33.331199645996094,-33.371246337890625,-33.329566955566406,0.3469533081054692,38.87985279653189,-76.55197224778769
Blue Methane Trimble R12,NA,GCW,HOG COLLAR 2B LR,2022,3,10,0.383,GEOID18,wetland,NA,NA,-33.331199645996094,-33.371246337890625,-33.329566955566406,0.3429533081054714,38.879852734988596,-76.5519655982049
Blue Methane Trimble R12,NA,GCW,HOG COLLAR 2A LL,2022,3,10,0.402,GEOID18,wetland,NA,NA,-33.331199645996094,-33.371246337890625,-33.329566955566406,0.3619533081054698,38.87983462502602,-76.55196484753672
Blue Methane Trimble R12,NA,GCW,HOG COLLAR 2A UL,2022,3,10,0.374,GEOID18,wetland,NA,NA,-33.331199645996094,-33.371246337890625,-33.329566955566406,0.3339533081054711,38.87983413564939,-76.55197113177464
Blue Methane Trimble R12,NA,GCW,HOG COLLAR 2A UR,2022,3,10,0.394,GEOID18,wetland,NA,NA,-33.331199645996094,-33.371246337890625,-33.329566955566406,0.3539533081054671,38.87983953200817,-76.55197120161702
Blue Methane Trimble R12,NA,GCW,HOG COLLAR 2A LR,2022,3,10,0.417,GEOID18,wetland,NA,NA,-33.331199645996094,-33.371246337890625,-33.329566955566406,0.37695330810547034,38.87983985799779,-76.55196459570244
Blue Methane Trimble R12,NA,GCW,HOG SIPPER 2A,2022,3,10,0.392,GEOID18,wetland,NA,NA,-33.331199645996094,-33.371246337890625,-33.329566955566406,0.35195330810547176,38.879837100479826,-76.55196200835017
Blue Methane Trimble R12,NA,GCW,HOG SIPPER 2B,2022,3,10,0.392,GEOID18,wetland,NA,NA,-33.331199645996094,-33.371246337890625,-33.329566955566406,0.35195330810547176,38.87985022417601,-76.55196156866852
Blue Methane Trimble R12,NA,GCW,HOG ALLOMETRY 2A QUAD LEFT LL,2022,3,10,0.417,GEOID18,wetland,NA,NA,-33.331199645996094,-33.371246337890625,-33.329566955566406,0.37695330810547034,38.879833248160985,-76.55198165973918
Blue Methane Trimble R12,NA,GCW,HOG ALLOMETRY 2A QUAD LEFT UL,2022,3,10,0.424,GEOID18,wetland,NA,NA,-33.331199645996094,-33.371246337890625,-33.329566955566406,0.38395330810546824,38.87983449289546,-76.55198206682643
Blue Methane Trimble R12,NA,GCW,HOG ALLOMETRY 2A QUAD LEFT UR,2022,3,10,0.406,GEOID18,wetland,NA,NA,-33.331199645996094,-33.371246337890625,-33.329566955566406,0.36595330810546756,38.87983451014978,-76.55197951967682
Blue Methane Trimble R12,NA,GCW,HOG ALLOMETRY 2A QUAD LEFT LR,2022,3,10,0.415,GEOID18,wetland,NA,NA,-33.331199645996094,-33.371246337890625,-33.329566955566406,0.3749533081054679,38.8798332931475,-76.55197929681667
Blue Methane Trimble R12,NA,GCW,HOG ALLOMETRY 2A QUAD RIGHT LL,2022,3,10,0.414,GEOID18,wetland,NA,NA,-33.331199645996094,-33.371246337890625,-33.329566955566406,0.37395330810547023,38.879833368474635,-76.55197779808415
Blue Methane Trimble R12,NA,GCW,HOG ALLOMETRY 2A QUAD RIGHT UL,2022,3,10,0.4,GEOID18,wetland,NA,NA,-33.331199645996094,-33.371246337890625,-33.329566955566406,0.35995330810546733,38.87983492770321,-76.55197799574535
Blue Methane Trimble R12,NA,GCW,HOG ALLOMETRY 2A QUAD RIGHT UR,2022,3,10,0.407,GEOID18,wetland,NA,NA,-33.331199645996094,-33.371246337890625,-33.329566955566406,0.3669533081054652,38.87983511797165,-76.55197593156248
Blue Methane Trimble R12,NA,GCW,HOG ALLOMETRY 2A QUAD RIGHT LR,2022,3,10,0.403,GEOID18,wetland,NA,NA,-33.331199645996094,-33.371246337890625,-33.329566955566406,0.36295330810546744,38.879833324527745,-76.55197573537193
Blue Methane Trimble R12,NA,GCW,HOG ALLOMETRY 2B QUAD RIGHT LL,2022,3,10,0.406,GEOID18,wetland,NA,NA,-33.331199645996094,-33.371246337890625,-33.329566955566406,0.36595330810546756,38.879854233434735,-76.55198047919548
Blue Methane Trimble R12,NA,GCW,HOG ALLOMETRY 2B QUAD RIGHT UL,2022,3,10,0.412,GEOID18,wetland,NA,NA,-33.331199645996094,-33.371246337890625,-33.329566955566406,0.3719533081054678,38.87985263980885,-76.55198070817796
Blue Methane Trimble R12,NA,GCW,HOG ALLOMETRY 2B QUAD RIGHT UR,2022,3,10,0.419,GEOID18,wetland,NA,NA,-33.331199645996094,-33.371246337890625,-33.329566955566406,0.3789533081054657,38.87985276407859,-76.55198257446011
Blue Methane Trimble R12,NA,GCW,HOG ALLOMETRY 2B QUAD RIGHT LR,2022,3,10,0.408,GEOID18,wetland,NA,NA,-33.331199645996094,-33.371246337890625,-33.329566955566406,0.36795330810547,38.87985431434309,-76.55198278370284
Blue Methane Trimble R12,NA,GCW,HOG ALLOMETRY 2B QUAD LEFT LL,2022,3,10,0.421,GEOID18,wetland,NA,NA,-33.331199645996094,-33.371246337890625,-33.329566955566406,0.3809533081054681,38.87985391419941,-76.55197710435237
Blue Methane Trimble R12,NA,GCW,HOG ALLOMETRY 2B QUAD LEFT UL,2022,3,10,0.401,GEOID18,wetland,NA,NA,-33.331199645996094,-33.371246337890625,-33.329566955566406,0.3609533081054721,38.87985248907821,-76.55197664077234
Blue Methane Trimble R12,NA,GCW,HOG ALLOMETRY 2B QUAD LEFT UR,2022,3,10,0.423,GEOID18,wetland,NA,NA,-33.331199645996094,-33.371246337890625,-33.329566955566406,0.38295330810547057,38.8798525157601,-76.55197889951981
Blue Methane Trimble R12,NA,GCW,HOG ALLOMETRY 2B QUAD LEFT LR,2022,3,10,0.429,GEOID18,wetland,NA,NA,-33.331199645996094,-33.371246337890625,-33.329566955566406,0.3889533081054708,38.87985393955495,-76.55197901735593
Blue Methane Trimble R12,NA,GCW,HOG 2A 2021 HARVEST LL,2022,3,10,0.381,GEOID18,wetland,NA,NA,-33.331199645996094,-33.371246337890625,-33.329566955566406,0.340953308105469,38.87984866245974,-76.5519489815666
Blue Methane Trimble R12,NA,GCW,HOG 2A 2021 HARVEST UL,2022,3,10,0.391,GEOID18,wetland,NA,NA,-33.331199645996094,-33.371246337890625,-33.329566955566406,0.350953308105467,38.87984900638765,-76.55194470360378
Blue Methane Trimble R12,NA,GCW,HOG 2A 2021 HARVEST UR,2022,3,10,0.374,GEOID18,wetland,NA,NA,-33.331199645996094,-33.371246337890625,-33.329566955566406,0.3339533081054711,38.87984543716262,-76.55194421891265
Blue Methane Trimble R12,NA,GCW,HOG 2A 2021 HARVEST LR,2022,3,10,0.358,GEOID18,wetland,NA,NA,-33.331199645996094,-33.371246337890625,-33.329566955566406,0.31795330810546574,38.879845319414464,-76.55194874900667
Blue Methane Trimble R12,NA,GCW,HOG 2A 2022 HARVEST LL,2022,3,10,0.374,GEOID18,wetland,NA,NA,-33.331199645996094,-33.371246337890625,-33.329566955566406,0.3339533081054711,38.87985631203857,-76.55194933691084
Blue Methane Trimble R12,NA,GCW,HOG 2A 2022 HARVEST UL,2022,3,10,0.361,GEOID18,wetland,NA,NA,-33.331199645996094,-33.371246337890625,-33.329566955566406,0.32095330810546585,38.879856471556295,-76.55194395369811
Blue Methane Trimble R12,NA,GCW,HOG 2A 2022 HARVEST UR,2022,3,10,0.352,GEOID18,wetland,NA,NA,-33.331199645996094,-33.371246337890625,-33.329566955566406,0.3119533081054655,38.879852452757206,-76.55194369080645
Blue Methane Trimble R12,NA,GCW,HOG 2A 2022 HARVEST LR,2022,3,10,0.37,GEOID18,wetland,NA,NA,-33.331199645996094,-33.371246337890625,-33.329566955566406,0.3299533081054662,38.87985206675025,-76.55194874121382
Blue Methane Trimble R12,NA,GCW,HOG 2B 2021 HARVEST LL,2022,3,10,0.369,GEOID18,wetland,NA,NA,-33.331199645996094,-33.371246337890625,-33.329566955566406,0.3289533081054685,38.879838781568246,-76.55194935478795
Blue Methane Trimble R12,NA,GCW,HOG 2B 2021 HARVEST UL,2022,3,10,0.386,GEOID18,wetland,NA,NA,-33.331199645996094,-33.371246337890625,-33.329566955566406,0.34595330810547154,38.879838628846876,-76.55194476876733
Blue Methane Trimble R12,NA,GCW,HOG 2B 2021 HARVEST UR,2022,3,10,0.394,GEOID18,wetland,NA,NA,-33.331199645996094,-33.371246337890625,-33.329566955566406,0.3539533081054671,38.879834530255465,-76.55194484060385
Blue Methane Trimble R12,NA,GCW,HOG 2B 2021 HARVEST LR,2022,3,10,0.363,GEOID18,wetland,NA,NA,-33.331199645996094,-33.371246337890625,-33.329566955566406,0.3229533081054683,38.87983464539622,-76.55194902348262
Blue Methane Trimble R12,NA,GCW,HOG 2B 2022 HARVEST LL,2022,3,10,0.379,GEOID18,wetland,NA,NA,-33.331199645996094,-33.371246337890625,-33.329566955566406,0.33895330810546653,38.879831723142864,-76.5519504594161
Blue Methane Trimble R12,NA,GCW,HOG 2B 2022 HARVEST UL,2022,3,10,0.384,GEOID18,wetland,NA,NA,-33.331199645996094,-33.371246337890625,-33.329566955566406,0.3439533081054691,38.87982755319259,-76.55195071610154
Blue Methane Trimble R12,NA,GCW,HOG 2B 2022 HARVEST UR,2022,3,10,0.378,GEOID18,wetland,NA,NA,-33.331199645996094,-33.371246337890625,-33.329566955566406,0.33795330810546886,38.87982793341985,-76.55195589999668
Blue Methane Trimble R12,NA,GCW,HOG 2B 2022 HARVEST LR,2022,3,10,0.373,GEOID18,wetland,NA,NA,-33.331199645996094,-33.371246337890625,-33.329566955566406,0.3329533081054663,38.87983165238126,-76.55195549631743
Blue Methane Trimble R12,NA,GCW,HOG COND WELL GROUND,2022,3,10,0.361,GEOID18,wetland,NA,NA,-33.331199645996094,-33.371246337890625,-33.329566955566406,0.32095330810546585,38.87989655925867,-76.55190165846986
Blue Methane Trimble R12,NA,GCW,HOG WATER WELL GROUND,2022,3,10,0.419,GEOID18,wetland,NA,NA,-33.331199645996094,-33.371246337890625,-33.329566955566406,0.3789533081054657,38.879892989350424,-76.55190569161745
Blue Methane Trimble R12,NA,GCW,MUD CORNER 1,2022,3,11,0.268,GEOID18,wetland,NA,NA,-33.29349899291992,-33.33185958862305,-33.29011154174805,0.22963940429687568,38.88721095674037,-76.56194364306714
Blue Methane Trimble R12,NA,GCW,MUD CORNER 1 V2,2022,3,11,0.26,GEOID18,wetland,NA,NA,-33.29349899291992,-33.33185958862305,-33.29011154174805,0.221639404296873,38.887211093334244,-76.56194403412128
Blue Methane Trimble R12,NA,GCW,MUD CORNER 1 V3,2022,3,11,0.302,GEOID18,wetland,NA,NA,-33.29349899291992,-33.33185958862305,-33.29011154174805,0.2636394042968746,38.8872107856696,-76.56194366716998
Blue Methane Trimble R12,NA,GCW,MUD CORNER 1 V4,2022,3,11,0.293,GEOID18,wetland,NA,NA,-33.29349899291992,-33.33185958862305,-33.29011154174805,0.25463940429687426,38.88721076782598,-76.56194371338458
Blue Methane Trimble R12,NA,GCW,MUD NERR 2020 2A,2022,3,11,0.226,GEOID18,wetland,NA,NA,-33.29349899291992,-33.33185958862305,-33.29011154174805,0.1876394042968741,38.887222450587544,-76.56216201819389
Blue Methane Trimble R12,NA,GCW,MUD NERR 2020 2B,2022,3,11,0.221,GEOID18,wetland,NA,NA,-33.29349899291992,-33.33185958862305,-33.29011154174805,0.18263940429687153,38.887215951408784,-76.5621681439428
Blue Methane Trimble R12,NA,GCW,MUD NERR 2020 2C,2022,3,11,-0.407,GEOID18,wetland,NA,NA,-33.29349899291992,-33.33185958862305,-33.29011154174805,-0.4453605957031215,38.887201329173486,-76.56230235320521
Blue Methane Trimble R12,NA,GCW,MUD CORNER IN CREEK 1,2022,3,11,-0.422,GEOID18,wetland,NA,NA,-33.29349899291992,-33.33185958862305,-33.29011154174805,-0.46036059570312204,38.88720111995314,-76.56230181275464
Blue Methane Trimble R12,NA,GCW,MUD CORNER IN CREEK 2,2022,3,11,-0.388,GEOID18,wetland,NA,NA,-33.29349899291992,-33.33185958862305,-33.29011154174805,-0.4263605957031231,38.88720121029503,-76.56230188135795
Blue Methane Trimble R12,NA,GCW,MUD CORNER IN CREEK 3,2022,3,11,-0.351,GEOID18,wetland,NA,NA,-33.29349899291992,-33.33185958862305,-33.29011154174805,-0.3893605957031241,38.88720128136783,-76.56230161581803
Blue Methane Trimble R12,NA,GCW,MUD CORNER 3,2022,3,11,0.306,GEOID18,wetland,NA,NA,-33.29349899291992,-33.33185958862305,-33.29011154174805,0.2676394042968724,38.88748605481303,-76.56196687388267
Blue Methane Trimble R12,NA,GCW,MUD CORNER 3 V2,2022,3,11,0.368,GEOID18,wetland,NA,NA,-33.29349899291992,-33.33185958862305,-33.29011154174805,0.3296394042968771,38.88748550660504,-76.56196722303748
Blue Methane Trimble R12,NA,GCW,MUD CORNER 3 V3,2022,3,11,0.583,GEOID18,wetland,NA,NA,-33.29349899291992,-33.33185958862305,-33.29011154174805,0.5446394042968734,38.88748582960616,-76.56196687526533
Blue Methane Trimble R12,NA,GCW,MUD CORNER 3 V4,2022,3,11,0.581,GEOID18,wetland,NA,NA,-33.29349899291992,-33.33185958862305,-33.29011154174805,0.5426394042968781,38.88748528945548,-76.561966970792
Blue Methane Trimble R12,NA,GCW,MUD CORNER 3 V5,2022,3,11,0.548,GEOID18,wetland,NA,NA,-33.29349899291992,-33.33185958862305,-33.29011154174805,0.5096394042968768,38.88748525359529,-76.56196701711738
Blue Methane Trimble R12,NA,GCW,MUD CORNER 3 V6,2022,3,11,0.462,GEOID18,wetland,NA,NA,-33.29349899291992,-33.33185958862305,-33.29011154174805,0.4236394042968783,38.88748505537001,-76.56196700680808
Blue Methane Trimble R12,NA,GCW,MUD CORNER 4 WOODS,2022,3,11,3.707,GEOID18,upland,NA,NA,-33.29349899291992,-33.33185958862305,-33.29011154174805,3.6686394042968757,38.88748460805202,-76.56230666665724
Blue Methane Trimble R12,NA,GCW,MUD CORNER 4 WOOD V2,2022,3,11,3.83,GEOID18,upland,NA,NA,-33.29349899291992,-33.33185958862305,-33.29011154174805,3.7916394042968733,38.887483855657315,-76.56230541490595
Blue Methane Trimble R12,NA,GCW,MUD CORNER 4 WOOD V3,2022,3,11,3.626,GEOID18,upland,NA,NA,-33.29349899291992,-33.33185958862305,-33.29011154174805,3.5876394042968762,38.88748393847822,-76.56230828444731
Blue Methane Trimble R12,NA,GCW,MUD NERR 2020 1A V1,2022,3,11,0.239,GEOID18,wetland,NA,NA,-33.29349899291992,-33.33185958862305,-33.29011154174805,0.20063940429687221,38.88734139225537,-76.56211707346863
Blue Methane Trimble R12,NA,GCW,MUD NERR 2020 1A V2,2022,3,11,0.245,GEOID18,wetland,NA,NA,-33.29349899291992,-33.33185958862305,-33.29011154174805,0.20663940429687244,38.88734130096272,-76.56211675129309
Blue Methane Trimble R12,NA,GCW,MUD NERR 2020 1A V3,2022,3,11,0.257,GEOID18,wetland,NA,NA,-33.29349899291992,-33.33185958862305,-33.29011154174805,0.2186394042968729,38.88734087740097,-76.56211670778752
Blue Methane Trimble R12,NA,GCW,MUD NERR 2020 1B,2022,3,11,0.134,GEOID18,wetland,NA,NA,-33.29349899291992,-33.33185958862305,-33.29011154174805,0.09563940429687534,38.88734135376319,-76.5621260296245
Blue Methane Trimble R12,NA,GCW,MUD COND WELL GROUND,2022,3,11,0.129,GEOID18,wetland,NA,NA,-33.29349899291992,-33.33185958862305,-33.29011154174805,0.09063940429687278,38.887338984968004,-76.56207568584635
Blue Methane Trimble R12,NA,GCW,MUD WATER WELL GROUND,2022,3,11,0.093,GEOID18,wetland,NA,NA,-33.29349899291992,-33.33185958862305,-33.29011154174805,0.054639404296878524,38.88734021541245,-76.5620819024851
Blue Methane Trimble R12,NA,GCW,MUD 2020 NERR PLOT 1A REDO1,2022,3,11,0.329,GEOID18,wetland,NA,NA,-33.29349899291992,-33.33185958862305,-33.29011154174805,0.2906394042968756,38.88734115760812,-76.56211695964595
Blue Methane Trimble R12,NA,GCW,MUD 2020 NERR PLOT 1B REDO1,2022,3,11,0.195,GEOID18,wetland,NA,NA,-33.29349899291992,-33.33185958862305,-33.29011154174805,0.15663940429687528,38.88734037091059,-76.56212578207835
Blue Methane Trimble R12,NA,GCW,MUD 2021 HARVEST 2A CORNER 1,2022,3,11,0.321,GEOID18,wetland,NA,NA,-33.29349899291992,-33.33185958862305,-33.29011154174805,0.28263940429687295,38.88727322457442,-76.56215539021164
Blue Methane Trimble R12,NA,GCW,MUD 2021 HARVEST 2A CORNER 2,2022,3,11,0.338,GEOID18,wetland,NA,NA,-33.29349899291992,-33.33185958862305,-33.29011154174805,0.29963940429687597,38.88727412384699,-76.56215977620151
Blue Methane Trimble R12,NA,GCW,MUD 2021 HARVEST 2A CORNER 3,2022,3,11,0.29,GEOID18,wetland,NA,NA,-33.29349899291992,-33.33185958862305,-33.29011154174805,0.25163940429687415,38.88727856870696,-76.56215835424575
Blue Methane Trimble R12,NA,GCW,MUD 2021 HARVEST 2A CORNER 4,2022,3,11,0.225,GEOID18,wetland,NA,NA,-33.29349899291992,-33.33185958862305,-33.29011154174805,0.18663940429687642,38.88727786800528,-76.56215407077346
Blue Methane Trimble R12,NA,GCW,MUD 2021 HARVEST 2B CORNER 1,2022,3,11,0.353,GEOID18,wetland,NA,NA,-33.29349899291992,-33.33185958862305,-33.29011154174805,0.31463940429687653,38.88727941323756,-76.5621529432424
Blue Methane Trimble R12,NA,GCW,MUD 2021 HARVEST 2B CORNER 2,2022,3,11,0.354,GEOID18,wetland,NA,NA,-33.29349899291992,-33.33185958862305,-33.29011154174805,0.3156394042968742,38.887280392418106,-76.56215701753295
Blue Methane Trimble R12,NA,GCW,MUD 2021 HARVEST 2B CORNER 3,2022,3,11,0.292,GEOID18,wetland,NA,NA,-33.29349899291992,-33.33185958862305,-33.29011154174805,0.2536394042968766,38.88728373787961,-76.56215549858729
Blue Methane Trimble R12,NA,GCW,MUD 2021 HARVEST 2B CORNER 4,2022,3,11,0.311,GEOID18,wetland,NA,NA,-33.29349899291992,-33.33185958862305,-33.29011154174805,0.27263940429687494,38.88728194683089,-76.56215112959588
Blue Methane Trimble R12,NA,GCW,MUD 2022 HARVEST 2A CORNER 1,2022,3,11,0.267,GEOID18,wetland,NA,NA,-33.29349899291992,-33.33185958862305,-33.29011154174805,0.228639404296878,38.88728280339474,-76.5621513318121
Blue Methane Trimble R12,NA,GCW,MUD 2022 HARVEST 2A CORNER 2,2022,3,11,0.284,GEOID18,wetland,NA,NA,-33.29349899291992,-33.33185958862305,-33.29011154174805,0.24563940429687392,38.887283301593826,-76.56215446390034
Blue Methane Trimble R12,NA,GCW,MUD 2022 HARVEST 2A CORNER 3,2022,3,11,0.193,GEOID18,wetland,NA,NA,-33.29349899291992,-33.33185958862305,-33.29011154174805,0.15463940429687284,38.88728701963511,-76.56215380713837
Blue Methane Trimble R12,NA,GCW,MUD 2022 HARVEST 2A CORNER 4,2022,3,11,0.254,GEOID18,wetland,NA,NA,-33.29349899291992,-33.33185958862305,-33.29011154174805,0.21563940429687278,38.88728672516978,-76.56214975169799
Blue Methane Trimble R12,NA,GCW,MUD 2022 HARVEST 2B CORNER 1,2022,3,11,0.317,GEOID18,wetland,NA,NA,-33.29349899291992,-33.33185958862305,-33.29011154174805,0.27863940429687517,38.887293515183636,-76.56214671319744
Blue Methane Trimble R12,NA,GCW,MUD 2022 HARVEST 2B CORNER 2,2022,3,11,0.342,GEOID18,wetland,NA,NA,-33.29349899291992,-33.33185958862305,-33.29011154174805,0.30363940429687375,38.887295496313655,-76.56215132307467
Blue Methane Trimble R12,NA,GCW,MUD 2022 HARVEST 2B CORNER 3,2022,3,11,0.296,GEOID18,wetland,NA,NA,-33.29349899291992,-33.33185958862305,-33.29011154174805,0.2576394042968744,38.8872988620164,-76.5621479943793
Blue Methane Trimble R12,NA,GCW,MUD 2022 HARVEST 2B CORNER 4,2022,3,11,0.207,GEOID18,wetland,NA,NA,-33.29349899291992,-33.33185958862305,-33.29011154174805,0.16863940429687574,38.88729703601446,-76.56214391375849
Blue Methane Trimble R12,NA,GCW,MUD COLLAR 2A CORNER 1,2022,3,11,0.301,GEOID18,wetland,NA,NA,-33.29349899291992,-33.33185958862305,-33.29011154174805,0.26263940429687693,38.8872870016145,-76.56213458142847
Blue Methane Trimble R12,NA,GCW,MUD COLLAR 2A CORNER 2,2022,3,11,0.176,GEOID18,wetland,NA,NA,-33.29349899291992,-33.33185958862305,-33.29011154174805,0.13763940429687693,38.88728612813353,-76.56212746355357
Blue Methane Trimble R12,NA,GCW,MUD COLLAR 2A CORNER 3,2022,3,11,0.226,GEOID18,wetland,NA,NA,-33.29349899291992,-33.33185958862305,-33.29011154174805,0.1876394042968741,38.887280552681815,-76.5621300796559
Blue Methane Trimble R12,NA,GCW,MUD COLLAR 2A CORNER 4,2022,3,11,0.271,GEOID18,wetland,NA,NA,-33.29349899291992,-33.33185958862305,-33.29011154174805,0.2326394042968758,38.88728191945732,-76.56213661818937
Blue Methane Trimble R12,NA,GCW,MUD COLLAR 2B CORNER 1,2022,3,11,0.216,GEOID18,wetland,NA,NA,-33.29349899291992,-33.33185958862305,-33.29011154174805,0.17763940429687608,38.88727397111309,-76.56213825759427
Blue Methane Trimble R12,NA,GCW,MUD COLLAR 2B CORNER 2,2022,3,11,0.22,GEOID18,wetland,NA,NA,-33.29349899291992,-33.33185958862305,-33.29011154174805,0.18163940429687386,38.887272316807426,-76.5621319167727
Blue Methane Trimble R12,NA,GCW,MUD COLLAR 2B CORNER 3,2022,3,11,0.218,GEOID18,wetland,NA,NA,-33.29349899291992,-33.33185958862305,-33.29011154174805,0.17963940429687852,38.88726689307037,-76.56213415157626
Blue Methane Trimble R12,NA,GCW,MUD COLLAR 2B CORNER 4,2022,3,11,0.32,GEOID18,wetland,NA,NA,-33.29349899291992,-33.33185958862305,-33.29011154174805,0.2816394042968753,38.88726888025003,-76.56214037509184
Blue Methane Trimble R12,NA,GCW,MUD INGROWTH CORE 2A-1,2022,3,11,0.292,GEOID18,wetland,NA,NA,-33.29349899291992,-33.33185958862305,-33.29011154174805,0.2536394042968766,38.887299008387025,-76.56211975411163
Blue Methane Trimble R12,NA,GCW,MUD INGROWTH CORE 2A-2,2022,3,11,0.292,GEOID18,wetland,NA,NA,-33.29349899291992,-33.33185958862305,-33.29011154174805,0.2536394042968766,38.88729796936532,-76.5621141356672
Blue Methane Trimble R12,NA,GCW,MUD INGROWTH CORE 2A-3,2022,3,11,0.267,GEOID18,wetland,NA,NA,-33.29349899291992,-33.33185958862305,-33.29011154174805,0.228639404296878,38.887297555434806,-76.56210704954977
Blue Methane Trimble R12,NA,GCW,MUD INGROWTH CORE 2B-1,2022,3,11,0.31,GEOID18,wetland,NA,NA,-33.29349899291992,-33.33185958862305,-33.29011154174805,0.2716394042968773,38.887262202140015,-76.56215884657706
Blue Methane Trimble R12,NA,GCW,MUD INGROWTH CORE 2B-2,2022,3,11,0.313,GEOID18,wetland,NA,NA,-33.29349899291992,-33.33185958862305,-33.29011154174805,0.2746394042968774,38.88726096912916,-76.56215434737335
Blue Methane Trimble R12,NA,GCW,MUD INGROWTH CORE 2B-3,2022,3,11,0.31,GEOID18,wetland,NA,NA,-33.29349899291992,-33.33185958862305,-33.29011154174805,0.2716394042968773,38.88725920104373,-76.56214889477337
Blue Methane Trimble R12,NA,GCW,MUD INGROWTH CORE 1A-1,2022,3,11,0.331,GEOID18,wetland,NA,NA,-33.29349899291992,-33.33185958862305,-33.29011154174805,0.29263940429687807,38.887351537793215,-76.56203110582378
Blue Methane Trimble R12,NA,GCW,MUD INGROWTH CORE 1A-2,2022,3,11,0.315,GEOID18,wetland,NA,NA,-33.29349899291992,-33.33185958862305,-33.29011154174805,0.2766394042968727,38.887356973197306,-76.56203198303443
Blue Methane Trimble R12,NA,GCW,MUD INGROWTH CORE 1A-3,2022,3,11,0.316,GEOID18,wetland,NA,NA,-33.29349899291992,-33.33185958862305,-33.29011154174805,0.2776394042968775,38.88736361132633,-76.56203408617456
Blue Methane Trimble R12,NA,GCW,MUD INGROWTH CORE 1B-1,2022,3,11,0.504,GEOID18,wetland,NA,NA,-33.29349899291992,-33.33185958862305,-33.29011154174805,0.4656394042968728,38.88735979813414,-76.56197813795119
Blue Methane Trimble R12,NA,GCW,MUD INGROWTH CORE 1B-2,2022,3,11,0.488,GEOID18,wetland,NA,NA,-33.29349899291992,-33.33185958862305,-33.29011154174805,0.44963940429687455,38.88736386562078,-76.56197938087077
Blue Methane Trimble R12,NA,GCW,MUD INGROWTH CORE 1B-3,2022,3,11,0.491,GEOID18,wetland,NA,NA,-33.29349899291992,-33.33185958862305,-33.29011154174805,0.45263940429687466,38.887368681701915,-76.56198086124664
Blue Methane Trimble R12,NA,GCW,MUD SIPPER 1A,2022,3,11,0.429,GEOID18,wetland,NA,NA,-33.29349899291992,-33.33185958862305,-33.29011154174805,0.39063940429687705,38.88737352516119,-76.56198724012589
Blue Methane Trimble R12,NA,GCW,MUD SIPPER 1B,2022,3,11,0.391,GEOID18,wetland,NA,NA,-33.29349899291992,-33.33185958862305,-33.29011154174805,0.35263940429687324,38.887362503041714,-76.56199558366448
Blue Methane Trimble R12,NA,GCW,MUD SIPPER 2A,2022,3,11,0.31,GEOID18,wetland,NA,NA,-33.29349899291992,-33.33185958862305,-33.29011154174805,0.2716394042968773,38.887285028392455,-76.56213688726629
Blue Methane Trimble R12,NA,GCW,MUD SIPPER 2B,2022,3,11,0.327,GEOID18,wetland,NA,NA,-33.29349899291992,-33.33185958862305,-33.29011154174805,0.2886394042968732,38.88727218207483,-76.56214163424424
Blue Methane Trimble R12,NA,GCW,MUD COLLAR 1A CORNER 1,2022,3,11,0.4,GEOID18,wetland,NA,NA,-33.29349899291992,-33.33185958862305,-33.29011154174805,0.3616394042968736,38.88735699268405,-76.56201555796203
Blue Methane Trimble R12,NA,GCW,MUD COLLAR 1A CORNER 2,2022,3,11,0.431,GEOID18,wetland,NA,NA,-33.29349899291992,-33.33185958862305,-33.29011154174805,0.3926394042968724,38.88736078500113,-76.56202029503673
Blue Methane Trimble R12,NA,GCW,MUD COLLAR 1A CORNER 3,2022,3,11,0.418,GEOID18,wetland,NA,NA,-33.29349899291992,-33.33185958862305,-33.29011154174805,0.37963940429687426,38.88736394486806,-76.56201492744347
Blue Methane Trimble R12,NA,GCW,MUD COLLAR 1A CORNER 4,2022,3,11,0.433,GEOID18,wetland,NA,NA,-33.29349899291992,-33.33185958862305,-33.29011154174805,0.39463940429687483,38.88735995665942,-76.5620108024644
Blue Methane Trimble R12,NA,GCW,MUD COLLAR 1B CORNER 1,2022,3,11,0.346,GEOID18,wetland,NA,NA,-33.29349899291992,-33.33185958862305,-33.29011154174805,0.30763940429687153,38.88736144605506,-76.56199958977373
Blue Methane Trimble R12,NA,GCW,MUD COLLAR 1B CORNER 2,2022,3,11,0.413,GEOID18,wetland,NA,NA,-33.29349899291992,-33.33185958862305,-33.29011154174805,0.3746394042968717,38.887365011653166,-76.56200392481979
Blue Methane Trimble R12,NA,GCW,MUD COLLAR 1B CORNER 3,2022,3,11,0.34,GEOID18,wetland,NA,NA,-33.29349899291992,-33.33185958862305,-33.29011154174805,0.3016394042968784,38.88736933920566,-76.562000048474
Blue Methane Trimble R12,NA,GCW,MUD COLLAR 1B CORNER 4,2022,3,11,0.409,GEOID18,wetland,NA,NA,-33.29349899291992,-33.33185958862305,-33.29011154174805,0.3706394042968739,38.887366275866476,-76.561995122504
Blue Methane Trimble R12,NA,GCW,MUD 2020 1A HARVEST AREA CORNER 1,2022,3,11,0.442,GEOID18,wetland,NA,NA,-33.29349899291992,-33.33185958862305,-33.29011154174805,0.40363940429687517,38.88735263390888,-76.56198468275772
Blue Methane Trimble R12,NA,GCW,MUD 2020 1A HARVEST AREA CORNER 2,2022,3,11,0.464,GEOID18,wetland,NA,NA,-33.29349899291992,-33.33185958862305,-33.29011154174805,0.42563940429687364,38.88734915902339,-76.56198291751724
Blue Methane Trimble R12,NA,GCW,MUD 2020 1A HARVEST AREA CORNER 3,2022,3,11,0.469,GEOID18,wetland,NA,NA,-33.29349899291992,-33.33185958862305,-33.29011154174805,0.4306394042968762,38.887347484702055,-76.56198805699144
Blue Methane Trimble R12,NA,GCW,MUD 2020 1A HARVEST AREA CORNER 4,2022,3,11,0.379,GEOID18,wetland,NA,NA,-33.29349899291992,-33.33185958862305,-33.29011154174805,0.3406394042968728,38.88735082649481,-76.56199036478445
Blue Methane Trimble R12,NA,GCW,MUD 2021 1A HARVEST AREA CORNER 1,2022,3,11,0.291,GEOID18,wetland,NA,NA,-33.29349899291992,-33.33185958862305,-33.29011154174805,0.2526394042968718,38.88734786082891,-76.56204031484124
Blue Methane Trimble R12,NA,GCW,MUD 2021 1A HARVEST AREA CORNER 2,2022,3,11,0.277,GEOID18,wetland,NA,NA,-33.29349899291992,-33.33185958862305,-33.29011154174805,0.23863940429687602,38.88735157137384,-76.5620400615386
Blue Methane Trimble R12,NA,GCW,MUD 2021 1A HARVEST AREA CORNER 3,2022,3,11,0.356,GEOID18,wetland,NA,NA,-33.29349899291992,-33.33185958862305,-33.29011154174805,0.31763940429687665,38.887351176387334,-76.56203562634474
Blue Methane Trimble R12,NA,GCW,MUD 2021 1A HARVEST AREA CORNER 4,2022,3,11,0.324,GEOID18,wetland,NA,NA,-33.29349899291992,-33.33185958862305,-33.29011154174805,0.28563940429687307,38.88734771491917,-76.56203503670012
Blue Methane Trimble R12,NA,GCW,MUD 2022 1A HARVEST AREA CORNER 5,2022,3,11,0.287,GEOID18,wetland,NA,NA,-33.29349899291992,-33.33185958862305,-33.29011154174805,0.24863940429687403,38.88734901331237,-76.56204736185096
Blue Methane Trimble R12,NA,GCW,MUD 2022 1A HARVEST AREA CORNER 1,2022,3,11,0.265,GEOID18,wetland,NA,NA,-33.29349899291992,-33.33185958862305,-33.29011154174805,0.22663940429687557,38.88734891426457,-76.56204737398522
Blue Methane Trimble R12,NA,GCW,MUD 2022 1A HARVEST AREA CORNER 2,2022,3,11,0.391,GEOID18,wetland,NA,NA,-33.29349899291992,-33.33185958862305,-33.29011154174805,0.35263940429687324,38.887353003459594,-76.56204719904262
Blue Methane Trimble R12,NA,GCW,MUD 2022 1A HARVEST AREA CORNER 3,2022,3,11,0.318,GEOID18,wetland,NA,NA,-33.29349899291992,-33.33185958862305,-33.29011154174805,0.27963940429687284,38.88735286556445,-76.56204165574745
Blue Methane Trimble R12,NA,GCW,MUD 2022 1A HARVEST AREA CORNER 4,2022,3,11,0.295,GEOID18,wetland,NA,NA,-33.29349899291992,-33.33185958862305,-33.29011154174805,0.2566394042968767,38.88734887520115,-76.56204176092601
Blue Methane Trimble R12,NA,GCW,MUD 2022 1B HARVEST AREA CORNER 1,2022,3,11,0.368,GEOID18,wetland,NA,NA,-33.29349899291992,-33.33185958862305,-33.29011154174805,0.3296394042968771,38.88734230579685,-76.56204597376531
Blue Methane Trimble R12,NA,GCW,MUD 2022 1B HARVEST AREA CORNER 2,2022,3,11,0.282,GEOID18,wetland,NA,NA,-33.29349899291992,-33.33185958862305,-33.29011154174805,0.24363940429687148,38.88733846598118,-76.5620453864427
Blue Methane Trimble R12,NA,GCW,MUD 2022 1B HARVEST AREA CORNER 3,2022,3,11,0.301,GEOID18,wetland,NA,NA,-33.29349899291992,-33.33185958862305,-33.29011154174805,0.26263940429687693,38.887337655630375,-76.56205030161202
Blue Methane Trimble R12,NA,GCW,MUD 2022 1B HARVEST AREA CORNER 4,2022,3,11,0.336,GEOID18,wetland,NA,NA,-33.29349899291992,-33.33185958862305,-33.29011154174805,0.2976394042968735,38.88734188388224,-76.56205117470753
Blue Methane Trimble R12,NA,GCW,MUD 2021 1B HARVEST AREA CORNER 1,2022,3,11,0.328,GEOID18,wetland,NA,NA,-33.29349899291992,-33.33185958862305,-33.29011154174805,0.28963940429687796,38.88734830692087,-76.56203915947478
Blue Methane Trimble R12,NA,GCW,MUD 2021 1B HARVEST AREA CORNER 2,2022,3,11,0.296,GEOID18,wetland,NA,NA,-33.29349899291992,-33.33185958862305,-33.29011154174805,0.2576394042968744,38.88735199126211,-76.56203912533229
Blue Methane Trimble R12,NA,GCW,MUD 2021 1B HARVEST AREA CORNER 3,2022,3,11,0.386,GEOID18,wetland,NA,NA,-33.29349899291992,-33.33185958862305,-33.29011154174805,0.3476394042968778,38.88735149584478,-76.56203433344018
Blue Methane Trimble R12,NA,GCW,MUD 2021 1B HARVEST AREA CORNER 4,2022,3,11,0.313,GEOID18,wetland,NA,NA,-33.29349899291992,-33.33185958862305,-33.29011154174805,0.2746394042968774,38.88734774550673,-76.56203358420093
Blue Methane Trimble R12,NA,GCW,MUD 2020 ALLOMETRY 1A LEFT,2022,3,11,0.412,GEOID18,wetland,NA,NA,-33.29349899291992,-33.33185958862305,-33.29011154174805,0.37363940429687403,38.887340313872166,-76.5620144616168
Blue Methane Trimble R12,NA,GCW,MUD 2020 ALLOMETRY 1A RIGHT,2022,3,11,0.393,GEOID18,wetland,NA,NA,-33.29349899291992,-33.33185958862305,-33.29011154174805,0.3546394042968757,38.8873402087798,-76.56201766656777
Blue Methane Trimble R12,NA,GCW,MUD 2020 ALLOMETRY 1B LEFT,2022,3,11,0.366,GEOID18,wetland,NA,NA,-33.29349899291992,-33.33185958862305,-33.29011154174805,0.32763940429687466,38.88734057222872,-76.56202330068756
Blue Methane Trimble R12,NA,GCW,MUD 2020 ALLOMETRY 1B RIGHT,2022,3,11,0.399,GEOID18,wetland,NA,NA,-33.29349899291992,-33.33185958862305,-33.29011154174805,0.3606394042968759,38.88734055369942,-76.5620279689447
COMPASS-RTK,NA,MSM,MSM_WC_AQ600,2024,1,24,0.328,GEOID18,wetland,NA,NA,-34.871498107910156,-34.87641906738281,-34.85335159301758,0.3230790405273467,38.42913674233014,-76.22746097598889
COMPASS-RTK,NA,GCW,GCW_WC_AQ600,2023,12,15,0.313,GEOID18,wetland,NA,NA,-33.35449981689453,-33.398616790771484,-33.3565673828125,0.26888302612304926,38.87492265852871,-76.54999228360343
COMPASS-RTK,NA,GCW,GCW_TR_AQ600,2023,12,15,0.434,GEOID18,transition,NA,NA,-33.35449981689453,-33.398616790771484,-33.3565673828125,0.3898830261230444,38.87445676832988,-76.55129001222295
COMPASS-RTK,NA,GCW,GCW_WC_AQ600,2023,12,15,5.06,GEOID18,upland,NA,NA,-33.35449981689453,-33.398616790771484,-33.3565673828125,5.015883026123046,38.87453461199755,-76.5520576349143
COMPASS-RTK,NA,GCW,GCW_WC_Lysimeters_A,2023,12,15,0.315,GEOID18,wetland,NA,NA,-33.35449981689453,-33.398616790771484,-33.3565673828125,0.2708830261230446,38.87494200249586,-76.5499999981299
COMPASS-RTK,NA,GCW,GCW_WC_Lysimeters_B,2023,12,15,0.33,GEOID18,wetland,NA,NA,-33.35449981689453,-33.398616790771484,-33.3565673828125,0.28588302612304517,38.87496206965737,-76.55004577282321
COMPASS-RTK,NA,GCW,GCW_WC_Lysimeters_C,2023,12,15,0.362,GEOID18,wetland,NA,NA,-33.35449981689453,-33.398616790771484,-33.3565673828125,0.31788302612304875,38.87499828496855,-76.55008581035122
COMPASS-RTK,NA,GCW,GCW_WC_GasWells_A,2023,12,15,0.32,GEOID18,wetland,NA,NA,-33.35449981689453,-33.398616790771484,-33.3565673828125,0.27588302612304716,38.87493968189128,-76.54999391641745
COMPASS-RTK,NA,GCW,GCW_WC_GasWells_B,2023,12,15,0.305,GEOID18,wetland,NA,NA,-33.35449981689453,-33.398616790771484,-33.3565673828125,0.2608830261230466,38.87496713530077,-76.55005119187055
COMPASS-RTK,NA,GCW,GCW_WC_GasWells_C,2023,12,15,0.365,GEOID18,wetland,NA,NA,-33.35449981689453,-33.398616790771484,-33.3565673828125,0.32088302612304886,38.87499569119407,-76.55008130918173
COMPASS-RTK,NA,GCW,GCW_WC_Teros,2023,12,15,NA,GEOID18,wetland,NA,NA,-33.35449981689453,-33.398616790771484,-33.3565673828125,NA,38.87493149493663,-76.54998736463173
COMPASS-RTK,NA,GCW,GCW_WC_Teros,2023,12,15,0.357,GEOID18,wetland,NA,NA,-33.35449981689453,-33.398616790771484,-33.3565673828125,0.3128830261230462,38.87493168517648,-76.54998764001483
COMPASS-RTK,NA,GCW,GCW_WC_Teros,2023,12,15,0.261,GEOID18,wetland,NA,NA,-33.35449981689453,-33.398616790771484,-33.3565673828125,0.21688302612304966,38.8749231446334,-76.54998050272206
COMPASS-RTK,NA,GCW,GCW_WC_Macrophyte_Flux_Collar_1,2023,12,15,0.328,GEOID18,wetland,NA,NA,-33.35449981689453,-33.398616790771484,-33.3565673828125,0.28388302612304983,38.87494930481163,-76.54998737908481
COMPASS-RTK,NA,GCW,GCW_WC_Macrophyte_Flux_Collar_2,2023,12,15,0.336,GEOID18,wetland,NA,NA,-33.35449981689453,-33.398616790771484,-33.3565673828125,0.2918830261230454,38.874936070492424,-76.55000820625492
COMPASS-RTK,NA,GCW,GCW_WC_Macrophyte_Flux_Collar_3,2023,12,15,0.344,GEOID18,wetland,NA,NA,-33.35449981689453,-33.398616790771484,-33.3565673828125,0.29988302612304807,38.874941895787565,-76.55002373882931
COMPASS-RTK,NA,GCW,GCW_WC_Macrophyte_Flux_Collar_4,2023,12,15,0.371,GEOID18,wetland,NA,NA,-33.35449981689453,-33.398616790771484,-33.3565673828125,0.3268830261230491,38.87497581540874,-76.55006182015607
COMPASS-RTK,NA,GCW,GCW_WC_Macrophyte_Flux_Collar_5,2023,12,15,0.372,GEOID18,wetland,NA,NA,-33.331199645996094,-33.371246337890625,-33.329566955566406,0.33195330810546864,38.87501225396813,-76.55010134922338
COMPASS-RTK,NA,GCW,GCW_WC_SamplingPlot,2023,12,15,0.314,GEOID18,wetland,NA,NA,-33.35449981689453,-33.398616790771484,-33.3565673828125,0.26988302612304693,38.874782128819085,-76.54990423710524
COMPASS-RTK,NA,GCW,GCW_WC_SamplingPlot,2023,12,15,0.336,GEOID18,wetland,NA,NA,-33.35449981689453,-33.398616790771484,-33.3565673828125,0.2918830261230454,38.87473514045472,-76.549983716612
COMPASS-RTK,NA,GCW,GCW_WC_SamplingPlot,2023,12,15,0.313,GEOID18,wetland,NA,NA,-33.35449981689453,-33.398616790771484,-33.3565673828125,0.26888302612304926,38.87465801697562,-76.54990848872669
COMPASS-RTK,NA,GCW,GCW_WC_SamplingPlot,2023,12,15,0.295,GEOID18,wetland,NA,NA,-33.35449981689453,-33.398616790771484,-33.3565673828125,0.2508830261230486,38.87470652730592,-76.5498218891944
COMPASS-RTK,NA,GWI,GWI_TR_AQ600,2024,11,14,0.671997,GEOID18,transition,NA,NA,-36.06039810180664,-36.05931854248047,-36.0400390625,0.6730765593261694,37.21926141023374,-76.40925656515758
COMPASS-RTK,NA,GWI,GWI_TR_LoggerBox,2024,11,14,0.57532,GEOID18,transition,NA,NA,-36.06039810180664,-36.05931854248047,-36.0400390625,0.5763995593261697,37.219275046953065,-76.4092768674958
COMPASS-RTK,NA,GWI,GWI_TR_Macrophyte_Flux_Collar_1,2024,11,14,0.671595,GEOID18,transition,NA,NA,-36.06039810180664,-36.05931854248047,-36.0400390625,0.6726745593261754,37.21925688075718,-76.40924605337759
COMPASS-RTK,NA,GWI,GWI_TR_Macrophyte_Flux_Collar_2,2024,11,14,0.736445,GEOID18,transition,NA,NA,-36.06039810180664,-36.05931854248047,-36.0400390625,0.7375245593261752,37.2192411345713,-76.40919586761122
COMPASS-RTK,NA,GWI,GWI_TR_Macrophyte_Flux_Collar_3,2024,11,14,0.684143,GEOID18,transition,NA,NA,-36.06039810180664,-36.05931854248047,-36.0400390625,0.6852225593261707,37.21917260156134,-76.40918899329812
COMPASS-RTK,NA,GWI,GWI_TR_Macrophyte_Flux_Collar_4,2024,11,14,0.62699800000000006,GEOID18,transition,NA,NA,-36.06039810180664,-36.05931854248047,-36.0400390625,0.6280775593261723,37.219103970115015,-76.40925006475949
COMPASS-RTK,NA,GWI,GWI_TR_Macrophyte_Flux_Collar_5,2024,11,14,0.709083,GEOID18,transition,NA,NA,-36.06039810180664,-36.05931854248047,-36.0400390625,0.7101625593261716,37.21921879673421,-76.4092925994436
COMPASS-RTK,NA,GWI,GWI_TR_MultiplexerBox,2024,11,14,0.666226,GEOID18,transition,NA,NA,-36.06039810180664,-36.05931854248047,-36.0400390625,0.6673055593261736,37.21925067765958,-76.40927636813824
COMPASS-RTK,NA,GWI,GWI_TR_Soil_Flux_Collar_1,2024,11,14,0.676447,GEOID18,transition,NA,NA,-36.06039810180664,-36.05931854248047,-36.0400390625,0.677526559326175,37.21926628887112,-76.40925260959793
COMPASS-RTK,NA,GWI,GWI_TR_Soil_Flux_Collar_2,2024,11,14,0.655599,GEOID18,transition,NA,NA,-36.06039810180664,-36.05931854248047,-36.0400390625,0.6566785593261741,37.21922803407824,-76.40920463811905
COMPASS-RTK,NA,GWI,GWI_TR_Soil_Flux_Collar_3,2024,11,14,0.749271,GEOID18,transition,NA,NA,-36.06039810180664,-36.05931854248047,-36.0400390625,0.7503505593261721,37.21916317795002,-76.40919914390462
COMPASS-RTK,NA,GWI,GWI_TR_Soil_Flux_Collar_4,2024,11,14,0.604412,GEOID18,transition,NA,NA,-36.06039810180664,-36.05931854248047,-36.0400390625,0.6054915593261683,37.219117324772384,-76.40926484488278
COMPASS-RTK,NA,GWI,GWI_TR_Soil_Flux_Collar_5,2024,11,14,0.626539,GEOID18,transition,NA,NA,-36.06039810180664,-36.05931854248047,-36.0400390625,0.6276185593261729,37.21921655306056,-76.40929879456117
COMPASS-RTK,NA,GWI,GWI_UP_AQ600,2024,11,14,1.060355,GEOID18,upland,NA,NA,-36.06039810180664,-36.05931854248047,-36.0400390625,1.0614345593261731,37.21926126932744,-76.40857685512056
COMPASS-RTK,NA,GWI,GWI_UP_GasWells_A,2024,11,14,1.014612,GEOID18,upland,NA,NA,-36.06039810180664,-36.05931854248047,-36.0400390625,1.0156915593261715,37.219258942291425,-76.40858856517265
COMPASS-RTK,NA,GWI,GWI_UP_GasWells_B,2024,11,14,1.039502,GEOID18,upland,NA,NA,-36.06039810180664,-36.05931854248047,-36.0400390625,1.0405815593261707,37.21927406971467,-76.40857202171269
COMPASS-RTK,NA,GWI,GWI_UP_GasWells_C,2024,11,14,0.984216,GEOID18,upland,NA,NA,-36.06039810180664,-36.05931854248047,-36.0400390625,0.9852955593261754,37.21921497432452,-76.40862858104718
COMPASS-RTK,NA,GWI,GWI_UP_LoggerBox,2024,11,14,0.989903,GEOID18,upland,NA,NA,-36.06039810180664,-36.05931854248047,-36.0400390625,0.9909825593261701,37.21926507655021,-76.4085908307289
COMPASS-RTK,NA,GWI,GWI_UP_Lysimeters_A,2024,11,14,1.009415,GEOID18,upland,NA,NA,-36.06039810180664,-36.05931854248047,-36.0400390625,1.010494559326169,37.21926006008365,-76.40858286672265
COMPASS-RTK,NA,GWI,GWI_UP_Lysimeters_B,2024,11,14,1.012043,GEOID18,upland,NA,NA,-36.06039810180664,-36.05931854248047,-36.0400390625,1.0131225593261703,37.21928648055382,-76.40857719919697
COMPASS-RTK,NA,GWI,GWI_UP_Lysimeters_C,2024,11,14,1.001157,GEOID18,upland,NA,NA,-36.06039810180664,-36.05931854248047,-36.0400390625,1.002236559326171,37.21921911013382,-76.40862412071343
COMPASS-RTK,NA,GWI,GWI_UP_MultiplexerBox,2024,11,14,1.036494,GEOID18,upland,NA,NA,-36.06039810180664,-36.05931854248047,-36.0400390625,1.0375735593261695,37.21923284567013,-76.4086385739233
COMPASS-RTK,NA,GWI,GWI_UP_SF_Tree_1,2024,11,14,1.020645,GEOID18,upland,NA,NA,-36.06039810180664,-36.05931854248047,-36.0400390625,1.0217245593261737,37.21918623634797,-76.4086443520906
COMPASS-RTK,NA,GWI,GWI_UP_SF_Tree_4,2024,11,14,1.063391,GEOID18,upland,NA,NA,-36.06039810180664,-36.05931854248047,-36.0400390625,1.0644705593261747,37.21933792612371,-76.40854494732918
COMPASS-RTK,NA,GWI,GWI_UP_SF_Tree_5,2024,11,14,1.126655,GEOID18,upland,NA,NA,-36.06039810180664,-36.05931854248047,-36.0400390625,1.1277345593261714,37.21934319868806,-76.4085104636271
COMPASS-RTK,NA,GWI,GWI_UP_SF_Tree_6,2024,11,14,1.252582,GEOID18,upland,NA,NA,-36.06039810180664,-36.05931854248047,-36.0400390625,1.2536615593261686,37.219281074537655,-76.4085274638373
COMPASS-RTK,NA,GWI,GWI_UP_SF_Tree_7,2024,11,14,1.178979,GEOID18,upland,NA,NA,-36.06039810180664,-36.05931854248047,-36.0400390625,1.18005855932617,37.21923692301141,-76.40856026531118
COMPASS-RTK,NA,GWI,GWI_UP_SF_Tree_8,2024,11,14,1.168178,GEOID18,upland,NA,NA,-36.06039810180664,-36.05931854248047,-36.0400390625,1.1692575593261694,37.21917691684387,-76.40854599236388
COMPASS-RTK,NA,GWI,GWI_UP_SG_Tree_3,2024,11,14,1.021564,GEOID18,upland,NA,NA,-36.06039810180664,-36.05931854248047,-36.0400390625,1.0226435593261698,37.219265484385936,-76.40862597309133
COMPASS-RTK,NA,GWI,GWI_UP_SamplingZone,2024,11,14,0.994052,GEOID18,upland,NA,NA,-36.06039810180664,-36.05931854248047,-36.0400390625,0.9951315593261754,37.21913960016298,-76.40854529670408
COMPASS-RTK,NA,GWI,GWI_UP_Soil_Flux_Collar_1,2024,11,14,0.977437,GEOID18,upland,NA,NA,-36.06039810180664,-36.05931854248047,-36.0400390625,0.9785165593261738,37.219313843379574,-76.40868003439805
COMPASS-RTK,NA,GWI,GWI_UP_Soil_Flux_Collar_2,2024,11,14,0.990249,GEOID18,upland,NA,NA,-36.06039810180664,-36.05931854248047,-36.0400390625,0.9913285593261705,37.21930114633304,-76.40862786875793
COMPASS-RTK,NA,GWI,GWI_UP_Soil_Flux_Collar_3,2024,11,14,1.005937,GEOID18,upland,NA,NA,-36.06039810180664,-36.05931854248047,-36.0400390625,1.0070165593261748,37.21929964359834,-76.40854316812215
COMPASS-RTK,NA,GWI,GWI_UP_Soil_Flux_Collar_4,2024,11,14,1.107622,GEOID18,upland,NA,NA,-36.06039810180664,-36.05931854248047,-36.0400390625,1.108701559326171,37.21919555883916,-76.40848845313161
COMPASS-RTK,NA,GWI,GWI_UP_Soil_Flux_Collar_5,2024,11,14,0.962506,GEOID18,upland,NA,NA,-36.06039810180664,-36.05931854248047,-36.0400390625,0.9635855593261695,37.219220659628775,-76.40863014783604
COMPASS-RTK,NA,GWI,GWI_UP_Teros,2024,11,14,0.985557,GEOID18,upland,NA,NA,-36.06039810180664,-36.05931854248047,-36.0400390625,0.9866365593261719,37.21921586360253,-76.40864497680543
COMPASS-RTK,NA,GWI,GWI_UP_TreePlot_Corner,2024,11,14,1.095812,GEOID18,upland,NA,NA,-36.06039810180664,-36.05931854248047,-36.0400390625,1.096891559326174,37.219172732361635,-76.4084588186959
COMPASS-RTK,NA,GWI,GWI_UP_VegPlot_1,2024,11,14,1.112838,GEOID18,upland,Toxicodendron radicans,NA,-36.06039810180664,-36.05931854248047,-36.0400390625,1.1139175593261683,37.219208360421305,-76.40848823336796
COMPASS-RTK,NA,GWI,GWI_UP_VegPlot_2,2024,11,14,0.966041,GEOID18,upland,Persea palustris,NA,-36.06039810180664,-36.05931854248047,-36.0400390625,0.9671205593261689,37.21918877403375,-76.40863801801504
COMPASS-RTK,NA,GWI,GWI_UP_VegPlot_3,2024,11,14,1.112774,GEOID18,upland,Persea palustris,NA,-36.06039810180664,-36.05931854248047,-36.0400390625,1.1138535593261736,37.219223024391155,-76.40858979602551
COMPASS-RTK,NA,GWI,GWI_UP_VegPlot_4,2024,11,14,1.088291,GEOID18,upland,Persea palustris,NA,-36.06039810180664,-36.05931854248047,-36.0400390625,1.08937055932617,37.21934767653488,-76.40847855953471
COMPASS-RTK,NA,GWI,GWI_WC_AQ600,2024,11,14,0.556758,GEOID18,wetland,NA,NA,-36.06039810180664,-36.05931854248047,-36.0400390625,0.557837559326174,37.218856501521415,-76.4101349026295
COMPASS-RTK,NA,GWI,GWI_WC_GasWells_A,2024,11,14,0.504453,GEOID18,wetland,NA,NA,-36.06039810180664,-36.05931854248047,-36.0400390625,0.5055325593261699,37.218862443686646,-76.41009213349534
COMPASS-RTK,NA,GWI,GWI_WC_GasWells_B,2024,11,14,0.50853,GEOID18,wetland,NA,NA,-36.06039810180664,-36.05931854248047,-36.0400390625,0.5096095593261722,37.21885522374766,-76.41011119557766
COMPASS-RTK,NA,GWI,GWI_WC_GasWells_C,2024,11,14,0.498675,GEOID18,wetland,NA,NA,-36.06039810180664,-36.05931854248047,-36.0400390625,0.4997545593261705,37.21883043211774,-76.41017836895615
COMPASS-RTK,NA,GWI,GWI_WC_LoggerBox,2024,11,14,0.48308,GEOID18,wetland,NA,NA,-36.06039810180664,-36.05931854248047,-36.0400390625,0.48415955932617294,37.21884711149184,-76.41015621285521
COMPASS-RTK,NA,GWI,GWI_WC_Lysimeters_A,2024,11,14,0.514578,GEOID18,wetland,NA,NA,-36.06039810180664,-36.05931854248047,-36.0400390625,0.5156575593261721,37.21886532815198,-76.41009376685088
COMPASS-RTK,NA,GWI,GWI_WC_Lysimeters_B,2024,11,14,0.513587,GEOID18,wetland,NA,NA,-36.06039810180664,-36.05931854248047,-36.0400390625,0.514666559326173,37.2188583707543,-76.41011470838892
COMPASS-RTK,NA,GWI,GWI_WC_Lysimeters_C,2024,11,14,0.500105,GEOID18,wetland,NA,NA,-36.06039810180664,-36.05931854248047,-36.0400390625,0.5011845593261697,37.21883423589336,-76.4101819336804
COMPASS-RTK,NA,GWI,GWI_WC_Macrophyte_Flux_Collar_1,2024,11,14,0.515141,GEOID18,wetland,NA,NA,-36.06039810180664,-36.05931854248047,-36.0400390625,0.5162205593261717,37.21887415723958,-76.41008398920954
COMPASS-RTK,NA,GWI,GWI_WC_Macrophyte_Flux_Collar_2,2024,11,14,0.501648,GEOID18,wetland,NA,NA,-36.06039810180664,-36.05931854248047,-36.0400390625,0.5027275593261749,37.218863253953245,-76.41010554959668
COMPASS-RTK,NA,GWI,GWI_WC_Macrophyte_Flux_Collar_3,2024,11,14,0.52241,GEOID18,wetland,NA,NA,-36.06039810180664,-36.05931854248047,-36.0400390625,0.5234895593261726,37.218855916092835,-76.41012552207248
COMPASS-RTK,NA,GWI,GWI_WC_Macrophyte_Flux_Collar_4,2024,11,14,0.481941,GEOID18,wetland,NA,NA,-36.06039810180664,-36.05931854248047,-36.0400390625,0.48302055932617094,37.218838410343515,-76.41017443839117
COMPASS-RTK,NA,GWI,GWI_WC_Macrophyte_Flux_Collar_5,2024,11,14,0.51369,GEOID18,wetland,NA,NA,-36.06039810180664,-36.05931854248047,-36.0400390625,0.5147695593261687,37.21883132423218,-76.41019530178038
COMPASS-RTK,NA,GWI,GWI_WC_PARsensor,2024,11,14,0.517269,GEOID18,wetland,NA,NA,-36.06039810180664,-36.05931854248047,-36.0400390625,0.5183485593261707,37.21885061797086,-76.41014536123265
COMPASS-RTK,NA,GWI,GWI_WC_SamplingZone,2024,11,14,0.534158,GEOID18,wetland,NA,NA,-36.06039810180664,-36.05931854248047,-36.0400390625,0.5352375593261698,37.21886559641161,-76.40992729346442
COMPASS-RTK,NA,GWI,GWI_WC_Teros,2024,11,14,0.503936,GEOID18,wetland,NA,NA,-36.06039810180664,-36.05931854248047,-36.0400390625,0.5050155593261749,37.218833200784495,-76.41016295074952
COMPASS-RTK,NA,GWI,GWI_WC_VegPlot_1,2024,11,14,0.502329,GEOID18,wetland,C4,NA,-36.06039810180664,-36.05931854248047,-36.0400390625,0.503408559326175,37.21885463241006,-76.41001955255896
COMPASS-RTK,NA,GWI,GWI_WC_VegPlot_2,2024,11,14,0.493136,GEOID18,wetland,C4,NA,-36.06039810180664,-36.05931854248047,-36.0400390625,0.49421555932617167,37.21884369383014,-76.41004956844623
COMPASS-RTK,NA,GWI,GWI_WC_VegPlot_3,2024,11,14,0.514727,GEOID18,wetland,C4,NA,-36.06039810180664,-36.05931854248047,-36.0400390625,0.5158065593261725,37.218816138781975,-76.41009297606381
COMPASS-RTK,NA,GWI,GWI_WC_VegPlot_4,2024,11,14,0.489293,GEOID18,wetland,C4,NA,-36.06039810180664,-36.05931854248047,-36.0400390625,0.4903725593261754,37.21881312689286,-76.41012417860408
COMPASS-RTK,NA,GWI,GWI_WC_VegPlot_5,2024,11,14,0.484877,GEOID18,wetland,C4,NA,-36.06039810180664,-36.05931854248047,-36.0400390625,0.4859565593261692,37.218798518394934,-76.4101598029013
COMPASS-RTK,NA,GWI,GWI_WC_WeatherStation,2024,11,14,0.479167,GEOID18,wetland,NA,NA,-36.06039810180664,-36.05931854248047,-36.0400390625,0.48024655932616866,37.21884286684601,-76.4101667570819
COMPASS-RTK,NA,SWH,SWH_SWAMP_AQ600,2025,2,18,0.714962,GEOID18,swamp,NA,NA,-34.40739822387695,-34.40305709838867,-34.372440338134766,0.7193031254882811,37.57055799744128,-76.89571970819367
COMPASS-RTK,NA,SWH,SWH_SWAMP_GasWells_A,2025,2,18,0.658355,GEOID18,swamp,NA,NA,-34.40739822387695,-34.40305709838867,-34.372440338134766,0.6626961254882815,37.57054657324532,-76.89570784860148
COMPASS-RTK,NA,SWH,SWH_SWAMP_GasWells_B,2025,2,18,0.708236,GEOID18,swamp,NA,NA,-34.40739822387695,-34.40305709838867,-34.372440338134766,0.7125771254882807,37.57058384634542,-76.89577732528629
COMPASS-RTK,NA,SWH,SWH_SWAMP_GasWells_C,2025,2,18,0.620018,GEOID18,swamp,NA,NA,-34.40739822387695,-34.40305709838867,-34.372440338134766,0.624359125488283,37.570637485677835,-76.89556968374346
COMPASS-RTK,NA,SWH,SWH_SWAMP_LoggerBox,2025,2,18,0.723587,GEOID18,swamp,NA,NA,-34.40739822387695,-34.40305709838867,-34.372440338134766,0.7279281254882832,37.570559162739926,-76.89572841420775
COMPASS-RTK,NA,SWH,SWH_SWAMP_Lysimeters_A,2025,2,18,0.670119,GEOID18,swamp,NA,NA,-34.40739822387695,-34.40305709838867,-34.372440338134766,0.6744601254882809,37.57055848550006,-76.89571328890875
COMPASS-RTK,NA,SWH,SWH_SWAMP_Lysimeters_B,2025,2,18,0.811455,GEOID18,swamp,NA,NA,-34.40739822387695,-34.40305709838867,-34.372440338134766,0.8157961254882835,37.5705854847229,-76.89576981669119
COMPASS-RTK,NA,SWH,SWH_SWAMP_Lysimeters_C,2025,2,18,0.770245,GEOID18,swamp,NA,NA,-34.40739822387695,-34.40305709838867,-34.372440338134766,0.774586125488284,37.57063212140653,-76.89556679973508
COMPASS-RTK,NA,SWH,SWH_SWAMP_MultiplexerBox,2025,2,18,0.730359,GEOID18,swamp,NA,NA,-34.40739822387695,-34.40305709838867,-34.372440338134766,0.7347001254882812,37.570625109106516,-76.89556083020344
COMPASS-RTK,NA,SWH,SWH_SWAMP_Soil_Flux_1,2025,2,18,0.663082,GEOID18,swamp,NA,NA,-34.40739822387695,-34.40305709838867,-34.372440338134766,0.6674231254882841,37.570560580987774,-76.8957056118535
COMPASS-RTK,NA,SWH,SWH_SWAMP_Soil_Flux_2,2025,2,18,0.799643,GEOID18,swamp,NA,NA,-34.40739822387695,-34.40305709838867,-34.372440338134766,0.8039841254882845,37.5705842356625,-76.89576235868378
COMPASS-RTK,NA,SWH,SWH_SWAMP_Soil_Flux_3,2025,2,18,0.866009,GEOID18,swamp,NA,NA,-34.40739822387695,-34.40305709838867,-34.372440338134766,0.8703501254882795,37.57069936045348,-76.8957272969318
COMPASS-RTK,NA,SWH,SWH_SWAMP_Soil_Flux_4,2025,2,18,0.900799,GEOID18,swamp,NA,NA,-34.40739822387695,-34.40305709838867,-34.372440338134766,0.9051401254882805,37.57077818944411,-76.89569042624208
COMPASS-RTK,NA,SWH,SWH_SWAMP_Soil_Flux_5,2025,2,18,0.814215,GEOID18,swamp,NA,NA,-34.40739822387695,-34.40305709838867,-34.372440338134766,0.8185561254882785,37.57062866423887,-76.89551949243274
COMPASS-RTK,NA,SWH,SWH_SWAMP_Teros,2025,2,18,0.722996,GEOID18,swamp,NA,NA,-34.40739822387695,-34.40305709838867,-34.372440338134766,0.7273371254882832,37.570565111717876,-76.89571068452223
COMPASS-RTK,NA,SWH,SWH_TR_AQ600,2025,2,18,0.46857,GEOID18,transition,NA,NA,-34.40739822387695,-34.40305709838867,-34.372440338134766,0.47291112548828096,37.56879927662969,-76.89652812068566
COMPASS-RTK,NA,SWH,SWH_TR_GasWells_A,2025,2,18,0.550511,GEOID18,transition,NA,NA,-34.40739822387695,-34.40305709838867,-34.372440338134766,0.5548521254882814,37.56880025818919,-76.8965211030339
COMPASS-RTK,NA,SWH,SWH_TR_GasWells_B,2025,2,18,0.518189,GEOID18,transition,NA,NA,-34.40739822387695,-34.40305709838867,-34.372440338134766,0.5225301254882808,37.568799844585655,-76.89650535850399
COMPASS-RTK,NA,SWH,SWH_TR_GasWells_C,2025,2,18,0.523621,GEOID18,transition,NA,NA,-34.40739822387695,-34.40305709838867,-34.372440338134766,0.5279621254882798,37.568635629008135,-76.89660675460767
COMPASS-RTK,NA,SWH,SWH_TR_LoggerBox,2025,2,18,0.448007,GEOID18,swamp,NA,NA,-34.40739822387695,-34.40305709838867,-34.372440338134766,0.4523481254882782,37.5687966307209,-76.89654208028105
COMPASS-RTK,NA,SWH,SWH_TR_Lysimeters_A,2025,2,18,0.560202,GEOID18,transition,NA,NA,-34.40739822387695,-34.40305709838867,-34.372440338134766,0.564543125488278,37.56880361052902,-76.89652067819817
COMPASS-RTK,NA,SWH,SWH_TR_Lysimeters_B,2025,2,18,0.558498,GEOID18,transition,NA,NA,-34.40739822387695,-34.40305709838867,-34.372440338134766,0.5628391254882814,37.5688032851965,-76.896503071478
COMPASS-RTK,NA,SWH,SWH_TR_Lysimeters_C,2025,2,18,0.548461,GEOID18,transition,NA,NA,-34.40739822387695,-34.40305709838867,-34.372440338134766,0.5528021254882844,37.56863181054422,-76.89661581318651
COMPASS-RTK,NA,SWH,SWH_TR_MultiplexerBox,2025,2,18,0.344158,GEOID18,transition,NA,NA,-34.40739822387695,-34.40305709838867,-34.372440338134766,0.34849912548828144,37.56866728759732,-76.89659342713614
COMPASS-RTK,NA,SWH,SWH_TR_SamplingZone,2025,2,18,0.428766,GEOID18,transition,NA,NA,-34.40739822387695,-34.40305709838867,-34.372440338134766,0.43310712548828434,37.56871760174377,-76.89660326698497
COMPASS-RTK,NA,SWH,SWH_TR_Soil_Flux_1,2025,2,18,0.549169,GEOID18,transition,NA,NA,-34.40739822387695,-34.40305709838867,-34.372440338134766,0.5535101254882804,37.568801447306306,-76.89651520835923
COMPASS-RTK,NA,SWH,SWH_TR_Soil_Flux_10,2025,2,18,0.352543,GEOID18,transition,NA,NA,-34.40739822387695,-34.40305709838867,-34.372440338134766,0.3568841254882784,37.568619532868176,-76.89662020237434
COMPASS-RTK,NA,SWH,SWH_TR_Soil_Flux_2,2025,2,18,0.508551,GEOID18,transition,NA,NA,-34.40739822387695,-34.40305709838867,-34.372440338134766,0.5128921254882783,37.568786069410685,-76.89645084853481
COMPASS-RTK,NA,SWH,SWH_TR_Soil_Flux_3,2025,2,18,0.479751,GEOID18,transition,NA,NA,-34.40739822387695,-34.40305709838867,-34.372440338134766,0.4840921254882815,37.568733840590504,-76.89651303202972
COMPASS-RTK,NA,SWH,SWH_TR_Soil_Flux_4,2025,2,18,0.49766,GEOID18,transition,NA,NA,-34.40739822387695,-34.40305709838867,-34.372440338134766,0.5020011254882846,37.56862777330662,-76.89662000364717
COMPASS-RTK,NA,SWH,SWH_TR_Soil_Flux_5,2025,2,18,0.565422,GEOID18,transition,NA,NA,-34.40739822387695,-34.40305709838867,-34.372440338134766,0.5697631254882793,37.56862455144231,-76.89656698639664
COMPASS-RTK,NA,SWH,SWH_TR_Soil_Flux_6,2025,2,18,0.392088,GEOID18,transition,NA,NA,-34.40739822387695,-34.40305709838867,-34.372440338134766,0.39642912548828235,37.56881227813846,-76.8965272933784
COMPASS-RTK,NA,SWH,SWH_TR_Soil_Flux_7,2025,2,18,0.410339,GEOID18,transition,NA,NA,-34.40739822387695,-34.40305709838867,-34.372440338134766,0.4146801254882817,37.56879096963642,-76.89644427256776
COMPASS-RTK,NA,SWH,SWH_TR_Soil_Flux_8,2025,2,18,0.39597,GEOID18,transition,NA,NA,-34.40739822387695,-34.40305709838867,-34.372440338134766,0.40031112548827963,37.56873880760307,-76.89654339673869
COMPASS-RTK,NA,SWH,SWH_TR_Soil_Flux_9,2025,2,18,0.336365,GEOID18,transition,NA,NA,-34.40739822387695,-34.40305709838867,-34.372440338134766,0.34070612548828194,37.568620221125606,-76.89658400334538
COMPASS-RTK,NA,SWH,SWH_TR_Teros,2025,2,18,0.554028,GEOID18,transition,NA,NA,-34.40739822387695,-34.40305709838867,-34.372440338134766,0.5583691254882837,37.56866503821969,-76.89657331344686
COMPASS-RTK,NA,SWH,SWH_TR_VegPlot_1,2025,2,18,0.436997,GEOID18,transition,Peltandra virginica,NA,-34.40739822387695,-34.40305709838867,-34.372440338134766,0.44133812548827933,37.56879324432361,-76.89644365590597
COMPASS-RTK,NA,SWH,SWH_TR_VegPlot_2,2025,2,18,0.430894,GEOID18,transition,Onoclea sensibilis,NA,-34.40739822387695,-34.40305709838867,-34.372440338134766,0.43523512548828336,37.56872846378271,-76.89652723270133
COMPASS-RTK,NA,SWH,SWH_TR_VegPlot_3,2025,2,18,0.545268,GEOID18,transition,Morella cerifera,NA,-34.40739822387695,-34.40305709838867,-34.372440338134766,0.5496091254882813,37.568612058478024,-76.89656698149123
COMPASS-RTK,NA,SWH,SWH_TR_VegPlot_4,2025,2,18,0.373206,GEOID18,transition,Smilax rotundifolia,NA,-34.40739822387695,-34.40305709838867,-34.372440338134766,0.3775471254882845,37.56851250805498,-76.89657246462717
COMPASS-RTK,NA,SWH,SWH_TR_VegPlot_5,2025,2,18,0.369137,GEOID18,transition,Zizania aquatica,NA,-34.40739822387695,-34.40305709838867,-34.372440338134766,0.3734781254882833,37.568730472632154,-76.8966587311382
COMPASS-RTK,NA,SWH,SWH_UP_AQ600,2025,2,18,1.074645,GEOID18,upland,NA,NA,-34.40739822387695,-34.40305709838867,-34.372440338134766,1.078986125488278,37.570868828413275,-76.8953472971272
COMPASS-RTK,NA,SWH,SWH_UP_GasWells_A,2025,2,18,1.032307,GEOID18,upland,NA,NA,-34.40739822387695,-34.40305709838867,-34.372440338134766,1.0366481254882842,37.570897069438615,-76.89536755345219
COMPASS-RTK,NA,SWH,SWH_UP_GasWells_B,2025,2,18,1.006839,GEOID18,upland,NA,NA,-34.40739822387695,-34.40305709838867,-34.372440338134766,1.0111801254882806,37.57086745625623,-76.89535402641529
COMPASS-RTK,NA,SWH,SWH_UP_GasWells_C,2025,2,18,0.957419,GEOID18,upland,NA,NA,-34.40739822387695,-34.40305709838867,-34.372440338134766,0.9617601254882828,37.5708544507277,-76.89539139269898
COMPASS-RTK,NA,SWH,SWH_UP_LoggerBox,2025,2,18,0.980915,GEOID18,upland,NA,NA,-34.40739822387695,-34.40305709838867,-34.372440338134766,0.9852561254882843,37.57086643005609,-76.89536807052451
COMPASS-RTK,NA,SWH,SWH_UP_Lysimeters_A,2025,2,18,1.106338,GEOID18,upland,NA,NA,-34.40739822387695,-34.40305709838867,-34.372440338134766,1.1106791254882822,37.57089700129127,-76.89535835561159
COMPASS-RTK,NA,SWH,SWH_UP_Lysimeters_B,2025,2,18,NA,GEOID18,upland,NA,NA,-34.40739822387695,-34.40305709838867,-34.372440338134766,NA,37.570861336890616,-76.8953608010199
COMPASS-RTK,NA,SWH,SWH_UP_Lysimeters_C,2025,2,18,0.945444,GEOID18,upland,NA,NA,-34.40739822387695,-34.40305709838867,-34.372440338134766,0.9497851254882832,37.570848243729166,-76.89539895371895
COMPASS-RTK,NA,SWH,SWH_UP_SamplingZone,2025,2,18,NA,GEOID18,upland,NA,NA,-34.40739822387695,-34.40305709838867,-34.372440338134766,NA,37.57098160966687,-76.8954046757405
COMPASS-RTK,NA,SWH,SWH_UP_Soil_Flux_Collar_1,2025,2,18,1.124374,GEOID18,upland,NA,NA,-34.40739822387695,-34.40305709838867,-34.372440338134766,1.1287151254882843,37.57088876856756,-76.89542307778265
COMPASS-RTK,NA,SWH,SWH_UP_Soil_Flux_Collar_2,2025,2,18,1.156214,GEOID18,upland,NA,NA,-34.40739822387695,-34.40305709838867,-34.372440338134766,1.1605551254882798,37.570890695204334,-76.89535536106887
COMPASS-RTK,NA,SWH,SWH_UP_Soil_Flux_Collar_3,2025,2,18,0.976828,GEOID18,upland,NA,NA,-34.40739822387695,-34.40305709838867,-34.372440338134766,0.9811691254882788,37.57085217844198,-76.89535436790662
COMPASS-RTK,NA,SWH,SWH_UP_Soil_Flux_Collar_4,2025,2,18,0.80013,GEOID18,upland,NA,NA,-34.40739822387695,-34.40305709838867,-34.372440338134766,0.8044711254882841,37.57084859074737,-76.89541038552788
COMPASS-RTK,NA,SWH,SWH_UP_Soil_Flux_Collar_5,2025,2,18,0.950733,GEOID18,upland,NA,NA,-34.40739822387695,-34.40305709838867,-34.372440338134766,0.9550741254882809,37.57080680736477,-76.89535866665939
COMPASS-RTK,NA,SWH,SWH_UP_Teros,2025,2,18,1.036719,GEOID18,upland,NA,NA,-34.40739822387695,-34.40305709838867,-34.372440338134766,1.0410601254882792,37.57089427227556,-76.89536169536976
COMPASS-RTK,NA,SWH,SWH_UP_VegPlot_1,2025,2,18,NA,GEOID18,upland,Mitchella repens,NA,-34.40739822387695,-34.40305709838867,-34.372440338134766,NA,37.57082549546198,-76.8953856721785
COMPASS-RTK,NA,SWH,SWH_UP_VegPlot_2,2025,2,18,1.159996,GEOID18,upland,Onoclea sensibilis,NA,-34.40739822387695,-34.40305709838867,-34.372440338134766,1.1643371254882808,37.57087168787931,-76.89545445592348
COMPASS-RTK,NA,SWH,SWH_UP_VegPlot_3,2025,2,18,3.126122,GEOID18,upland,Murdannia keisak,NA,-34.40739822387695,-34.40305709838867,-34.372440338134766,3.13046312548828,37.57093003360065,-76.89533680833388
COMPASS-RTK,NA,SWH,SWH_UP_VegPlot_4,2025,2,18,0.973442,GEOID18,upland,Saururus cernuus,NA,-34.40739822387695,-34.40305709838867,-34.372440338134766,0.9777831254882798,37.57084082632806,-76.89530877970944
COMPASS-RTK,NA,SWH,SWH_UP_VegPlot_5,2025,2,18,1.900136,GEOID18,upland,Onoclea sensibilis,NA,-34.40739822387695,-34.40305709838867,-34.372440338134766,1.9044771254882846,37.57087503020994,-76.89528890901778
COMPASS-RTK,NA,SWH,SWH_WC_AQ600,2025,2,18,0.183755,GEOID18,wetland,NA,NA,-34.40739822387695,-34.40305709838867,-34.372440338134766,0.18809612548827914,37.56656090621872,-76.89703392935387
COMPASS-RTK,NA,SWH,SWH_WC_GasWells_A,2025,2,18,0.172407,GEOID18,wetland,NA,NA,-34.40739822387695,-34.40305709838867,-34.372440338134766,0.176748125488281,37.56661349402238,-76.89703933181254
COMPASS-RTK,NA,SWH,SWH_WC_GasWells_B,2025,2,18,0.168055,GEOID18,wetland,NA,NA,-34.40739822387695,-34.40305709838867,-34.372440338134766,0.17239612548828376,37.56659062933975,-76.89704024353678
COMPASS-RTK,NA,SWH,SWH_WC_GasWells_C,2025,2,18,0.188688,GEOID18,wetland,NA,NA,-34.40739822387695,-34.40305709838867,-34.372440338134766,0.19302912548828033,37.56652360436373,-76.89701435900967
COMPASS-RTK,NA,SWH,SWH_WC_LoggerBox,2025,2,18,0.177351,GEOID18,wetland,NA,NA,-34.40739822387695,-34.40305709838867,-34.372440338134766,0.18169212548828284,37.566553885786,-76.89703332817484
COMPASS-RTK,NA,SWH,SWH_WC_Lysimeters_A,2025,2,18,0.170667,GEOID18,wetland,NA,NA,-34.40739822387695,-34.40305709838867,-34.372440338134766,0.17500812548828293,37.56661211163058,-76.8970418131471
COMPASS-RTK,NA,SWH,SWH_WC_Lysimeters_B,2025,2,18,0.176085,GEOID18,wetland,NA,NA,-34.40739822387695,-34.40305709838867,-34.372440338134766,0.18042612548828174,37.566594932564854,-76.89704203522564
COMPASS-RTK,NA,SWH,SWH_WC_Lysimeters_C,2025,2,18,0.178173,GEOID18,wetland,NA,NA,-34.40739822387695,-34.40305709838867,-34.372440338134766,0.18251412548828228,37.56652416289316,-76.89701780757409
COMPASS-RTK,NA,SWH,SWH_WC_Macrophyte_Flux_Collar_1,2025,2,18,0.244801,GEOID18,wetland,NA,NA,-34.40739822387695,-34.40305709838867,-34.372440338134766,0.24914212548828374,37.56662192257574,-76.8970465299883
COMPASS-RTK,NA,SWH,SWH_WC_Macrophyte_Flux_Collar_2,2025,2,18,0.24854,GEOID18,wetland,NA,NA,-34.40739822387695,-34.40305709838867,-34.372440338134766,0.2528811254882797,37.56660575987484,-76.89704707754188
COMPASS-RTK,NA,SWH,SWH_WC_Macrophyte_Flux_Collar_3,2025,2,18,0.27546,GEOID18,wetland,NA,NA,-34.40739822387695,-34.40305709838867,-34.372440338134766,0.27980112548828373,37.566584785176765,-76.89704484954078
COMPASS-RTK,NA,SWH,SWH_WC_Macrophyte_Flux_Collar_4,2025,2,18,0.254246,GEOID18,wetland,NA,NA,-34.40739822387695,-34.40305709838867,-34.372440338134766,0.2585871254882832,37.56653369275989,-76.89702896285299
COMPASS-RTK,NA,SWH,SWH_WC_Macrophyte_Flux_Collar_5,2025,2,18,0.270961,GEOID18,wetland,NA,NA,-34.40739822387695,-34.40305709838867,-34.372440338134766,0.27530212548828104,37.566513939428695,-76.89701983608637
COMPASS-RTK,NA,SWH,SWH_WC_SamplingZone,2025,2,18,0.157985,GEOID18,wetland,NA,NA,-34.40739822387695,-34.40305709838867,-34.372440338134766,0.16232612548827774,37.56655009730229,-76.8971830930183
COMPASS-RTK,NA,SWH,SWH_WC_Teros,2025,2,18,0.18162,GEOID18,wetland,NA,NA,-34.40739822387695,-34.40305709838867,-34.372440338134766,0.18596112548828359,37.566546250462025,-76.89701998081873
COMPASS-RTK,NA,SWH,SWH_WC_VegPlot_1,2025,2,18,0.173329,GEOID18,wetland,Peltandra virginica,NA,-34.40739822387695,-34.40305709838867,-34.372440338134766,0.17767012548828376,37.56661215478606,-76.89705720021267
COMPASS-RTK,NA,SWH,SWH_WC_VegPlot_2,2025,2,18,0.160107,GEOID18,wetland,Zizania aquatica,NA,-34.40739822387695,-34.40305709838867,-34.372440338134766,0.1644481254882777,37.566605871332975,-76.89705635964373
COMPASS-RTK,NA,SWH,SWH_WC_VegPlot_3,2025,2,18,0.156685,GEOID18,wetland,Zizania aquatica,NA,-34.40739822387695,-34.40305709838867,-34.372440338134766,0.16102612548828432,37.56658084862183,-76.89705336473202
COMPASS-RTK,NA,SWH,SWH_WC_VegPlot_4,2025,2,18,0.175677,GEOID18,wetland,Peltandra virginica,NA,-34.40739822387695,-34.40305709838867,-34.372440338134766,0.18001812548828156,37.566546742672536,-76.8970436732042
COMPASS-RTK,NA,SWH,SWH_WC_VegPlot_5,2025,2,18,0.192283,GEOID18,wetland,Peltandra virginica,NA,-34.40739822387695,-34.40305709838867,-34.372440338134766,0.19662412548828456,37.56652122343947,-76.89703482428828
COMPASS-RTK,NA,SWH,SWH_WC_WeatherStation,2025,2,18,0.181242,GEOID18,wetland,NA,NA,-34.40739822387695,-34.40305709838867,-34.372440338134766,0.1855831254882787,37.56656515573203,-76.89703763451332
Langston_et_al_2022,NA,GWI,NT3_1,2016,NA,NA,0.15699999999999648,GEOID12B,wetland,Spartina alterniflora,NA,-36.06039810180664,-36.05931854248047,-36.0400390625,0.15699999999999648,37.2166790041666,-76.4091955214777
Langston_et_al_2022,NA,GWI,NT3_2,2016,NA,NA,0.2469999999999928,GEOID12B,wetland,Spartina alterniflora,NA,-36.06039810180664,-36.05931854248047,-36.0400390625,0.2469999999999928,37.2169032588666,-76.4090566315777
Langston_et_al_2022,NA,GWI,NT3_3,2016,NA,NA,0.3789999999999907,GEOID12B,wetland,C4,NA,-36.06039810180664,-36.05931854248047,-36.0400390625,0.3789999999999907,37.2169830450666,-76.4088330621777
Langston_et_al_2022,NA,GWI,NT3_4,2016,NA,NA,0.492999999999995,GEOID12B,wetland,C4,NA,-36.06039810180664,-36.05931854248047,-36.0400390625,0.492999999999995,37.2170780892666,-76.4086748262777
Langston_et_al_2022,NA,GWI,NT3_5,2016,NA,NA,0.573999999999991,GEOID12B,wetland,Phragmites australis,NA,-36.06039810180664,-36.05931854248047,-36.0400390625,0.573999999999991,37.2171914742666,-76.40849127107771
Langston_et_al_2022,NA,GWI,NT3_J,2016,NA,NA,0.14399999999999125,GEOID12B,wetland,Juncus,NA,-36.06039810180664,-36.05931854248047,-36.0400390625,0.14399999999999125,37.2165795646666,-76.4092361103777
Langston_et_al_2022,NA,GWI,NT4_1,2016,NA,NA,0.286,GEOID12B,wetland,Spartina alterniflora,NA,-36.10070037841797,-36.09932327270508,-36.080081939697266,0.286,37.2198080578,-76.4044006925
Langston_et_al_2022,NA,GWI,NT4_2,2016,NA,NA,0.448,GEOID12B,wetland,C4,NA,-36.10070037841797,-36.09932327270508,-36.080081939697266,0.448,37.2193938556,-76.4050580436
Langston_et_al_2022,NA,GWI,NT4_3,2016,NA,NA,0.491,GEOID12B,wetland,C4,NA,-36.10070037841797,-36.09932327270508,-36.080081939697266,0.491,37.2194587264,-76.4052572414
Langston_et_al_2022,NA,GWI,NT4_5,2016,NA,NA,0.535,GEOID12B,wetland,Iva frutescens,NA,-36.10070037841797,-36.09932327270508,-36.080081939697266,0.535,37.218885103,-76.4056695626
Langston_et_al_2022,NA,GWI,NT4_6,2016,NA,NA,0.521,GEOID12B,wetland,C4,NA,-36.10070037841797,-36.09932327270508,-36.080081939697266,0.521,37.2193108198,-76.405752335
Langston_et_al_2022,NA,GWI,NT4_7,2016,NA,NA,0.245,GEOID12B,wetland,Juncus,NA,-36.10070037841797,-36.09932327270508,-36.080081939697266,0.245,37.21972206,-76.4043469623
Langston_et_al_2022,NA,GWI,OT3_1,2016,NA,NA,0.17799999999999017,GEOID12B,wetland,Spartina alterniflora,NA,-36.06039810180664,-36.05931854248047,-36.0400390625,0.17799999999999017,37.2190952810666,-76.4133790688777
Langston_et_al_2022,NA,GWI,OT3_2,2016,NA,NA,0.242999999999995,GEOID12B,wetland,Spartina alterniflora,NA,-36.06039810180664,-36.05931854248047,-36.0400390625,0.242999999999995,37.2191675150666,-76.4133276925777
Langston_et_al_2022,NA,GWI,OT3_3,2016,NA,NA,0.3709999999999951,GEOID12B,wetland,C4,NA,-36.06039810180664,-36.05931854248047,-36.0400390625,0.3709999999999951,37.2194732590666,-76.4130686278777
Langston_et_al_2022,NA,GWI,OT3_4,2016,NA,NA,0.4879999999999925,GEOID12B,wetland,Phragmites australis,NA,-36.06039810180664,-36.05931854248047,-36.0400390625,0.4879999999999925,37.2195768147666,-76.4129955481777
Langston_et_al_2022,NA,GWI,OT3_5,2016,NA,NA,0.6389999999999958,GEOID12B,wetland,Phragmites australis,NA,-36.06039810180664,-36.05931854248047,-36.0400390625,0.6389999999999958,37.2196865297666,-76.4129367003777
Messerschmidt_and_Kirwan_2020,NA,GCW,C3,2018,NA,NA,0.198,GEOID12B,wetland,Schoenoplectus americanus,NA,-33.35449981689453,-33.398616790771484,-33.3565673828125,0.198,38.87363778,-76.54973048
Messerschmidt_and_Kirwan_2020,NA,GCW,C4,2018,NA,NA,0.332,GEOID12B,wetland,C4,NA,-33.35449981689453,-33.398616790771484,-33.3565673828125,0.332,38.87492769,-76.54990587
Shaw_et_al_2020,NA,GCW,CB109,2014,7,2,0.25,GEOID12B,wetland,C4,NA,-33.35449981689453,-33.398616790771484,-33.3565673828125,0.25,38.874708,-76.547196
Eagle_et_al,NA,SageLotPond,1,2018,NA,NA,0.1921,GEOID12B,wetland,NA,NA,-28.413999557495117,-28.410802841186523,-28.392858505249023,0.1921,41.55646780390439,-70.5047909592185
Eagle_et_al,NA,SageLotPond,2,2018,NA,NA,0.1991,GEOID12B,wetland,NA,NA,-28.413999557495117,-28.410802841186523,-28.392858505249023,0.1991,41.55646786605548,-70.50479102781173
Eagle_et_al,NA,SageLotPond,3,2018,NA,NA,0.2021,GEOID12B,wetland,NA,NA,-28.413999557495117,-28.410802841186523,-28.392858505249023,0.2021,41.55646777562066,-70.50479105569191
Eagle_et_al,NA,SageLotPond,4,2018,NA,NA,0.2311,GEOID12B,wetland,NA,NA,-28.413999557495117,-28.410802841186523,-28.392858505249023,0.2311,41.556493944998905,-70.50485680203604
Eagle_et_al,NA,SageLotPond,5,2018,NA,NA,0.2231,GEOID12B,wetland,NA,NA,-28.413999557495117,-28.410802841186523,-28.392858505249023,0.2231,41.55649398139252,-70.50485677410126
Eagle_et_al,NA,SageLotPond,6,2018,NA,NA,0.2261,GEOID12B,wetland,NA,NA,-28.413999557495117,-28.410802841186523,-28.392858505249023,0.2261,41.55649400766777,-70.50485683107004
Eagle_et_al,NA,SageLotPond,7,2018,NA,NA,0.2611,GEOID12B,wetland,NA,NA,-28.413999557495117,-28.410802841186523,-28.392858505249023,0.2611,41.55655215993761,-70.50484213947375
Eagle_et_al,NA,SageLotPond,8,2018,NA,NA,0.2561,GEOID12B,wetland,NA,NA,-28.413999557495117,-28.410802841186523,-28.392858505249023,0.2561,41.55655210610041,-70.50484212383509
Eagle_et_al,NA,SageLotPond,9,2018,NA,NA,0.2511,GEOID12B,wetland,NA,NA,-28.413999557495117,-28.410802841186523,-28.392858505249023,0.2511,41.556552159153036,-70.50484219941217
Eagle_et_al,NA,SageLotPond,10,2018,NA,NA,0.2491,GEOID12B,wetland,NA,NA,-28.413999557495117,-28.410802841186523,-28.392858505249023,0.2491,41.556531198072236,-70.50476595793012
Eagle_et_al,NA,SageLotPond,11,2018,NA,NA,0.2491,GEOID12B,wetland,NA,NA,-28.413999557495117,-28.410802841186523,-28.392858505249023,0.2491,41.556531126540314,-70.50476591789838
Eagle_et_al,NA,SageLotPond,12,2018,NA,NA,0.2591,GEOID12B,wetland,NA,NA,-28.413999557495117,-28.410802841186523,-28.392858505249023,0.2591,41.556531152501805,-70.50476599884253
Eagle_et_al,NA,SageLotPond,13,2018,NA,NA,0.4711,GEOID12B,wetland,NA,NA,-28.413999557495117,-28.410802841186523,-28.392858505249023,0.4711,41.553429135511145,-70.50569339773428
Eagle_et_al,NA,SageLotPond,14,2018,NA,NA,0.4721,GEOID12B,wetland,NA,NA,-28.413999557495117,-28.410802841186523,-28.392858505249023,0.4721,41.553429170382095,-70.50569348607613
Eagle_et_al,NA,SageLotPond,15,2018,NA,NA,0.4221,GEOID12B,wetland,NA,NA,-28.413999557495117,-28.410802841186523,-28.392858505249023,0.4221,41.55345204416827,-70.50573642709531
Eagle_et_al,NA,SageLotPond,16,2018,NA,NA,0.4171,GEOID12B,wetland,NA,NA,-28.413999557495117,-28.410802841186523,-28.392858505249023,0.4171,41.55346166716358,-70.50573615764603
Eagle_et_al,NA,SageLotPond,17,2018,NA,NA,0.4171,GEOID12B,wetland,NA,NA,-28.413999557495117,-28.410802841186523,-28.392858505249023,0.4171,41.55346171282855,-70.50573610954393
Eagle_et_al,NA,SageLotPond,18,2018,NA,NA,0.4171,GEOID12B,wetland,NA,NA,-28.413999557495117,-28.410802841186523,-28.392858505249023,0.4171,41.55346164912368,-70.50573615962544
Eagle_et_al,NA,SageLotPond,19,2018,NA,NA,0.3871,GEOID12B,wetland,NA,NA,-28.413999557495117,-28.410802841186523,-28.392858505249023,0.3871,41.55346222684617,-70.50574844077406
Eagle_et_al,NA,SageLotPond,20,2018,NA,NA,0.3881,GEOID12B,wetland,NA,NA,-28.413999557495117,-28.410802841186523,-28.392858505249023,0.3881,41.55346214503859,-70.50574849762978
Eagle_et_al,NA,SageLotPond,21,2018,NA,NA,0.3871,GEOID12B,wetland,NA,NA,-28.413999557495117,-28.410802841186523,-28.392858505249023,0.3871,41.553462163313995,-70.50574847766971
Eagle_et_al,NA,SageLotPond,22,2018,NA,NA,0.3961,GEOID12B,wetland,NA,NA,-28.413999557495117,-28.410802841186523,-28.392858505249023,0.3961,41.553452761225536,-70.50574976066704
Eagle_et_al,NA,SageLotPond,23,2018,NA,NA,0.3921,GEOID12B,wetland,NA,NA,-28.413999557495117,-28.410802841186523,-28.392858505249023,0.3921,41.55345262589484,-70.50574977790997
Eagle_et_al,NA,SageLotPond,24,2018,NA,NA,0.3951,GEOID12B,wetland,NA,NA,-28.413999557495117,-28.410802841186523,-28.392858505249023,0.3951,41.55345255552501,-70.50574964917458
Eagle_et_al,NA,SageLotPond,25,2018,NA,NA,0.3611,GEOID12B,wetland,NA,NA,-28.413999557495117,-28.410802841186523,-28.392858505249023,0.3611,41.55345192796783,-70.50585945189226
Eagle_et_al,NA,SageLotPond,26,2018,NA,NA,0.3661,GEOID12B,wetland,NA,NA,-28.413999557495117,-28.410802841186523,-28.392858505249023,0.3661,41.55345187581076,-70.50585930799154
Eagle_et_al,NA,SageLotPond,27,2018,NA,NA,0.3581,GEOID12B,wetland,NA,NA,-28.413999557495117,-28.410802841186523,-28.392858505249023,0.3581,41.553460729222415,-70.50585659256812
Eagle_et_al,NA,SageLotPond,28,2018,NA,NA,0.3701,GEOID12B,wetland,NA,NA,-28.413999557495117,-28.410802841186523,-28.392858505249023,0.3701,41.55346077195131,-70.50585676862501
Eagle_et_al,NA,SageLotPond,29,2018,NA,NA,0.3511,GEOID12B,wetland,NA,NA,-28.413999557495117,-28.410802841186523,-28.392858505249023,0.3511,41.55346300928535,-70.50586887126843
Eagle_et_al,NA,SageLotPond,30,2018,NA,NA,0.3541,GEOID12B,wetland,NA,NA,-28.413999557495117,-28.410802841186523,-28.392858505249023,0.3541,41.55346301855653,-70.50586885109938
Eagle_et_al,NA,SageLotPond,31,2018,NA,NA,0.3561,GEOID12B,wetland,NA,NA,-28.413999557495117,-28.410802841186523,-28.392858505249023,0.3561,41.55346294688364,-70.50586882185681
Eagle_et_al,NA,SageLotPond,32,2018,NA,NA,0.3341,GEOID12B,wetland,NA,NA,-28.413999557495117,-28.410802841186523,-28.392858505249023,0.3341,41.553453471651835,-70.5058722506821
Eagle_et_al,NA,SageLotPond,33,2018,NA,NA,0.3351,GEOID12B,wetland,NA,NA,-28.413999557495117,-28.410802841186523,-28.392858505249023,0.3351,41.553453409862485,-70.50587215452077
Eagle_et_al,NA,SageLotPond,34,2018,NA,NA,0.3321,GEOID12B,wetland,NA,NA,-28.413999557495117,-28.410802841186523,-28.392858505249023,0.3321,41.553453427635446,-70.50587217291948
Eagle_et_al,NA,SageLotPond,35,2018,NA,NA,0.2901,GEOID12B,wetland,NA,NA,-28.413999557495117,-28.410802841186523,-28.392858505249023,0.2901,41.553506596831724,-70.50596080425815
Eagle_et_al,NA,SageLotPond,36,2018,NA,NA,0.2881,GEOID12B,wetland,NA,NA,-28.413999557495117,-28.410802841186523,-28.392858505249023,0.2881,41.55350661587657,-70.50596072556128
Eagle_et_al,NA,SageLotPond,37,2018,NA,NA,0.2871,GEOID12B,wetland,NA,NA,-28.413999557495117,-28.410802841186523,-28.392858505249023,0.2871,41.553506615939384,-70.50596072076644
Eagle_et_al,NA,SageLotPond,38,2018,NA,NA,0.2891,GEOID12B,wetland,NA,NA,-28.413999557495117,-28.410802841186523,-28.392858505249023,0.2891,41.553515683510085,-70.50595678367172
Eagle_et_al,NA,SageLotPond,39,2018,NA,NA,0.2881,GEOID12B,wetland,NA,NA,-28.413999557495117,-28.410802841186523,-28.392858505249023,0.2881,41.553515765569,-70.50595670763681
Eagle_et_al,NA,SageLotPond,40,2018,NA,NA,0.2831,GEOID12B,wetland,NA,NA,-28.413999557495117,-28.410802841186523,-28.392858505249023,0.2831,41.55351551341852,-70.50595670418113
Eagle_et_al,NA,SageLotPond,41,2018,NA,NA,0.2551,GEOID12B,wetland,NA,NA,-28.413999557495117,-28.410802841186523,-28.392858505249023,0.2551,41.55351889759505,-70.50596858045799
Eagle_et_al,NA,SageLotPond,42,2018,NA,NA,0.2531,GEOID12B,wetland,NA,NA,-28.413999557495117,-28.410802841186523,-28.392858505249023,0.2531,41.553518941171696,-70.50596869178466
Eagle_et_al,NA,SageLotPond,43,2018,NA,NA,0.2731,GEOID12B,wetland,NA,NA,-28.413999557495117,-28.410802841186523,-28.392858505249023,0.2731,41.553510275994824,-70.50597422699563
Eagle_et_al,NA,SageLotPond,44,2018,NA,NA,0.2691,GEOID12B,wetland,NA,NA,-28.413999557495117,-28.410802841186523,-28.392858505249023,0.2691,41.55351031383331,-70.50597408878126
Eagle_et_al,NA,SageLotPond,45,2018,NA,NA,0.2681,GEOID12B,wetland,NA,NA,-28.413999557495117,-28.410802841186523,-28.392858505249023,0.2681,41.55351037579532,-70.50597417175692
Eagle_et_al,NA,SageLotPond,46,2018,NA,NA,0.2481,GEOID12B,wetland,NA,NA,-28.413999557495117,-28.410802841186523,-28.392858505249023,0.2481,41.55351167024006,-70.50608300237667
Eagle_et_al,NA,SageLotPond,47,2018,NA,NA,0.2481,GEOID12B,wetland,NA,NA,-28.413999557495117,-28.410802841186523,-28.392858505249023,0.2481,41.55351162727597,-70.50608284430018
Eagle_et_al,NA,SageLotPond,48,2018,NA,NA,0.2451,GEOID12B,wetland,NA,NA,-28.413999557495117,-28.410802841186523,-28.392858505249023,0.2451,41.55351166432941,-70.50608276602145
Eagle_et_al,NA,SageLotPond,49,2018,NA,NA,0.2671,GEOID12B,wetland,NA,NA,-28.413999557495117,-28.410802841186523,-28.392858505249023,0.2671,41.55352127216186,-70.50608090389827
Eagle_et_al,NA,SageLotPond,50,2018,NA,NA,0.2711,GEOID12B,wetland,NA,NA,-28.413999557495117,-28.410802841186523,-28.392858505249023,0.2711,41.55352125479719,-70.50608085433296
Eagle_et_al,NA,SageLotPond,51,2018,NA,NA,0.2711,GEOID12B,wetland,NA,NA,-28.413999557495117,-28.410802841186523,-28.392858505249023,0.2711,41.553521212948034,-70.50608061114794
Eagle_et_al,NA,SageLotPond,52,2018,NA,NA,0.2421,GEOID12B,wetland,NA,NA,-28.413999557495117,-28.410802841186523,-28.392858505249023,0.2421,41.55352306551549,-70.50609320609075
Eagle_et_al,NA,SageLotPond,53,2018,NA,NA,0.2421,GEOID12B,wetland,NA,NA,-28.413999557495117,-28.410802841186523,-28.392858505249023,0.2421,41.553523074771,-70.50609318712043
Eagle_et_al,NA,SageLotPond,54,2018,NA,NA,0.2411,GEOID12B,wetland,NA,NA,-28.413999557495117,-28.410802841186523,-28.392858505249023,0.2411,41.553523066677556,-70.50609311738609
Eagle_et_al,NA,SageLotPond,55,2018,NA,NA,0.2551,GEOID12B,wetland,NA,NA,-28.413999557495117,-28.410802841186523,-28.392858505249023,0.2551,41.55351319811064,-70.50609631881724
Eagle_et_al,NA,SageLotPond,56,2018,NA,NA,0.2631,GEOID12B,wetland,NA,NA,-28.413999557495117,-28.410802841186523,-28.392858505249023,0.2631,41.55351320672231,-70.50609634899409
Eagle_et_al,NA,SageLotPond,57,2018,NA,NA,0.2571,GEOID12B,wetland,NA,NA,-28.413999557495117,-28.410802841186523,-28.392858505249023,0.2571,41.55351326296203,-70.50609618123013
Eagle_et_al,NA,SageLotPond,58,2018,NA,NA,0.2151,GEOID12B,wetland,NA,NA,-28.413999557495117,-28.410802841186523,-28.392858505249023,0.2151,41.553568020452445,-70.50618869035759
Eagle_et_al,NA,SageLotPond,59,2018,NA,NA,0.2161,GEOID12B,wetland,NA,NA,-28.413999557495117,-28.410802841186523,-28.392858505249023,0.2161,41.553568075577274,-70.50618860770216
Eagle_et_al,NA,SageLotPond,60,2018,NA,NA,0.2151,GEOID12B,wetland,NA,NA,-28.413999557495117,-28.410802841186523,-28.392858505249023,0.2151,41.553577551110536,-70.50618446907083
Eagle_et_al,NA,SageLotPond,61,2018,NA,NA,0.2091,GEOID12B,wetland,NA,NA,-28.413999557495117,-28.410802841186523,-28.392858505249023,0.2091,41.55357750563385,-70.50618450278814
Eagle_et_al,NA,SageLotPond,62,2018,NA,NA,0.2111,GEOID12B,wetland,NA,NA,-28.413999557495117,-28.410802841186523,-28.392858505249023,0.2111,41.553577478668196,-70.50618449856479
Eagle_et_al,NA,SageLotPond,63,2018,NA,NA,0.1981,GEOID12B,wetland,NA,NA,-28.413999557495117,-28.410802841186523,-28.392858505249023,0.1981,41.553580739221445,-70.5061954966679
Eagle_et_al,NA,SageLotPond,64,2018,NA,NA,0.1991,GEOID12B,wetland,NA,NA,-28.413999557495117,-28.410802841186523,-28.392858505249023,0.1991,41.5535806300397,-70.50619558046634
Eagle_et_al,NA,SageLotPond,65,2018,NA,NA,0.2031,GEOID12B,wetland,NA,NA,-28.413999557495117,-28.410802841186523,-28.392858505249023,0.2031,41.55358073997528,-70.50619543912968
Eagle_et_al,NA,SageLotPond,66,2018,NA,NA,0.2031,GEOID12B,wetland,NA,NA,-28.413999557495117,-28.410802841186523,-28.392858505249023,0.2031,41.553572319426145,-70.50620086368492
Eagle_et_al,NA,SageLotPond,67,2018,NA,NA,0.2011,GEOID12B,wetland,NA,NA,-28.413999557495117,-28.410802841186523,-28.392858505249023,0.2011,41.55357219331951,-70.50620086435403
Eagle_et_al,NA,SageLotPond,68,2018,NA,NA,0.2031,GEOID12B,wetland,NA,NA,-28.413999557495117,-28.410802841186523,-28.392858505249023,0.2031,41.55357226623299,-70.50620079889872
Eagle_et_al,NA,SageLotPond,69,2018,NA,NA,0.2031,GEOID12B,wetland,NA,NA,-28.413999557495117,-28.410802841186523,-28.392858505249023,0.2031,41.55357278620903,-70.50631235273201
Eagle_et_al,NA,SageLotPond,70,2018,NA,NA,0.2071,GEOID12B,wetland,NA,NA,-28.413999557495117,-28.410802841186523,-28.392858505249023,0.2071,41.55357285829016,-70.50631235080859
Eagle_et_al,NA,SageLotPond,71,2018,NA,NA,0.2021,GEOID12B,wetland,NA,NA,-28.413999557495117,-28.410802841186523,-28.392858505249023,0.2021,41.55357277054072,-70.50631217370568
Eagle_et_al,NA,SageLotPond,72,2018,NA,NA,0.1631,GEOID12B,wetland,NA,NA,-28.413999557495117,-28.410802841186523,-28.392858505249023,0.1631,41.553581149576026,-70.50630648080666
Eagle_et_al,NA,SageLotPond,73,2018,NA,NA,0.1691,GEOID12B,wetland,NA,NA,-28.413999557495117,-28.410802841186523,-28.392858505249023,0.1691,41.55358123779665,-70.5063066219482
Eagle_et_al,NA,SageLotPond,74,2018,NA,NA,0.1721,GEOID12B,wetland,NA,NA,-28.413999557495117,-28.410802841186523,-28.392858505249023,0.1721,41.55358129135098,-70.50630665916411
Eagle_et_al,NA,SageLotPond,75,2018,NA,NA,0.1811,GEOID12B,wetland,NA,NA,-28.413999557495117,-28.410802841186523,-28.392858505249023,0.1811,41.55358480723588,-70.50631810446355
Eagle_et_al,NA,SageLotPond,76,2018,NA,NA,0.1781,GEOID12B,wetland,NA,NA,-28.413999557495117,-28.410802841186523,-28.392858505249023,0.1781,41.553585004277096,-70.50631818937728
Eagle_et_al,NA,SageLotPond,77,2018,NA,NA,0.1771,GEOID12B,wetland,NA,NA,-28.413999557495117,-28.410802841186523,-28.392858505249023,0.1771,41.553585086524706,-70.50631809895822
Eagle_et_al,NA,SageLotPond,78,2018,NA,NA,0.1031,GEOID12B,wetland,NA,NA,-28.413999557495117,-28.410802841186523,-28.392858505249023,0.1031,41.553575581120406,-70.50632314218011
Eagle_et_al,NA,SageLotPond,79,2018,NA,NA,0.1121,GEOID12B,wetland,NA,NA,-28.413999557495117,-28.410802841186523,-28.392858505249023,0.1121,41.5535756802457,-70.50632313848655
Eagle_et_al,NA,SageLotPond,80,2018,NA,NA,0.1041,GEOID12B,wetland,NA,NA,-28.413999557495117,-28.410802841186523,-28.392858505249023,0.1041,41.553575525744186,-70.50632324401485
Eagle_et_al,NA,SageLotPond,81,2018,NA,NA,0.1131,GEOID12B,wetland,NA,NA,-28.413999557495117,-28.410802841186523,-28.392858505249023,0.1131,41.55362648123894,-70.5065388560258
Eagle_et_al,NA,SageLotPond,82,2018,NA,NA,0.1071,GEOID12B,wetland,NA,NA,-28.413999557495117,-28.410802841186523,-28.392858505249023,0.1071,41.55362649770804,-70.50653897391794
Eagle_et_al,NA,SageLotPond,83,2018,NA,NA,0.1131,GEOID12B,wetland,NA,NA,-28.413999557495117,-28.410802841186523,-28.392858505249023,0.1131,41.55362639056812,-70.50653890188313
Eagle_et_al,NA,SageLotPond,84,2018,NA,NA,0.1111,GEOID12B,wetland,NA,NA,-28.413999557495117,-28.410802841186523,-28.392858505249023,0.1111,41.553634988267724,-70.50653439398044
Eagle_et_al,NA,SageLotPond,85,2018,NA,NA,0.1121,GEOID12B,wetland,NA,NA,-28.413999557495117,-28.410802841186523,-28.392858505249023,0.1121,41.55363492589772,-70.50653434217064
Eagle_et_al,NA,SageLotPond,86,2018,NA,NA,0.1091,GEOID12B,wetland,NA,NA,-28.413999557495117,-28.410802841186523,-28.392858505249023,0.1091,41.55363502554139,-70.50653429891985
Eagle_et_al,NA,SageLotPond,87,2018,NA,NA,0.1011,GEOID12B,wetland,NA,NA,-28.413999557495117,-28.410802841186523,-28.392858505249023,0.1011,41.553638156576746,-70.50654555544125
Eagle_et_al,NA,SageLotPond,88,2018,NA,NA,0.1031,GEOID12B,wetland,NA,NA,-28.413999557495117,-28.410802841186523,-28.392858505249023,0.1031,41.55363804807021,-70.50654558769449
Eagle_et_al,NA,SageLotPond,89,2018,NA,NA,0.0991,GEOID12B,wetland,NA,NA,-28.413999557495117,-28.410802841186523,-28.392858505249023,0.0991,41.5536380129643,-70.50654551733261
Eagle_et_al,NA,SageLotPond,90,2018,NA,NA,0.2191,GEOID12B,wetland,NA,NA,-28.413999557495117,-28.410802841186523,-28.392858505249023,0.2191,41.55362975533655,-70.50655019260954
Eagle_et_al,NA,SageLotPond,91,2018,NA,NA,0.2141,GEOID12B,wetland,NA,NA,-28.413999557495117,-28.410802841186523,-28.392858505249023,0.2141,41.55362965625839,-70.50655019270661
Eagle_et_al,NA,SageLotPond,92,2018,NA,NA,0.2131,GEOID12B,wetland,NA,NA,-28.413999557495117,-28.410802841186523,-28.392858505249023,0.2131,41.55362971823567,-70.50655027448425
Eagle_et_al,NA,SageLotPond,93,2018,NA,NA,0.2231,GEOID12B,wetland,NA,NA,-28.413999557495117,-28.410802841186523,-28.392858505249023,0.2231,41.55368275156337,-70.50663892384964
Eagle_et_al,NA,SageLotPond,94,2018,NA,NA,0.2271,GEOID12B,wetland,NA,NA,-28.413999557495117,-28.410802841186523,-28.392858505249023,0.2271,41.5536826972551,-70.5066389441717
Eagle_et_al,NA,SageLotPond,95,2018,NA,NA,0.2191,GEOID12B,wetland,NA,NA,-28.413999557495117,-28.410802841186523,-28.392858505249023,0.2191,41.55368258980106,-70.50663889611091
Eagle_et_al,NA,SageLotPond,96,2018,NA,NA,0.2021,GEOID12B,wetland,NA,NA,-28.413999557495117,-28.410802841186523,-28.392858505249023,0.2021,41.553691300158185,-70.50663403950419
Eagle_et_al,NA,SageLotPond,97,2018,NA,NA,0.2041,GEOID12B,wetland,NA,NA,-28.413999557495117,-28.410802841186523,-28.392858505249023,0.2041,41.55369121027279,-70.50663402542571
Eagle_et_al,NA,SageLotPond,98,2018,NA,NA,0.2061,GEOID12B,wetland,NA,NA,-28.413999557495117,-28.410802841186523,-28.392858505249023,0.2061,41.553691174365746,-70.50663401619818
Eagle_et_al,NA,SageLotPond,99,2018,NA,NA,0.1791,GEOID12B,wetland,NA,NA,-28.413999557495117,-28.410802841186523,-28.392858505249023,0.1791,41.55369534845443,-70.50664540607674
Eagle_et_al,NA,SageLotPond,100,2018,NA,NA,0.1851,GEOID12B,wetland,NA,NA,-28.413999557495117,-28.410802841186523,-28.392858505249023,0.1851,41.553695448255226,-70.50664535083894
Eagle_et_al,NA,SageLotPond,101,2018,NA,NA,0.1821,GEOID12B,wetland,NA,NA,-28.413999557495117,-28.410802841186523,-28.392858505249023,0.1821,41.55369534062839,-70.50664531596401
Eagle_et_al,NA,SageLotPond,102,2018,NA,NA,0.2121,GEOID12B,wetland,NA,NA,-28.413999557495117,-28.410802841186523,-28.392858505249023,0.2121,41.55368689435286,-70.50665132742115
Eagle_et_al,NA,SageLotPond,103,2018,NA,NA,0.2141,GEOID12B,wetland,NA,NA,-28.413999557495117,-28.410802841186523,-28.392858505249023,0.2141,41.55368680424753,-70.50665133012464
Eagle_et_al,NA,SageLotPond,104,2018,NA,NA,0.2151,GEOID12B,wetland,NA,NA,-28.413999557495117,-28.410802841186523,-28.392858505249023,0.2151,41.5536868939444,-70.50665135858772
Eagle_et_al,NA,SageLotPond,105,2018,NA,NA,0.2031,GEOID12B,wetland,NA,NA,-28.413999557495117,-28.410802841186523,-28.392858505249023,0.2031,41.55380091481604,-70.50709173395832
Eagle_et_al,NA,SageLotPond,106,2018,NA,NA,0.2041,GEOID12B,wetland,NA,NA,-28.413999557495117,-28.410802841186523,-28.392858505249023,0.2041,41.55380093236882,-70.50709176913949
Eagle_et_al,NA,SageLotPond,107,2018,NA,NA,0.2031,GEOID12B,wetland,NA,NA,-28.413999557495117,-28.410802841186523,-28.392858505249023,0.2031,41.553800923820276,-70.50709173416753
Eagle_et_al,NA,SageLotPond,108,2018,NA,NA,0.2121,GEOID12B,wetland,NA,NA,-28.413999557495117,-28.410802841186523,-28.392858505249023,0.2121,41.553809791039214,-70.50708796762567
Eagle_et_al,NA,SageLotPond,109,2018,NA,NA,0.2091,GEOID12B,wetland,NA,NA,-28.413999557495117,-28.410802841186523,-28.392858505249023,0.2091,41.553809709309576,-70.5070880184864
Eagle_et_al,NA,SageLotPond,110,2018,NA,NA,0.2071,GEOID12B,wetland,NA,NA,-28.413999557495117,-28.410802841186523,-28.392858505249023,0.2071,41.55380967300973,-70.5070880392265
Eagle_et_al,NA,SageLotPond,111,2018,NA,NA,0.2251,GEOID12B,wetland,NA,NA,-28.413999557495117,-28.410802841186523,-28.392858505249023,0.2251,41.55381388858518,-70.5070990092413
Eagle_et_al,NA,SageLotPond,112,2018,NA,NA,0.2281,GEOID12B,wetland,NA,NA,-28.413999557495117,-28.410802841186523,-28.392858505249023,0.2281,41.55381375232718,-70.50709909720577
Eagle_et_al,NA,SageLotPond,113,2018,NA,NA,0.2271,GEOID12B,wetland,NA,NA,-28.413999557495117,-28.410802841186523,-28.392858505249023,0.2271,41.55381360609068,-70.50709925928143
Eagle_et_al,NA,SageLotPond,114,2018,NA,NA,0.2281,GEOID12B,wetland,NA,NA,-28.413999557495117,-28.410802841186523,-28.392858505249023,0.2281,41.5538051121312,-70.50710409688025
Eagle_et_al,NA,SageLotPond,115,2018,NA,NA,0.2281,GEOID12B,wetland,NA,NA,-28.413999557495117,-28.410802841186523,-28.392858505249023,0.2281,41.553805193467994,-70.50710407598744
Eagle_et_al,NA,SageLotPond,116,2018,NA,NA,0.2271,GEOID12B,wetland,NA,NA,-28.413999557495117,-28.410802841186523,-28.392858505249023,0.2271,41.55380523929065,-70.50710401589892
Eagle_et_al,NA,SageLotPond,117,2018,NA,NA,0.2111,GEOID12B,wetland,NA,NA,-28.413999557495117,-28.410802841186523,-28.392858505249023,0.2111,41.553806237221416,-70.50722095432421
Eagle_et_al,NA,SageLotPond,118,2018,NA,NA,0.2111,GEOID12B,wetland,NA,NA,-28.413999557495117,-28.410802841186523,-28.392858505249023,0.2111,41.55380626423415,-70.50722095495186
Eagle_et_al,NA,SageLotPond,119,2018,NA,NA,0.2081,GEOID12B,wetland,NA,NA,-28.413999557495117,-28.410802841186523,-28.392858505249023,0.2081,41.553806325047994,-70.50722112543538
Eagle_et_al,NA,SageLotPond,120,2018,NA,NA,0.2271,GEOID12B,wetland,NA,NA,-28.413999557495117,-28.410802841186523,-28.392858505249023,0.2271,41.55381487171891,-70.50721501565192
Eagle_et_al,NA,SageLotPond,121,2018,NA,NA,0.2261,GEOID12B,wetland,NA,NA,-28.413999557495117,-28.410802841186523,-28.392858505249023,0.2261,41.55381488958598,-70.5072150268588
Eagle_et_al,NA,SageLotPond,122,2018,NA,NA,0.2201,GEOID12B,wetland,NA,NA,-28.413999557495117,-28.410802841186523,-28.392858505249023,0.2201,41.55381483697487,-70.50721491771903
Eagle_et_al,NA,SageLotPond,123,2018,NA,NA,0.2161,GEOID12B,wetland,NA,NA,-28.413999557495117,-28.410802841186523,-28.392858505249023,0.2161,41.55381969814074,-70.5072261089855
Eagle_et_al,NA,SageLotPond,124,2018,NA,NA,0.2191,GEOID12B,wetland,NA,NA,-28.413999557495117,-28.410802841186523,-28.392858505249023,0.2191,41.55381967013793,-70.50722618387701
Eagle_et_al,NA,SageLotPond,125,2018,NA,NA,0.2161,GEOID12B,wetland,NA,NA,-28.413999557495117,-28.410802841186523,-28.392858505249023,0.2161,41.55381968019513,-70.5072261037722
Eagle_et_al,NA,SageLotPond,126,2018,NA,NA,0.2151,GEOID12B,wetland,NA,NA,-28.413999557495117,-28.410802841186523,-28.392858505249023,0.2151,41.553811029699375,-70.50723257566301
Eagle_et_al,NA,SageLotPond,127,2018,NA,NA,0.2191,GEOID12B,wetland,NA,NA,-28.413999557495117,-28.410802841186523,-28.392858505249023,0.2191,41.55381124591131,-70.50723257229323
Eagle_et_al,NA,SageLotPond,128,2018,NA,NA,0.2191,GEOID12B,wetland,NA,NA,-28.413999557495117,-28.410802841186523,-28.392858505249023,0.2191,41.55381126384122,-70.50723257870526
Eagle_et_al,NA,SageLotPond,129,2018,NA,NA,0.1981,GEOID12B,wetland,NA,NA,-28.413999557495117,-28.410802841186523,-28.392858505249023,0.1981,41.553863912093306,-70.50731689603849
Eagle_et_al,NA,SageLotPond,130,2018,NA,NA,0.1961,GEOID12B,wetland,NA,NA,-28.413999557495117,-28.410802841186523,-28.392858505249023,0.1961,41.55386381376956,-70.50731683859595
Eagle_et_al,NA,SageLotPond,131,2018,NA,NA,0.2021,GEOID12B,wetland,NA,NA,-28.413999557495117,-28.410802841186523,-28.392858505249023,0.2021,41.553863750834125,-70.50731682993903
Eagle_et_al,NA,SageLotPond,132,2018,NA,NA,0.2011,GEOID12B,wetland,NA,NA,-28.413999557495117,-28.410802841186523,-28.392858505249023,0.2011,41.553872341441604,-70.50731355221819
Eagle_et_al,NA,SageLotPond,133,2018,NA,NA,0.2021,GEOID12B,wetland,NA,NA,-28.413999557495117,-28.410802841186523,-28.392858505249023,0.2021,41.553872341425894,-70.5073135534169
Eagle_et_al,NA,SageLotPond,134,2018,NA,NA,0.2031,GEOID12B,wetland,NA,NA,-28.413999557495117,-28.410802841186523,-28.392858505249023,0.2031,41.55387229675042,-70.50731352599898
Eagle_et_al,NA,SageLotPond,135,2018,NA,NA,0.1951,GEOID12B,wetland,NA,NA,-28.413999557495117,-28.410802841186523,-28.392858505249023,0.1951,41.55387566522758,-70.50732521498995
Eagle_et_al,NA,SageLotPond,136,2018,NA,NA,0.1941,GEOID12B,wetland,NA,NA,-28.413999557495117,-28.410802841186523,-28.392858505249023,0.1941,41.55387582731973,-70.50732521755741
Eagle_et_al,NA,SageLotPond,137,2018,NA,NA,0.1881,GEOID12B,wetland,NA,NA,-28.413999557495117,-28.410802841186523,-28.392858505249023,0.1881,41.553875881958156,-70.50732517206282
Eagle_et_al,NA,SageLotPond,138,2018,NA,NA,0.1971,GEOID12B,wetland,NA,NA,-28.413999557495117,-28.410802841186523,-28.392858505249023,0.1971,41.55386673448314,-70.50732970427259
Eagle_et_al,NA,SageLotPond,139,2018,NA,NA,0.1961,GEOID12B,wetland,NA,NA,-28.413999557495117,-28.410802841186523,-28.392858505249023,0.1961,41.553866742842985,-70.50732975362924
Eagle_et_al,NA,SageLotPond,140,2018,NA,NA,0.1941,GEOID12B,wetland,NA,NA,-28.413999557495117,-28.410802841186523,-28.392858505249023,0.1941,41.55386684135534,-70.50732979668719
Eagle_et_al,NA,SageLotPond,141,2018,NA,NA,0.1651,GEOID12B,wetland,NA,NA,-28.413999557495117,-28.410802841186523,-28.392858505249023,0.1651,41.55435733610653,-70.50725963707721
Eagle_et_al,NA,SageLotPond,142,2018,NA,NA,0.1601,GEOID12B,wetland,NA,NA,-28.413999557495117,-28.410802841186523,-28.392858505249023,0.1601,41.554357229155706,-70.50725955065563
Eagle_et_al,NA,SageLotPond,143,2018,NA,NA,0.1621,GEOID12B,wetland,NA,NA,-28.413999557495117,-28.410802841186523,-28.392858505249023,0.1621,41.55435721081717,-70.50725957541043
Eagle_et_al,NA,SageLotPond,144,2018,NA,NA,0.1731,GEOID12B,wetland,NA,NA,-28.413999557495117,-28.410802841186523,-28.392858505249023,0.1731,41.554366792735436,-70.50725831718137
Eagle_et_al,NA,SageLotPond,145,2018,NA,NA,0.1701,GEOID12B,wetland,NA,NA,-28.413999557495117,-28.410802841186523,-28.392858505249023,0.1701,41.554366683930105,-70.50725837220952
Eagle_et_al,NA,SageLotPond,146,2018,NA,NA,0.1701,GEOID12B,wetland,NA,NA,-28.413999557495117,-28.410802841186523,-28.392858505249023,0.1701,41.554366619218776,-70.5072584990087
Eagle_et_al,NA,SageLotPond,147,2018,NA,NA,0.1621,GEOID12B,wetland,NA,NA,-28.413999557495117,-28.410802841186523,-28.392858505249023,0.1621,41.554369159339494,-70.50727085352004
Eagle_et_al,NA,SageLotPond,148,2018,NA,NA,0.1631,GEOID12B,wetland,NA,NA,-28.413999557495117,-28.410802841186523,-28.392858505249023,0.1631,41.55436931285174,-70.50727082351257
Eagle_et_al,NA,SageLotPond,149,2018,NA,NA,0.1581,GEOID12B,wetland,NA,NA,-28.413999557495117,-28.410802841186523,-28.392858505249023,0.1581,41.55436940357,-70.5072707740596
Eagle_et_al,NA,SageLotPond,150,2018,NA,NA,0.1391,GEOID12B,wetland,NA,NA,-28.413999557495117,-28.410802841186523,-28.392858505249023,0.1391,41.5543596497526,-70.50727277772484
Eagle_et_al,NA,SageLotPond,151,2018,NA,NA,0.1431,GEOID12B,wetland,NA,NA,-28.413999557495117,-28.410802841186523,-28.392858505249023,0.1431,41.554359596214326,-70.50727273930895
Eagle_et_al,NA,SageLotPond,152,2018,NA,NA,0.1411,GEOID12B,wetland,NA,NA,-28.413999557495117,-28.410802841186523,-28.392858505249023,0.1411,41.554359506297594,-70.50727272762684
Eagle_et_al,NA,SageLotPond,153,2018,NA,NA,0.2071,GEOID12B,wetland,NA,NA,-28.413999557495117,-28.410802841186523,-28.392858505249023,0.2071,41.5543059546752,-70.5071528860048
Eagle_et_al,NA,SageLotPond,154,2018,NA,NA,0.2071,GEOID12B,wetland,NA,NA,-28.413999557495117,-28.410802841186523,-28.392858505249023,0.2071,41.554305980807904,-70.50715295376106
Eagle_et_al,NA,SageLotPond,155,2018,NA,NA,0.2061,GEOID12B,wetland,NA,NA,-28.413999557495117,-28.410802841186523,-28.392858505249023,0.2061,41.55430597159937,-70.50715296913529
Eagle_et_al,NA,SageLotPond,156,2018,NA,NA,0.1891,GEOID12B,wetland,NA,NA,-28.413999557495117,-28.410802841186523,-28.392858505249023,0.1891,41.554314737541304,-70.50715005757138
Eagle_et_al,NA,SageLotPond,157,2018,NA,NA,0.1921,GEOID12B,wetland,NA,NA,-28.413999557495117,-28.410802841186523,-28.392858505249023,0.1921,41.55431472980997,-70.5071499602654
Eagle_et_al,NA,SageLotPond,158,2018,NA,NA,0.1851,GEOID12B,wetland,NA,NA,-28.413999557495117,-28.410802841186523,-28.392858505249023,0.1851,41.5543148190981,-70.50715001989633
Eagle_et_al,NA,SageLotPond,159,2018,NA,NA,0.1701,GEOID12B,wetland,NA,NA,-28.413999557495117,-28.410802841186523,-28.392858505249023,0.1701,41.55431698182246,-70.50716230686936
Eagle_et_al,NA,SageLotPond,160,2018,NA,NA,0.1711,GEOID12B,wetland,NA,NA,-28.413999557495117,-28.410802841186523,-28.392858505249023,0.1711,41.55431706303353,-70.50716229556629
Eagle_et_al,NA,SageLotPond,161,2018,NA,NA,0.1711,GEOID12B,wetland,NA,NA,-28.413999557495117,-28.410802841186523,-28.392858505249023,0.1711,41.5543170256022,-70.50716240261475
Eagle_et_al,NA,SageLotPond,162,2018,NA,NA,0.1781,GEOID12B,wetland,NA,NA,-28.413999557495117,-28.410802841186523,-28.392858505249023,0.1781,41.554308078820746,-70.50716536753164
Eagle_et_al,NA,SageLotPond,163,2018,NA,NA,0.1731,GEOID12B,wetland,NA,NA,-28.413999557495117,-28.410802841186523,-28.392858505249023,0.1731,41.55430786468322,-70.50716521266983
Eagle_et_al,NA,SageLotPond,164,2018,NA,NA,0.1761,GEOID12B,wetland,NA,NA,-28.413999557495117,-28.410802841186523,-28.392858505249023,0.1761,41.55430800695964,-70.50716535267196
Eagle_et_al,NA,SageLotPond,165,2018,NA,NA,0.2351,GEOID12B,wetland,NA,NA,-28.413999557495117,-28.410802841186523,-28.392858505249023,0.2351,41.554309147668896,-70.50702886748756
Eagle_et_al,NA,SageLotPond,166,2018,NA,NA,0.2301,GEOID12B,wetland,NA,NA,-28.413999557495117,-28.410802841186523,-28.392858505249023,0.2301,41.55430902164087,-70.50702886216139
Eagle_et_al,NA,SageLotPond,167,2018,NA,NA,0.2351,GEOID12B,wetland,NA,NA,-28.413999557495117,-28.410802841186523,-28.392858505249023,0.2351,41.5543178990886,-70.50702706352936
Eagle_et_al,NA,SageLotPond,168,2018,NA,NA,0.2381,GEOID12B,wetland,NA,NA,-28.413999557495117,-28.410802841186523,-28.392858505249023,0.2381,41.5543179174742,-70.50702703517833
Eagle_et_al,NA,SageLotPond,169,2018,NA,NA,0.2391,GEOID12B,wetland,NA,NA,-28.413999557495117,-28.410802841186523,-28.392858505249023,0.2391,41.55431799863816,-70.50702702747127
Eagle_et_al,NA,SageLotPond,170,2018,NA,NA,0.2451,GEOID12B,wetland,NA,NA,-28.413999557495117,-28.410802841186523,-28.392858505249023,0.2451,41.554319888545265,-70.50703882726704
Eagle_et_al,NA,SageLotPond,171,2018,NA,NA,0.2421,GEOID12B,wetland,NA,NA,-28.413999557495117,-28.410802841186523,-28.392858505249023,0.2421,41.55432022211094,-70.5070388038404
Eagle_et_al,NA,SageLotPond,172,2018,NA,NA,0.2371,GEOID12B,wetland,NA,NA,-28.413999557495117,-28.410802841186523,-28.392858505249023,0.2371,41.55432020532813,-70.50703870992139
Eagle_et_al,NA,SageLotPond,173,2018,NA,NA,0.2231,GEOID12B,wetland,NA,NA,-28.413999557495117,-28.410802841186523,-28.392858505249023,0.2231,41.55431132971929,-70.50704174245905
Eagle_et_al,NA,SageLotPond,174,2018,NA,NA,0.2211,GEOID12B,wetland,NA,NA,-28.413999557495117,-28.410802841186523,-28.392858505249023,0.2211,41.55431126689383,-70.50704172541124
Eagle_et_al,NA,SageLotPond,175,2018,NA,NA,0.2301,GEOID12B,wetland,NA,NA,-28.413999557495117,-28.410802841186523,-28.392858505249023,0.2301,41.55431126551102,-70.5070418308991
Eagle_et_al,NA,SageLotPond,176,2018,NA,NA,0.2241,GEOID12B,wetland,NA,NA,-28.413999557495117,-28.410802841186523,-28.392858505249023,0.2241,41.554256050891524,-70.50692309365591
Eagle_et_al,NA,SageLotPond,177,2018,NA,NA,0.2261,GEOID12B,wetland,NA,NA,-28.413999557495117,-28.410802841186523,-28.392858505249023,0.2261,41.554255972005905,-70.506922927548
Eagle_et_al,NA,SageLotPond,178,2018,NA,NA,0.2291,GEOID12B,wetland,NA,NA,-28.413999557495117,-28.410802841186523,-28.392858505249023,0.2291,41.55425592407785,-70.5069231482662
Eagle_et_al,NA,SageLotPond,179,2018,NA,NA,0.2161,GEOID12B,wetland,NA,NA,-28.413999557495117,-28.410802841186523,-28.392858505249023,0.2161,41.55426562405223,-70.50692044183259
Eagle_et_al,NA,SageLotPond,180,2018,NA,NA,0.2191,GEOID12B,wetland,NA,NA,-28.413999557495117,-28.410802841186523,-28.392858505249023,0.2191,41.554265553385235,-70.50692033587009
Eagle_et_al,NA,SageLotPond,181,2018,NA,NA,0.2171,GEOID12B,wetland,NA,NA,-28.413999557495117,-28.410802841186523,-28.392858505249023,0.2171,41.55426565351611,-70.50692025545904
Eagle_et_al,NA,SageLotPond,182,2018,NA,NA,0.2011,GEOID12B,wetland,NA,NA,-28.413999557495117,-28.410802841186523,-28.392858505249023,0.2011,41.55426813768424,-70.5069327585244
Eagle_et_al,NA,SageLotPond,183,2018,NA,NA,0.1991,GEOID12B,wetland,NA,NA,-28.413999557495117,-28.410802841186523,-28.392858505249023,0.1991,41.554268153964344,-70.50693289080252
Eagle_et_al,NA,SageLotPond,184,2018,NA,NA,0.2001,GEOID12B,wetland,NA,NA,-28.413999557495117,-28.410802841186523,-28.392858505249023,0.2001,41.55426804666758,-70.50693283075356
Eagle_et_al,NA,SageLotPond,185,2018,NA,NA,0.1771,GEOID12B,wetland,NA,NA,-28.413999557495117,-28.410802841186523,-28.392858505249023,0.1771,41.554258732556626,-70.50693633395154
Eagle_et_al,NA,SageLotPond,186,2018,NA,NA,0.1711,GEOID12B,wetland,NA,NA,-28.413999557495117,-28.410802841186523,-28.392858505249023,0.1711,41.55425875994646,-70.5069363058097
Eagle_et_al,NA,SageLotPond,187,2018,NA,NA,0.2051,GEOID12B,wetland,NA,NA,-28.413999557495117,-28.410802841186523,-28.392858505249023,0.2051,41.554258864448535,-70.5067977689919
Eagle_et_al,NA,SageLotPond,188,2018,NA,NA,0.2051,GEOID12B,wetland,NA,NA,-28.413999557495117,-28.410802841186523,-28.392858505249023,0.2051,41.55425899107361,-70.50679772876606
Eagle_et_al,NA,SageLotPond,189,2018,NA,NA,-0.0569,GEOID12B,wetland,NA,NA,-28.413999557495117,-28.410802841186523,-28.392858505249023,-0.0569,41.554268515137814,-70.50679401219075
Eagle_et_al,NA,SageLotPond,190,2018,NA,NA,-0.0579,GEOID12B,wetland,NA,NA,-28.413999557495117,-28.410802841186523,-28.392858505249023,-0.0579,41.55426859685162,-70.50679396252802
Eagle_et_al,NA,SageLotPond,191,2018,NA,NA,-0.0589,GEOID12B,wetland,NA,NA,-28.413999557495117,-28.410802841186523,-28.392858505249023,-0.0589,41.55426853353909,-70.50679398264096
Eagle_et_al,NA,SageLotPond,192,2018,NA,NA,-0.0409,GEOID12B,wetland,NA,NA,-28.413999557495117,-28.410802841186523,-28.392858505249023,-0.0409,41.554270848070026,-70.50680637264436
Eagle_et_al,NA,SageLotPond,193,2018,NA,NA,-0.0359,GEOID12B,wetland,NA,NA,-28.413999557495117,-28.410802841186523,-28.392858505249023,-0.0359,41.55427094653544,-70.50680641929799
Eagle_et_al,NA,SageLotPond,194,2018,NA,NA,-0.0459,GEOID12B,wetland,NA,NA,-28.413999557495117,-28.410802841186523,-28.392858505249023,-0.0459,41.55427079475155,-70.50680631744677
Eagle_et_al,NA,SageLotPond,195,2018,NA,NA,0.0171,GEOID12B,wetland,NA,NA,-28.413999557495117,-28.410802841186523,-28.392858505249023,0.0171,41.55426201861921,-70.50680931994953
Eagle_et_al,NA,SageLotPond,196,2018,NA,NA,0.0191,GEOID12B,wetland,NA,NA,-28.413999557495117,-28.410802841186523,-28.392858505249023,0.0191,41.554261999322385,-70.50680941782664
Eagle_et_al,NA,SageLotPond,197,2018,NA,NA,0.0141,GEOID12B,wetland,NA,NA,-28.413999557495117,-28.410802841186523,-28.392858505249023,0.0141,41.554261943631495,-70.5068095436365
Eagle_et_al,NA,SageLotPond,198,2018,NA,NA,-0.0189,GEOID12B,wetland,NA,NA,-28.413999557495117,-28.410802841186523,-28.392858505249023,-0.0189,41.55420843084858,-70.50669426121593
Eagle_et_al,NA,SageLotPond,199,2018,NA,NA,-0.0159,GEOID12B,wetland,NA,NA,-28.413999557495117,-28.410802841186523,-28.392858505249023,-0.0159,41.55420837842552,-70.50669413769118
Eagle_et_al,NA,SageLotPond,200,2018,NA,NA,-0.0279,GEOID12B,wetland,NA,NA,-28.413999557495117,-28.410802841186523,-28.392858505249023,-0.0279,41.554208360731224,-70.50669411329842
Eagle_et_al,NA,SageLotPond,201,2018,NA,NA,0.2141,GEOID12B,wetland,NA,NA,-28.413999557495117,-28.410802841186523,-28.392858505249023,0.2141,41.554216663846006,-70.5066907784394
Eagle_et_al,NA,SageLotPond,202,2018,NA,NA,0.2071,GEOID12B,wetland,NA,NA,-28.413999557495117,-28.410802841186523,-28.392858505249023,0.2071,41.55421657561019,-70.50669063849466
Eagle_et_al,NA,SageLotPond,203,2018,NA,NA,0.2131,GEOID12B,wetland,NA,NA,-28.413999557495117,-28.410802841186523,-28.392858505249023,0.2131,41.55421665509312,-70.50669075905068
Eagle_et_al,NA,SageLotPond,204,2018,NA,NA,0.1961,GEOID12B,wetland,NA,NA,-28.413999557495117,-28.410802841186523,-28.392858505249023,0.1961,41.55422021873912,-70.5067019933545
Eagle_et_al,NA,SageLotPond,205,2018,NA,NA,0.2011,GEOID12B,wetland,NA,NA,-28.413999557495117,-28.410802841186523,-28.392858505249023,0.2011,41.55422026368182,-70.50670200039386
Eagle_et_al,NA,SageLotPond,206,2018,NA,NA,0.1971,GEOID12B,wetland,NA,NA,-28.413999557495117,-28.410802841186523,-28.392858505249023,0.1971,41.55422027241898,-70.50670202098132
Eagle_et_al,NA,SageLotPond,207,2018,NA,NA,0.1621,GEOID12B,wetland,NA,NA,-28.413999557495117,-28.410802841186523,-28.392858505249023,0.1621,41.554212332588214,-70.5065662951321
Eagle_et_al,NA,SageLotPond,208,2018,NA,NA,0.1571,GEOID12B,wetland,NA,NA,-28.413999557495117,-28.410802841186523,-28.392858505249023,0.1571,41.55421231605636,-70.50656618203377
Eagle_et_al,NA,SageLotPond,209,2018,NA,NA,0.1581,GEOID12B,wetland,NA,NA,-28.413999557495117,-28.410802841186523,-28.392858505249023,0.1581,41.55422179929293,-70.50656351847803
Eagle_et_al,NA,SageLotPond,210,2018,NA,NA,0.1581,GEOID12B,wetland,NA,NA,-28.413999557495117,-28.410802841186523,-28.392858505249023,0.1581,41.554221754193144,-70.50656352342601
Eagle_et_al,NA,SageLotPond,211,2018,NA,NA,0.1591,GEOID12B,wetland,NA,NA,-28.413999557495117,-28.410802841186523,-28.392858505249023,0.1591,41.55422178155148,-70.50656349768147
Eagle_et_al,NA,SageLotPond,212,2018,NA,NA,0.1711,GEOID12B,wetland,NA,NA,-28.413999557495117,-28.410802841186523,-28.392858505249023,0.1711,41.55422386382239,-70.5065764302572
Eagle_et_al,NA,SageLotPond,213,2018,NA,NA,0.1771,GEOID12B,wetland,NA,NA,-28.413999557495117,-28.410802841186523,-28.392858505249023,0.1771,41.554224061570274,-70.50657646123001
Eagle_et_al,NA,SageLotPond,214,2018,NA,NA,0.1711,GEOID12B,wetland,NA,NA,-28.413999557495117,-28.410802841186523,-28.392858505249023,0.1711,41.55422421567928,-70.50657638566942
Eagle_et_al,NA,SageLotPond,215,2018,NA,NA,0.1721,GEOID12B,wetland,NA,NA,-28.413999557495117,-28.410802841186523,-28.392858505249023,0.1721,41.554214298937694,-70.50657982575727
Eagle_et_al,NA,SageLotPond,216,2018,NA,NA,0.1781,GEOID12B,wetland,NA,NA,-28.413999557495117,-28.410802841186523,-28.392858505249023,0.1781,41.554214307140796,-70.50657988710134
Eagle_et_al,NA,SageLotPond,217,2018,NA,NA,0.1721,GEOID12B,wetland,NA,NA,-28.413999557495117,-28.410802841186523,-28.392858505249023,0.1721,41.554214315469565,-70.50657993885562
Eagle_et_al,NA,SageLotPond,218,2018,NA,NA,0.1351,GEOID12B,wetland,NA,NA,-28.413999557495117,-28.410802841186523,-28.392858505249023,0.1351,41.554158115937,-70.50644834547006
Eagle_et_al,NA,SageLotPond,219,2018,NA,NA,0.1291,GEOID12B,wetland,NA,NA,-28.413999557495117,-28.410802841186523,-28.392858505249023,0.1291,41.554158023789704,-70.50644850400786
Eagle_et_al,NA,SageLotPond,220,2018,NA,NA,0.1361,GEOID12B,wetland,NA,NA,-28.413999557495117,-28.410802841186523,-28.392858505249023,0.1361,41.55415800595399,-70.50644849040367
Eagle_et_al,NA,SageLotPond,221,2018,NA,NA,0.0881,GEOID12B,wetland,NA,NA,-28.413999557495117,-28.410802841186523,-28.392858505249023,0.0881,41.55416771364656,-70.50644519413048
Eagle_et_al,NA,SageLotPond,222,2018,NA,NA,0.0901,GEOID12B,wetland,NA,NA,-28.413999557495117,-28.410802841186523,-28.392858505249023,0.0901,41.55416755956903,-70.50644526729387
Eagle_et_al,NA,SageLotPond,223,2018,NA,NA,0.1781,GEOID12B,wetland,NA,NA,-28.413999557495117,-28.410802841186523,-28.392858505249023,0.1781,41.554170301080056,-70.50645806887638
Eagle_et_al,NA,SageLotPond,224,2018,NA,NA,0.1761,GEOID12B,wetland,NA,NA,-28.413999557495117,-28.410802841186523,-28.392858505249023,0.1761,41.554170335777606,-70.50645817040561
Eagle_et_al,NA,SageLotPond,225,2018,NA,NA,0.1721,GEOID12B,wetland,NA,NA,-28.413999557495117,-28.410802841186523,-28.392858505249023,0.1721,41.55417037170036,-70.5064581784344
Eagle_et_al,NA,SageLotPond,226,2018,NA,NA,0.2071,GEOID12B,wetland,NA,NA,-28.413999557495117,-28.410802841186523,-28.392858505249023,0.2071,41.55416074935334,-70.50646183521516
Eagle_et_al,NA,SageLotPond,227,2018,NA,NA,0.2171,GEOID12B,wetland,NA,NA,-28.413999557495117,-28.410802841186523,-28.392858505249023,0.2171,41.55416074353776,-70.50646159166523
Eagle_et_al,NA,SageLotPond,228,2018,NA,NA,0.2291,GEOID12B,wetland,NA,NA,-28.413999557495117,-28.410802841186523,-28.392858505249023,0.2291,41.55406360170903,-70.50587595379149
Eagle_et_al,NA,SageLotPond,229,2018,NA,NA,0.2351,GEOID12B,wetland,NA,NA,-28.413999557495117,-28.410802841186523,-28.392858505249023,0.2351,41.554063630763,-70.50587579858475
Eagle_et_al,NA,SageLotPond,230,2018,NA,NA,0.2241,GEOID12B,wetland,NA,NA,-28.413999557495117,-28.410802841186523,-28.392858505249023,0.2241,41.554063692850654,-70.50587587197128
Eagle_et_al,NA,SageLotPond,231,2018,NA,NA,0.2301,GEOID12B,wetland,NA,NA,-28.413999557495117,-28.410802841186523,-28.392858505249023,0.2301,41.554072937377676,-70.5058735529116
Eagle_et_al,NA,SageLotPond,232,2018,NA,NA,0.2321,GEOID12B,wetland,NA,NA,-28.413999557495117,-28.410802841186523,-28.392858505249023,0.2321,41.55407293788012,-70.50587351455249
Eagle_et_al,NA,SageLotPond,233,2018,NA,NA,0.2341,GEOID12B,wetland,NA,NA,-28.413999557495117,-28.410802841186523,-28.392858505249023,0.2341,41.55407292186572,-70.50587336189673
Eagle_et_al,NA,SageLotPond,234,2018,NA,NA,0.2381,GEOID12B,wetland,NA,NA,-28.413999557495117,-28.410802841186523,-28.392858505249023,0.2381,41.55407531764533,-70.5058857453229
Eagle_et_al,NA,SageLotPond,235,2018,NA,NA,0.2331,GEOID12B,wetland,NA,NA,-28.413999557495117,-28.410802841186523,-28.392858505249023,0.2331,41.554075038623424,-70.50588573045182
Eagle_et_al,NA,SageLotPond,236,2018,NA,NA,0.2261,GEOID12B,wetland,NA,NA,-28.413999557495117,-28.410802841186523,-28.392858505249023,0.2261,41.5540653439137,-70.5058894120127
Eagle_et_al,NA,SageLotPond,237,2018,NA,NA,0.2211,GEOID12B,wetland,NA,NA,-28.413999557495117,-28.410802841186523,-28.392858505249023,0.2211,41.55406529021793,-70.50588938558535
Eagle_et_al,NA,SageLotPond,238,2018,NA,NA,0.2241,GEOID12B,wetland,NA,NA,-28.413999557495117,-28.410802841186523,-28.392858505249023,0.2241,41.554065362754386,-70.50588934889852
Eagle_et_al,NA,SageLotPond,239,2018,NA,NA,0.2701,GEOID12B,wetland,NA,NA,-28.413999557495117,-28.410802841186523,-28.392858505249023,0.2701,41.55400920263349,-70.50577050240545
Eagle_et_al,NA,SageLotPond,240,2018,NA,NA,0.2581,GEOID12B,wetland,NA,NA,-28.413999557495117,-28.410802841186523,-28.392858505249023,0.2581,41.55400932176123,-70.50577034689152
Eagle_et_al,NA,SageLotPond,241,2018,NA,NA,0.2591,GEOID12B,wetland,NA,NA,-28.413999557495117,-28.410802841186523,-28.392858505249023,0.2591,41.55401852628136,-70.50576695610646
Eagle_et_al,NA,SageLotPond,242,2018,NA,NA,0.2661,GEOID12B,wetland,NA,NA,-28.413999557495117,-28.410802841186523,-28.392858505249023,0.2661,41.55401845357221,-70.50576700597932
Eagle_et_al,NA,SageLotPond,243,2018,NA,NA,0.2591,GEOID12B,wetland,NA,NA,-28.413999557495117,-28.410802841186523,-28.392858505249023,0.2591,41.554018301096534,-70.50576695687464
Eagle_et_al,NA,SageLotPond,244,2018,NA,NA,0.2641,GEOID12B,wetland,NA,NA,-28.413999557495117,-28.410802841186523,-28.392858505249023,0.2641,41.554021591692326,-70.50577979033073
Eagle_et_al,NA,SageLotPond,245,2018,NA,NA,0.2631,GEOID12B,wetland,NA,NA,-28.413999557495117,-28.410802841186523,-28.392858505249023,0.2631,41.55402151744454,-70.50577995767826
Eagle_et_al,NA,SageLotPond,246,2018,NA,NA,0.2551,GEOID12B,wetland,NA,NA,-28.413999557495117,-28.410802841186523,-28.392858505249023,0.2551,41.554021536646275,-70.50577986699349
Eagle_et_al,NA,SageLotPond,247,2018,NA,NA,0.2401,GEOID12B,wetland,NA,NA,-28.413999557495117,-28.410802841186523,-28.392858505249023,0.2401,41.55401207504537,-70.50578363072013
Eagle_et_al,NA,SageLotPond,248,2018,NA,NA,0.2431,GEOID12B,wetland,NA,NA,-28.413999557495117,-28.410802841186523,-28.392858505249023,0.2431,41.55401206481646,-70.50578372401135
Eagle_et_al,NA,SageLotPond,249,2018,NA,NA,0.3741,GEOID12B,wetland,NA,NA,-28.413999557495117,-28.410802841186523,-28.392858505249023,0.3741,41.55401134877614,-70.50564446240286
Eagle_et_al,NA,SageLotPond,250,2018,NA,NA,0.3731,GEOID12B,wetland,NA,NA,-28.413999557495117,-28.410802841186523,-28.392858505249023,0.3731,41.55401133021817,-70.50564450394008
Eagle_et_al,NA,SageLotPond,251,2018,NA,NA,0.3751,GEOID12B,wetland,NA,NA,-28.413999557495117,-28.410802841186523,-28.392858505249023,0.3751,41.5540112834857,-70.50564463355568
Eagle_et_al,NA,SageLotPond,252,2018,NA,NA,0.4081,GEOID12B,wetland,NA,NA,-28.413999557495117,-28.410802841186523,-28.392858505249023,0.4081,41.55402059608486,-70.5056412428631
Eagle_et_al,NA,SageLotPond,253,2018,NA,NA,0.3241,GEOID12B,wetland,NA,NA,-28.413999557495117,-28.410802841186523,-28.392858505249023,0.3241,41.55402370674949,-70.50565268599397
Eagle_et_al,NA,SageLotPond,254,2018,NA,NA,0.3281,GEOID12B,wetland,NA,NA,-28.413999557495117,-28.410802841186523,-28.392858505249023,0.3281,41.55402386870045,-70.50565269934575
Eagle_et_al,NA,SageLotPond,255,2018,NA,NA,0.3341,GEOID12B,wetland,NA,NA,-28.413999557495117,-28.410802841186523,-28.392858505249023,0.3341,41.55402381440805,-70.50565271847
Eagle_et_al,NA,SageLotPond,256,2018,NA,NA,0.3021,GEOID12B,wetland,NA,NA,-28.413999557495117,-28.410802841186523,-28.392858505249023,0.3021,41.55401488203817,-70.50565802453255
Eagle_et_al,NA,SageLotPond,257,2018,NA,NA,0.3061,GEOID12B,wetland,NA,NA,-28.413999557495117,-28.410802841186523,-28.392858505249023,0.3061,41.55401485607726,-70.50565794359125
Eagle_et_al,NA,SageLotPond,258,2018,NA,NA,0.5211,GEOID12B,wetland,NA,NA,-28.413999557495117,-28.410802841186523,-28.392858505249023,0.5211,41.553960856569184,-70.505539847803135
Eagle_et_al,NA,SageLotPond,259,2018,NA,NA,0.5201,GEOID12B,wetland,NA,NA,-28.413999557495117,-28.410802841186523,-28.392858505249023,0.5201,41.55396090930747,-70.50553994735209
Eagle_et_al,NA,SageLotPond,260,2018,NA,NA,0.5191,GEOID12B,wetland,NA,NA,-28.413999557495117,-28.410802841186523,-28.392858505249023,0.5191,41.55397012681584,-70.5055376276206
Eagle_et_al,NA,SageLotPond,261,2018,NA,NA,0.5181,GEOID12B,wetland,NA,NA,-28.413999557495117,-28.410802841186523,-28.392858505249023,0.5181,41.55397026349654,-70.50553750728717
Eagle_et_al,NA,SageLotPond,262,2018,NA,NA,0.5191,GEOID12B,wetland,NA,NA,-28.413999557495117,-28.410802841186523,-28.392858505249023,0.5191,41.553972603246635,-70.50555004526203
Eagle_et_al,NA,SageLotPond,263,2018,NA,NA,0.5211,GEOID12B,wetland,NA,NA,-28.413999557495117,-28.410802841186523,-28.392858505249023,0.5211,41.55397263063614,-70.50555001711969
Eagle_et_al,NA,SageLotPond,264,2018,NA,NA,0.5211,GEOID12B,wetland,NA,NA,-28.413999557495117,-28.410802841186523,-28.392858505249023,0.5211,41.55397254125293,-70.50554996468358
Eagle_et_al,NA,SageLotPond,265,2018,NA,NA,0.5321,GEOID12B,wetland,NA,NA,-28.413999557495117,-28.410802841186523,-28.392858505249023,0.5321,41.5539627279972,-70.50555307037558
Eagle_et_al,NA,SageLotPond,266,2018,NA,NA,0.5401,GEOID12B,wetland,NA,NA,-28.413999557495117,-28.410802841186523,-28.392858505249023,0.5401,41.553962745566174,-70.50555310435773
Eagle_et_al,NA,SageLotPond,267,2018,NA,NA,0.5131,GEOID12B,wetland,NA,NA,-28.413999557495117,-28.410802841186523,-28.392858505249023,0.5131,41.55438402741276,-70.50559659359152
Eagle_et_al,NA,SageLotPond,268,2018,NA,NA,0.5061,GEOID12B,wetland,NA,NA,-28.413999557495117,-28.410802841186523,-28.392858505249023,0.5061,41.55438399914411,-70.50559668886275
Eagle_et_al,NA,SageLotPond,269,2018,NA,NA,0.4781,GEOID12B,wetland,NA,NA,-28.413999557495117,-28.410802841186523,-28.392858505249023,0.4781,41.55439357432918,-70.50559594344267
Eagle_et_al,NA,SageLotPond,270,2018,NA,NA,0.4871,GEOID12B,wetland,NA,NA,-28.413999557495117,-28.410802841186523,-28.392858505249023,0.4871,41.554393666428226,-70.50559578849925
Eagle_et_al,NA,SageLotPond,271,2018,NA,NA,0.5111,GEOID12B,wetland,NA,NA,-28.413999557495117,-28.410802841186523,-28.392858505249023,0.5111,41.554394228676735,-70.50560994004857
Eagle_et_al,NA,SageLotPond,272,2018,NA,NA,0.5091,GEOID12B,wetland,NA,NA,-28.413999557495117,-28.410802841186523,-28.392858505249023,0.5091,41.55439413872841,-70.50560993076623
Eagle_et_al,NA,SageLotPond,273,2018,NA,NA,0.5081,GEOID12B,wetland,NA,NA,-28.413999557495117,-28.410802841186523,-28.392858505249023,0.5081,41.55439420194656,-70.50560991784448
Eagle_et_al,NA,SageLotPond,274,2018,NA,NA,0.4891,GEOID12B,wetland,NA,NA,-28.413999557495117,-28.410802841186523,-28.392858505249023,0.4891,41.55438376045172,-70.50560941288595
Eagle_et_al,NA,SageLotPond,275,2018,NA,NA,0.4861,GEOID12B,wetland,NA,NA,-28.413999557495117,-28.410802841186523,-28.392858505249023,0.4861,41.55438378517245,-70.5056095885272
Eagle_et_al,NA,SageLotPond,276,2018,NA,NA,0.3781,GEOID12B,wetland,NA,NA,-28.413999557495117,-28.410802841186523,-28.392858505249023,0.3781,41.55442662236432,-70.50570862546508
Eagle_et_al,NA,SageLotPond,277,2018,NA,NA,0.3531,GEOID12B,wetland,NA,NA,-28.413999557495117,-28.410802841186523,-28.392858505249023,0.3531,41.55443530637778,-70.50570371410967
Eagle_et_al,NA,SageLotPond,278,2018,NA,NA,0.3481,GEOID12B,wetland,NA,NA,-28.413999557495117,-28.410802841186523,-28.392858505249023,0.3481,41.554439873980826,-70.50571532423604
Eagle_et_al,NA,SageLotPond,279,2018,NA,NA,0.3521,GEOID12B,wetland,NA,NA,-28.413999557495117,-28.410802841186523,-28.392858505249023,0.3521,41.554439720186345,-70.50571537582435
Eagle_et_al,NA,SageLotPond,280,2018,NA,NA,0.3461,GEOID12B,wetland,NA,NA,-28.413999557495117,-28.410802841186523,-28.392858505249023,0.3461,41.55443979253435,-70.50571535352186
Eagle_et_al,NA,SageLotPond,281,2018,NA,NA,0.3461,GEOID12B,wetland,NA,NA,-28.413999557495117,-28.410802841186523,-28.392858505249023,0.3461,41.5544397287667,-70.50571540839903
Eagle_et_al,NA,SageLotPond,282,2018,NA,NA,0.3781,GEOID12B,wetland,NA,NA,-28.413999557495117,-28.410802841186523,-28.392858505249023,0.3781,41.554430801104715,-70.50572173022641
Eagle_et_al,NA,SageLotPond,283,2018,NA,NA,0.3891,GEOID12B,wetland,NA,NA,-28.413999557495117,-28.410802841186523,-28.392858505249023,0.3891,41.554430920106796,-70.50572158430123
Eagle_et_al,NA,SageLotPond,284,2018,NA,NA,0.3581,GEOID12B,wetland,NA,NA,-28.413999557495117,-28.410802841186523,-28.392858505249023,0.3581,41.55443096953976,-70.50572124850353
Eagle_et_al,NA,SageLotPond,285,2018,NA,NA,0.2551,GEOID12B,wetland,NA,NA,-28.413999557495117,-28.410802841186523,-28.392858505249023,0.2551,41.554427457228634,-70.50583399563415
Eagle_et_al,NA,SageLotPond,286,2018,NA,NA,0.2591,GEOID12B,wetland,NA,NA,-28.413999557495117,-28.410802841186523,-28.392858505249023,0.2591,41.55442720424602,-70.50583405571142
Eagle_et_al,NA,SageLotPond,287,2018,NA,NA,0.2851,GEOID12B,wetland,NA,NA,-28.413999557495117,-28.410802841186523,-28.392858505249023,0.2851,41.554436203947226,-70.50582911093214
Eagle_et_al,NA,SageLotPond,288,2018,NA,NA,0.2871,GEOID12B,wetland,NA,NA,-28.413999557495117,-28.410802841186523,-28.392858505249023,0.2871,41.5544361773898,-70.50582907554191
Eagle_et_al,NA,SageLotPond,289,2018,NA,NA,0.2861,GEOID12B,wetland,NA,NA,-28.413999557495117,-28.410802841186523,-28.392858505249023,0.2861,41.55444023425733,-70.50584116904619
Eagle_et_al,NA,SageLotPond,290,2018,NA,NA,0.2881,GEOID12B,wetland,NA,NA,-28.413999557495117,-28.410802841186523,-28.392858505249023,0.2881,41.554440180828465,-70.50584112224033
Eagle_et_al,NA,SageLotPond,291,2018,NA,NA,0.2751,GEOID12B,wetland,NA,NA,-28.413999557495117,-28.410802841186523,-28.392858505249023,0.2751,41.55443130362209,-70.50584634205603
Eagle_et_al,NA,SageLotPond,292,2018,NA,NA,0.2791,GEOID12B,wetland,NA,NA,-28.413999557495117,-28.410802841186523,-28.392858505249023,0.2791,41.55443124030971,-70.50584636216995
Eagle_et_al,NA,SageLotPond,293,2018,NA,NA,0.2501,GEOID12B,wetland,NA,NA,-28.413999557495117,-28.410802841186523,-28.392858505249023,0.2501,41.5544808650174,-70.50593879402658
Eagle_et_al,NA,SageLotPond,294,2018,NA,NA,0.2501,GEOID12B,wetland,NA,NA,-28.413999557495117,-28.410802841186523,-28.392858505249023,0.2501,41.554480854552835,-70.50593890529937
Eagle_et_al,NA,SageLotPond,295,2018,NA,NA,0.2541,GEOID12B,wetland,NA,NA,-28.413999557495117,-28.410802841186523,-28.392858505249023,0.2541,41.554489576694714,-70.5059352095386
Eagle_et_al,NA,SageLotPond,296,2018,NA,NA,0.3915,GEOID12B,wetland,NA,NA,-28.413999557495117,-28.410802841186523,-28.392858505249023,0.3915,41.55754885147722,-70.50447471516281
Eagle_et_al,NA,SageLotPond,297,2018,NA,NA,0.3345,GEOID12B,wetland,NA,NA,-28.413999557495117,-28.410802841186523,-28.392858505249023,0.3345,41.557527984708464,-70.5044235982058
Eagle_et_al,NA,SageLotPond,298,2018,NA,NA,0.3774,GEOID12B,wetland,NA,NA,-28.413999557495117,-28.410802841186523,-28.392858505249023,0.3774,41.55751082303098,-70.50437815286084
Eagle_et_al,NA,SageLotPond,299,2018,NA,NA,0.3976,GEOID12B,wetland,NA,NA,-28.413999557495117,-28.410802841186523,-28.392858505249023,0.3976,41.557466225910986,-70.50440829513649
Eagle_et_al,NA,SageLotPond,300,2018,NA,NA,0.3776,GEOID12B,wetland,NA,NA,-28.413999557495117,-28.410802841186523,-28.392858505249023,0.3776,41.557490949953426,-70.50448263910732
Eagle_et_al,NA,SageLotPond,301,2018,NA,NA,0.3717,GEOID12B,wetland,NA,NA,-28.413999557495117,-28.410802841186523,-28.392858505249023,0.3717,41.557513791003686,-70.50453719904351
Eagle_et_al,NA,SageLotPond,302,2018,NA,NA,0.3819,GEOID12B,wetland,NA,NA,-28.413999557495117,-28.410802841186523,-28.392858505249023,0.3819,41.5574563998032,-70.5045969739851
Eagle_et_al,NA,SageLotPond,303,2018,NA,NA,0.4059,GEOID12B,wetland,NA,NA,-28.413999557495117,-28.410802841186523,-28.392858505249023,0.4059,41.557425176947795,-70.50455452170951
Eagle_et_al,NA,SageLotPond,304,2018,NA,NA,0.3398,GEOID12B,wetland,NA,NA,-28.413999557495117,-28.410802841186523,-28.392858505249023,0.3398,41.55740193100499,-70.50451032268404
Eagle_et_al,NA,SageLotPond,305,2018,NA,NA,0.3548,GEOID12B,wetland,NA,NA,-28.413999557495117,-28.410802841186523,-28.392858505249023,0.3548,41.557238396746605,-70.5048883155011
Eagle_et_al,NA,SageLotPond,306,2018,NA,NA,0.3777,GEOID12B,wetland,NA,NA,-28.413999557495117,-28.410802841186523,-28.392858505249023,0.3777,41.55723928589515,-70.50488004644104
Eagle_et_al,NA,SageLotPond,307,2018,NA,NA,0.3598,GEOID12B,wetland,NA,NA,-28.413999557495117,-28.410802841186523,-28.392858505249023,0.3598,41.557229570921166,-70.50487598976561
Eagle_et_al,NA,SageLotPond,308,2018,NA,NA,0.3478,GEOID12B,wetland,NA,NA,-28.413999557495117,-28.410802841186523,-28.392858505249023,0.3478,41.55721942172505,-70.50488281125105
Eagle_et_al,NA,SageLotPond,309,2018,NA,NA,0.3708,GEOID12B,wetland,NA,NA,-28.413999557495117,-28.410802841186523,-28.392858505249023,0.3708,41.55721327808664,-70.50489326794535
Eagle_et_al,NA,SageLotPond,310,2018,NA,NA,0.3481,GEOID12B,wetland,NA,NA,-28.413999557495117,-28.410802841186523,-28.392858505249023,0.3481,41.55720367543915,-70.50505917581508
Eagle_et_al,NA,SageLotPond,311,2018,NA,NA,0.3581,GEOID12B,wetland,NA,NA,-28.413999557495117,-28.410802841186523,-28.392858505249023,0.3581,41.55721270764921,-70.50505312107418
Eagle_et_al,NA,SageLotPond,312,2018,NA,NA,0.3521,GEOID12B,wetland,NA,NA,-28.413999557495117,-28.410802841186523,-28.392858505249023,0.3521,41.557212003528775,-70.50503652296362
Eagle_et_al,NA,SageLotPond,313,2018,NA,NA,0.3601,GEOID12B,wetland,NA,NA,-28.413999557495117,-28.410802841186523,-28.392858505249023,0.3601,41.5572037779284,-70.50502884943172
Eagle_et_al,NA,SageLotPond,314,2018,NA,NA,0.3381,GEOID12B,wetland,NA,NA,-28.413999557495117,-28.410802841186523,-28.392858505249023,0.3381,41.55718910935482,-70.50503784679329
Eagle_et_al,NA,SageLotPond,315,2018,NA,NA,0.3361,GEOID12B,wetland,NA,NA,-28.413999557495117,-28.410802841186523,-28.392858505249023,0.3361,41.55717892306972,-70.50505417420223
Eagle_et_al,NA,SageLotPond,316,2018,NA,NA,0.2962,GEOID12B,wetland,NA,NA,-28.413999557495117,-28.410802841186523,-28.392858505249023,0.2962,41.55708493046116,-70.50496777497834
Eagle_et_al,NA,SageLotPond,317,2018,NA,NA,0.3392,GEOID12B,wetland,NA,NA,-28.413999557495117,-28.410802841186523,-28.392858505249023,0.3392,41.55708178475731,-70.50498067670634
Eagle_et_al,NA,SageLotPond,318,2018,NA,NA,0.3302,GEOID12B,wetland,NA,NA,-28.413999557495117,-28.410802841186523,-28.392858505249023,0.3302,41.55708965295381,-70.50498923168782
Eagle_et_al,NA,SageLotPond,319,2018,NA,NA,0.3101,GEOID12B,wetland,NA,NA,-28.413999557495117,-28.410802841186523,-28.392858505249023,0.3101,41.557099157893084,-70.5049783709608
Eagle_et_al,NA,SageLotPond,320,2018,NA,NA,0.3471,GEOID12B,wetland,NA,NA,-28.413999557495117,-28.410802841186523,-28.392858505249023,0.3471,41.55709964036085,-70.50496195030554
Eagle_et_al,NA,SageLotPond,321,2018,NA,NA,0.283,GEOID12B,wetland,NA,NA,-28.413999557495117,-28.410802841186523,-28.392858505249023,0.283,41.556922584432975,-70.50529267051658
Eagle_et_al,NA,SageLotPond,322,2018,NA,NA,0.299,GEOID12B,wetland,NA,NA,-28.413999557495117,-28.410802841186523,-28.392858505249023,0.299,41.55691249419666,-70.50528948406044
Eagle_et_al,NA,SageLotPond,323,2018,NA,NA,0.3,GEOID12B,wetland,NA,NA,-28.413999557495117,-28.410802841186523,-28.392858505249023,0.3,41.55692125691455,-70.50528069268333
Eagle_et_al,NA,SageLotPond,324,2018,NA,NA,0.318,GEOID12B,wetland,NA,NA,-28.413999557495117,-28.410802841186523,-28.392858505249023,0.318,41.55691437835345,-70.50527140040255
Eagle_et_al,NA,SageLotPond,325,2018,NA,NA,0.3119,GEOID12B,wetland,NA,NA,-28.413999557495117,-28.410802841186523,-28.392858505249023,0.3119,41.55692605510588,-70.5052687790707
Eagle_et_al,NA,SageLotPond,326,2018,NA,NA,0.2593,GEOID12B,wetland,NA,NA,-28.413999557495117,-28.410802841186523,-28.392858505249023,0.2593,41.55678046977198,-70.5053624692775
Eagle_et_al,NA,SageLotPond,327,2018,NA,NA,0.2704,GEOID12B,wetland,NA,NA,-28.413999557495117,-28.410802841186523,-28.392858505249023,0.2704,41.55677593774478,-70.5053686379754
Eagle_et_al,NA,SageLotPond,328,2018,NA,NA,0.2614,GEOID12B,wetland,NA,NA,-28.413999557495117,-28.410802841186523,-28.392858505249023,0.2614,41.55678219078416,-70.50537768789223
Eagle_et_al,NA,SageLotPond,329,2018,NA,NA,0.2734,GEOID12B,wetland,NA,NA,-28.413999557495117,-28.410802841186523,-28.392858505249023,0.2734,41.55679157220611,-70.50537853277763
Eagle_et_al,NA,SageLotPond,330,2018,NA,NA,0.2793,GEOID12B,wetland,NA,NA,-28.413999557495117,-28.410802841186523,-28.392858505249023,0.2793,41.55679359950424,-70.50536623351698
Eagle_et_al,NA,SageLotPond,331,2018,NA,NA,0.2621,GEOID12B,wetland,NA,NA,-28.413999557495117,-28.410802841186523,-28.392858505249023,0.2621,41.55677644933586,-70.50520602055371
Eagle_et_al,NA,SageLotPond,332,2018,NA,NA,0.2311,GEOID12B,wetland,NA,NA,-28.413999557495117,-28.410802841186523,-28.392858505249023,0.2311,41.556768426642364,-70.50521029875824
Eagle_et_al,NA,SageLotPond,333,2018,NA,NA,0.2421,GEOID12B,wetland,NA,NA,-28.413999557495117,-28.410802841186523,-28.392858505249023,0.2421,41.55676579514605,-70.50522148558863
Eagle_et_al,NA,SageLotPond,334,2018,NA,NA,0.2621,GEOID12B,wetland,NA,NA,-28.413999557495117,-28.410802841186523,-28.392858505249023,0.2621,41.55677483826192,-70.50522904495938
Eagle_et_al,NA,SageLotPond,335,2018,NA,NA,0.2601,GEOID12B,wetland,NA,NA,-28.413999557495117,-28.410802841186523,-28.392858505249023,0.2601,41.556783130409755,-70.50522035299225
Eagle_et_al,NA,SageLotPond,336,2018,NA,NA,0.1219,GEOID12B,wetland,NA,NA,-28.413999557495117,-28.410802841186523,-28.392858505249023,0.1219,41.55534567090423,-70.50657600466897
Eagle_et_al,NA,SageLotPond,337,2018,NA,NA,0.1299,GEOID12B,wetland,NA,NA,-28.413999557495117,-28.410802841186523,-28.392858505249023,0.1299,41.55534802838536,-70.50658896784485
Eagle_et_al,NA,SageLotPond,338,2018,NA,NA,0.1249,GEOID12B,wetland,NA,NA,-28.413999557495117,-28.410802841186523,-28.392858505249023,0.1249,41.55535581079034,-70.50658832121977
Eagle_et_al,NA,SageLotPond,339,2018,NA,NA,0.1228,GEOID12B,wetland,NA,NA,-28.413999557495117,-28.410802841186523,-28.392858505249023,0.1228,41.5553644115934,-70.50657546627534
Eagle_et_al,NA,SageLotPond,340,2018,NA,NA,0.1198,GEOID12B,wetland,NA,NA,-28.413999557495117,-28.410802841186523,-28.392858505249023,0.1198,41.55535738831017,-70.50655887413897
Eagle_et_al,NA,SageLotPond,341,2018,NA,NA,0.1168,GEOID12B,wetland,NA,NA,-28.413999557495117,-28.410802841186523,-28.392858505249023,0.1168,41.55545786962108,-70.50664985232413
Eagle_et_al,NA,SageLotPond,342,2018,NA,NA,0.1118,GEOID12B,wetland,NA,NA,-28.413999557495117,-28.410802841186523,-28.392858505249023,0.1118,41.55546360781301,-70.50664354158154
Eagle_et_al,NA,SageLotPond,343,2018,NA,NA,0.1118,GEOID12B,wetland,NA,NA,-28.413999557495117,-28.410802841186523,-28.392858505249023,0.1118,41.5554596022688,-70.50663434248436
Eagle_et_al,NA,SageLotPond,344,2018,NA,NA,0.1188,GEOID12B,wetland,NA,NA,-28.413999557495117,-28.410802841186523,-28.392858505249023,0.1188,41.555451356997445,-70.50663127069917
Eagle_et_al,NA,SageLotPond,345,2018,NA,NA,0.0998,GEOID12B,wetland,NA,NA,-28.413999557495117,-28.410802841186523,-28.392858505249023,0.0998,41.5554665970084,-70.50665373032199
Eagle_et_al,NA,SageLotPond,346,2018,NA,NA,0.1105,GEOID12B,wetland,NA,NA,-28.413999557495117,-28.410802841186523,-28.392858505249023,0.1105,41.55546666944133,-70.50647788699338
Eagle_et_al,NA,SageLotPond,347,2018,NA,NA,0.1045,GEOID12B,wetland,NA,NA,-28.413999557495117,-28.410802841186523,-28.392858505249023,0.1045,41.55546286032966,-70.50647012420801
Eagle_et_al,NA,SageLotPond,348,2018,NA,NA,0.1205,GEOID12B,wetland,NA,NA,-28.413999557495117,-28.410802841186523,-28.392858505249023,0.1205,41.55547059854246,-70.50647257504774
Eagle_et_al,NA,SageLotPond,349,2018,NA,NA,0.1075,GEOID12B,wetland,NA,NA,-28.413999557495117,-28.410802841186523,-28.392858505249023,0.1075,41.55547536981349,-70.50647908432505
Eagle_et_al,NA,SageLotPond,350,2018,NA,NA,0.1205,GEOID12B,wetland,NA,NA,-28.413999557495117,-28.410802841186523,-28.392858505249023,0.1205,41.555476007463135,-70.50648987915514
Eagle_et_al,NA,SageLotPond,351,2018,NA,NA,0.1525,GEOID12B,wetland,NA,NA,-28.413999557495117,-28.410802841186523,-28.392858505249023,0.1525,41.55519135813684,-70.50681631050664
Eagle_et_al,NA,SageLotPond,352,2018,NA,NA,0.1506,GEOID12B,wetland,NA,NA,-28.413999557495117,-28.410802841186523,-28.392858505249023,0.1506,41.55519644017221,-70.5068245345283
Eagle_et_al,NA,SageLotPond,353,2018,NA,NA,0.1495,GEOID12B,wetland,NA,NA,-28.413999557495117,-28.410802841186523,-28.392858505249023,0.1495,41.55520516306209,-70.50681810370243
Eagle_et_al,NA,SageLotPond,354,2018,NA,NA,0.1705,GEOID12B,wetland,NA,NA,-28.413999557495117,-28.410802841186523,-28.392858505249023,0.1705,41.55520378022576,-70.50680733477158
Eagle_et_al,NA,SageLotPond,355,2018,NA,NA,0.1705,GEOID12B,wetland,NA,NA,-28.413999557495117,-28.410802841186523,-28.392858505249023,0.1705,41.555198004791364,-70.506797656913065
Eagle_et_al,NA,SageLotPond,356,2018,NA,NA,0.202,GEOID12B,wetland,NA,NA,-28.413999557495117,-28.410802841186523,-28.392858505249023,0.202,41.55503686854767,-70.50689945409917
Eagle_et_al,NA,SageLotPond,357,2018,NA,NA,0.1899,GEOID12B,wetland,NA,NA,-28.413999557495117,-28.410802841186523,-28.392858505249023,0.1899,41.555042986667075,-70.50689941037051
Eagle_et_al,NA,SageLotPond,358,2018,NA,NA,0.1899,GEOID12B,wetland,NA,NA,-28.413999557495117,-28.410802841186523,-28.392858505249023,0.1899,41.5550388631953,-70.50688965818964
Eagle_et_al,NA,SageLotPond,359,2018,NA,NA,0.1949,GEOID12B,wetland,NA,NA,-28.413999557495117,-28.410802841186523,-28.392858505249023,0.1949,41.55502982102004,-70.50688966276826
Eagle_et_al,NA,SageLotPond,360,2018,NA,NA,0.204,GEOID12B,wetland,NA,NA,-28.413999557495117,-28.410802841186523,-28.392858505249023,0.204,41.555023367262216,-70.50689820274616
Eagle_et_al,NA,SageLotPond,361,2018,NA,NA,0.1649,GEOID12B,wetland,NA,NA,-28.413999557495117,-28.410802841186523,-28.392858505249023,0.1649,41.55518169417214,-70.50699527455437
Eagle_et_al,NA,SageLotPond,362,2018,NA,NA,0.1648,GEOID12B,wetland,NA,NA,-28.413999557495117,-28.410802841186523,-28.392858505249023,0.1648,41.55518943000677,-70.50698959184662
Eagle_et_al,NA,SageLotPond,363,2018,NA,NA,0.1588,GEOID12B,wetland,NA,NA,-28.413999557495117,-28.410802841186523,-28.392858505249023,0.1588,41.55518642815075,-70.50697638588743
Eagle_et_al,NA,SageLotPond,364,2018,NA,NA,0.1518,GEOID12B,wetland,NA,NA,-28.413999557495117,-28.410802841186523,-28.392858505249023,0.1518,41.555177680288814,-70.5069718718618
Eagle_et_al,NA,SageLotPond,365,2018,NA,NA,0.1579,GEOID12B,wetland,NA,NA,-28.413999557495117,-28.410802841186523,-28.392858505249023,0.1579,41.55516795728947,-70.50698080115039
Eagle_et_al,NA,SageLotPond,366,2018,NA,NA,0.2404,GEOID12B,wetland,NA,NA,-28.413999557495117,-28.410802841186523,-28.392858505249023,0.2404,41.554599072587955,-70.50611777792106
Eagle_et_al,NA,SageLotPond,367,2018,NA,NA,0.2374,GEOID12B,wetland,NA,NA,-28.413999557495117,-28.410802841186523,-28.392858505249023,0.2374,41.55460020665203,-70.50612499043656
Eagle_et_al,NA,SageLotPond,368,2018,NA,NA,0.2454,GEOID12B,wetland,NA,NA,-28.413999557495117,-28.410802841186523,-28.392858505249023,0.2454,41.55460896237974,-70.5061255378774
Eagle_et_al,NA,SageLotPond,369,2018,NA,NA,0.2533,GEOID12B,wetland,NA,NA,-28.413999557495117,-28.410802841186523,-28.392858505249023,0.2533,41.55460984153613,-70.50611260685037
Eagle_et_al,NA,SageLotPond,370,2018,NA,NA,0.2681,GEOID12B,wetland,NA,NA,-28.413999557495117,-28.410802841186523,-28.392858505249023,0.2681,41.554696113390506,-70.50605112494908
Eagle_et_al,NA,SageLotPond,371,2018,NA,NA,0.2971,GEOID12B,wetland,NA,NA,-28.413999557495117,-28.410802841186523,-28.392858505249023,0.2971,41.55470296817065,-70.50604442046595
Eagle_et_al,NA,SageLotPond,372,2018,NA,NA,0.3031,GEOID12B,wetland,NA,NA,-28.413999557495117,-28.410802841186523,-28.392858505249023,0.3031,41.55469661172315,-70.50603171712703
Eagle_et_al,NA,SageLotPond,373,2018,NA,NA,0.2741,GEOID12B,wetland,NA,NA,-28.413999557495117,-28.410802841186523,-28.392858505249023,0.2741,41.554685841908395,-70.50603991112315
Eagle_et_al,NA,SageLotPond,374,2018,NA,NA,0.2621,GEOID12B,wetland,NA,NA,-28.413999557495117,-28.410802841186523,-28.392858505249023,0.2621,41.554686793224455,-70.50605282351239
Eagle_et_al,NA,SageLotPond,375,2018,NA,NA,0.2364,GEOID12B,wetland,NA,NA,-28.413999557495117,-28.410802841186523,-28.392858505249023,0.2364,41.55467006689121,-70.5062035538225
Eagle_et_al,NA,SageLotPond,376,2018,NA,NA,0.2524,GEOID12B,wetland,NA,NA,-28.413999557495117,-28.410802841186523,-28.392858505249023,0.2524,41.55467756212817,-70.50619883914358
Eagle_et_al,NA,SageLotPond,377,2018,NA,NA,0.2454,GEOID12B,wetland,NA,NA,-28.413999557495117,-28.410802841186523,-28.392858505249023,0.2454,41.554674502625076,-70.50618865131457
Eagle_et_al,NA,SageLotPond,378,2018,NA,NA,0.2364,GEOID12B,wetland,NA,NA,-28.413999557495117,-28.410802841186523,-28.392858505249023,0.2364,41.55466450059979,-70.5061876708294
Eagle_et_al,NA,SageLotPond,379,2018,NA,NA,0.2434,GEOID12B,wetland,NA,NA,-28.413999557495117,-28.410802841186523,-28.392858505249023,0.2434,41.55466452850291,-70.5062040343606
Mariotti_et_al_2024,NA,1,1-Edge-1,2022,2,11,0.2733,GEOID18,wetland,Panicum repens,NA,-25.2052001953125,-25.125577926635742,-25.165727615356445,0.3529222686767568,29.670282203611112,-90.14651042777778
Mariotti_et_al_2024,NA,1,1-Edge-2,2022,2,11,0.2899,GEOID18,wetland,Panicum repens,NA,-25.2052001953125,-25.125577926635742,-25.165727615356445,0.3695222686767572,29.670273059722224,-90.14651365055556
Mariotti_et_al_2024,NA,1,1-Edge-3,2022,2,11,0.2754,GEOID18,wetland,Panicum repens,NA,-25.2052001953125,-25.125577926635742,-25.165727615356445,0.355022268676759,29.670278935555558,-90.14651906194445
Mariotti_et_al_2024,NA,1,1-Interior-1,2022,2,11,0.313,GEOID18,wetland,Panicum repens,NA,-25.2052001953125,-25.125577926635742,-25.165727615356445,0.39262226867675665,29.670123396944447,-90.14638298527778
Mariotti_et_al_2024,NA,1,1-Interior-2,2022,2,11,0.3312,GEOID18,wetland,Panicum repens,NA,-25.2052001953125,-25.125577926635742,-25.165727615356445,0.41082226867675686,29.6701201575,-90.14638977583334
Mariotti_et_al_2024,NA,1,1-Interior-3,2022,2,11,0.3354,GEOID18,wetland,Panicum repens,NA,-25.2052001953125,-25.125577926635742,-25.165727615356445,0.41502226867675773,29.67011317777778,-90.14638487416667
Mariotti_et_al_2024,NA,2,2-Edge-1,2022,2,11,0.0185,GEOID18,wetland,Panicum repens,NA,-25.2101993560791,-25.13374137878418,-25.176210403442383,0.09495797729492139,29.662637750833333,-90.1700080825
Mariotti_et_al_2024,NA,2,2-Edge-2,2022,2,11,0.007,GEOID18,wetland,Panicum repens,NA,-25.2101993560791,-25.13374137878418,-25.176210403442383,0.08345797729492332,29.662634260277777,-90.16999981666667
Mariotti_et_al_2024,NA,2,2-Edge-3,2022,2,11,0.0609,GEOID18,wetland,Panicum repens,NA,-25.2101993560791,-25.13374137878418,-25.176210403442383,0.13735797729492205,29.662640058055555,-90.16999701222223
Mariotti_et_al_2024,NA,2,2-Interior-1,2022,2,11,0.3573,GEOID18,wetland,Panicum repens,NA,-25.2101993560791,-25.13374137878418,-25.176210403442383,0.4337579772949205,29.662642602777776,-90.17020559611112
Mariotti_et_al_2024,NA,2,2-Interior-2,2022,2,11,0.3837,GEOID18,wetland,Panicum repens,NA,-25.2101993560791,-25.13374137878418,-25.176210403442383,0.4601579772949229,29.66264462472222,-90.17019881361112
Mariotti_et_al_2024,NA,2,2-Interior-3,2022,2,11,0.3981,GEOID18,wetland,Panicum repens,NA,-25.2101993560791,-25.13374137878418,-25.176210403442383,0.47455797729492133,29.66263851472222,-90.1701962825
Mariotti_et_al_2024,NA,3,3-Edge-1,2022,2,18,0.127,GEOID18,wetland,Panicum repens,NA,-24.826799392700195,-24.74661636352539,-24.778425216674805,0.20718302917480358,29.54527536027778,-90.05933313138888
Mariotti_et_al_2024,NA,3,3-Edge-2,2022,2,18,0.0605,GEOID18,wetland,Panicum repens,NA,-24.826799392700195,-24.74661636352539,-24.778425216674805,0.1406830291748058,29.545267887500003,-90.05934129472222
Mariotti_et_al_2024,NA,3,3-Edge-3,2022,2,18,0.0817,GEOID18,wetland,Panicum repens,NA,-24.826799392700195,-24.74661636352539,-24.778425216674805,0.16188302917480613,29.545274449444445,-90.05934102694444
Mariotti_et_al_2024,NA,3,3-Interior-1,2022,2,18,0.2443,GEOID18,wetland,Schoenoplectus americanus,NA,-24.826799392700195,-24.74661636352539,-24.778425216674805,0.32448302917480376,29.54547326861111,-90.05929133694444
Mariotti_et_al_2024,NA,3,3-Interior-2,2022,2,18,0.2764,GEOID18,wetland,Schoenoplectus americanus,NA,-24.826799392700195,-24.74661636352539,-24.778425216674805,0.35658302917480356,29.54547975277778,-90.05928932249999
Mariotti_et_al_2024,NA,3,3-Interior-3,2022,2,18,0.2016,GEOID18,wetland,Schoenoplectus americanus,NA,-24.826799392700195,-24.74661636352539,-24.778425216674805,0.2817830291748038,29.54547061638889,-90.05928307111111
Mariotti_et_al_2024,NA,4,4-Edge-1,2022,2,18,0.0105,GEOID18,wetland,Panicum repens,NA,-24.77630043029785,-24.69935417175293,-24.732494354248047,0.08744625854492227,29.531735271666665,-90.07278988472221
Mariotti_et_al_2024,NA,4,4-Edge-2,2022,2,18,0.0385,GEOID18,wetland,Panicum repens,NA,-24.77630043029785,-24.69935417175293,-24.732494354248047,0.11544625854492097,29.531734608055555,-90.07278145555556
Mariotti_et_al_2024,NA,4,4-Edge-3,2022,2,18,0.0701,GEOID18,wetland,Panicum repens,NA,-24.77630043029785,-24.69935417175293,-24.732494354248047,0.14704625854492193,29.5317411025,-90.07278054027778
Mariotti_et_al_2024,NA,4,4-Interior-1,2022,2,18,0.2603,GEOID18,wetland,Schoenoplectus americanus,NA,-24.77630043029785,-24.69935417175293,-24.732494354248047,0.33724625854492274,29.531521023055554,-90.07267685722222
Mariotti_et_al_2024,NA,4,4-Interior-2,2022,2,18,0.2569,GEOID18,wetland,Schoenoplectus americanus,NA,-24.77630043029785,-24.69935417175293,-24.732494354248047,0.33384625854492356,29.53152909861111,-90.07267247555555
Mariotti_et_al_2024,NA,4,4-Interior-3,2022,2,18,0.3414,GEOID18,wetland,Schoenoplectus americanus,NA,-24.77630043029785,-24.69935417175293,-24.732494354248047,0.418346258544922,29.53152197611111,-90.07267041305555
Mariotti_et_al_2024,NA,5,5-Edge-1,2022,2,18,0.2364,GEOID18,wetland,Eleocharis montevidensis,NA,-24.78510093688965,-24.708765029907227,-24.74567222595215,0.3127359069824216,29.52534261,-90.08678117166666
Mariotti_et_al_2024,NA,5,5-Edge-2,2022,2,18,0.1863,GEOID18,wetland,Eleocharis montevidensis,NA,-24.78510093688965,-24.708765029907227,-24.74567222595215,0.2626359069824211,29.525337985,-90.08678693722221
Mariotti_et_al_2024,NA,5,5-Edge-3,2022,2,18,0.2473,GEOID18,wetland,Eleocharis montevidensis,NA,-24.78510093688965,-24.708765029907227,-24.74567222595215,0.32363590698242106,29.525332850833333,-90.08677890999999
Mariotti_et_al_2024,NA,5,5-Interior-1,2022,2,18,0.3349,GEOID18,wetland,Panicum repens,NA,-24.78510093688965,-24.708765029907227,-24.74567222595215,0.41123590698242296,29.52560702472222,-90.08678422861111
Mariotti_et_al_2024,NA,5,5-Interior-2,2022,2,18,0.3492,GEOID18,wetland,Panicum repens,NA,-24.78510093688965,-24.708765029907227,-24.74567222595215,0.4255359069824216,29.52560751722222,-90.08679203861111
Mariotti_et_al_2024,NA,5,5-Interior-3,2022,2,18,0.3267,GEOID18,wetland,Panicum repens,NA,-24.78510093688965,-24.708765029907227,-24.74567222595215,0.40303590698242076,29.52559975861111,-90.08679228055556
Mariotti_et_al_2024,NA,6,6-Edge-1,2022,2,18,0.3808,GEOID18,wetland,Panicum repens,NA,-24.728599548339844,-24.652801513671875,-24.686790466308594,0.45659803466796944,29.51803111583333,-90.07459879944444
Mariotti_et_al_2024,NA,6,6-Edge-2,2022,2,18,0.397,GEOID18,wetland,Panicum repens,NA,-24.728599548339844,-24.652801513671875,-24.686790466308594,0.4727980346679672,29.51803778388889,-90.07459613388889
Mariotti_et_al_2024,NA,6,6-Edge-3,2022,2,18,0.4147,GEOID18,wetland,Panicum repens,NA,-24.728599548339844,-24.652801513671875,-24.686790466308594,0.4904980346679686,29.518032009166667,-90.07460641361111
Mariotti_et_al_2024,NA,7,7-Edge-1,2022,2,18,0.2012,GEOID18,wetland,Schoenoplectus americanus,NA,-24.689899444580078,-24.616220474243164,-24.654727935791016,0.2748789703369141,29.50538407861111,-90.08094600027778
Mariotti_et_al_2024,NA,7,7-Edge-2,2022,2,18,0.2231,GEOID18,wetland,Schoenoplectus americanus,NA,-24.689899444580078,-24.616220474243164,-24.654727935791016,0.2967789703369128,29.50537675888889,-90.08093774333332
Mariotti_et_al_2024,NA,7,7-Edge-3,2022,2,18,0.2707,GEOID18,wetland,Schoenoplectus americanus,NA,-24.689899444580078,-24.616220474243164,-24.654727935791016,0.34437897033691556,29.505383425,-90.08093770694444
Mariotti_et_al_2024,NA,7,7-Interior-1,2022,2,18,0.2499,GEOID18,wetland,Panicum repens,NA,-24.689899444580078,-24.616220474243164,-24.654727935791016,0.3235789703369143,29.505112168333333,-90.0808455761111
Mariotti_et_al_2024,NA,7,7-Interior-2,2022,2,18,0.2397,GEOID18,wetland,Panicum repens,NA,-24.689899444580078,-24.616220474243164,-24.654727935791016,0.3133789703369132,29.50511542611111,-90.08085670944445
Mariotti_et_al_2024,NA,7,7-Interior-3,2022,2,18,0.2596,GEOID18,wetland,Panicum repens,NA,-24.689899444580078,-24.616220474243164,-24.654727935791016,0.333278970336913,29.50510959888889,-90.080854485
Mariotti_et_al_2024,NA,12,12-Edge-1,2022,4,23,0.4172,GEOID18,wetland,Sagittaria lancifolia,NA,-24.933900833129883,-24.87618064880371,-24.92922019958496,0.474920184326173,29.56869768972222,-90.1999689138889
Mariotti_et_al_2024,NA,12,12-Edge-2,2022,4,23,0.4541,GEOID18,wetland,Sagittaria lancifolia,NA,-24.933900833129883,-24.87618064880371,-24.92922019958496,0.5118201843261723,29.568693419444443,-90.19996520666668
Mariotti_et_al_2024,NA,12,12-Edge-3,2022,4,23,0.4812,GEOID18,wetland,Sagittaria lancifolia,NA,-24.933900833129883,-24.87618064880371,-24.92922019958496,0.5389201843261731,29.56869373888889,-90.19997231388889
Mariotti_et_al_2024,NA,12,12-Edge-4,2022,4,23,0.469,GEOID18,wetland,Sagittaria lancifolia,NA,-24.933900833129883,-24.87618064880371,-24.92922019958496,0.5267201843261731,29.568689821944446,-90.19997064694445
Mariotti_et_al_2024,NA,12,12-Edge-5,2022,4,23,0.4718,GEOID18,wetland,Sagittaria lancifolia,NA,-24.933900833129883,-24.87618064880371,-24.92922019958496,0.5295201843261736,29.5686945775,-90.19997286694445
Mariotti_et_al_2024,NA,12,12-Interior-1,2022,4,23,0.5028,GEOID18,wetland,Eleocharis acicularis,NA,-24.933900833129883,-24.87618064880371,-24.92922019958496,0.5605201843261725,29.56879997388889,-90.20012615750001
Mariotti_et_al_2024,NA,12,12-Interior-2,2022,4,23,0.4971,GEOID18,wetland,Eleocharis acicularis,NA,-24.933900833129883,-24.87618064880371,-24.92922019958496,0.5548201843261715,29.56879917722222,-90.20013709027778
Mariotti_et_al_2024,NA,12,12-Interior-3,2022,4,23,0.4571,GEOID18,wetland,Eleocharis acicularis,NA,-24.933900833129883,-24.87618064880371,-24.92922019958496,0.5148201843261724,29.568794854444445,-90.20013209944445
Mariotti_et_al_2024,NA,12,12-Interior-4,2022,4,23,0.4278,GEOID18,wetland,Eleocharis acicularis,NA,-24.933900833129883,-24.87618064880371,-24.92922019958496,0.48552018432617317,29.568804563055554,-90.20013148222222
Mariotti_et_al_2024,NA,16,16-Edge-1,2022,5,15,0.2999,GEOID18,wetland,Eleocharis acicularis,NA,-25.022300720214844,-24.957815170288086,-25.005144119262695,0.36438554992675876,29.603035711666667,-90.18659743583333
Mariotti_et_al_2024,NA,16,16-Edge-2,2022,5,15,0.3733,GEOID18,wetland,Eleocharis acicularis,NA,-25.022300720214844,-24.957815170288086,-25.005144119262695,0.4377855499267582,29.603035444722224,-90.18659160861111
Mariotti_et_al_2024,NA,16,16-Edge-3,2022,5,15,0.2105,GEOID18,wetland,Eleocharis acicularis,NA,-25.022300720214844,-24.957815170288086,-25.005144119262695,0.2749855499267575,29.603041108888892,-90.18659877555555
Mariotti_et_al_2024,NA,16,16-Edge-4,2022,5,15,0.2847,GEOID18,wetland,Eleocharis acicularis,NA,-25.022300720214844,-24.957815170288086,-25.005144119262695,0.34918554992675865,29.603041154444448,-90.18659036444444
Mariotti_et_al_2024,NA,17,17-Edge-1,2022,5,15,0.1749,GEOID18,wetland,Eleocharis acicularis,NA,-25.027999877929688,-24.9671630859375,-25.01645278930664,0.23573679199218844,29.599254883333334,-90.19793571416668
Mariotti_et_al_2024,NA,17,17-Edge-2,2022,5,15,0.2073,GEOID18,wetland,Eleocharis acicularis,NA,-25.027999877929688,-24.9671630859375,-25.01645278930664,0.26813679199218754,29.59924883472222,-90.19793445416667
Mariotti_et_al_2024,NA,17,17-Edge-3,2022,5,15,0.1884,GEOID18,wetland,Eleocharis acicularis,NA,-25.027999877929688,-24.9671630859375,-25.01645278930664,0.24923679199218896,29.59925792611111,-90.19792925083334
Mariotti_et_al_2024,NA,18,18-Edge-1,2022,5,15,0.1796,GEOID18,wetland,Eleocharis acicularis,NA,-25.027999877929688,-24.9671630859375,-25.01645278930664,0.24043679199218815,29.605337474722223,-90.19794187916668
Mariotti_et_al_2024,NA,18,18-Edge-2,2022,5,15,0.235,GEOID18,wetland,Eleocharis acicularis,NA,-25.027999877929688,-24.9671630859375,-25.01645278930664,0.29583679199218693,29.60533451777778,-90.19793628000001
Mariotti_et_al_2024,NA,18,18-Edge-3,2022,5,15,0.1942,GEOID18,wetland,Eleocharis acicularis,NA,-25.027999877929688,-24.9671630859375,-25.01645278930664,0.2550367919921861,29.605340041944444,-90.1979332388889
Mariotti_et_al_2024,NA,18,18-Edge-4,2022,5,15,0.2349,GEOID18,wetland,Eleocharis acicularis,NA,-25.027999877929688,-24.9671630859375,-25.01645278930664,0.29573679199218716,29.60534199916667,-90.19793891361111
Mariotti_et_al_2024,NA,19,19-Edge-1,2022,5,15,0.1846,GEOID18,wetland,Eleocharis acicularis,NA,-24.984399795532227,-24.931711196899414,-24.983776092529297,0.23728859863281215,29.59138429722222,-90.22203870666667
Mariotti_et_al_2024,NA,19,19-Edge-2,2022,5,15,0.2058,GEOID18,wetland,Eleocharis acicularis,NA,-24.984399795532227,-24.931711196899414,-24.983776092529297,0.2584885986328125,29.591392826944443,-90.22204029833334
Mariotti_et_al_2024,NA,19,19-Edge-3,2022,5,15,0.1687,GEOID18,wetland,Eleocharis acicularis,NA,-24.984399795532227,-24.931711196899414,-24.983776092529297,0.22138859863281368,29.591387690555553,-90.22204503694445
Mariotti_et_al_2024,NA,19,19-Edge-4,2022,5,15,0.225,GEOID18,wetland,Eleocharis acicularis,NA,-24.984399795532227,-24.931711196899414,-24.983776092529297,0.2776885986328139,29.591389231944444,-90.22203481888889
Mariotti_et_al_2024,NA,20,20-Edge-1,2022,5,15,0.2214,GEOID18,wetland,Eleocharis acicularis,NA,-24.99020004272461,-24.941497802734375,-24.994667053222656,0.27010223999023353,29.591204635,-90.23301603444445
Mariotti_et_al_2024,NA,20,20-Edge-2,2022,5,15,0.2373,GEOID18,wetland,Eleocharis acicularis,NA,-24.99020004272461,-24.941497802734375,-24.994667053222656,0.28600223999023555,29.591207738888887,-90.23302217166668
Mariotti_et_al_2024,NA,20,20-Edge-3,2022,5,15,0.2205,GEOID18,wetland,Eleocharis acicularis,NA,-24.99020004272461,-24.941497802734375,-24.994667053222656,0.2692022399902356,29.591213219444445,-90.23301859833333
Mariotti_et_al_2024,NA,20,20-Edge-4,2022,5,15,0.2342,GEOID18,wetland,Eleocharis acicularis,NA,-24.99020004272461,-24.941497802734375,-24.994667053222656,0.28290223999023567,29.591209440555556,-90.23301251277778
Mariotti_et_al_2024,NA,21,21-Edge-1,2022,5,15,0.2842,GEOID18,wetland,Alternanthera philoxeroides,NA,-25.031299591064453,-24.976476669311523,-25.026729583740234,0.33902292175292814,29.597656011944444,-90.2221759363889
Mariotti_et_al_2024,NA,21,21-Edge-2,2022,5,15,0.2748,GEOID18,wetland,Alternanthera philoxeroides,NA,-25.031299591064453,-24.976476669311523,-25.026729583740234,0.32962292175292873,29.59765797472222,-90.22218225555555
Mariotti_et_al_2024,NA,21,21-Edge-3,2022,5,15,0.2645,GEOID18,wetland,Alternanthera philoxeroides,NA,-25.031299591064453,-24.976476669311523,-25.026729583740234,0.3193229217529314,29.5976501675,-90.22217788083333
Mariotti_et_al_2024,NA,21,21-Edge-4,2022,5,15,0.3041,GEOID18,wetland,Alternanthera philoxeroides,NA,-25.031299591064453,-24.976476669311523,-25.026729583740234,0.35892292175292795,29.597652514444444,-90.22218476500001
Mariotti_et_al_2024,NA,22,22-Edge-1,2022,5,15,0.2418,GEOID18,wetland,Eleocharis acicularis,NA,-25.036100387573242,-24.985736846923828,-25.037771224975586,0.2921635406494154,29.60557234361111,-90.23236211222222
Mariotti_et_al_2024,NA,22,22-Edge-2,2022,5,15,0.2266,GEOID18,wetland,Eleocharis acicularis,NA,-25.036100387573242,-24.985736846923828,-25.037771224975586,0.2769635406494153,29.60557664027778,-90.23235637555555
Mariotti_et_al_2024,NA,22,22-Edge-3,2022,5,15,0.2381,GEOID18,wetland,Eleocharis acicularis,NA,-25.036100387573242,-24.985736846923828,-25.037771224975586,0.2884635406494134,29.605568019166668,-90.23235745361112
Mariotti_et_al_2024,NA,22,22-Edge-4,2022,5,15,0.2239,GEOID18,wetland,Eleocharis acicularis,NA,-25.036100387573242,-24.985736846923828,-25.037771224975586,0.2742635406494145,29.60557198638889,-90.2323530125
Mariotti_et_al_2024,NA,23,23-Edge-1,2022,5,15,0.2211,GEOID18,wetland,Sagittaria lancifolia,NA,-25.07710075378418,-25.021169662475586,-25.07093620300293,0.2770310913085936,29.608547111944446,-90.22065007944444
Mariotti_et_al_2024,NA,23,23-Edge-2,2022,5,15,0.1977,GEOID18,wetland,Sagittaria lancifolia,NA,-25.07710075378418,-25.021169662475586,-25.07093620300293,0.25363109130859485,29.608544974722225,-90.22065626666667
Mariotti_et_al_2024,NA,23,23-Edge-3,2022,5,15,0.1538,GEOID18,wetland,Sagittaria lancifolia,NA,-25.07710075378418,-25.021169662475586,-25.07093620300293,0.20973109130859413,29.608542404444446,-90.22064859083333
Mariotti_et_al_2024,NA,23,23-Edge-4,2022,5,15,0.2208,GEOID18,wetland,Sagittaria lancifolia,NA,-25.07710075378418,-25.021169662475586,-25.07093620300293,0.2767310913085943,29.608540332222223,-90.2206541488889
Mariotti_et_al_2024,NA,24,24-Edge-1,2022,5,15,0.1323,GEOID18,wetland,Eleocharis acicularis,NA,-25.07710075378418,-25.021169662475586,-25.07093620300293,0.1882310913085945,29.619683505833333,-90.21364235638889
Mariotti_et_al_2024,NA,24,24-Edge-2,2022,5,15,0.1769,GEOID18,wetland,Eleocharis acicularis,NA,-25.07710075378418,-25.021169662475586,-25.07093620300293,0.23283109130859359,29.61968872527778,-90.21364517111111
Mariotti_et_al_2024,NA,24,24-Edge-3,2022,5,15,0.1454,GEOID18,wetland,Eleocharis acicularis,NA,-25.07710075378418,-25.021169662475586,-25.07093620300293,0.2013310913085924,29.619686394722223,-90.21363715527778
Mariotti_et_al_2024,NA,24,24-Edge-4,2022,5,15,0.1556,GEOID18,wetland,Eleocharis acicularis,NA,-25.07710075378418,-25.021169662475586,-25.07093620300293,0.2115310913085935,29.61969126138889,-90.21363940444445
Mariotti_et_al_2024,NA,25,25-Edge-1,2022,5,15,0.1278,GEOID18,wetland,Schoenoplectus americanus,NA,-25.125499725341797,-25.066112518310547,-25.114715576171875,0.18718720703125058,29.62500011277778,-90.21188830277778
Mariotti_et_al_2024,NA,25,25-Edge-2,2022,5,15,0.228,GEOID18,wetland,Schoenoplectus americanus,NA,-25.07710075378418,-25.021169662475586,-25.07093620300293,0.2839310913085953,29.624994870000002,-90.21189352027778
Mariotti_et_al_2024,NA,25,25-Edge-3,2022,5,15,0.1984,GEOID18,wetland,Schoenoplectus americanus,NA,-25.07710075378418,-25.021169662475586,-25.07093620300293,0.2543310913085932,29.624991874722223,-90.21188886444445
Mariotti_et_al_2024,NA,25,25-Edge-4,2022,5,15,0.1305,GEOID18,wetland,Schoenoplectus americanus,NA,-25.07710075378418,-25.021169662475586,-25.07093620300293,0.18643109130859514,29.624996504444447,-90.21188479472222
Mariotti_et_al_2024,NA,26,26-Edge-1,2022,5,15,0.261,GEOID18,wetland,Eleocharis acicularis,NA,-25.118499755859375,-25.049131393432617,-25.094154357910156,0.33036836242675705,29.63265024277778,-90.18739609555556
Mariotti_et_al_2024,NA,26,26-Edge-2,2022,5,15,0.2745,GEOID18,wetland,Eleocharis acicularis,NA,-25.118499755859375,-25.049131393432617,-25.094154357910156,0.34386836242675756,29.632652175,-90.18739038972222
Mariotti_et_al_2024,NA,26,26-Edge-3,2022,5,15,0.2633,GEOID18,wetland,Eleocharis acicularis,NA,-25.118499755859375,-25.049131393432617,-25.094154357910156,0.3326683624267588,29.632656695,-90.18739180111112
Mariotti_et_al_2024,NA,26,26-Edge-4,2022,5,15,0.2759,GEOID18,wetland,Eleocharis acicularis,NA,-25.118499755859375,-25.049131393432617,-25.094154357910156,0.34526836242675785,29.632655818611113,-90.18739755166668
Mariotti_et_al_2024,NA,27,27-Edge-1,2022,6,7,0.3785,GEOID18,wetland,Sagittaria lancifolia,NA,-25.714099884033203,-25.65332794189453,-25.705230712890625,0.4392719421386708,29.832455474166668,-90.2703617213889
Mariotti_et_al_2024,NA,27,27-Edge-2,2022,6,7,0.3814,GEOID18,wetland,Sagittaria lancifolia,NA,-25.714099884033203,-25.65332794189453,-25.705230712890625,0.44217194213867117,29.832448509166667,-90.27036120166666
Mariotti_et_al_2024,NA,27,27-Edge-3,2022,6,7,0.3355,GEOID18,wetland,Sagittaria lancifolia,NA,-25.714099884033203,-25.65332794189453,-25.705230712890625,0.39627194213867156,29.832454556666665,-90.27035518555556
Mariotti_et_al_2024,NA,27,27-Edge-4,2022,6,7,0.3831,GEOID18,wetland,Sagittaria lancifolia,NA,-25.714099884033203,-25.65332794189453,-25.705230712890625,0.44387194213867076,29.832448840277777,-90.27035583416666
Mariotti_et_al_2024,NA,27,27-Interior-1,2022,6,7,0.541,GEOID18,wetland,Panicum repens,NA,-25.714099884033203,-25.65332794189453,-25.705230712890625,0.6017719421386722,29.83233568472222,-90.27038899916667
Mariotti_et_al_2024,NA,27,27-Interior-2,2022,6,7,0.5063,GEOID18,wetland,Panicum repens,NA,-25.714099884033203,-25.65332794189453,-25.705230712890625,0.5670719421386714,29.83234217,-90.27038283305555
Mariotti_et_al_2024,NA,27,27-Interior-3,2022,6,7,0.4762,GEOID18,wetland,Panicum repens,NA,-25.714099884033203,-25.65332794189453,-25.705230712890625,0.5369719421386705,29.832336575555555,-90.27038310222223
Mariotti_et_al_2024,NA,27,27-Interior-4,2022,6,7,0.522,GEOID18,wetland,Panicum repens,NA,-25.714099884033203,-25.65332794189453,-25.705230712890625,0.5827719421386703,29.832340707222222,-90.270389585
Mariotti_et_al_2024,NA,28,28-Edge-1,2022,6,7,0.3298,GEOID18,wetland,Eleocharis acicularis,NA,-25.714099884033203,-25.65332794189453,-25.705230712890625,0.39057194213867064,29.82962068333333,-90.26291456833333
Mariotti_et_al_2024,NA,28,28-Edge-2,2022,6,7,0.3824,GEOID18,wetland,Eleocharis acicularis,NA,-25.714099884033203,-25.65332794189453,-25.705230712890625,0.4431719421386724,29.8296153675,-90.26291727
Mariotti_et_al_2024,NA,28,28-Edge-3,2022,6,7,0.3618,GEOID18,wetland,Eleocharis acicularis,NA,-25.714099884033203,-25.65332794189453,-25.705230712890625,0.42257194213867066,29.829622899166665,-90.26291986416666
Mariotti_et_al_2024,NA,28,28-Edge-4,2022,6,7,0.3517,GEOID18,wetland,Eleocharis acicularis,NA,-25.714099884033203,-25.65332794189453,-25.705230712890625,0.4124719421386729,29.829617959166665,-90.26292190333334
Mariotti_et_al_2024,NA,28,28-Interior-1,2022,6,7,0.3696,GEOID18,wetland,Sagittaria lancifolia,NA,-25.714099884033203,-25.65332794189453,-25.705230712890625,0.43037194213867025,29.82949510888889,-90.26290398361111
Mariotti_et_al_2024,NA,28,28-Interior-2,2022,6,7,0.3921,GEOID18,wetland,Sagittaria lancifolia,NA,-25.714099884033203,-25.65332794189453,-25.705230712890625,0.4528719421386711,29.829493289722222,-90.26290991277777
Mariotti_et_al_2024,NA,28,28-Interior-3,2022,6,7,0.358,GEOID18,wetland,Sagittaria lancifolia,NA,-25.714099884033203,-25.65332794189453,-25.705230712890625,0.4187719421386724,29.829496925555556,-90.26291033333334
Mariotti_et_al_2024,NA,28,28-Interior-4,2022,6,7,0.3275,GEOID18,wetland,Sagittaria lancifolia,NA,-25.714099884033203,-25.65332794189453,-25.705230712890625,0.38827194213867244,29.8294978075,-90.26290585416666
Mariotti_et_al_2024,NA,30,30-Edge-1,2022,6,7,0.431,GEOID18,wetland,Panicum repens,NA,-25.667800903320312,-25.605440139770508,-25.656965255737305,0.4933607635498056,29.8226163975,-90.25172182388889
Mariotti_et_al_2024,NA,30,30-Edge-2,2022,6,7,0.5141,GEOID18,wetland,Panicum repens,NA,-25.667800903320312,-25.605440139770508,-25.656965255737305,0.5764607635498038,29.822621179166667,-90.25172210972222
Mariotti_et_al_2024,NA,30,30-Edge-3,2022,6,7,0.424,GEOID18,wetland,Panicum repens,NA,-25.667800903320312,-25.605440139770508,-25.656965255737305,0.4863607635498042,29.82262143111111,-90.25172740472222
Mariotti_et_al_2024,NA,30,30-Edge-4,2022,6,7,0.4215,GEOID18,wetland,Panicum repens,NA,-25.667800903320312,-25.605440139770508,-25.656965255737305,0.48386076354980645,29.82261608472222,-90.25172776888888
Mariotti_et_al_2024,NA,30,30-Interior-1,2022,6,7,0.2874,GEOID18,wetland,Panicum repens,NA,-25.667800903320312,-25.605440139770508,-25.656965255737305,0.34976076354980634,29.822499988055554,-90.25170048472222
Mariotti_et_al_2024,NA,30,30-Interior-2,2022,6,7,0.3019,GEOID18,wetland,Panicum repens,NA,-25.667800903320312,-25.605440139770508,-25.656965255737305,0.3642607635498045,29.822502122777777,-90.25170097277778
Mariotti_et_al_2024,NA,30,30-Interior-3,2022,6,7,0.3313,GEOID18,wetland,Panicum repens,NA,-25.667800903320312,-25.605440139770508,-25.656965255737305,0.3936607635498035,29.82250322611111,-90.25169354861112
Mariotti_et_al_2024,NA,30,30-Interior-4,2022,6,7,0.3728,GEOID18,wetland,Panicum repens,NA,-25.667800903320312,-25.605440139770508,-25.656965255737305,0.43516076354980626,29.822499314999998,-90.25169465861111
Mariotti_et_al_2024,NA,45,45-Edge-1,2022,10,1,0.3012,GEOID18,wetland,Spartina alterniflora,NA,-24.062999725341797,-24.08311653137207,-24.174415588378906,0.28108319396972803,29.395316413333333,-89.62293590666665
Mariotti_et_al_2024,NA,45,45-Edge-2,2022,10,1,0.2822,GEOID18,wetland,Spartina alterniflora,NA,-24.062999725341797,-24.08311653137207,-24.174415588378906,0.2620831939697261,29.39531825527778,-89.62292773277777
Mariotti_et_al_2024,NA,45,45-Edge-3,2022,10,1,0.2931,GEOID18,wetland,Spartina alterniflora,NA,-24.062999725341797,-24.08311653137207,-24.174415588378906,0.2729831939697256,29.395311165833334,-89.62292583472221
Mariotti_et_al_2024,NA,45,45-Edge-4,2022,10,1,0.3123,GEOID18,wetland,Spartina alterniflora,NA,-24.062999725341797,-24.08311653137207,-24.174415588378906,0.29218319396972703,29.395308438333334,-89.62293492416666
Mariotti_et_al_2024,NA,45,45-Edge-5,2022,10,1,0.2902,GEOID18,wetland,Spartina alterniflora,NA,-24.062999725341797,-24.08311653137207,-24.174415588378906,0.27008319396972524,29.395318375,-89.62292749916666
Mariotti_et_al_2024,NA,45,45-Interior-1,2022,10,1,0.0524,GEOID18,wetland,Spartina alterniflora,NA,-24.062999725341797,-24.08311653137207,-24.174415588378906,0.03228319396972523,29.39548046638889,-89.6228232336111
Mariotti_et_al_2024,NA,45,45-Interior-2,2022,10,1,0.0358,GEOID18,wetland,Spartina alterniflora,NA,-24.062999725341797,-24.08311653137207,-24.174415588378906,0.01568319396972484,29.395480477222222,-89.62282298638888
Mariotti_et_al_2024,NA,45,45-Interior-3,2022,10,1,0.0883,GEOID18,wetland,Spartina alterniflora,NA,-24.062999725341797,-24.08311653137207,-24.174415588378906,0.06818319396972683,29.395473873055554,-89.6228190075
Mariotti_et_al_2024,NA,45,45-Interior-4,2022,10,1,0.1367,GEOID18,wetland,Spartina alterniflora,NA,-24.062999725341797,-24.08311653137207,-24.174415588378906,0.11658319396972772,29.395483728055556,-89.62281614555555
Mariotti_et_al_2024,NA,45,45-Interior-5,2022,10,1,0.0772,GEOID18,wetland,Spartina alterniflora,NA,-24.062999725341797,-24.08311653137207,-24.174415588378906,0.05708319396972783,29.3954758475,-89.62281339277777
Mariotti_et_al_2024,NA,47,47-Edge-1,2022,10,1,0.1808,GEOID18,wetland,Spartina alterniflora,NA,-24.073999404907227,-24.092960357666016,-24.170413970947266,0.16183904724121234,29.40613397888889,-89.64462710138889
Mariotti_et_al_2024,NA,47,47-Edge-2,2022,10,1,0.1803,GEOID18,wetland,Spartina alterniflora,NA,-24.073999404907227,-24.092960357666016,-24.170413970947266,0.16133904724120995,29.406136981666666,-89.64463297055556
Mariotti_et_al_2024,NA,47,47-Edge-3,2022,10,1,0.1643,GEOID18,wetland,Spartina alterniflora,NA,-24.073999404907227,-24.092960357666016,-24.170413970947266,0.14533904724121172,29.406127380833333,-89.64463102833334
Mariotti_et_al_2024,NA,47,47-Edge-4,2022,10,1,0.1278,GEOID18,wetland,Spartina alterniflora,NA,-24.073999404907227,-24.092960357666016,-24.170413970947266,0.10883904724121152,29.406131898055555,-89.64464010388889
Mariotti_et_al_2024,NA,47,47-Interior-1,2022,10,1,0.1926,GEOID18,wetland,Spartina alterniflora,NA,-24.073999404907227,-24.092960357666016,-24.170413970947266,0.1736390472412097,29.406300051388886,-89.64468791972223
Mariotti_et_al_2024,NA,47,47-Interior-2,2022,10,1,0.207,GEOID18,wetland,Spartina alterniflora,NA,-24.073999404907227,-24.092960357666016,-24.170413970947266,0.18803904724121168,29.4063054075,-89.64469153166668
Mariotti_et_al_2024,NA,47,47-Interior-3,2022,10,1,0.2588,GEOID18,wetland,Spartina alterniflora,NA,-24.073999404907227,-24.092960357666016,-24.170413970947266,0.23983904724121174,29.40630285111111,-89.64468011166667
Mariotti_et_al_2024,NA,47,47-Interior-4,2022,10,1,0.2369,GEOID18,wetland,Spartina alterniflora,NA,-24.073999404907227,-24.092960357666016,-24.170413970947266,0.2179390472412095,29.40630977083333,-89.64468490666667
Mariotti_et_al_2024,NA,48,48-Edge-1,2022,10,1,0.1828,GEOID18,wetland,Spartina alterniflora,NA,-24.073999404907227,-24.092960357666016,-24.170413970947266,0.16383904724121123,29.40126883583333,-89.65291190666667
Mariotti_et_al_2024,NA,48,48-Edge-2,2022,10,1,0.1826,GEOID18,wetland,Spartina alterniflora,NA,-24.073999404907227,-24.092960357666016,-24.170413970947266,0.1636390472412117,29.401260144444443,-89.65290756472223
Mariotti_et_al_2024,NA,48,48-Edge-3,2022,10,1,0.2024,GEOID18,wetland,Spartina alterniflora,NA,-24.073999404907227,-24.092960357666016,-24.170413970947266,0.18343904724121174,29.401273839166667,-89.65290486444445
Mariotti_et_al_2024,NA,48,48-Edge-4,2022,10,1,0.1997,GEOID18,wetland,Spartina alterniflora,NA,-24.073999404907227,-24.092960357666016,-24.170413970947266,0.18073904724121093,29.401259863055554,-89.65290529222223
Mariotti_et_al_2024,NA,48,48-Interior-1,2022,10,1,0.2315,GEOID18,wetland,Spartina alterniflora,NA,-24.073999404907227,-24.092960357666016,-24.170413970947266,0.21253904724121142,29.40125304611111,-89.65313238861111
Mariotti_et_al_2024,NA,48,48-Interior-2,2022,10,1,0.2184,GEOID18,wetland,Spartina alterniflora,NA,-24.073999404907227,-24.092960357666016,-24.170413970947266,0.19943904724120998,29.401259264444445,-89.65312125611112
Mariotti_et_al_2024,NA,48,48-Interior-3,2022,10,1,0.1963,GEOID18,wetland,Spartina alterniflora,NA,-24.073999404907227,-24.092960357666016,-24.170413970947266,0.17733904724121174,29.401253458055553,-89.65312367055556
Mariotti_et_al_2024,NA,48,48-Interior-4,2022,10,1,0.2274,GEOID18,wetland,Spartina alterniflora,NA,-24.073999404907227,-24.092960357666016,-24.170413970947266,0.20843904724121032,29.40126195972222,-89.65312964305556
Mariotti_et_al_2024,NA,49,49-Edge-1,2022,10,1,0.1473,GEOID18,wetland,Spartina alterniflora,NA,-24.073999404907227,-24.092960357666016,-24.170413970947266,0.12833904724121226,29.3945431475,-89.65188191416667
Mariotti_et_al_2024,NA,49,49-Edge-2,2022,10,1,0.1626,GEOID18,wetland,Spartina alterniflora,NA,-24.073999404907227,-24.092960357666016,-24.170413970947266,0.14363904724121213,29.3945370575,-89.65188722666667
Mariotti_et_al_2024,NA,49,49-Edge-3,2022,10,1,0.1162,GEOID18,wetland,Spartina alterniflora,NA,-24.073999404907227,-24.092960357666016,-24.170413970947266,0.09723904724121013,29.394538247777778,-89.6518749963889
Mariotti_et_al_2024,NA,49,49-Edge-4,2022,10,1,0.1549,GEOID18,wetland,Spartina alterniflora,NA,-24.073999404907227,-24.092960357666016,-24.170413970947266,0.1359390472412123,29.394532005833334,-89.65188005666667
Mariotti_et_al_2024,NA,49,49-Interior-1,2022,10,1,0.2785,GEOID18,wetland,Spartina alterniflora,NA,-24.073999404907227,-24.092960357666016,-24.170413970947266,0.259539047241212,29.394416963333335,-89.65207884638889
Mariotti_et_al_2024,NA,49,49-Interior-2,2022,10,1,0.2431,GEOID18,wetland,Spartina alterniflora,NA,-24.073999404907227,-24.092960357666016,-24.170413970947266,0.22413904724120925,29.394420444444442,-89.65208950916667
Mariotti_et_al_2024,NA,49,49-Interior-3,2022,10,1,0.255,GEOID18,wetland,Spartina alterniflora,NA,-24.073999404907227,-24.092960357666016,-24.170413970947266,0.23603904724120994,29.394423540555554,-89.65208133
Mariotti_et_al_2024,NA,49,49-Interior-4,2022,10,1,0.2706,GEOID18,wetland,Spartina alterniflora,NA,-24.073999404907227,-24.092960357666016,-24.170413970947266,0.25163904724121267,29.394414791944445,-89.65208762972223
Mariotti_et_al_2024,NA,51,51-Edge-1,2022,10,28,-0.1733,GEOID18,wetland,Spartina alterniflora,NA,-24.305999755859375,-24.313926696777344,-24.34610366821289,-0.18122694091796987,29.463879690833334,-89.75725626555555
Mariotti_et_al_2024,NA,51,51-Edge-2,2022,10,28,-0.1334,GEOID18,wetland,Spartina alterniflora,NA,-24.305999755859375,-24.313926696777344,-24.34610366821289,-0.1413269409179705,29.46388607833333,-89.75725799222222
Mariotti_et_al_2024,NA,51,51-Edge-3,2022,10,28,-0.0619,GEOID18,wetland,Spartina alterniflora,NA,-24.305999755859375,-24.313926696777344,-24.34610366821289,-0.06982694091797015,29.463887083055553,-89.75725174055556
Mariotti_et_al_2024,NA,51,51-Edge-4,2022,10,28,0.0112,GEOID18,wetland,Spartina alterniflora,NA,-24.305999755859375,-24.313926696777344,-24.34610366821289,0.0032730590820300165,29.463880700555556,-89.75724893527777
Mariotti_et_al_2024,NA,51,51-Interior-1,2022,10,28,0.1027,GEOID18,wetland,Spartina alterniflora,NA,-24.305999755859375,-24.313926696777344,-24.34610366821289,0.09477305908202993,29.463955659166665,-89.75702650777778
Mariotti_et_al_2024,NA,51,51-Interior-2,2022,10,28,0.1065,GEOID18,wetland,Spartina alterniflora,NA,-24.305999755859375,-24.313926696777344,-24.34610366821289,0.09857305908203173,29.463955085555554,-89.75701990833333
Mariotti_et_al_2024,NA,51,51-Interior-3,2022,10,28,0.114,GEOID18,wetland,Spartina alterniflora,NA,-24.305999755859375,-24.313926696777344,-24.34610366821289,0.10607305908203202,29.46395045138889,-89.75702203416667
Mariotti_et_al_2024,NA,51,51-Interior-4,2022,10,28,0.113,GEOID18,wetland,Spartina alterniflora,NA,-24.305999755859375,-24.313926696777344,-24.34610366821289,0.1050730590820308,29.463951387777776,-89.75702764111111
Mariotti_et_al_2024,NA,52,52-Edge-1,2022,10,28,0.1682,GEOID18,wetland,Juncus roemerianus,NA,-24.319900512695312,-24.32237434387207,-24.35152816772461,0.16572616882324098,29.474489031944444,-89.75863255305556
Mariotti_et_al_2024,NA,52,52-Edge-2,2022,10,28,-0.0529,GEOID18,wetland,Juncus roemerianus,NA,-24.319900512695312,-24.32237434387207,-24.35152816772461,-0.05537383117675887,29.47448440333333,-89.75863534361112
Mariotti_et_al_2024,NA,52,52-Edge-3,2022,10,28,0.0086,GEOID18,wetland,Juncus roemerianus,NA,-24.319900512695312,-24.32237434387207,-24.35152816772461,0.006126168823243461,29.474485411666667,-89.758629835
Mariotti_et_al_2024,NA,52,52-Edge-4,2022,10,28,-0.0788,GEOID18,wetland,Juncus roemerianus,NA,-24.319900512695312,-24.32237434387207,-24.35152816772461,-0.0812738311767589,29.47448810972222,-89.75863655138889
Mariotti_et_al_2024,NA,52,52-Interior-1,2022,10,28,0.0996,GEOID18,wetland,Spartina alterniflora,NA,-24.319900512695312,-24.32237434387207,-24.35152816772461,0.09712616882324099,29.47452887833333,-89.75840203888889
Mariotti_et_al_2024,NA,52,52-Interior-2,2022,10,28,0.0841,GEOID18,wetland,Spartina alterniflora,NA,-24.319900512695312,-24.32237434387207,-24.35152816772461,0.08162616882324158,29.474534729166663,-89.75840609194445
Mariotti_et_al_2024,NA,52,52-Interior-3,2022,10,28,0.0877,GEOID18,wetland,Spartina alterniflora,NA,-24.319900512695312,-24.32237434387207,-24.35152816772461,0.08522616882324385,29.474533385833332,-89.75840094083334
Mariotti_et_al_2024,NA,52,52-Interior-4,2022,10,28,0.1049,GEOID18,wetland,Spartina alterniflora,NA,-24.319900512695312,-24.32237434387207,-24.35152816772461,0.10242616882324285,29.474529659444443,-89.75840739416667
Mariotti_et_al_2024,NA,53,53-Edge-1,2022,10,28,0.0884,GEOID18,wetland,Spartina alterniflora,NA,-24.36549949645996,-24.369436264038086,-24.39509391784668,0.08446323242187503,29.481955963888886,-89.766453315
Mariotti_et_al_2024,NA,53,53-Edge-2,2022,10,28,0.0889,GEOID18,wetland,Spartina alterniflora,NA,-24.36549949645996,-24.369436264038086,-24.39509391784668,0.08496323242187387,29.48195696138889,-89.76646160222222
Mariotti_et_al_2024,NA,53,53-Edge-3,2022,10,28,0.0885,GEOID18,wetland,Spartina alterniflora,NA,-24.36549949645996,-24.369436264038086,-24.39509391784668,0.0845632324218748,29.48195985583333,-89.76645599416666
Mariotti_et_al_2024,NA,53,53-Edge-4,2022,10,28,0.0612,GEOID18,wetland,Spartina alterniflora,NA,-24.36549949645996,-24.369436264038086,-24.39509391784668,0.05726323242187448,29.481952481111108,-89.76645771638889
Mariotti_et_al_2024,NA,53,53-Interior-1,2022,10,28,0.2918,GEOID18,wetland,Juncus roemerianus,NA,-24.36549949645996,-24.369436264038086,-24.39509391784668,0.2878632324218735,29.482159115555554,-89.76637947388889
Mariotti_et_al_2024,NA,53,53-Interior-2,2022,10,28,0.2822,GEOID18,wetland,Juncus roemerianus,NA,-24.36549949645996,-24.369436264038086,-24.39509391784668,0.27826323242187456,29.482163831944444,-89.76638027527778
Mariotti_et_al_2024,NA,53,53-Interior-3,2022,10,28,0.2998,GEOID18,wetland,Juncus roemerianus,NA,-24.36549949645996,-24.369436264038086,-24.39509391784668,0.2958632324218762,29.48215914444444,-89.76637397111111
Mariotti_et_al_2024,NA,53,53-Interior-4,2022,10,28,0.2983,GEOID18,wetland,Juncus roemerianus,NA,-24.36549949645996,-24.369436264038086,-24.39509391784668,0.2943632324218761,29.482164818055555,-89.76637504333333
Mariotti_et_al_2024,NA,53,53-Interior-5,2022,10,28,0.38,GEOID18,wetland,Juncus roemerianus,NA,-24.36549949645996,-24.369436264038086,-24.39509391784668,0.376063232421874,29.482160249166665,-89.76637444944444
Mariotti_et_al_2024,NA,53,53-Interior-6,2022,10,28,0.4085,GEOID18,wetland,Juncus roemerianus,NA,-24.36549949645996,-24.369436264038086,-24.39509391784668,0.4045632324218751,29.48216482222222,-89.76638045194444
Mariotti_et_al_2024,NA,53,53-Interior-7,2022,10,28,0.3608,GEOID18,wetland,Juncus roemerianus,NA,-24.36549949645996,-24.369436264038086,-24.39509391784668,0.3568632324218761,29.482160136944444,-89.76637803777778
Mariotti_et_al_2024,NA,53,53-Interior-8,2022,10,28,0.4028,GEOID18,wetland,Juncus roemerianus,NA,-24.36549949645996,-24.369436264038086,-24.39509391784668,0.39886323242187416,29.482165783888888,-89.76637456277778
Mariotti_et_al_2024,NA,53,53-Interior-9,2022,10,28,0.3992,GEOID18,wetland,Juncus roemerianus,NA,-24.36549949645996,-24.369436264038086,-24.39509391784668,0.39526323242187544,29.48216488111111,-89.76638027194444
Mariotti_et_al_2024,NA,54,54-Edge-1,2022,10,28,0.1903,GEOID18,wetland,Juncus roemerianus,NA,-24.37969970703125,-24.37773323059082,-24.40113067626953,0.19226647644043027,29.47698518444444,-89.77791065222222
Mariotti_et_al_2024,NA,54,54-Edge-2,2022,10,28,0.1857,GEOID18,wetland,Juncus roemerianus,NA,-24.37969970703125,-24.37773323059082,-24.40113067626953,0.18766647644043033,29.476988731388886,-89.77790605444444
Mariotti_et_al_2024,NA,54,54-Edge-3,2022,10,28,0.1588,GEOID18,wetland,Juncus roemerianus,NA,-24.37969970703125,-24.37773323059082,-24.40113067626953,0.16076647644042907,29.476984931388888,-89.77790202999999
Mariotti_et_al_2024,NA,54,54-Edge-4,2022,10,28,0.154,GEOID18,wetland,Juncus roemerianus,NA,-24.37969970703125,-24.37773323059082,-24.40113067626953,0.1559664764404296,29.47698114361111,-89.7779060925
Mariotti_et_al_2024,NA,54,54-Interior-1,2022,10,28,0.3854,GEOID18,wetland,Spartina alterniflora,NA,-24.37969970703125,-24.37773323059082,-24.40113067626953,0.3873664764404303,29.477113124444443,-89.77809107055556
Mariotti_et_al_2024,NA,54,54-Interior-2,2022,10,28,0.3822,GEOID18,wetland,Spartina alterniflora,NA,-24.37969970703125,-24.37773323059082,-24.40113067626953,0.38416647644043067,29.477115789166664,-89.77808941277777
Mariotti_et_al_2024,NA,54,54-Interior-3,2022,10,28,0.3737,GEOID18,wetland,Spartina alterniflora,NA,-24.37969970703125,-24.37773323059082,-24.40113067626953,0.37566647644042916,29.47711883861111,-89.77809371194445
Mariotti_et_al_2024,NA,54,54-Interior-4,2022,10,28,0.3828,GEOID18,wetland,Spartina alterniflora,NA,-24.37969970703125,-24.37773323059082,-24.40113067626953,0.3847664764404293,29.477114672777777,-89.77809606083333
Mariotti_et_al_2024,NA,55,55-Edge-1,2023,1,22,0.2711,GEOID18,wetland,Thelypteris palustris,NA,-25.945199966430664,-25.928686141967773,-25.93256378173828,0.2876138244628912,29.896695050833333,-90.61259051694444
Mariotti_et_al_2024,NA,55,55-Edge-2,2023,1,22,0.2785,GEOID18,wetland,Thelypteris palustris,NA,-25.945199966430664,-25.928686141967773,-25.93256378173828,0.2950138244628917,29.89669369138889,-90.61259662194443
Mariotti_et_al_2024,NA,55,55-Edge-3,2023,1,22,0.3095,GEOID18,wetland,Thelypteris palustris,NA,-25.945199966430664,-25.928686141967773,-25.93256378173828,0.3260138244628905,29.896700089166668,-90.61259102527777
Mariotti_et_al_2024,NA,55,55-Edge-4,2023,1,22,0.2705,GEOID18,wetland,Thelypteris palustris,NA,-25.945199966430664,-25.928686141967773,-25.93256378173828,0.28701382446288903,29.896700105555556,-90.61259701916666
Mariotti_et_al_2024,NA,55,55-Interior-1,2023,1,22,0.2131,GEOID18,wetland,Sagittaria lancifolia,NA,-25.945199966430664,-25.928686141967773,-25.93256378173828,0.22961382446289136,29.89655261277778,-90.61280327666667
Mariotti_et_al_2024,NA,55,55-Interior-2,2023,1,22,0.2534,GEOID18,wetland,Sagittaria lancifolia,NA,-25.945199966430664,-25.928686141967773,-25.93256378173828,0.2699138244628898,29.896551260833334,-90.61279846583332
Mariotti_et_al_2024,NA,55,55-Interior-3,2023,1,22,0.2641,GEOID18,wetland,Sagittaria lancifolia,NA,-25.945199966430664,-25.928686141967773,-25.93256378173828,0.28061382446288974,29.896548168333332,-90.61280625972222
Mariotti_et_al_2024,NA,55,55-Interior-4,2023,1,22,0.2552,GEOID18,wetland,Sagittaria lancifolia,NA,-25.945199966430664,-25.928686141967773,-25.93256378173828,0.27171382446288916,29.89654675638889,-90.61280084027777
Mariotti_et_al_2024,NA,56,56-Edge-1,2023,1,22,0.2425,GEOID18,wetland,Sagittaria lancifolia,NA,-25.895999908447266,-25.88102912902832,-25.887680053710938,0.25747077941894503,29.88919644138889,-90.61479229444444
Mariotti_et_al_2024,NA,56,56-Edge-2,2023,1,22,0.3011,GEOID18,wetland,Sagittaria lancifolia,NA,-25.895999908447266,-25.88102912902832,-25.887680053710938,0.316070779418947,29.889192616944445,-90.61478442972222
Mariotti_et_al_2024,NA,56,56-Edge-3,2023,1,22,0.3076,GEOID18,wetland,Sagittaria lancifolia,NA,-25.895999908447266,-25.88102912902832,-25.887680053710938,0.3225707794189461,29.889198333055557,-90.61478520611111
Mariotti_et_al_2024,NA,56,56-Edge-4,2023,1,22,0.2492,GEOID18,wetland,Sagittaria lancifolia,NA,-25.895999908447266,-25.88102912902832,-25.887680053710938,0.2641707794189436,29.88919081,-90.6147904275
Mariotti_et_al_2024,NA,57,57-Edge-1,2023,1,22,0.2767,GEOID18,wetland,Sagittaria latifolia,NA,-25.894899368286133,-25.87574005126953,-25.88555335998535,0.2958593170166033,29.880999227500002,-90.60322076333333
Mariotti_et_al_2024,NA,57,57-Edge-2,2023,1,22,0.2868,GEOID18,wetland,Sagittaria latifolia,NA,-25.894899368286133,-25.87574005126953,-25.88555335998535,0.30595931701660106,29.881001415833335,-90.60321572166666
Mariotti_et_al_2024,NA,57,57-Edge-3,2023,1,22,0.3076,GEOID18,wetland,Sagittaria latifolia,NA,-25.894899368286133,-25.87574005126953,-25.88555335998535,0.3267593170166023,29.881005179722223,-90.60321776388888
Mariotti_et_al_2024,NA,57,57-Edge-4,2023,1,22,0.4707,GEOID18,wetland,Sagittaria latifolia,NA,-25.894899368286133,-25.87574005126953,-25.88555335998535,0.48985931701660235,29.880996361666668,-90.60322175249999
Mariotti_et_al_2024,NA,57,57-Interior-1,2023,1,22,0.2292,GEOID18,wetland,Sagittaria lancifolia,NA,-25.894899368286133,-25.87574005126953,-25.88555335998535,0.2483593170166003,29.88082832611111,-90.60303456722221
Mariotti_et_al_2024,NA,57,57-Interior-2,2023,1,22,0.2833,GEOID18,wetland,Sagittaria lancifolia,NA,-25.894899368286133,-25.87574005126953,-25.88555335998535,0.3024593170166021,29.880820771944446,-90.60303707527777
Mariotti_et_al_2024,NA,57,57-Interior-3,2023,1,22,0.2838,GEOID18,wetland,Sagittaria lancifolia,NA,-25.894899368286133,-25.87574005126953,-25.88555335998535,0.30295931701660095,29.880825457777778,-90.6030376311111
Mariotti_et_al_2024,NA,57,57-Interior-4,2023,1,22,0.2257,GEOID18,wetland,Sagittaria lancifolia,NA,-25.894899368286133,-25.87574005126953,-25.88555335998535,0.24485931701660135,29.880823452222224,-90.60303218444444
Mariotti_et_al_2024,NA,58,58-Edge-1,2023,3,30,0.3922,GEOID18,wetland,Leersia oryzoides,NA,-25.895999908447266,-25.88102912902832,-25.887680053710938,0.4071707794189443,29.879242056944445,-90.60909368027777
Mariotti_et_al_2024,NA,58,58-Edge-2,2023,3,30,0.3302,GEOID18,wetland,Leersia oryzoides,NA,-25.895999908447266,-25.88102912902832,-25.887680053710938,0.3451707794189467,29.879237945,-90.60908530166667
Mariotti_et_al_2024,NA,58,58-Edge-3,2023,3,30,0.3318,GEOID18,wetland,Leersia oryzoides,NA,-25.895999908447266,-25.88102912902832,-25.887680053710938,0.3467707794189465,29.87923676,-90.60909250138889
Mariotti_et_al_2024,NA,58,58-Edge-4,2023,3,30,0.332,GEOID18,wetland,Leersia oryzoides,NA,-25.895999908447266,-25.88102912902832,-25.887680053710938,0.34697077941894605,29.879242824444447,-90.60908638388888
Mariotti_et_al_2024,NA,58,58-Interior-1,2023,3,30,0.2995,GEOID18,wetland,Leersia oryzoides,NA,-25.895999908447266,-25.88102912902832,-25.887680053710938,0.31447077941894364,29.879079773333334,-90.60895668277777
Mariotti_et_al_2024,NA,58,58-Interior-2,2023,3,30,0.3218,GEOID18,wetland,Leersia oryzoides,NA,-25.895999908447266,-25.88102912902832,-25.887680053710938,0.33677077941894495,29.87908351777778,-90.60896129277778
Mariotti_et_al_2024,NA,58,58-Interior-3,2023,3,30,0.2933,GEOID18,wetland,Leersia oryzoides,NA,-25.895999908447266,-25.88102912902832,-25.887680053710938,0.3082707794189439,29.879082888888888,-90.60895282333333
Mariotti_et_al_2024,NA,58,58-Interior-4,2023,3,30,0.3083,GEOID18,wetland,Leersia oryzoides,NA,-25.895999908447266,-25.88102912902832,-25.887680053710938,0.32327077941894444,29.87908706638889,-90.60895661583332
Mariotti_et_al_2024,NA,59,59-Edge-1,2023,3,30,0.2804,GEOID18,wetland,Leersia oryzoides,NA,-25.894899368286133,-25.87574005126953,-25.88555335998535,0.29955931701660177,29.880038995833335,-90.59554452583333
Mariotti_et_al_2024,NA,59,59-Edge-2,2023,3,30,0.2456,GEOID18,wetland,Leersia oryzoides,NA,-25.894899368286133,-25.87574005126953,-25.88555335998535,0.26475931701660116,29.880043919166667,-90.595544435
Mariotti_et_al_2024,NA,59,59-Edge-3,2023,3,30,0.261,GEOID18,wetland,Leersia oryzoides,NA,-25.894899368286133,-25.87574005126953,-25.88555335998535,0.2801593170166008,29.88003674666667,-90.59555041277777
Mariotti_et_al_2024,NA,59,59-Edge-4,2023,3,30,0.2713,GEOID18,wetland,Leersia oryzoides,NA,-25.894899368286133,-25.87574005126953,-25.88555335998535,0.29045931701660166,29.88004190527778,-90.59554851916666
Mariotti_et_al_2024,NA,59,59-Interior-1,2023,3,30,0.2204,GEOID18,wetland,Leersia oryzoides,NA,-25.894899368286133,-25.87574005126953,-25.88555335998535,0.23955931701660305,29.87982543388889,-90.59556085527777
Mariotti_et_al_2024,NA,59,59-Interior-2,2023,3,30,0.2395,GEOID18,wetland,Leersia oryzoides,NA,-25.894899368286133,-25.87574005126953,-25.88555335998535,0.25865931701660116,29.879823864444443,-90.59555172249999
Mariotti_et_al_2024,NA,59,59-Interior-3,2023,3,30,0.1781,GEOID18,wetland,Leersia oryzoides,NA,-25.894899368286133,-25.87574005126953,-25.88555335998535,0.19725931701660215,29.879828150833333,-90.59555680861111
Mariotti_et_al_2024,NA,59,59-Interior-4,2023,3,30,0.201,GEOID18,wetland,Leersia oryzoides,NA,-25.894899368286133,-25.87574005126953,-25.88555335998535,0.22015931701660207,29.87982127861111,-90.59555669388888
Mariotti_et_al_2024,NA,60,60-Edge-1,2023,4,1,0.3774,GEOID18,wetland,Spartina alterniflora,NA,-24.949399948120117,-24.87833595275879,-24.883859634399414,0.44846399536132964,29.61338928777778,-89.95703172805555
Mariotti_et_al_2024,NA,60,60-Edge-2,2023,4,1,0.378,GEOID18,wetland,Spartina alterniflora,NA,-24.949399948120117,-24.87833595275879,-24.883859634399414,0.44906399536132824,29.61338269638889,-89.95702668111112
Mariotti_et_al_2024,NA,60,60-Edge-3,2023,4,1,0.2976,GEOID18,wetland,Spartina alterniflora,NA,-24.949399948120117,-24.87833595275879,-24.883859634399414,0.3686639953613273,29.6133798575,-89.9570338
Mariotti_et_al_2024,NA,60,60-Edge-4,2023,4,1,0.3335,GEOID18,wetland,Spartina alterniflora,NA,-24.949399948120117,-24.87833595275879,-24.883859634399414,0.4045639953613289,29.61338595888889,-89.95703779666667
Mariotti_et_al_2024,NA,60,60-Interior-1,2023,4,1,0.3691,GEOID18,wetland,C4,NA,-24.949399948120117,-24.87833595275879,-24.883859634399414,0.44016399536132766,29.613454399444446,-89.95680995277777
Mariotti_et_al_2024,NA,60,60-Interior-2,2023,4,1,0.2947,GEOID18,wetland,C4,NA,-24.949399948120117,-24.87833595275879,-24.883859634399414,0.365763995361327,29.613453021944444,-89.9568008
Mariotti_et_al_2024,NA,60,60-Interior-3,2023,4,1,0.3163,GEOID18,wetland,C4,NA,-24.949399948120117,-24.87833595275879,-24.883859634399414,0.3873639953613264,29.613445344166667,-89.95680291833334
Mariotti_et_al_2024,NA,60,60-Interior-4,2023,4,1,0.3181,GEOID18,wetland,C4,NA,-24.949399948120117,-24.87833595275879,-24.883859634399414,0.3891639953613293,29.613447213611114,-89.9568105463889
Mariotti_et_al_2024,NA,61,61-Edge-1,2023,4,1,0.2426,GEOID18,wetland,Spartina alterniflora,NA,-24.962200164794922,-24.8862361907959,-24.895679473876953,0.3185639739990229,29.613954970277778,-89.95937710555556
Mariotti_et_al_2024,NA,61,61-Edge-2,2023,4,1,0.2834,GEOID18,wetland,Spartina alterniflora,NA,-24.962200164794922,-24.8862361907959,-24.895679473876953,0.35936397399902376,29.613963542222223,-89.95937112472222
Mariotti_et_al_2024,NA,61,61-Edge-3,2023,4,1,0.2959,GEOID18,wetland,Spartina alterniflora,NA,-24.962200164794922,-24.8862361907959,-24.895679473876953,0.37186397399902305,29.613964284444446,-89.95937953194445
Mariotti_et_al_2024,NA,61,61-Edge-4,2023,4,1,0.2956,GEOID18,wetland,Spartina alterniflora,NA,-24.962200164794922,-24.8862361907959,-24.895679473876953,0.37156397399902374,29.613957573611113,-89.95938540833333
Mariotti_et_al_2024,NA,61,61-Interior-1,2023,4,1,0.3622,GEOID18,wetland,C4,NA,-24.962200164794922,-24.8862361907959,-24.895679473876953,0.43816397399902485,29.613963980555557,-89.95960650027779
Mariotti_et_al_2024,NA,61,61-Interior-2,2023,4,1,0.4039,GEOID18,wetland,C4,NA,-24.962200164794922,-24.8862361907959,-24.895679473876953,0.4798639739990236,29.613957335277778,-89.95960792
Mariotti_et_al_2024,NA,61,61-Interior-3,2023,4,1,0.3762,GEOID18,wetland,C4,NA,-24.962200164794922,-24.8862361907959,-24.895679473876953,0.4521639739990242,29.613964355,-89.95961543638889
Mariotti_et_al_2024,NA,61,61-Interior-4,2023,4,1,0.3819,GEOID18,wetland,C4,NA,-24.962200164794922,-24.8862361907959,-24.895679473876953,0.4578639739990251,29.61395832277778,-89.95961604305556
Mariotti_et_al_2024,NA,62,62-Edge-1,2023,4,1,0.3113,GEOID18,wetland,Spartina alterniflora,NA,-24.962200164794922,-24.8862361907959,-24.895679473876953,0.3872639739990227,29.61474873527778,-89.9605225388889
Mariotti_et_al_2024,NA,62,62-Edge-2,2023,4,1,0.3236,GEOID18,wetland,Spartina alterniflora,NA,-24.962200164794922,-24.8862361907959,-24.895679473876953,0.39956397399902244,29.61474500527778,-89.9605273375
Mariotti_et_al_2024,NA,62,62-Edge-3,2023,4,1,0.326,GEOID18,wetland,Spartina alterniflora,NA,-24.962200164794922,-24.8862361907959,-24.895679473876953,0.40196397399902395,29.61475036388889,-89.9605320025
Mariotti_et_al_2024,NA,62,62-Edge-4,2023,4,1,0.2773,GEOID18,wetland,Spartina alterniflora,NA,-24.962200164794922,-24.8862361907959,-24.895679473876953,0.35326397399902376,29.61475473138889,-89.96052562694445
Mariotti_et_al_2024,NA,62,62-Interior-1,2023,4,1,0.3192,GEOID18,wetland,C4,NA,-24.962200164794922,-24.8862361907959,-24.895679473876953,0.39516397399902203,29.614584705277778,-89.96065199055556
Mariotti_et_al_2024,NA,62,62-Interior-2,2023,4,1,0.3343,GEOID18,wetland,C4,NA,-24.962200164794922,-24.8862361907959,-24.895679473876953,0.41026397399902237,29.614582400833335,-89.96064689472223
Mariotti_et_al_2024,NA,62,62-Interior-3,2023,4,1,0.7478,GEOID18,wetland,C4,NA,-24.962200164794922,-24.8862361907959,-24.895679473876953,0.823763973999025,29.614580553055557,-89.96064225527778
Mariotti_et_al_2024,NA,62,62-Interior-4,2023,4,1,0.3703,GEOID18,wetland,C4,NA,-24.962200164794922,-24.8862361907959,-24.895679473876953,0.44626397399902373,29.614576879722225,-89.96065520194445
Mariotti_et_al_2024,NA,62,62-Interior-5,2023,4,1,0.3868,GEOID18,wetland,C4,NA,-24.962200164794922,-24.8862361907959,-24.895679473876953,0.46276397399902436,29.61457498916667,-89.96064908611112
Mariotti_et_al_2024,NA,63,63-Edge-1,2023,4,1,0.3554,GEOID18,wetland,C4,NA,-24.949399948120117,-24.87833595275879,-24.883859634399414,0.4264639953613276,29.612751503055556,-89.95670067361111
Mariotti_et_al_2024,NA,63,63-Edge-2,2023,4,1,0.3807,GEOID18,wetland,C4,NA,-24.949399948120117,-24.87833595275879,-24.883859634399414,0.45176399536132905,29.612749490555558,-89.95670600416668
Mariotti_et_al_2024,NA,63,63-Edge-3,2023,4,1,0.358,GEOID18,wetland,C4,NA,-24.949399948120117,-24.87833595275879,-24.883859634399414,0.42906399536132867,29.612758151388892,-89.95670249416666
Mariotti_et_al_2024,NA,63,63-Edge-4,2023,4,1,0.3719,GEOID18,wetland,C4,NA,-24.949399948120117,-24.87833595275879,-24.883859634399414,0.44296399536132824,29.61275653666667,-89.95670891944445
Mariotti_et_al_2024,NA,63,63-Interior-1,2023,4,1,0.346,GEOID18,wetland,C4,NA,-24.949399948120117,-24.87833595275879,-24.883859634399414,0.4170639953613282,29.61270653277778,-89.95647312277778
Mariotti_et_al_2024,NA,63,63-Interior-2,2023,4,1,0.3852,GEOID18,wetland,C4,NA,-24.949399948120117,-24.87833595275879,-24.883859634399414,0.4562639953613292,29.612713530555556,-89.9564651675
Mariotti_et_al_2024,NA,63,63-Interior-3,2023,4,1,0.3604,GEOID18,wetland,C4,NA,-24.949399948120117,-24.87833595275879,-24.883859634399414,0.4314639953613266,29.61271458555556,-89.95647161916666
Mariotti_et_al_2024,NA,63,63-Interior-4,2023,4,1,0.3185,GEOID18,wetland,C4,NA,-24.949399948120117,-24.87833595275879,-24.883859634399414,0.38956399536132835,29.612706673333335,-89.95646486972223
Mariotti_et_al_2024,NA,64,64-Edge-1,2023,4,28,0.3306,GEOID18,wetland,C4,NA,-24.305999755859375,-24.313926696777344,-24.34610366821289,0.3226730590820317,29.4700208825,-89.756681565
Mariotti_et_al_2024,NA,64,64-Edge-2,2023,4,28,0.3534,GEOID18,wetland,C4,NA,-24.305999755859375,-24.313926696777344,-24.34610366821289,0.34547305908203185,29.470025253055553,-89.75669135055556
Mariotti_et_al_2024,NA,64,64-Edge-3,2023,4,28,0.3306,GEOID18,wetland,C4,NA,-24.305999755859375,-24.313926696777344,-24.34610366821289,0.3226730590820317,29.470027728888887,-89.75668486555556
Mariotti_et_al_2024,NA,64,64-Edge-4,2023,4,28,0.3337,GEOID18,wetland,C4,NA,-24.305999755859375,-24.313926696777344,-24.34610366821289,0.3257730590820316,29.470018015833332,-89.75668968166667
Mariotti_et_al_2024,NA,64,64-Interior-1,2023,4,28,0.324,GEOID18,wetland,Spartina alterniflora,NA,-24.305999755859375,-24.313926696777344,-24.34610366821289,0.31607305908203287,29.470133724166665,-89.75650463
Mariotti_et_al_2024,NA,64,64-Interior-2,2023,4,28,0.3101,GEOID18,wetland,Spartina alterniflora,NA,-24.305999755859375,-24.313926696777344,-24.34610366821289,0.30217305908202974,29.470137025277776,-89.75649696972222
Mariotti_et_al_2024,NA,64,64-Interior-3,2023,4,28,0.4091,GEOID18,wetland,Spartina alterniflora,NA,-24.305999755859375,-24.313926696777344,-24.34610366821289,0.40117305908202994,29.47012723472222,-89.75650093777777
Mariotti_et_al_2024,NA,64,64-Interior-4,2023,4,28,0.3175,GEOID18,wetland,Spartina alterniflora,NA,-24.305999755859375,-24.313926696777344,-24.34610366821289,0.30957305908203026,29.470130887777778,-89.75649338222222
Mariotti_et_al_2024,NA,65,65-Edge-1,2023,4,28,0.3321,GEOID18,wetland,Juncus roemerianus,NA,-24.277700424194336,-24.27777671813965,-24.311458587646484,0.332023706054688,29.457005056666667,-89.75875498944444
Mariotti_et_al_2024,NA,65,65-Edge-2,2023,4,28,0.3201,GEOID18,wetland,Juncus roemerianus,NA,-24.277700424194336,-24.27777671813965,-24.311458587646484,0.32002370605468755,29.457009239166666,-89.75874921138889
Mariotti_et_al_2024,NA,65,65-Edge-3,2023,4,28,0.3207,GEOID18,wetland,Juncus roemerianus,NA,-24.277700424194336,-24.27777671813965,-24.311458587646484,0.32062370605468615,29.457012826388887,-89.75875977888889
Mariotti_et_al_2024,NA,65,65-Edge-4,2023,4,28,0.2907,GEOID18,wetland,Juncus roemerianus,NA,-24.277700424194336,-24.27777671813965,-24.311458587646484,0.29062370605468857,29.45701564111111,-89.75875309694445
Mariotti_et_al_2024,NA,65,65-Interior-1,2023,4,28,0.2968,GEOID18,wetland,Juncus roemerianus,NA,-24.277700424194336,-24.27777671813965,-24.311458587646484,0.29672370605468856,29.456928802222222,-89.75851678777778
Mariotti_et_al_2024,NA,65,65-Interior-2,2023,4,28,0.2923,GEOID18,wetland,Juncus roemerianus,NA,-24.277700424194336,-24.27777671813965,-24.311458587646484,0.2922237060546884,29.45693310722222,-89.75852276305555
Mariotti_et_al_2024,NA,65,65-Interior-3,2023,4,28,0.2966,GEOID18,wetland,Juncus roemerianus,NA,-24.277700424194336,-24.27777671813965,-24.311458587646484,0.29652370605468903,29.456937723055553,-89.75851744222223
Mariotti_et_al_2024,NA,65,65-Interior-4,2023,4,28,0.2855,GEOID18,wetland,Juncus roemerianus,NA,-24.277700424194336,-24.27777671813965,-24.311458587646484,0.2854237060546865,29.456936484444444,-89.75851969
Mariotti_et_al_2024,NA,65,65-Interior-5,2023,4,28,0.2955,GEOID18,wetland,Juncus roemerianus,NA,-24.277700424194336,-24.27777671813965,-24.311458587646484,0.29542370605468804,29.456932268333333,-89.758511305
Mariotti_et_al_2024,NA,66,66-Edge-1,2023,4,28,0.27,GEOID18,wetland,Spartina alterniflora,NA,-24.277700424194336,-24.27777671813965,-24.311458587646484,0.2699237060546871,29.453015776666668,-89.769114645
Mariotti_et_al_2024,NA,66,66-Edge-2,2023,4,28,0.2879,GEOID18,wetland,Spartina alterniflora,NA,-24.277700424194336,-24.27777671813965,-24.311458587646484,0.287823706054688,29.453012249444445,-89.76910374055555
Mariotti_et_al_2024,NA,66,66-Edge-3,2023,4,28,0.285,GEOID18,wetland,Spartina alterniflora,NA,-24.277700424194336,-24.27777671813965,-24.311458587646484,0.28492370605468764,29.453018433333334,-89.76910567555555
Mariotti_et_al_2024,NA,66,66-Edge-4,2023,4,28,0.2785,GEOID18,wetland,Spartina alterniflora,NA,-24.277700424194336,-24.27777671813965,-24.311458587646484,0.2784237060546886,29.45300928861111,-89.76911234472222
Mariotti_et_al_2024,NA,66,66-Interior-1,2023,4,28,0.2727,GEOID18,wetland,Juncus roemerianus,NA,-24.277700424194336,-24.27777671813965,-24.311458587646484,0.2726237060546879,29.45292190083333,-89.76930084916667
Mariotti_et_al_2024,NA,66,66-Interior-2,2023,4,28,0.2801,GEOID18,wetland,Juncus roemerianus,NA,-24.277700424194336,-24.27777671813965,-24.311458587646484,0.2800237060546884,29.452926283055554,-89.76930289222223
Mariotti_et_al_2024,NA,66,66-Interior-3,2023,4,28,0.2852,GEOID18,wetland,Juncus roemerianus,NA,-24.277700424194336,-24.27777671813965,-24.311458587646484,0.2851237060546872,29.4529179575,-89.76930509055555
Mariotti_et_al_2024,NA,66,66-Interior-4,2023,4,28,0.3017,GEOID18,wetland,Juncus roemerianus,NA,-24.277700424194336,-24.27777671813965,-24.311458587646484,0.3016237060546878,29.452923118888886,-89.7693101961111
Mariotti_et_al_2024,NA,67,67-Edge-1,2023,4,28,0.2629,GEOID18,wetland,Juncus roemerianus,NA,-24.29210090637207,-24.28620147705078,-24.31789779663086,0.2687994293212874,29.452899806666665,-89.77870351833333
Mariotti_et_al_2024,NA,67,67-Edge-2,2023,4,28,0.3022,GEOID18,wetland,Juncus roemerianus,NA,-24.29210090637207,-24.28620147705078,-24.31789779663086,0.3080994293212882,29.452905868055556,-89.77870370361111
Mariotti_et_al_2024,NA,67,67-Edge-3,2023,4,28,0.2964,GEOID18,wetland,Juncus roemerianus,NA,-24.29210090637207,-24.28620147705078,-24.31789779663086,0.3022994293212875,29.452898874722223,-89.77869771333333
Mariotti_et_al_2024,NA,67,67-Edge-4,2023,4,28,0.2803,GEOID18,wetland,Juncus roemerianus,NA,-24.29210090637207,-24.28620147705078,-24.31789779663086,0.2861994293212895,29.452903568055554,-89.77869700083333
Mariotti_et_al_2024,NA,67,67-Interior-1,2023,4,28,0.4369,GEOID18,wetland,Juncus roemerianus,NA,-24.29210090637207,-24.28620147705078,-24.31789779663086,0.44279942932129046,29.45277104722222,-89.77851050944444
Mariotti_et_al_2024,NA,67,67-Interior-2,2023,4,28,0.4694,GEOID18,wetland,Juncus roemerianus,NA,-24.29210090637207,-24.28620147705078,-24.31789779663086,0.4752994293212893,29.452775456666664,-89.77851172027778
Mariotti_et_al_2024,NA,67,67-Interior-3,2023,4,28,0.4403,GEOID18,wetland,Juncus roemerianus,NA,-24.29210090637207,-24.28620147705078,-24.31789779663086,0.44619942932128964,29.452769652222223,-89.77851816055555
Mariotti_et_al_2024,NA,67,67-Interior-4,2023,4,28,0.4763,GEOID18,wetland,Juncus roemerianus,NA,-24.29210090637207,-24.28620147705078,-24.31789779663086,0.48219942932128745,29.452774023333333,-89.77851902194445
Mariotti_et_al_2024,NA,68,68-Edge-1,2023,4,28,0.2706,GEOID18,wetland,Spartina alterniflora,NA,-24.334199905395508,-24.330659866333008,-24.35773468017578,0.27414003906250173,29.463913353888888,-89.7841209075
Mariotti_et_al_2024,NA,68,68-Edge-2,2023,4,28,0.2628,GEOID18,wetland,Spartina alterniflora,NA,-24.334199905395508,-24.330659866333008,-24.35773468017578,0.2663400390624986,29.463919793055556,-89.78412460694445
Mariotti_et_al_2024,NA,68,68-Edge-3,2023,4,28,0.2213,GEOID18,wetland,Spartina alterniflora,NA,-24.334199905395508,-24.330659866333008,-24.35773468017578,0.22484003906249939,29.463916704166667,-89.78411384611111
Mariotti_et_al_2024,NA,68,68-Edge-4,2023,4,28,0.2555,GEOID18,wetland,Spartina alterniflora,NA,-24.334199905395508,-24.330659866333008,-24.35773468017578,0.2590400390625014,29.463922014166666,-89.78411800722222
Mariotti_et_al_2024,NA,68,68-Interior-1,2023,4,28,0.1752,GEOID18,wetland,Spartina alterniflora,NA,-24.334199905395508,-24.330659866333008,-24.35773468017578,0.17874003906250024,29.463937428888887,-89.78434013305555
Mariotti_et_al_2024,NA,68,68-Interior-2,2023,4,28,0.2357,GEOID18,wetland,Spartina alterniflora,NA,-24.334199905395508,-24.330659866333008,-24.35773468017578,0.23924003906250135,29.463936523333334,-89.78434721055555
Mariotti_et_al_2024,NA,68,68-Interior-3,2023,4,28,0.2393,GEOID18,wetland,Spartina alterniflora,NA,-24.334199905395508,-24.330659866333008,-24.35773468017578,0.24284003906250007,29.463933415555555,-89.78434243722222
Mariotti_et_al_2024,NA,68,68-Interior-4,2023,4,28,0.2544,GEOID18,wetland,Spartina alterniflora,NA,-24.334199905395508,-24.330659866333008,-24.35773468017578,0.2579400390625004,29.463932159166667,-89.78434968944444
Mariotti_et_al_2024,NA,71,71-0.2m-1,2023,7,27,0.1169,GEOID18,wetland,Spartina alterniflora,NA,-24.319900512695312,-24.32237434387207,-24.35152816772461,0.1144261688232433,29.45947111111111,-89.75841773527777
Mariotti_et_al_2024,NA,71,71-0.2m-2,2023,7,27,0.0973,GEOID18,wetland,Spartina alterniflora,NA,-24.319900512695312,-24.32237434387207,-24.35152816772461,0.0948261688232428,29.459471654166666,-89.75842454777778
Mariotti_et_al_2024,NA,71,71-0.2m-3,2023,7,27,0.1278,GEOID18,wetland,Spartina alterniflora,NA,-24.319900512695312,-24.32237434387207,-24.35152816772461,0.12532616882324277,29.459478102777776,-89.75842561027778
Mariotti_et_al_2024,NA,71,71-0.2m-4,2023,7,27,0.1077,GEOID18,wetland,Spartina alterniflora,NA,-24.319900512695312,-24.32237434387207,-24.35152816772461,0.10522616882324343,29.4594775925,-89.75841622916667
Mariotti_et_al_2024,NA,71,71-Edge-1,2023,7,27,0.1507,GEOID18,wetland,Juncus roemerianus,NA,-24.319900512695312,-24.32237434387207,-24.35152816772461,0.1482261688232427,29.459470544722222,-89.75841354972222
Mariotti_et_al_2024,NA,71,71-Edge-2,2023,7,27,0.1584,GEOID18,wetland,Juncus roemerianus,NA,-24.319900512695312,-24.32237434387207,-24.35152816772461,0.1559261688232425,29.459471205555555,-89.7584063425
Mariotti_et_al_2024,NA,71,71-Edge-3,2023,7,27,0.2105,GEOID18,wetland,Juncus roemerianus,NA,-24.319900512695312,-24.32237434387207,-24.35152816772461,0.20802616882324187,29.459477788333334,-89.75840574027778
Mariotti_et_al_2024,NA,71,71-Edge-4,2023,7,27,0.1809,GEOID18,wetland,Juncus roemerianus,NA,-24.319900512695312,-24.32237434387207,-24.35152816772461,0.17842616882324336,29.45947778111111,-89.75841454472223
Mariotti_et_al_2024,NA,71,71-3m-1,2023,7,27,0.2153,GEOID18,wetland,Juncus roemerianus,NA,-24.319900512695312,-24.32237434387207,-24.35152816772461,0.21282616882324135,29.459471382222223,-89.75839358666667
Mariotti_et_al_2024,NA,71,71-3m-2,2023,7,27,0.2039,GEOID18,wetland,Juncus roemerianus,NA,-24.319900512695312,-24.32237434387207,-24.35152816772461,0.20142616882324305,29.459472550833333,-89.75838646722222
Mariotti_et_al_2024,NA,71,71-3m-3,2023,7,27,0.1945,GEOID18,wetland,Juncus roemerianus,NA,-24.319900512695312,-24.32237434387207,-24.35152816772461,0.19202616882324364,29.459479475277778,-89.758386405
Mariotti_et_al_2024,NA,71,71-3m-4,2023,7,27,0.2017,GEOID18,wetland,Juncus roemerianus,NA,-24.319900512695312,-24.32237434387207,-24.35152816772461,0.19922616882324107,29.459479781666666,-89.7583951911111
Mariotti_et_al_2024,NA,71,71-5m-1,2023,7,27,0.2285,GEOID18,wetland,Juncus roemerianus,NA,-24.319900512695312,-24.32237434387207,-24.35152816772461,0.22602616882324256,29.45947410111111,-89.75837487111112
Mariotti_et_al_2024,NA,71,71-5m-2,2023,7,27,0.2374,GEOID18,wetland,Juncus roemerianus,NA,-24.319900512695312,-24.32237434387207,-24.35152816772461,0.23492616882324313,29.459474582777776,-89.75836708611111
Mariotti_et_al_2024,NA,71,71-5m-3,2023,7,27,0.2309,GEOID18,wetland,Juncus roemerianus,NA,-24.319900512695312,-24.32237434387207,-24.35152816772461,0.22842616882324052,29.459480785833332,-89.75837562972222
Mariotti_et_al_2024,NA,71,71-5m-4,2023,7,27,0.2307,GEOID18,wetland,Juncus roemerianus,NA,-24.319900512695312,-24.32237434387207,-24.35152816772461,0.22822616882324098,29.459482066666666,-89.75836879444445
Mariotti_et_al_2024,NA,71,71-7m-1,2023,7,27,0.2325,GEOID18,wetland,Juncus roemerianus,NA,-24.319900512695312,-24.32237434387207,-24.35152816772461,0.2300261688232439,29.45947531361111,-89.75835484361112
Mariotti_et_al_2024,NA,71,71-7m-2,2023,7,27,0.2579,GEOID18,wetland,Juncus roemerianus,NA,-24.319900512695312,-24.32237434387207,-24.35152816772461,0.25542616882324154,29.459475443888888,-89.75834856305555
Mariotti_et_al_2024,NA,71,71-7m-3,2023,7,27,0.302,GEOID18,wetland,Juncus roemerianus,NA,-24.319900512695312,-24.32237434387207,-24.35152816772461,0.2995261688232418,29.459482484166667,-89.75834676805556
Mariotti_et_al_2024,NA,71,71-7m-4,2023,7,27,0.2403,GEOID18,wetland,Juncus roemerianus,NA,-24.319900512695312,-24.32237434387207,-24.35152816772461,0.23782616882324348,29.459482181944445,-89.75835275666667
Mariotti_et_al_2024,NA,71,71-7m-5,2023,7,27,0.2692,GEOID18,wetland,Juncus roemerianus,NA,-24.319900512695312,-24.32237434387207,-24.35152816772461,0.2667261688232436,29.459477048055554,-89.7583335175
Mariotti_et_al_2024,NA,71,71-7m-6,2023,7,27,0.272,GEOID18,wetland,Juncus roemerianus,NA,-24.305999755859375,-24.313926696777344,-24.34610366821289,0.2640730590820297,29.459477710277778,-89.75832570833333
Mariotti_et_al_2024,NA,71,71-9m-1,2023,7,27,0.2716,GEOID18,wetland,Spartina alterniflora,NA,-24.305999755859375,-24.313926696777344,-24.34610366821289,0.26367305908203065,29.459477849444443,-89.75832474833334
Mariotti_et_al_2024,NA,71,71-9m-2,2023,7,27,0.2593,GEOID18,wetland,Spartina alterniflora,NA,-24.305999755859375,-24.313926696777344,-24.34610366821289,0.2513730590820309,29.459477547777777,-89.75833125694444
Mariotti_et_al_2024,NA,71,71-9m-3,2023,7,27,0.2828,GEOID18,wetland,Spartina alterniflora,NA,-24.305999755859375,-24.313926696777344,-24.34610366821289,0.27487305908203297,29.45948492833333,-89.75832599805555
Mariotti_et_al_2024,NA,71,71-9m-4,2023,7,27,0.2668,GEOID18,wetland,Spartina alterniflora,NA,-24.305999755859375,-24.313926696777344,-24.34610366821289,0.2588730590820312,29.45948425888889,-89.75833271583333
Mariotti_et_al_2024,NA,71,71-11m-1,2023,7,27,0.2629,GEOID18,wetland,Spartina alterniflora,NA,-24.305999755859375,-24.313926696777344,-24.34610366821289,0.2549730590820296,29.45947833611111,-89.75831175944444
Mariotti_et_al_2024,NA,71,71-11m-2,2023,7,27,0.2411,GEOID18,wetland,Spartina alterniflora,NA,-24.305999755859375,-24.313926696777344,-24.34610366821289,0.23317305908203068,29.459479050555554,-89.75830457194445
Mariotti_et_al_2024,NA,71,71-11m-3,2023,7,27,0.2362,GEOID18,wetland,Spartina alterniflora,NA,-24.305999755859375,-24.313926696777344,-24.34610366821289,0.22827305908203144,29.45948464972222,-89.75831295805555
Mariotti_et_al_2024,NA,71,71-11m-4,2023,7,27,0.2377,GEOID18,wetland,Spartina alterniflora,NA,-24.305999755859375,-24.313926696777344,-24.34610366821289,0.2297730590820315,29.4594857675,-89.75830514361111
Mariotti_et_al_2024,NA,71,71-11m-5,2023,7,27,0.2564,GEOID18,wetland,Spartina alterniflora,NA,-24.305999755859375,-24.313926696777344,-24.34610366821289,0.24847305908203055,29.45948289,-89.75829338527778
Mariotti_et_al_2024,NA,71,71-13m-1,2023,7,27,0.2499,GEOID18,wetland,Juncus roemerianus,NA,-24.305999755859375,-24.313926696777344,-24.34610366821289,0.24197305908203148,29.459482894166666,-89.7582934386111
Mariotti_et_al_2024,NA,71,71-13m-2,2023,7,27,0.2684,GEOID18,wetland,Juncus roemerianus,NA,-24.305999755859375,-24.313926696777344,-24.34610366821289,0.260473059082031,29.45948394527778,-89.75828599916667
Mariotti_et_al_2024,NA,71,71-13m-3,2023,7,27,0.253,GEOID18,wetland,Juncus roemerianus,NA,-24.305999755859375,-24.313926696777344,-24.34610366821289,0.24507305908203136,29.459489315833334,-89.75828721861112
Mariotti_et_al_2024,NA,71,71-13m-4,2023,7,27,0.2852,GEOID18,wetland,Juncus roemerianus,NA,-24.305999755859375,-24.313926696777344,-24.34610366821289,0.2772730590820309,29.459488849166664,-89.75829290055556
Mariotti_et_al_2024,NA,71,71-15m-1,2023,7,27,0.2564,GEOID18,wetland,Spartina alterniflora,NA,-24.305999755859375,-24.313926696777344,-24.34610366821289,0.24847305908203055,29.45948360527778,-89.75827157638889
Mariotti_et_al_2024,NA,71,71-15m-2,2023,7,27,0.2475,GEOID18,wetland,Spartina alterniflora,NA,-24.305999755859375,-24.313926696777344,-24.34610366821289,0.23957305908202997,29.459484644166665,-89.75826240194445
Mariotti_et_al_2024,NA,71,71-15m-3,2023,7,27,0.2708,GEOID18,wetland,Spartina alterniflora,NA,-24.305999755859375,-24.313926696777344,-24.34610366821289,0.2628730590820325,29.459491590555555,-89.75826330583334
Mariotti_et_al_2024,NA,71,71-15m-4,2023,7,27,0.262,GEOID18,wetland,Spartina alterniflora,NA,-24.305999755859375,-24.313926696777344,-24.34610366821289,0.2540730590820317,29.45948949861111,-89.75827061416666
Mariotti_et_al_2024,NA,71,71-17m-1,2023,7,27,0.2593,GEOID18,wetland,Juncus roemerianus,NA,-24.305999755859375,-24.313926696777344,-24.34610366821289,0.2513730590820309,29.459487899722223,-89.75824324277778
Mariotti_et_al_2024,NA,71,71-17m-2,2023,7,27,0.2551,GEOID18,wetland,Juncus roemerianus,NA,-24.305999755859375,-24.313926696777344,-24.34610366821289,0.24717305908203002,29.459488366666665,-89.75825047833334
Mariotti_et_al_2024,NA,71,71-17m-3,2023,7,27,0.2643,GEOID18,wetland,Juncus roemerianus,NA,-24.305999755859375,-24.313926696777344,-24.34610366821289,0.2563730590820299,29.459493209722222,-89.75824296277777
Mariotti_et_al_2024,NA,71,71-17m-4,2023,7,27,0.2579,GEOID18,wetland,Juncus roemerianus,NA,-24.305999755859375,-24.313926696777344,-24.34610366821289,0.2499730590820306,29.459492789166667,-89.7582504
Mariotti_et_al_2024,NA,71,71-19m-1,2023,7,27,0.2767,GEOID18,wetland,Spartina alterniflora,NA,-24.305999755859375,-24.313926696777344,-24.34610366821289,0.268773059082033,29.45948800111111,-89.75822981916667
Mariotti_et_al_2024,NA,71,71-19m-2,2023,7,27,0.273,GEOID18,wetland,Spartina alterniflora,NA,-24.305999755859375,-24.313926696777344,-24.34610366821289,0.26507305908203094,29.459488254444445,-89.75822250194445
Mariotti_et_al_2024,NA,71,71-19m-3,2023,7,27,0.2638,GEOID18,wetland,Spartina alterniflora,NA,-24.305999755859375,-24.313926696777344,-24.34610366821289,0.25587305908203106,29.459494998055554,-89.75822402611111
Mariotti_et_al_2024,NA,71,71-19m-4,2023,7,27,0.2705,GEOID18,wetland,Spartina alterniflora,NA,-24.305999755859375,-24.313926696777344,-24.34610366821289,0.26257305908202966,29.459494410277777,-89.75822995222222
Mariotti_et_al_2024,NA,71,71-Interior-1,2023,7,27,0.2531,GEOID18,wetland,Juncus roemerianus,NA,-24.305999755859375,-24.313926696777344,-24.34610366821289,0.24517305908203113,29.45949027777778,-89.75820915472222
Mariotti_et_al_2024,NA,71,71-Interior-2,2023,7,27,0.2579,GEOID18,wetland,Juncus roemerianus,NA,-24.305999755859375,-24.313926696777344,-24.34610366821289,0.2499730590820306,29.45949233611111,-89.75820196333333
Mariotti_et_al_2024,NA,71,71-Interior-3,2023,7,27,0.2412,GEOID18,wetland,Juncus roemerianus,NA,-24.305999755859375,-24.313926696777344,-24.34610366821289,0.23327305908203044,29.459496418333334,-89.75820841583334
Mariotti_et_al_2024,NA,71,71-Interior-4,2023,7,27,0.2449,GEOID18,wetland,Juncus roemerianus,NA,-24.305999755859375,-24.313926696777344,-24.34610366821289,0.23697305908203248,29.459496333055554,-89.75820238527778
Mariotti_et_al_2024,NA,71,71-28m-1,2023,7,27,0.2196,GEOID18,wetland,Spartina alterniflora,NA,-24.305999755859375,-24.313926696777344,-24.34610366821289,0.21167305908203105,29.4595069525,-89.75814469416666
Mariotti_et_al_2024,NA,71,71-28m-2,2023,7,27,0.2376,GEOID18,wetland,Spartina alterniflora,NA,-24.305999755859375,-24.313926696777344,-24.34610366821289,0.22967305908203173,29.459513206944443,-89.75814655
Mariotti_et_al_2024,NA,71,71-28m-3,2023,7,27,0.2465,GEOID18,wetland,Spartina alterniflora,NA,-24.305999755859375,-24.313926696777344,-24.34610366821289,0.2385730590820323,29.459509488888887,-89.75813812666667
Mariotti_et_al_2024,NA,71,71-28m-4,2023,7,27,0.2325,GEOID18,wetland,Spartina alterniflora,NA,-24.305999755859375,-24.313926696777344,-24.34610366821289,0.22457305908203296,29.459514374999998,-89.75813998722222
Mariotti_et_al_2024,NA,72,72-Edge-1,2023,7,13,0.2403,GEOID18,wetland,Spartina alterniflora,NA,-24.36549949645996,-24.369436264038086,-24.39509391784668,0.2363632324218763,29.48165327222222,-89.76520107805555
Mariotti_et_al_2024,NA,72,72-Edge-2,2023,7,13,0.2185,GEOID18,wetland,Spartina alterniflora,NA,-24.36549949645996,-24.369436264038086,-24.39509391784668,0.2145632324218738,29.481654978888887,-89.76520839777778
Mariotti_et_al_2024,NA,72,72-Edge-3,2023,7,13,0.2078,GEOID18,wetland,Spartina alterniflora,NA,-24.36549949645996,-24.369436264038086,-24.39509391784668,0.20386323242187387,29.481647883888886,-89.76521046916666
Mariotti_et_al_2024,NA,72,72-3m-1,2023,7,13,0.2834,GEOID18,wetland,Juncus roemerianus,NA,-24.36549949645996,-24.369436264038086,-24.39509391784668,0.2794632324218753,29.48166930333333,-89.76519792777778
Mariotti_et_al_2024,NA,72,72-3m-2,2023,7,13,0.2671,GEOID18,wetland,Juncus roemerianus,NA,-24.36549949645996,-24.369436264038086,-24.39509391784668,0.2631632324218742,29.48167575333333,-89.76519673027778
Mariotti_et_al_2024,NA,72,72-3m-3,2023,7,13,0.2755,GEOID18,wetland,Juncus roemerianus,NA,-24.36549949645996,-24.369436264038086,-24.39509391784668,0.27156323242187597,29.481675609444444,-89.7651894411111
Mariotti_et_al_2024,NA,72,72-3m-4,2023,7,13,0.2647,GEOID18,wetland,Juncus roemerianus,NA,-24.36549949645996,-24.369436264038086,-24.39509391784668,0.26076323242187627,29.481668365555553,-89.76519070083333
Mariotti_et_al_2024,NA,72,72-5m-1,2023,7,13,0.2478,GEOID18,wetland,Juncus roemerianus,NA,-24.36549949645996,-24.369436264038086,-24.39509391784668,0.24386323242187657,29.481684233055553,-89.76517553722222
Mariotti_et_al_2024,NA,72,72-5m-2,2023,7,13,0.2656,GEOID18,wetland,Juncus roemerianus,NA,-24.36549949645996,-24.369436264038086,-24.39509391784668,0.26166323242187417,29.481690528888887,-89.76517129388888
Mariotti_et_al_2024,NA,72,72-5m-3,2023,7,13,0.2543,GEOID18,wetland,Juncus roemerianus,NA,-24.36549949645996,-24.369436264038086,-24.39509391784668,0.25036323242187564,29.48168714472222,-89.76518207916666
Mariotti_et_al_2024,NA,72,72-7m-1,2023,7,13,0.3111,GEOID18,wetland,Juncus roemerianus,NA,-24.36549949645996,-24.369436264038086,-24.39509391784668,0.3071632324218747,29.48170502111111,-89.76516486944445
Mariotti_et_al_2024,NA,72,72-7m-2,2023,7,13,0.3179,GEOID18,wetland,Juncus roemerianus,NA,-24.36549949645996,-24.369436264038086,-24.39509391784668,0.3139632324218766,29.48170076583333,-89.76516934333333
Mariotti_et_al_2024,NA,72,72-7m-3,2023,7,13,0.3441,GEOID18,wetland,Juncus roemerianus,NA,-24.36549949645996,-24.369436264038086,-24.39509391784668,0.34016323242187596,29.48170952861111,-89.76517207583333
Mariotti_et_al_2024,NA,72,72-7m-4,2023,7,13,0.3266,GEOID18,wetland,Juncus roemerianus,NA,-24.36549949645996,-24.369436264038086,-24.39509391784668,0.3226632324218741,29.48170138833333,-89.76517674527778
Mariotti_et_al_2024,NA,72,72-9m-1,2023,7,13,0.3467,GEOID18,wetland,C4,NA,-24.36549949645996,-24.369436264038086,-24.39509391784668,0.34276323242187345,29.48172336361111,-89.76515697972222
Mariotti_et_al_2024,NA,72,72-9m-2,2023,7,13,0.3496,GEOID18,wetland,C4,NA,-24.36549949645996,-24.369436264038086,-24.39509391784668,0.3456632324218738,29.48172633611111,-89.76516373833333
Mariotti_et_al_2024,NA,72,72-9m-3,2023,7,13,0.3463,GEOID18,wetland,C4,NA,-24.36549949645996,-24.369436264038086,-24.39509391784668,0.3423632324218744,29.481718218055555,-89.76516076722223
Mariotti_et_al_2024,NA,72,72-9m-4,2023,7,13,0.3595,GEOID18,wetland,C4,NA,-24.36549949645996,-24.369436264038086,-24.39509391784668,0.3555632324218756,29.481719622777778,-89.765165695
Mariotti_et_al_2024,NA,72,72-11m-1,2023,7,13,0.4062,GEOID18,wetland,C4,NA,-24.36549949645996,-24.369436264038086,-24.39509391784668,0.40226323242187334,29.481740641666665,-89.76514823277778
Mariotti_et_al_2024,NA,72,72-11m-2,2023,7,13,0.4161,GEOID18,wetland,C4,NA,-24.36549949645996,-24.369436264038086,-24.39509391784668,0.41216323242187514,29.48174482611111,-89.765154445
Mariotti_et_al_2024,NA,72,72-11m-3,2023,7,13,0.3587,GEOID18,wetland,C4,NA,-24.36549949645996,-24.369436264038086,-24.39509391784668,0.3547632324218739,29.481735453055553,-89.76515217
Mariotti_et_al_2024,NA,72,72-11m-4,2023,7,13,0.3609,GEOID18,wetland,C4,NA,-24.36549949645996,-24.369436264038086,-24.39509391784668,0.3569632324218759,29.481737867222222,-89.76515806416667
Mariotti_et_al_2024,NA,72,72-13m-1,2023,7,13,0.3029,GEOID18,wetland,C4,NA,-24.36549949645996,-24.369436264038086,-24.39509391784668,0.29896323242187606,29.481756033055554,-89.76513725305556
Mariotti_et_al_2024,NA,72,72-13m-2,2023,7,13,0.3615,GEOID18,wetland,C4,NA,-24.36549949645996,-24.369436264038086,-24.39509391784668,0.3575632324218745,29.481759022777776,-89.76514401833333
Mariotti_et_al_2024,NA,72,72-13m-3,2023,7,13,0.389,GEOID18,wetland,C4,NA,-24.36549949645996,-24.369436264038086,-24.39509391784668,0.38506323242187435,29.481749691944444,-89.76514208111111
Mariotti_et_al_2024,NA,72,72-13m-4,2023,7,13,0.4102,GEOID18,wetland,C4,NA,-24.36549949645996,-24.369436264038086,-24.39509391784668,0.4062632324218747,29.481753829166664,-89.76514951916667
Mariotti_et_al_2024,NA,72,72-15m-1,2023,7,13,0.3375,GEOID18,wetland,C4,NA,-24.36549949645996,-24.369436264038086,-24.39509391784668,0.3335632324218736,29.481775267777778,-89.76513793055555
Mariotti_et_al_2024,NA,72,72-15m-2,2023,7,13,0.3299,GEOID18,wetland,C4,NA,-24.36549949645996,-24.369436264038086,-24.39509391784668,0.32596323242187353,29.481774065277776,-89.76513143388888
Mariotti_et_al_2024,NA,72,72-15m-3,2023,7,13,0.2634,GEOID18,wetland,C4,NA,-24.36549949645996,-24.369436264038086,-24.39509391784668,0.25946323242187574,29.481767599444442,-89.76513325666667
Mariotti_et_al_2024,NA,72,72-15m-4,2023,7,13,0.3589,GEOID18,wetland,C4,NA,-24.36549949645996,-24.369436264038086,-24.39509391784668,0.35496323242187344,29.48176803333333,-89.76513943138889
Mariotti_et_al_2024,NA,72,72-17m-1,2023,7,13,0.2967,GEOID18,wetland,C4,NA,-24.36549949645996,-24.369436264038086,-24.39509391784668,0.2927632324218763,29.481787104444443,-89.76512159527778
Mariotti_et_al_2024,NA,72,72-17m-2,2023,7,13,0.3118,GEOID18,wetland,C4,NA,-24.36549949645996,-24.369436264038086,-24.39509391784668,0.30786323242187663,29.48178157972222,-89.76512397083333
Mariotti_et_al_2024,NA,72,72-17m-3,2023,7,13,0.3468,GEOID18,wetland,C4,NA,-24.36549949645996,-24.369436264038086,-24.39509391784668,0.3428632324218768,29.4817908175,-89.76512848222222
Mariotti_et_al_2024,NA,72,72-17m-4,2023,7,13,0.343,GEOID18,wetland,C4,NA,-24.36549949645996,-24.369436264038086,-24.39509391784668,0.33906323242187497,29.481783937777777,-89.76513258
Mariotti_et_al_2024,NA,72,72-19m-1,2023,7,13,0.4203,GEOID18,wetland,Spartina alterniflora,NA,-24.36549949645996,-24.369436264038086,-24.39509391784668,0.416363232421876,29.481803576666664,-89.76511154861112
Mariotti_et_al_2024,NA,72,72-19m-2,2023,7,13,0.4432,GEOID18,wetland,Spartina alterniflora,NA,-24.36549949645996,-24.369436264038086,-24.39509391784668,0.4392632324218759,29.481798045555554,-89.76511460972222
Mariotti_et_al_2024,NA,72,72-19m-3,2023,7,13,0.4351,GEOID18,wetland,Spartina alterniflora,NA,-24.36549949645996,-24.369436264038086,-24.39509391784668,0.4311632324218735,29.481802070555553,-89.76512233666666
Mariotti_et_al_2024,NA,72,72-19m-4,2023,7,13,0.4485,GEOID18,wetland,Spartina alterniflora,NA,-24.36549949645996,-24.369436264038086,-24.39509391784668,0.44456323242187423,29.481808571388886,-89.76511941916667
Mariotti_et_al_2024,NA,72,72-19m-5,2023,7,13,0.448,GEOID18,wetland,Spartina alterniflora,NA,-24.36549949645996,-24.369436264038086,-24.39509391784668,0.4440632324218754,29.481805049444443,-89.76511161055555
Mariotti_et_al_2024,NA,72,72-Interior-1,2023,7,13,0.4799,GEOID18,wetland,Spartina alterniflora,NA,-24.36549949645996,-24.369436264038086,-24.39509391784668,0.47596323242187566,29.481817333888888,-89.76510847694445
Mariotti_et_al_2024,NA,72,72-Interior-2,2023,7,13,0.3864,GEOID18,wetland,Spartina alterniflora,NA,-24.36549949645996,-24.369436264038086,-24.39509391784668,0.3824632324218733,29.48182239138889,-89.76510602444445
Mariotti_et_al_2024,NA,72,72-Interior-3,2023,7,13,0.3913,GEOID18,wetland,Spartina alterniflora,NA,-24.36549949645996,-24.369436264038086,-24.39509391784668,0.3873632324218761,29.481815231388886,-89.76510798111111
Mariotti_et_al_2024,NA,72,72-Interior-4,2023,7,13,0.3834,GEOID18,wetland,Spartina alterniflora,NA,-24.36549949645996,-24.369436264038086,-24.39509391784668,0.37946323242187674,29.481818704166663,-89.76511604472222
Mariotti_et_al_2024,NA,73,73-Edge-1,2023,7,14,0.3183,GEOID18,wetland,Panicum hemitomon,NA,-25.894899368286133,-25.87574005126953,-25.88555335998535,0.33745931701660226,29.88101689277778,-90.60304206666666
Mariotti_et_al_2024,NA,73,73-Edge-2,2023,7,14,0.3476,GEOID18,wetland,Panicum hemitomon,NA,-25.894899368286133,-25.87574005126953,-25.88555335998535,0.36675931701660147,29.881012761388888,-90.60303344055555
Mariotti_et_al_2024,NA,73,73-Edge-3,2023,7,14,0.3431,GEOID18,wetland,Panicum hemitomon,NA,-25.894899368286133,-25.87574005126953,-25.88555335998535,0.3622593170166013,29.881018927777777,-90.60303515333332
Mariotti_et_al_2024,NA,74,74-Edge-1,2023,7,14,0.3383,GEOID18,wetland,Panicum hemitomon,NA,-25.895999908447266,-25.88102912902832,-25.887680053710938,0.3532707794189456,29.879316196944444,-90.60891806833332
Mariotti_et_al_2024,NA,74,74-Edge-2,2023,7,14,0.3532,GEOID18,wetland,Panicum hemitomon,NA,-25.895999908447266,-25.88102912902832,-25.887680053710938,0.3681707794189464,29.879315235555556,-90.6089204075
Mariotti_et_al_2024,NA,74,74-Edge-3,2023,7,14,0.3365,GEOID18,wetland,Panicum hemitomon,NA,-25.895999908447266,-25.88102912902832,-25.887680053710938,0.3514707794189462,29.879315498055558,-90.60892456972222
Mariotti_et_al_2024,NA,74,74-Interior-1,2023,7,14,0.3761,GEOID18,wetland,Panicum hemitomon,NA,-25.895999908447266,-25.88102912902832,-25.887680053710938,0.3910707794189463,29.879160998611113,-90.60882537416666
Mariotti_et_al_2024,NA,74,74-Interior-2,2023,7,14,0.3387,GEOID18,wetland,Panicum hemitomon,NA,-25.895999908447266,-25.88102912902832,-25.887680053710938,0.35367077941894465,29.87915747611111,-90.60882995333333
Mariotti_et_al_2024,NA,74,74-Interior-3,2023,7,14,0.3574,GEOID18,wetland,Panicum hemitomon,NA,-25.895999908447266,-25.88102912902832,-25.887680053710938,0.3723707794189437,29.879156096666666,-90.60883499444444
Mariotti_et_al_2024,NA,74,74-3m-1,2023,7,14,0.3888,GEOID18,wetland,Panicum hemitomon,NA,-25.895999908447266,-25.88102912902832,-25.887680053710938,0.4037707794189451,29.879303458333332,-90.60890942638888
Mariotti_et_al_2024,NA,74,74-3m-2,2023,7,14,0.3763,GEOID18,wetland,Panicum hemitomon,NA,-25.895999908447266,-25.88102912902832,-25.887680053710938,0.39127077941894584,29.879299056666667,-90.60891312583333
Mariotti_et_al_2024,NA,74,74-3m-3,2023,7,14,0.3389,GEOID18,wetland,Panicum hemitomon,NA,-25.895999908447266,-25.88102912902832,-25.887680053710938,0.3538707794189442,29.879297973333333,-90.60890932916666
Mariotti_et_al_2024,NA,74,74-5m-1,2023,7,14,0.4019,GEOID18,wetland,Colocasia esculenta,NA,-25.895999908447266,-25.88102912902832,-25.887680053710938,0.41687077941894657,29.879287332222223,-90.60890351083333
Mariotti_et_al_2024,NA,74,74-5m-2,2023,7,14,0.3685,GEOID18,wetland,Colocasia esculenta,NA,-25.895999908447266,-25.88102912902832,-25.887680053710938,0.38347077941894625,29.8792886875,-90.608899394722215
Mariotti_et_al_2024,NA,74,74-5m-3,2023,7,14,0.418,GEOID18,wetland,Colocasia esculenta,NA,-25.895999908447266,-25.88102912902832,-25.887680053710938,0.4329707794189446,29.87929175388889,-90.60889685666666
Mariotti_et_al_2024,NA,74,74-7m-1,2023,7,14,0.4058,GEOID18,wetland,Panicum hemitomon,NA,-25.895999908447266,-25.88102912902832,-25.887680053710938,0.4207707794189446,29.87927023138889,-90.60889008138888
Mariotti_et_al_2024,NA,74,74-7m-2,2023,7,14,0.4046,GEOID18,wetland,Panicum hemitomon,NA,-25.895999908447266,-25.88102912902832,-25.887680053710938,0.41957077941894383,29.879266645277777,-90.6088845536111
Mariotti_et_al_2024,NA,74,74-7m-3,2023,7,14,0.3949,GEOID18,wetland,Panicum hemitomon,NA,-25.895999908447266,-25.88102912902832,-25.887680053710938,0.4098707794189451,29.879275445555557,-90.60889043083333
Mariotti_et_al_2024,NA,74,74-9m-1,2023,7,14,0.33,GEOID18,wetland,Panicum hemitomon,NA,-25.895999908447266,-25.88102912902832,-25.887680053710938,0.3449707794189436,29.87925559111111,-90.60887489805555
Mariotti_et_al_2024,NA,74,74-9m-2,2023,7,14,0.4182,GEOID18,wetland,Panicum hemitomon,NA,-25.895999908447266,-25.88102912902832,-25.887680053710938,0.4331707794189441,29.879260482777777,-90.60887848361111
Mariotti_et_al_2024,NA,74,74-9m-3,2023,7,14,0.3849,GEOID18,wetland,Panicum hemitomon,NA,-25.895999908447266,-25.88102912902832,-25.887680053710938,0.3998707794189471,29.879258547777777,-90.60887212472221
Mariotti_et_al_2024,NA,74,74-11m-1,2023,7,14,0.374,GEOID18,wetland,Panicum hemitomon,NA,-25.895999908447266,-25.88102912902832,-25.887680053710938,0.3889707794189441,29.87924137888889,-90.6088620286111
Mariotti_et_al_2024,NA,74,74-11m-2,2023,7,14,0.3651,GEOID18,wetland,Panicum hemitomon,NA,-25.895999908447266,-25.88102912902832,-25.887680053710938,0.3800707794189435,29.87924505666667,-90.60886353999999
Mariotti_et_al_2024,NA,74,74-11m-3,2023,7,14,0.3808,GEOID18,wetland,Panicum hemitomon,NA,-25.895999908447266,-25.88102912902832,-25.887680053710938,0.395770779418946,29.879239423333335,-90.6088589386111
Mariotti_et_al_2024,NA,74,74-13m-1,2023,7,14,0.3396,GEOID18,wetland,Panicum hemitomon,NA,-25.895999908447266,-25.88102912902832,-25.887680053710938,0.3545707794189461,29.879224564444446,-90.6088522975
Mariotti_et_al_2024,NA,74,74-13m-2,2023,7,14,0.3519,GEOID18,wetland,Panicum hemitomon,NA,-25.895999908447266,-25.88102912902832,-25.887680053710938,0.36687077941894586,29.879227271111112,-90.60884704083333
Mariotti_et_al_2024,NA,74,74-13m-3,2023,7,14,0.3526,GEOID18,wetland,Panicum hemitomon,NA,-25.895999908447266,-25.88102912902832,-25.887680053710938,0.3675707794189442,29.87922129361111,-90.60885746416666
Mariotti_et_al_2024,NA,74,74-15m-1,2023,7,14,0.3588,GEOID18,wetland,Panicum hemitomon,NA,-25.895999908447266,-25.88102912902832,-25.887680053710938,0.373770779418944,29.87920892,-90.60884166638888
Mariotti_et_al_2024,NA,74,74-15m-2,2023,7,14,0.3633,GEOID18,wetland,Panicum hemitomon,NA,-25.895999908447266,-25.88102912902832,-25.887680053710938,0.37827077941894416,29.879212125555554,-90.60883973333333
Mariotti_et_al_2024,NA,74,74-15m-3,2023,7,14,0.3351,GEOID18,wetland,Panicum hemitomon,NA,-25.895999908447266,-25.88102912902832,-25.887680053710938,0.35007077941894593,29.879207930833335,-90.60883672444444
Mariotti_et_al_2024,NA,74,74-17m-1,2023,7,14,0.3691,GEOID18,wetland,Panicum hemitomon,NA,-25.895999908447266,-25.88102912902832,-25.887680053710938,0.38407077941894485,29.879190052222224,-90.60883499638888
Mariotti_et_al_2024,NA,74,74-17m-2,2023,7,14,0.3679,GEOID18,wetland,Panicum hemitomon,NA,-25.895999908447266,-25.88102912902832,-25.887680053710938,0.3828707794189441,29.879189969722223,-90.60884293444444
Mariotti_et_al_2024,NA,74,74-17m-3,2023,7,14,0.3463,GEOID18,wetland,Panicum hemitomon,NA,-25.895999908447266,-25.88102912902832,-25.887680053710938,0.3612707794189447,29.87919600388889,-90.6088269175
Mariotti_et_al_2024,NA,74,74-19m-1,2023,7,14,0.2858,GEOID18,wetland,Panicum hemitomon,NA,-25.895999908447266,-25.88102912902832,-25.887680053710938,0.3007707794189436,29.87917187972222,-90.60882922083333
Mariotti_et_al_2024,NA,74,74-19m-2,2023,7,14,0.3023,GEOID18,wetland,Panicum hemitomon,NA,-25.895999908447266,-25.88102912902832,-25.887680053710938,0.3172707794189442,29.879177568055557,-90.60882868138889
Mariotti_et_al_2024,NA,74,74-19m-3,2023,7,14,0.3366,GEOID18,wetland,Panicum hemitomon,NA,-25.895999908447266,-25.88102912902832,-25.887680053710938,0.351570779418946,29.8791695825,-90.608838905
Shahan_et_al_2024,NA,Eden Landing,1,2020,NA,NA,1.4566,GEOID18,wetland,Spartina foliosa,NA,-32.51919937133789,-32.52304458618164,-32.505149841308594,1.4527547851562517,37.61577879,-122.113765
Shahan_et_al_2024,NA,Eden Landing,2,2020,NA,NA,1.5417,GEOID18,wetland,Spartina foliosa,NA,-32.51919937133789,-32.52304458618164,-32.505149841308594,1.5378547851562487,37.61577983,-122.1137606
Shahan_et_al_2024,NA,Eden Landing,3,2020,NA,NA,1.7483,GEOID18,wetland,Salicornia pacifica,NA,-32.51919937133789,-32.52304458618164,-32.505149841308594,1.7444547851562504,37.61561934,-122.1140762
Shahan_et_al_2024,NA,Eden Landing,4,2020,NA,NA,1.714,GEOID18,wetland,Salicornia pacifica,NA,-32.51919937133789,-32.52304458618164,-32.505149841308594,1.7101547851562486,37.61561995,-122.1140836
Shahan_et_al_2024,NA,Eden Landing,5,2020,NA,NA,1.7205,GEOID18,wetland,Salicornia pacifica,NA,-32.51919937133789,-32.52304458618164,-32.505149841308594,1.7166547851562513,37.61562432,-122.114084
Shahan_et_al_2024,NA,Eden Landing,6,2020,NA,NA,1.6971,GEOID18,wetland,mudflat,NA,-32.51919937133789,-32.52304458618164,-32.505149841308594,1.693254785156249,37.61563117,-122.1141009
Shahan_et_al_2024,NA,Eden Landing,7,2020,NA,NA,1.6828,GEOID18,wetland,mudflat,NA,-32.51919937133789,-32.52304458618164,-32.505149841308594,1.6789547851562503,37.61563602,-122.1141009
Shahan_et_al_2024,NA,Eden Landing,8,2020,NA,NA,1.6951,GEOID18,wetland,mudflat,NA,-32.51919937133789,-32.52304458618164,-32.505149841308594,1.69125478515625,37.61563961,-122.1140947
Shahan_et_al_2024,NA,Eden Landing,9,2020,NA,NA,1.7586,GEOID18,wetland,mudflat,NA,-32.51919937133789,-32.52304458618164,-32.505149841308594,1.7547547851562513,37.61563822,-122.1140875
Shahan_et_al_2024,NA,Eden Landing,10,2020,NA,NA,1.743,GEOID18,wetland,Salicornia pacifica,NA,-32.51919937133789,-32.52304458618164,-32.505149841308594,1.7391547851562486,37.61563063,-122.1140739
Shahan_et_al_2024,NA,Eden Landing,11,2020,NA,NA,1.7347,GEOID18,wetland,Salicornia pacifica,NA,-32.51919937133789,-32.52304458618164,-32.505149841308594,1.7308547851562501,37.61562311,-122.1140626
Shahan_et_al_2024,NA,Eden Landing,12,2020,NA,NA,1.5261,GEOID18,wetland,Spartina foliosa,NA,-32.51919937133789,-32.52304458618164,-32.505149841308594,1.5222547851562496,37.61561917,-122.1140496
Shahan_et_al_2024,NA,Eden Landing,13,2020,NA,NA,1.5349,GEOID18,wetland,Spartina foliosa,NA,-32.51919937133789,-32.52304458618164,-32.505149841308594,1.5310547851562504,37.61578229,-122.1137588
Shahan_et_al_2024,NA,Eden Landing,14,2020,NA,NA,1.6498,GEOID18,wetland,mudflat,NA,-32.51919937133789,-32.52304458618164,-32.505149841308594,1.645954785156249,37.61565144,-122.1139588
Shahan_et_al_2024,NA,Eden Landing,15,2020,NA,NA,1.6336,GEOID18,wetland,mudflat,NA,-32.51919937133789,-32.52304458618164,-32.505149841308594,1.6297547851562513,37.6156547,-122.1139684
Shahan_et_al_2024,NA,Eden Landing,16,2020,NA,NA,1.6851,GEOID18,wetland,Salicornia pacifica,NA,-32.51919937133789,-32.52304458618164,-32.505149841308594,1.6812547851562485,37.61565971,-122.1139745
Shahan_et_al_2024,NA,Eden Landing,17,2020,NA,NA,1.6244,GEOID18,wetland,mudflat,NA,-32.51919937133789,-32.52304458618164,-32.505149841308594,1.6205547851562514,37.61566078,-122.113984
Shahan_et_al_2024,NA,Eden Landing,18,2020,NA,NA,1.6162,GEOID18,wetland,Spartina foliosa,NA,-32.51919937133789,-32.52304458618164,-32.505149841308594,1.6123547851562492,37.61566679,-122.1139892
Shahan_et_al_2024,NA,Eden Landing,19,2020,NA,NA,1.6199,GEOID18,wetland,Spartina foliosa,NA,-32.51919937133789,-32.52304458618164,-32.505149841308594,1.6160547851562512,37.61566713,-122.113993
Shahan_et_al_2024,NA,Eden Landing,20,2020,NA,NA,1.5981,GEOID18,wetland,Spartina foliosa,NA,-32.51919937133789,-32.52304458618164,-32.505149841308594,1.5942547851562487,37.61567294,-122.1139951
Shahan_et_al_2024,NA,Eden Landing,21,2020,NA,NA,1.618,GEOID18,wetland,mudflat,NA,-32.51919937133789,-32.52304458618164,-32.505149841308594,1.6141547851562486,37.61566496,-122.113962
Shahan_et_al_2024,NA,Eden Landing,22,2020,NA,NA,1.7714,GEOID18,wetland,Salicornia pacifica,NA,-32.51919937133789,-32.52304458618164,-32.505149841308594,1.7675547851562499,37.61564563,-122.1139251
Shahan_et_al_2024,NA,Eden Landing,23,2020,NA,NA,1.685,GEOID18,wetland,Salicornia pacifica,NA,-32.51919937133789,-32.52304458618164,-32.505149841308594,1.6811547851562487,37.61578039,-122.113748
Shahan_et_al_2024,NA,Eden Landing,24,2020,NA,NA,1.5686,GEOID18,wetland,Spartina foliosa,NA,-32.51919937133789,-32.52304458618164,-32.505149841308594,1.56475478515625,37.61577613,-122.1137715
Shahan_et_al_2024,NA,Eden Landing,RTCM-Ref 3215,2020,NA,NA,12.1699,GEOID18,upland,NA,NA,-32.50310134887695,-32.501827239990234,-32.48625564575195,12.171174108886717,37.71417467,-122.22207
Schile-Beers et al 2014 - RTK Transect,NA,Rush Ranch,marshplain1,2012,6,18,1.37076,GEOID09,wetland,NA,NA,-32.03089904785156,-32.0271110534668,-32.02723693847656,1.3744221093750006,38.192654138863524,-122.02812033072242
Schile-Beers et al 2014 - RTK Transect,NA,Rush Ranch,mudflat1,2012,6,18,0.5535,GEOID09,wetland,mudflat,NA,-32.03089904785156,-32.0271110534668,-32.02723693847656,0.5571621093749997,38.19266267886636,-122.0280800874421
Schile-Beers et al 2014 - RTK Transect,NA,Rush Ranch,mudflat2,2012,6,18,0.57943,GEOID09,wetland,mudflat,NA,-32.03089904785156,-32.0271110534668,-32.02723693847656,0.5830921093749986,38.19483554501386,-122.0324547387638
Schile-Beers et al 2014 - RTK Transect,NA,Rush Ranch,mudflat5,2012,6,18,0.82005,GEOID09,wetland,mudflat,NA,-32.03089904785156,-32.0271110534668,-32.02723693847656,0.8237121093749984,38.19822256771373,-122.03276996611466
Schile-Beers et al 2014 - RTK Transect,NA,Rush Ranch,scac1,2012,6,18,0.71055,GEOID09,wetland,Schoenoplectus acutus,NA,-32.09199905395508,-32.096580505371094,-32.09062957763672,0.7119194763183607,38.18610161663741,-122.00343907915655
Schile-Beers et al 2014 - RTK Transect,NA,Rush Ranch,scac2,2012,6,18,0.69424,GEOID09,wetland,Schoenoplectus acutus,NA,-32.09199905395508,-32.096580505371094,-32.09062957763672,0.69560947631836,38.18611872371112,-122.0034274569274
Schile-Beers et al 2014 - RTK Transect,NA,Rush Ranch,scac3,2012,6,18,0.60243,GEOID09,wetland,Schoenoplectus acutus,NA,-32.09199905395508,-32.096580505371094,-32.09062957763672,0.6037994763183576,38.18508484992134,-122.00434377249947
Schile-Beers et al 2014 - RTK Transect,NA,Rush Ranch,scac4,2012,6,18,0.6095,GEOID09,wetland,Schoenoplectus acutus,NA,-32.09199905395508,-32.096580505371094,-32.09062957763672,0.61086947631836,38.18333006058546,-122.00824698714405
Schile-Beers et al 2014 - RTK Transect,NA,Rush Ranch,scac5,2012,6,18,0.61518,GEOID09,wetland,Schoenoplectus acutus,NA,-32.08449935913086,-32.083709716796875,-32.078826904296875,0.6208524548339831,38.18416742712801,-122.01402129214037
Schile-Beers et al 2014 - RTK Transect,NA,Rush Ranch,scac6,2012,6,18,0.47262,GEOID09,wetland,Schoenoplectus acutus,NA,-32.08449935913086,-32.083709716796875,-32.078826904296875,0.4782924548339835,38.190469831347684,-122.02271985129109
Schile-Beers et al 2014 - RTK Transect,NA,Rush Ranch,scac7,2012,6,18,0.72591,GEOID09,wetland,Schoenoplectus acutus,NA,-32.08449935913086,-32.083709716796875,-32.078826904296875,0.7315824548339833,38.190682651486895,-122.02249650743641
Schile-Beers et al 2014 - RTK Transect,NA,Rush Ranch,scac8,2012,6,18,0.48815,GEOID09,wetland,Schoenoplectus acutus,NA,-32.08449935913086,-32.083709716796875,-32.078826904296875,0.49382245483398535,38.19068536490102,-122.02249842246404
Schile-Beers et al 2014 - RTK Transect,NA,Rush Ranch,scac9,2012,6,18,0.97473,GEOID09,wetland,Schoenoplectus acutus,NA,-32.04520034790039,-32.04480743408203,-32.043453216552734,0.9764771313476572,38.19337268404777,-122.02487396926281
Schile-Beers et al 2014 - RTK Transect,NA,Rush Ranch,scac10,2012,6,18,0.70879,GEOID09,wetland,Schoenoplectus acutus,NA,-32.03089904785156,-32.0271110534668,-32.02723693847656,0.7124521093750005,38.19823154545661,-122.03282017291617
Schile-Beers et al 2014 - RTK Transect,NA,Rush Ranch,scac11,2012,6,18,0.85773,GEOID09,wetland,Schoenoplectus acutus,NA,-32.03089904785156,-32.0271110534668,-32.02723693847656,0.8613921093750001,38.198222635012385,-122.03276941636514
Schile-Beers et al 2014 - RTK Transect,NA,Rush Ranch,scca1,2012,6,18,0.61413,GEOID09,wetland,Schoenoplectus californicus,NA,-32.03089904785156,-32.0271110534668,-32.02723693847656,0.6177921093749994,38.19266759550741,-122.02808825035687
Schile-Beers et al 2014 - RTK Transect,NA,Rush Ranch,scca2,2012,6,18,0.94213,GEOID09,wetland,Schoenoplectus californicus,NA,-32.03089904785156,-32.0271110534668,-32.02723693847656,0.9457921093749988,38.19266774717792,-122.0280972310847
Schile-Beers et al 2014 - RTK Transect,NA,Rush Ranch,scca3,2012,6,18,0.55294,GEOID09,wetland,Schoenoplectus californicus,NA,-32.03089904785156,-32.0271110534668,-32.02723693847656,0.5566021093749995,38.196228957577816,-122.02914567228478
Schile-Beers et al 2014 - RTK Transect,NA,Rush Ranch,scca11,2012,6,18,0.64549,GEOID09,wetland,Schoenoplectus californicus,NA,-32.03089904785156,-32.0271110534668,-32.02723693847656,0.6491521093749988,38.19483172423589,-122.03245140153545
Schile-Beers et al 2014 - RTK Transect,NA,Rush Ranch,COMOMO,2011,9,22,1.39638,GEOID09,wetland,high marsh,NA,-32.04520034790039,-32.04480743408203,-32.043453216552734,1.3981271313476569,38.19563612801748,-122.01141393571864
Schile-Beers et al 2014 - RTK Transect,NA,Rush Ranch,COMOMO1,2011,9,22,1.84657,GEOID09,wetland,high marsh,NA,-32.04520034790039,-32.04480743408203,-32.043453216552734,1.848317131347656,38.19564170091813,-122.01139914198396
Schile-Beers et al 2014 - RTK Transect,NA,Rush Ranch,COMOMO2,2011,9,22,1.87862,GEOID09,wetland,high marsh,NA,-32.04520034790039,-32.04480743408203,-32.043453216552734,1.8803671313476578,38.19564750651606,-122.01142312390057
Schile-Beers et al 2014 - RTK Transect,NA,Rush Ranch,COMOMO3,2011,9,22,1.8902,GEOID09,wetland,high marsh,NA,-32.04520034790039,-32.04480743408203,-32.043453216552734,1.8919471313476564,38.19571291323893,-122.01152520259404
Schile-Beers et al 2014 - RTK Transect,NA,Rush Ranch,COMOMO4,2011,9,22,1.87515,GEOID09,wetland,high marsh,NA,-32.04520034790039,-32.04480743408203,-32.043453216552734,1.8768971313476577,38.19581082389588,-122.01158165447107
Schile-Beers et al 2014 - RTK Transect,NA,Rush Ranch,NO SCAM1,2011,9,22,1.9277,GEOID09,wetland,high marsh,NA,-32.04520034790039,-32.04480743408203,-32.043453216552734,1.9294471313476578,38.19559188452535,-122.01097400883583
Schile-Beers et al 2014 - RTK Transect,NA,Rush Ranch,NO SCAM2,2011,9,22,1.90972,GEOID09,wetland,high marsh,NA,-32.04520034790039,-32.04480743408203,-32.043453216552734,1.9114671313476563,38.195651696593494,-122.01123444099807
Schile-Beers et al 2014 - RTK Transect,NA,Rush Ranch,NO SCAM3,2011,9,22,1.84493,GEOID09,wetland,high marsh,NA,-32.04520034790039,-32.04480743408203,-32.043453216552734,1.8466771313476578,38.19627064941978,-122.01179319610695
Schile-Beers et al 2014 - RTK Transect,NA,Rush Ranch,NO SCAM4,2011,9,22,1.87224,GEOID09,wetland,high marsh,NA,-32.04520034790039,-32.04480743408203,-32.043453216552734,1.8739871313476577,38.196585751119756,-122.01271695971953
Schile-Beers et al 2014 - RTK Transect,NA,Rush Ranch,NO SCAM5,2011,9,22,1.89114,GEOID09,wetland,high marsh,NA,-32.04520034790039,-32.04480743408203,-32.043453216552734,1.8928871313476563,38.196614189990314,-122.01277135824115
Schile-Beers et al 2014 - RTK Transect,NA,Rush Ranch,NO SCAM6,2011,9,22,2.1702,GEOID09,wetland,high marsh,NA,-32.04520034790039,-32.04480743408203,-32.043453216552734,2.1719471313476575,38.19663910354117,-122.01283951254723
Schile-Beers et al 2014 - RTK Transect,NA,Rush Ranch,NO SCAM7,2011,9,22,1.96623,GEOID09,wetland,high marsh,NA,-32.04520034790039,-32.04480743408203,-32.043453216552734,1.9679771313476557,38.19633086322415,-122.01291214375426
Schile-Beers et al 2014 - RTK Transect,NA,Rush Ranch,NO SCAM8,2011,9,22,1.91304,GEOID09,wetland,high marsh,NA,-32.04520034790039,-32.04480743408203,-32.043453216552734,1.914787131347655,38.19635686358171,-122.01284083604187
Schile-Beers et al 2014 - RTK Transect,NA,Rush Ranch,NO SCAM9,2011,9,22,1.92436,GEOID09,wetland,high marsh,NA,-32.04520034790039,-32.04480743408203,-32.043453216552734,1.9261071313476563,38.19641266803337,-122.01279456274236
Schile-Beers et al 2014 - RTK Transect,NA,Rush Ranch,NO SCAM10,2011,9,22,1.86623,GEOID09,wetland,high marsh,NA,-32.04520034790039,-32.04480743408203,-32.043453216552734,1.8679771313476579,38.196642412651634,-122.01263604919299
Schile-Beers et al 2014 - RTK Transect,NA,Rush Ranch,NO SCAM11,2011,9,22,1.86265,GEOID09,wetland,high marsh,NA,-32.04520034790039,-32.04480743408203,-32.043453216552734,1.8643971313476548,38.196642280197864,-122.0126359344974
Schile-Beers et al 2014 - RTK Transect,NA,Rush Ranch,NO SCAM12,2011,9,22,1.91355,GEOID09,wetland,high marsh,NA,-32.04520034790039,-32.04480743408203,-32.043453216552734,1.915297131347657,38.196734294899336,-122.01267683276551
Schile-Beers et al 2014 - RTK Transect,NA,Rush Ranch,NO SCAM13,2011,9,22,1.91969,GEOID09,wetland,high marsh,NA,-32.04520034790039,-32.04480743408203,-32.043453216552734,1.9214371313476555,38.19681431650344,-122.01257631375208
Schile-Beers et al 2014 - RTK Transect,NA,Rush Ranch,NO SCAM14,2011,9,22,1.94322,GEOID09,wetland,high marsh,NA,-32.04520034790039,-32.04480743408203,-32.043453216552734,1.9449671313476564,38.19677133707045,-122.01254801975011
Schile-Beers et al 2014 - RTK Transect,NA,Rush Ranch,SCAC1,2011,9,22,1.19761,GEOID09,wetland,Schoenoplectus acutus,NA,-32.08449935913086,-32.083709716796875,-32.078826904296875,1.2032824548339853,38.19012466864673,-122.00846393801157
Schile-Beers et al 2014 - RTK Transect,NA,Rush Ranch,SCAM1,2011,9,22,1.9385,GEOID09,wetland,Schoenoplectus americanus,NA,-32.04520034790039,-32.04480743408203,-32.043453216552734,1.9402471313476575,38.19517455606771,-122.0106814373341
Schile-Beers et al 2014 - RTK Transect,NA,Rush Ranch,SCAM2,2011,9,22,1.92006,GEOID09,wetland,Schoenoplectus americanus,NA,-32.04520034790039,-32.04480743408203,-32.043453216552734,1.9218071313476557,38.19526507776559,-122.01082155017419
Schile-Beers et al 2014 - RTK Transect,NA,Rush Ranch,SCAM3,2011,9,22,1.95607,GEOID09,wetland,Schoenoplectus americanus,NA,-32.04520034790039,-32.04480743408203,-32.043453216552734,1.9578171313476567,38.19541371199747,-122.01094550768013
Schile-Beers et al 2014 - RTK Transect,NA,Rush Ranch,SCAM4,2011,9,22,1.92435,GEOID09,wetland,Schoenoplectus americanus,NA,-32.04520034790039,-32.04480743408203,-32.043453216552734,1.9260971313476567,38.19551319161463,-122.0109525889645
Schile-Beers et al 2014 - RTK Transect,NA,Rush Ranch,SCAM5,2011,9,22,1.86955,GEOID09,wetland,Schoenoplectus americanus,NA,-32.04520034790039,-32.04480743408203,-32.043453216552734,1.8712971313476565,38.19567864220176,-122.01148858065784
Schile-Beers et al 2014 - RTK Transect,NA,Rush Ranch,SCAM6,2011,9,22,1.84171,GEOID09,wetland,Schoenoplectus americanus,NA,-32.04520034790039,-32.04480743408203,-32.043453216552734,1.8434571313476553,38.196595582877,-122.01262509918445
Schile-Beers et al 2014 - RTK Transect,NA,Rush Ranch,SCAM7,2011,9,22,1.83549,GEOID09,wetland,Schoenoplectus americanus,NA,-32.04520034790039,-32.04480743408203,-32.043453216552734,1.8372371313476563,38.19640312316438,-122.01275299449146
Schile-Beers et al 2014 - RTK Transect,NA,Rush Ranch,UPLAND1,2011,9,22,2.15586,GEOID09,upland,NA,NA,-32.04520034790039,-32.04480743408203,-32.043453216552734,2.157607131347657,38.19643225280973,-122.01291899220678
Schile-Beers et al 2014 - RTK Transect,NA,Rush Ranch,UPLAND2,2011,9,22,2.1573,GEOID09,upland,NA,NA,-32.04520034790039,-32.04480743408203,-32.043453216552734,2.1590471313476556,38.19643216910078,-122.01291898328729
Schile-Beers et al 2014 - RTK Transect,NA,Rush Ranch,UPLAND3,2011,9,22,2.32505,GEOID09,upland,NA,NA,-32.04520034790039,-32.04480743408203,-32.043453216552734,2.326797131347657,38.196374905792574,-122.01294917881478
Schile-Beers et al 2014 - RTK Transect,NA,Rush Ranch,UPLAND4,2011,9,22,2.43497,GEOID09,upland,NA,NA,-32.04520034790039,-32.04480743408203,-32.043453216552734,2.436717131347656,38.196324713505874,-122.01296733571112
Schile-Beers et al 2014 - RTK Transect,NA,Rush Ranch,UPLAND5,2011,9,22,2.18274,GEOID09,upland,NA,NA,-32.04520034790039,-32.04480743408203,-32.043453216552734,2.1844871313476553,38.196788970456524,-122.01268937572566
Schile-Beers et al 2014 - RTK Transect,NA,Rush Ranch,UPLAND6,2011,9,22,2.16672,GEOID09,upland,NA,NA,-32.04520034790039,-32.04480743408203,-32.043453216552734,2.168467131347658,38.19684587897573,-122.01260774523362
Rankin et al 2024,NA,Rush Ranch,1,2016,9,1,1.981,GEOID12b,wetland,Distichlis spicata,NA,-32.03089904785156,-32.0271110534668,-32.02723693847656,1.981,38.19972569013364,-122.02892940825207
Rankin et al 2024,NA,Rush Ranch,2,2016,9,1,1.965,GEOID12b,wetland,Atriplex prostrata,NA,-32.03089904785156,-32.0271110534668,-32.02723693847656,1.965,38.19977910661749,-122.02807893129051
Rankin et al 2024,NA,Rush Ranch,3,2016,9,1,1.978,GEOID12b,wetland,Distichlis spicata,NA,-32.03089904785156,-32.0271110534668,-32.02723693847656,1.978,38.19981965315073,-122.02849380285085
Rankin et al 2024,NA,Rush Ranch,4,2016,9,1,1.959,GEOID12b,wetland,Schoenoplectus americanus,NA,-32.03089904785156,-32.0271110534668,-32.02723693847656,1.959,38.19983096774297,-122.02770833057885
Rankin et al 2024,NA,Rush Ranch,5,2016,9,1,1.986,GEOID12b,wetland,Juncus balticus,NA,-32.03089904785156,-32.0271110534668,-32.02723693847656,1.986,38.199841092421465,-122.02684734991989
Rankin et al 2024,NA,Rush Ranch,6,2016,9,1,1.913,GEOID12b,wetland,Atriplex prostrata,NA,-32.03089904785156,-32.0271110534668,-32.02723693847656,1.913,38.19988173644648,-122.02641674541306
Rankin et al 2024,NA,Rush Ranch,7,2016,9,1,1.919,GEOID12b,wetland,Schoenoplectus americanus,NA,-32.03089904785156,-32.0271110534668,-32.02723693847656,1.919,38.19990096044436,-122.02729966325555
Rankin et al 2024,NA,Rush Ranch,8,2016,9,12,1.99,GEOID12b,wetland,Lepidium latifolium,NA,-32.04520034790039,-32.04480743408203,-32.043453216552734,1.99,38.19235715491788,-122.0197313981242
Rankin et al 2024,NA,Rush Ranch,9,2016,9,12,1.91,GEOID12b,wetland,Schoenoplectus americanus,NA,-32.04520034790039,-32.04480743408203,-32.043453216552734,1.91,38.192541133806664,-122.01473067587446
Rankin et al 2024,NA,Rush Ranch,10,2016,9,12,1.972,GEOID12b,wetland,Juncus balticus,NA,-32.04520034790039,-32.04480743408203,-32.043453216552734,1.972,38.19267473711137,-122.01971282088944
Rankin et al 2024,NA,Rush Ranch,11,2016,9,12,1.967,GEOID12b,wetland,Salicornia pacifica,NA,-32.04520034790039,-32.04480743408203,-32.043453216552734,1.967,38.192855133239554,-122.01478035627395
Rankin et al 2024,NA,Rush Ranch,12,2016,9,12,1.964,GEOID12b,wetland,Salicornia pacifica,NA,-32.04520034790039,-32.04480743408203,-32.043453216552734,1.964,38.19298494661495,-122.01970064584465
Rankin et al 2024,NA,Rush Ranch,13,2016,9,12,1.855,GEOID12b,wetland,Distichlis spicata,NA,-32.052799224853516,-32.05912780761719,-32.05683517456055,1.855,38.19309007134659,-122.00747521530799
Rankin et al 2024,NA,Rush Ranch,14,2016,9,12,1.927,GEOID12b,wetland,Distichlis spicata,NA,-32.04520034790039,-32.04480743408203,-32.043453216552734,1.927,38.1931697135919,-122.01482731140625
Rankin et al 2024,NA,Rush Ranch,15,2016,9,12,1.956,GEOID12b,wetland,Distichlis spicata,NA,-32.04520034790039,-32.04480743408203,-32.043453216552734,1.956,38.193299200645086,-122.01968391715835
Rankin et al 2024,NA,Rush Ranch,16,2016,9,12,1.9,GEOID12b,wetland,Distichlis spicata,NA,-32.052799224853516,-32.05912780761719,-32.05683517456055,1.9,38.19333127765833,-122.0077568808698
Rankin et al 2024,NA,Rush Ranch,17,2016,9,12,1.947,GEOID12b,wetland,Jaumea carnosa,NA,-32.04520034790039,-32.04480743408203,-32.043453216552734,1.947,38.19347662119594,-122.01487602611432
Rankin et al 2024,NA,Rush Ranch,18,2016,9,12,1.983,GEOID12b,wetland,Distichlis spicata,NA,-32.04520034790039,-32.04480743408203,-32.043453216552734,1.983,38.19362009262533,-122.0196710162152
Rankin et al 2024,NA,Rush Ranch,19,2016,9,12,1.925,GEOID12b,wetland,Schoenoplectus americanus,NA,-32.052799224853516,-32.05912780761719,-32.05683517456055,1.925,38.19355908389609,-122.00803023392075
Rankin et al 2024,NA,Rush Ranch,20,2016,9,12,1.929,GEOID12b,wetland,Apium graveolens,NA,-32.04520034790039,-32.04480743408203,-32.043453216552734,1.929,38.19379508072883,-122.01492560192273
Rankin et al 2024,NA,Rush Ranch,21,2016,9,12,1.953,GEOID12b,wetland,Salicornia pacifica,NA,-32.052799224853516,-32.05912780761719,-32.05683517456055,1.953,38.193789453529064,-122.0083041248786
Rankin et al 2024,NA,Rush Ranch,22,2016,9,12,1.962,GEOID12b,wetland,Juncus balticus,NA,-32.04520034790039,-32.04480743408203,-32.043453216552734,1.962,38.19393733101487,-122.01965552618142
Rankin et al 2024,NA,Rush Ranch,23,2016,9,12,1.923,GEOID12b,wetland,Salicornia pacifica,NA,-32.04520034790039,-32.04480743408203,-32.043453216552734,1.923,38.19401636540005,-122.0085784412816
Rankin et al 2024,NA,Rush Ranch,24,2016,9,12,1.976,GEOID12b,wetland,Distichlis spicata,NA,-32.04520034790039,-32.04480743408203,-32.043453216552734,1.976,38.19410786035359,-122.01497492347804
Rankin et al 2024,NA,Rush Ranch,25,2016,9,12,1.961,GEOID12b,wetland,Juncus balticus,NA,-32.04520034790039,-32.04480743408203,-32.043453216552734,1.961,38.194248455874146,-122.01964073461109
Rankin et al 2024,NA,Rush Ranch,26,2016,9,12,1.92,GEOID12b,wetland,Salicornia pacifica,NA,-32.04520034790039,-32.04480743408203,-32.043453216552734,1.92,38.19424280231837,-122.0088488831344
Rankin et al 2024,NA,Rush Ranch,27,2016,9,12,1.968,GEOID12b,wetland,Salicornia pacifica,NA,-32.04520034790039,-32.04480743408203,-32.043453216552734,1.968,38.19441901516605,-122.01501964234197
Rankin et al 2024,NA,Rush Ranch,28,2016,9,12,1.979,GEOID12b,wetland,Juncus balticus,NA,-32.04520034790039,-32.04480743408203,-32.043453216552734,1.979,38.19455645117577,-122.0196289082912
Rankin et al 2024,NA,Rush Ranch,29,2016,9,12,1.962,GEOID12b,wetland,Distichlis spicata,NA,-32.04520034790039,-32.04480743408203,-32.043453216552734,1.962,38.19447010789523,-122.00912942130256
Rankin et al 2024,NA,Rush Ranch,30,2016,9,12,1.957,GEOID12b,wetland,Schoenoplectus americanus,NA,-32.04520034790039,-32.04480743408203,-32.043453216552734,1.957,38.19473466864616,-122.01506991946763
Rankin et al 2024,NA,Rush Ranch,31,2016,9,12,1.954,GEOID12b,wetland,Distichlis spicata,NA,-32.04520034790039,-32.04480743408203,-32.043453216552734,1.954,38.19470614521849,-122.009403493546
Rankin et al 2024,NA,Rush Ranch,32,2016,9,12,1.951,GEOID12b,wetland,Schoenoplectus americanus,NA,-32.04520034790039,-32.04480743408203,-32.043453216552734,1.951,38.1949275319457,-122.00967590455484
Rankin et al 2024,NA,Rush Ranch,33,2016,9,12,1.895,GEOID12b,wetland,Schoenoplectus americanus,NA,-32.04520034790039,-32.04480743408203,-32.043453216552734,1.895,38.195044162255236,-122.01511536946317
Rankin et al 2024,NA,Rush Ranch,34,2016,9,12,1.963,GEOID12b,wetland,Salicornia pacifica,NA,-32.04520034790039,-32.04480743408203,-32.043453216552734,1.963,38.19516280903085,-122.00994654177192
Rankin et al 2024,NA,Rush Ranch,35,2016,9,12,1.907,GEOID12b,wetland,Salicornia pacifica,NA,-32.04520034790039,-32.04480743408203,-32.043453216552734,1.907,38.19539217683825,-122.01022078944018
Rankin et al 2024,NA,Rush Ranch,36,2016,9,12,1.932,GEOID12b,wetland,Schoenoplectus americanus,NA,-32.04520034790039,-32.04480743408203,-32.043453216552734,1.932,38.19562126823174,-122.01049546509479
Rankin et al 2024,NA,Rush Ranch,37,2016,9,12,1.884,GEOID12b,wetland,Juncus balticus,NA,-32.04520034790039,-32.04480743408203,-32.043453216552734,1.884,38.19585088033328,-122.0107678400153
Rankin et al 2024,NA,Rush Ranch,38,2016,9,12,1.893,GEOID12b,wetland,Schoenoplectus americanus,NA,-32.04520034790039,-32.04480743408203,-32.043453216552734,1.893,38.19607935524529,-122.01104009497863
Rankin et al 2024,NA,Rush Ranch,39,2016,9,12,1.856,GEOID12b,wetland,Juncus balticus,NA,-32.04520034790039,-32.04480743408203,-32.043453216552734,1.856,38.19630317039718,-122.011322007422
Rankin et al 2024,NA,Rush Ranch,40,2016,9,12,1.837,GEOID12b,wetland,Schoenoplectus americanus,NA,-32.04520034790039,-32.04480743408203,-32.043453216552734,1.837,38.19653801107351,-122.01159799400936
Rankin et al 2024,NA,Rush Ranch,41,2016,9,12,1.87,GEOID12b,wetland,Juncus balticus,NA,-32.04520034790039,-32.04480743408203,-32.043453216552734,1.87,38.196768997113615,-122.01187115660184
Rankin et al 2024,NA,Rush Ranch,42,2016,9,12,2.177,GEOID12b,wetland,Distichlis spicata,NA,-32.04520034790039,-32.04480743408203,-32.043453216552734,2.177,38.196999188156056,-122.0121420247946
Rankin et al 2024,NA,Rush Ranch,43,2016,9,16,1.926,GEOID12b,wetland,Schoenoplectus acutus,NA,-32.08449935913086,-32.083709716796875,-32.078826904296875,1.926,38.187215248342106,-122.01390515556761
Rankin et al 2024,NA,Rush Ranch,44,2016,9,16,1.936,GEOID12b,wetland,Schoenoplectus americanus,NA,-32.08449935913086,-32.083709716796875,-32.078826904296875,1.936,38.187531974796855,-122.01395647107351
Rankin et al 2024,NA,Rush Ranch,45,2016,9,16,1.947,GEOID12b,wetland,Distichlis spicata,NA,-32.08449935913086,-32.083709716796875,-32.078826904296875,1.947,38.187844337741765,-122.01400331261384
Rankin et al 2024,NA,Rush Ranch,46,2016,9,16,1.948,GEOID12b,wetland,Juncus balticus,NA,-32.08449935913086,-32.083709716796875,-32.078826904296875,1.948,38.18815815176096,-122.01405124257764
Rankin et al 2024,NA,Rush Ranch,47,2016,9,16,1.909,GEOID12b,wetland,Schoenoplectus americanus,NA,-32.08449935913086,-32.083709716796875,-32.078826904296875,1.909,38.18847245552125,-122.01409846977751
Rankin et al 2024,NA,Rush Ranch,48,2016,9,16,1.91,GEOID12b,wetland,Jaumea carnosa,NA,-32.08449935913086,-32.083709716796875,-32.078826904296875,1.91,38.1887860508123,-122.01414611798077
Rankin et al 2024,NA,Rush Ranch,49,2016,9,16,1.895,GEOID12b,wetland,Typha sp,NA,-32.08449935913086,-32.083709716796875,-32.078826904296875,1.895,38.18889215709226,-122.01989267083593
Rankin et al 2024,NA,Rush Ranch,50,2016,9,16,1.851,GEOID12b,wetland,Schoenoplectus americanus,NA,-32.08449935913086,-32.083709716796875,-32.078826904296875,1.851,38.189099860330955,-122.01419674399573
Rankin et al 2024,NA,Rush Ranch,51,2016,9,16,1.807,GEOID12b,wetland,Distichlis spicata,NA,-32.08449935913086,-32.083709716796875,-32.078826904296875,1.807,38.189201527228796,-122.0198749249563
Rankin et al 2024,NA,Rush Ranch,52,2016,9,16,1.819,GEOID12b,wetland,Lepidium latifolium,NA,-32.08449935913086,-32.083709716796875,-32.078826904296875,1.819,38.18941240114621,-122.01424117563491
Rankin et al 2024,NA,Rush Ranch,53,2016,9,16,1.795,GEOID12b,wetland,Typha sp,NA,-32.08449935913086,-32.083709716796875,-32.078826904296875,1.795,38.189720329117335,-122.01429329765567
Rankin et al 2024,NA,Rush Ranch,54,2016,9,16,1.857,GEOID12b,wetland,Distichlis spicata,NA,-32.08449935913086,-32.083709716796875,-32.078826904296875,1.857,38.190038164854286,-122.01434259166926
Rankin et al 2024,NA,Rush Ranch,55,2016,9,16,1.948,GEOID12b,wetland,Distichlis spicata,NA,-32.08449935913086,-32.083709716796875,-32.078826904296875,1.948,38.19035084333432,-122.01439055104423
Rankin et al 2024,NA,Rush Ranch,56,2016,9,16,1.893,GEOID12b,wetland,Schoenoplectus americanus,NA,-32.08449935913086,-32.083709716796875,-32.078826904296875,1.893,38.190663770648975,-122.01443809635919
Rankin et al 2024,NA,Rush Ranch,57,2016,9,16,1.937,GEOID12b,wetland,Schoenoplectus americanus,NA,-32.08449935913086,-32.083709716796875,-32.078826904296875,1.937,38.19097674298562,-122.01448778824422
Rankin et al 2024,NA,Rush Ranch,58,2016,9,16,1.98,GEOID12b,wetland,Trifolium macraei,NA,-32.08449935913086,-32.083709716796875,-32.078826904296875,1.98,38.19129268747857,-122.01453618436209
Rankin et al 2024,NA,Rush Ranch,59,2016,9,16,1.924,GEOID12b,wetland,Schoenoplectus americanus,NA,-32.08449935913086,-32.083709716796875,-32.078826904296875,1.924,38.191601563173386,-122.01458528134192
Rankin et al 2024,NA,Rush Ranch,60,2016,9,16,1.98,GEOID12b,wetland,Jaumea carnosa,NA,-32.04520034790039,-32.04480743408203,-32.043453216552734,1.98,38.19191516141293,-122.01463439500817
Rankin et al 2024,NA,Rush Ranch,61,2016,9,16,1.728,GEOID12b,wetland,Schoenoplectus americanus,NA,-32.04520034790039,-32.04480743408203,-32.043453216552734,1.728,38.1922276554587,-122.01468187955953
Rankin et al 2024,NA,Rush Ranch,62,2016,9,20,2.04,GEOID12b,wetland,Lepidium latifolium,NA,-32.09199905395508,-32.096580505371094,-32.09062957763672,2.04,38.18920029782836,-122.00281891504929
Rankin et al 2024,NA,Rush Ranch,63,2016,9,20,1.859,GEOID12b,wetland,Distichlis spicata,NA,-32.09199905395508,-32.096580505371094,-32.09062957763672,1.859,38.189427713655704,-122.00308951366365
Rankin et al 2024,NA,Rush Ranch,64,2016,9,20,1.863,GEOID12b,wetland,Salicornia pacifica,NA,-32.09199905395508,-32.096580505371094,-32.09062957763672,1.863,38.18965738528486,-122.0033668774721
Rankin et al 2024,NA,Rush Ranch,65,2016,9,20,1.981,GEOID12b,wetland,Distichlis spicata,NA,-32.08449935913086,-32.083709716796875,-32.078826904296875,1.981,38.18984075068684,-122.01984678600714
Rankin et al 2024,NA,Rush Ranch,66,2016,9,20,1.91,GEOID12b,wetland,Distichlis spicata,NA,-32.09199905395508,-32.096580505371094,-32.09062957763672,1.91,38.189888781781455,-122.0036404855113
Rankin et al 2024,NA,Rush Ranch,67,2016,9,20,2.017,GEOID12b,wetland,Schoenoplectus americanus,NA,-32.08449935913086,-32.083709716796875,-32.078826904296875,2.017,38.19015623179163,-122.01983020238436
Rankin et al 2024,NA,Rush Ranch,68,2016,9,20,1.93,GEOID12b,wetland,Salicornia pacifica,NA,-32.09199905395508,-32.096580505371094,-32.09062957763672,1.93,38.19011883963226,-122.00391359964938
Rankin et al 2024,NA,Rush Ranch,69,2016,9,20,1.985,GEOID12b,wetland,Schoenoplectus americanus,NA,-32.08449935913086,-32.083709716796875,-32.078826904296875,1.985,38.19047054645398,-122.01981639763748
Rankin et al 2024,NA,Rush Ranch,70,2016,9,20,1.874,GEOID12b,wetland,Schoenoplectus americanus,NA,-32.09199905395508,-32.096580505371094,-32.09062957763672,1.874,38.19034780435684,-122.00418966507316
Rankin et al 2024,NA,Rush Ranch,71,2016,9,20,1.846,GEOID12b,wetland,Schoenoplectus americanus,NA,-32.09199905395508,-32.096580505371094,-32.09062957763672,1.846,38.1905805292484,-122.0044639224905
Rankin et al 2024,NA,Rush Ranch,72,2016,9,20,2.011,GEOID12b,wetland,Juncus balticus,NA,-32.08449935913086,-32.083709716796875,-32.078826904296875,2.011,38.19078653872059,-122.01980275296253
Rankin et al 2024,NA,Rush Ranch,73,2016,9,20,1.954,GEOID12b,wetland,Jaumea carnosa,NA,-32.08449935913086,-32.083709716796875,-32.078826904296875,1.954,38.19109995932524,-122.01978657329703
Rankin et al 2024,NA,Rush Ranch,74,2016,9,20,1.943,GEOID12b,wetland,Schoenoplectus americanus,NA,-32.09199905395508,-32.096580505371094,-32.09062957763672,1.943,38.191033213168595,-122.00501213661697
Rankin et al 2024,NA,Rush Ranch,75,2016,9,20,1.9,GEOID12b,wetland,Schoenoplectus americanus,NA,-32.09199905395508,-32.096580505371094,-32.09062957763672,1.9,38.19126529445012,-122.00528617956229
Rankin et al 2024,NA,Rush Ranch,76,2016,9,20,1.961,GEOID12b,wetland,Distichlis spicata,NA,-32.08449935913086,-32.083709716796875,-32.078826904296875,1.961,38.19141575206407,-122.01977278254081
Rankin et al 2024,NA,Rush Ranch,77,2016,9,20,1.887,GEOID12b,wetland,Schoenoplectus americanus,NA,-32.09199905395508,-32.096580505371094,-32.09062957763672,1.887,38.19149541568438,-122.00556084468982
Rankin et al 2024,NA,Rush Ranch,78,2016,9,20,1.97,GEOID12b,wetland,Distichlis spicata,NA,-32.04520034790039,-32.04480743408203,-32.043453216552734,1.97,38.19171976727687,-122.01975809893541
Rankin et al 2024,NA,Rush Ranch,79,2016,9,20,1.994,GEOID12b,wetland,Rosa californica,NA,-32.052799224853516,-32.05912780761719,-32.05683517456055,1.994,38.191724633135976,-122.00583528401837
Rankin et al 2024,NA,Rush Ranch,80,2016,9,20,1.939,GEOID12b,wetland,Typha sp,NA,-32.052799224853516,-32.05912780761719,-32.05683517456055,1.939,38.191953775766294,-122.0061084128559
Rankin et al 2024,NA,Rush Ranch,81,2016,9,20,1.895,GEOID12b,wetland,Schoenoplectus americanus,NA,-32.052799224853516,-32.05912780761719,-32.05683517456055,1.895,38.19218220849648,-122.00638186136274
Rankin et al 2024,NA,Rush Ranch,82,2016,9,20,1.766,GEOID12b,wetland,Schoenoplectus americanus,NA,-32.052799224853516,-32.05912780761719,-32.05683517456055,1.766,38.192408632105504,-122.0066575884743
Rankin et al 2024,NA,Rush Ranch,83,2016,9,20,1.944,GEOID12b,wetland,Schoenoplectus americanus,NA,-32.052799224853516,-32.05912780761719,-32.05683517456055,1.944,38.19263821857077,-122.00693120741992
Rankin et al 2024,NA,Rush Ranch,84,2016,9,20,1.924,GEOID12b,wetland,Schoenoplectus americanus,NA,-32.052799224853516,-32.05912780761719,-32.05683517456055,1.924,38.19287202878995,-122.00720667777402
Rankin et al 2024,NA,Rush Ranch,85,2016,9,22,1.525,GEOID12b,wetland,Schoenoplectus acutus,NA,-32.03089904785156,-32.0271110534668,-32.02723693847656,1.525,38.19358553735594,-122.03216235522085
Rankin et al 2024,NA,Rush Ranch,86,2016,9,22,1.746,GEOID12b,wetland,Schoenoplectus americanus,NA,-32.03089904785156,-32.0271110534668,-32.02723693847656,1.746,38.199299281684254,-122.03887215153975
Rankin et al 2024,NA,Rush Ranch,87,2016,9,22,1.998,GEOID12b,wetland,Salicornia pacifica,NA,-32.03089904785156,-32.0271110534668,-32.02723693847656,1.998,38.199326170735766,-122.03847879688816
Rankin et al 2024,NA,Rush Ranch,88,2016,9,22,1.977,GEOID12b,wetland,Salicornia pacifica,NA,-32.03089904785156,-32.0271110534668,-32.02723693847656,1.977,38.19934091256088,-122.03807696790935
Rankin et al 2024,NA,Rush Ranch,89,2016,9,22,1.98,GEOID12b,wetland,Salicornia pacifica,NA,-32.03089904785156,-32.0271110534668,-32.02723693847656,1.98,38.1993620890406,-122.03768408767367
Rankin et al 2024,NA,Rush Ranch,90,2016,9,22,1.907,GEOID12b,wetland,Juncus balticus,NA,-32.03089904785156,-32.0271110534668,-32.02723693847656,1.907,38.199377804006446,-122.03728146895207
Rankin et al 2024,NA,Rush Ranch,91,2016,9,22,1.948,GEOID12b,wetland,Jaumea carnosa,NA,-32.03089904785156,-32.0271110534668,-32.02723693847656,1.948,38.19939116925328,-122.03688151915395
Rankin et al 2024,NA,Rush Ranch,92,2016,9,22,1.908,GEOID12b,wetland,Schoenoplectus americanus,NA,-32.03089904785156,-32.0271110534668,-32.02723693847656,1.908,38.19940935723989,-122.03648517163346
Rankin et al 2024,NA,Rush Ranch,93,2016,9,22,1.958,GEOID12b,wetland,Salicornia pacifica,NA,-32.03089904785156,-32.0271110534668,-32.02723693847656,1.958,38.19942480812336,-122.03608711268114
Rankin et al 2024,NA,Rush Ranch,94,2016,9,22,1.971,GEOID12b,wetland,Jaumea carnosa,NA,-32.03089904785156,-32.0271110534668,-32.02723693847656,1.971,38.199446238359776,-122.03568753572091
Rankin et al 2024,NA,Rush Ranch,95,2016,9,22,1.984,GEOID12b,wetland,Distichlis spicata,NA,-32.03089904785156,-32.0271110534668,-32.02723693847656,1.984,38.19946085646349,-122.03528826541825
Rankin et al 2024,NA,Rush Ranch,96,2016,9,22,2.022,GEOID12b,wetland,Schoenoplectus americanus,NA,-32.03089904785156,-32.0271110534668,-32.02723693847656,2.022,38.199480983155,-122.03488941332758
Rankin et al 2024,NA,Rush Ranch,97,2016,9,22,2.014,GEOID12b,wetland,Juncus balticus,NA,-32.03089904785156,-32.0271110534668,-32.02723693847656,2.014,38.19949641837622,-122.03448901269795
Rankin et al 2024,NA,Rush Ranch,98,2016,9,22,2.002,GEOID12b,wetland,Salicornia pacifica,NA,-32.03089904785156,-32.0271110534668,-32.02723693847656,2.002,38.199514419537785,-122.03409175290582
Rankin et al 2024,NA,Rush Ranch,99,2016,9,22,1.957,GEOID12b,wetland,Jaumea carnosa,NA,-32.03089904785156,-32.0271110534668,-32.02723693847656,1.957,38.19953090589857,-122.03369237731827
Rankin et al 2024,NA,Rush Ranch,100,2016,9,22,1.988,GEOID12b,wetland,Schoenoplectus americanus,NA,-32.03089904785156,-32.0271110534668,-32.02723693847656,1.988,38.19954844051951,-122.0332924166754
Rankin et al 2024,NA,Rush Ranch,101,2016,9,22,1.997,GEOID12b,wetland,Symphyotrichum lentum,NA,-32.03089904785156,-32.0271110534668,-32.02723693847656,1.997,38.19957023356354,-122.03289099479686
Rankin et al 2024,NA,Rush Ranch,102,2016,9,22,1.939,GEOID12b,wetland,Schoenoplectus americanus,NA,-32.03089904785156,-32.0271110534668,-32.02723693847656,1.939,38.19958240005037,-122.03249503346446
Rankin et al 2024,NA,Rush Ranch,103,2016,9,9,1.619,GEOID12b,wetland,Schoenoplectus americanus,NA,-32.03089904785156,-32.0271110534668,-32.02723693847656,1.619,38.193729364767776,-122.03179948977838
Rankin et al 2024,NA,Rush Ranch,104,2016,9,9,1.916,GEOID12b,wetland,Schoenoplectus americanus,NA,-32.03089904785156,-32.0271110534668,-32.02723693847656,1.916,38.19387755848252,-122.03145476793594
Rankin et al 2024,NA,Rush Ranch,105,2016,9,9,2.013,GEOID12b,wetland,Juncus balticus,NA,-32.03089904785156,-32.0271110534668,-32.02723693847656,2.013,38.19401983138322,-122.03109818963416
Rankin et al 2024,NA,Rush Ranch,106,2016,9,9,2.001,GEOID12b,wetland,Juncus balticus,NA,-32.03089904785156,-32.0271110534668,-32.02723693847656,2.001,38.1941724192455,-122.03074670342029
Rankin et al 2024,NA,Rush Ranch,107,2016,9,9,1.995,GEOID12b,wetland,Distichlis spicata,NA,-32.03089904785156,-32.0271110534668,-32.02723693847656,1.995,38.194307566857645,-122.03039189548393
Rankin et al 2024,NA,Rush Ranch,108,2016,9,9,1.994,GEOID12b,wetland,Salicornia pacifica,NA,-32.03089904785156,-32.0271110534668,-32.02723693847656,1.994,38.19445344692125,-122.03004034694101
Rankin et al 2024,NA,Rush Ranch,109,2016,9,9,1.975,GEOID12b,wetland,Distichlis spicata,NA,-32.03089904785156,-32.0271110534668,-32.02723693847656,1.975,38.19460764225305,-122.02968310240807
Rankin et al 2024,NA,Rush Ranch,110,2016,9,9,1.983,GEOID12b,wetland,Schoenoplectus americanus,NA,-32.03089904785156,-32.0271110534668,-32.02723693847656,1.983,38.194754191747904,-122.02933102823678
Rankin et al 2024,NA,Rush Ranch,111,2016,9,9,1.986,GEOID12b,wetland,Distichlis spicata,NA,-32.03089904785156,-32.0271110534668,-32.02723693847656,1.986,38.19489879465161,-122.02897691152869
Rankin et al 2024,NA,Rush Ranch,112,2016,9,9,2.008,GEOID12b,wetland,Salicornia pacifica,NA,-32.03089904785156,-32.0271110534668,-32.02723693847656,2.008,38.19502810002357,-122.02865406989281
Rankin et al 2024,NA,Rush Ranch,113,2016,9,9,1.976,GEOID12b,wetland,Salicornia pacifica,NA,-32.03089904785156,-32.0271110534668,-32.02723693847656,1.976,38.19519640498157,-122.02826968136478
Rankin et al 2024,NA,Rush Ranch,114,2016,9,9,1.964,GEOID12b,wetland,Salicornia pacifica,NA,-32.03089904785156,-32.0271110534668,-32.02723693847656,1.964,38.195337863796944,-122.02791392350615
Rankin et al 2024,NA,Rush Ranch,115,2016,9,9,1.931,GEOID12b,wetland,Salicornia pacifica,NA,-32.03089904785156,-32.0271110534668,-32.02723693847656,1.931,38.19547970164699,-122.02755618359708
Rankin et al 2024,NA,Rush Ranch,116,2016,9,9,1.947,GEOID12b,wetland,Atriplex prostrata,NA,-32.03089904785156,-32.0271110534668,-32.02723693847656,1.947,38.19562495882462,-122.0272011946806
Rankin et al 2024,NA,Rush Ranch,117,2016,9,9,1.993,GEOID12b,wetland,Salicornia pacifica,NA,-32.03089904785156,-32.0271110534668,-32.02723693847656,1.993,38.195771422400405,-122.02684727319007
Rankin et al 2024,NA,Rush Ranch,118,2016,9,9,1.958,GEOID12b,wetland,Schoenoplectus americanus,NA,-32.03089904785156,-32.0271110534668,-32.02723693847656,1.958,38.19592226405917,-122.0264954275183
Rankin et al 2024,NA,Rush Ranch,119,2016,9,9,1.987,GEOID12b,wetland,Atriplex prostrata,NA,-32.03089904785156,-32.0271110534668,-32.02723693847656,1.987,38.19606837095115,-122.02614439717674
Rankin et al 2024,NA,Rush Ranch,120,2016,9,9,1.95,GEOID12b,wetland,Schoenoplectus americanus,NA,-32.03089904785156,-32.0271110534668,-32.02723693847656,1.95,38.19621562471102,-122.02579377269213
Rankin et al 2024,NA,Rush Ranch,121,2016,9,9,1.946,GEOID12b,wetland,Juncus balticus,NA,-32.03089904785156,-32.0271110534668,-32.02723693847656,1.946,38.19636385369831,-122.0254359049416
Rankin et al 2024,NA,Rush Ranch,122,2016,9,9,2.1,GEOID12b,wetland,Distichlis spicata,NA,-32.03089904785156,-32.0271110534668,-32.02723693847656,2.1,38.19650460893931,-122.0250767764157
Rankin et al 2024,NA,Rush Ranch,123,2016,9,9,1.773,GEOID12b,wetland,Schoenoplectus acutus,NA,-32.03089904785156,-32.0271110534668,-32.02723693847656,1.773,38.199627104406105,-122.03166579248638
Rankin et al 2024,NA,Rush Ranch,124,2016,9,9,1.892,GEOID12b,wetland,Schoenoplectus americanus,NA,-32.03089904785156,-32.0271110534668,-32.02723693847656,1.892,38.19965246600432,-122.0312650076801
Rankin et al 2024,NA,Rush Ranch,125,2016,9,9,1.991,GEOID12b,wetland,Schoenoplectus americanus,NA,-32.03089904785156,-32.0271110534668,-32.02723693847656,1.991,38.19966811176561,-122.03086431714252
Rankin et al 2024,NA,Rush Ranch,126,2016,9,9,1.981,GEOID12b,wetland,Salicornia pacifica,NA,-32.03089904785156,-32.0271110534668,-32.02723693847656,1.981,38.19968424143669,-122.03046564145862
Rankin et al 2024,NA,Rush Ranch,127,2016,9,9,1.992,GEOID12b,wetland,Salicornia pacifica,NA,-32.03089904785156,-32.0271110534668,-32.02723693847656,1.992,38.19970588093537,-122.03006971337759
Rankin et al 2024,NA,Rush Ranch,128,2016,9,9,2.017,GEOID12b,wetland,Juncus balticus,NA,-32.03089904785156,-32.0271110534668,-32.02723693847656,2.017,38.199729919628034,-122.02966872819847
Rankin et al 2024,NA,Rush Ranch,129,2016,9,9,1.949,GEOID12b,wetland,Atriplex prostrata,NA,-32.03089904785156,-32.0271110534668,-32.02723693847656,1.949,38.199746911152424,-122.02926796196702
