study_id,survey_id,site_id,point_id,year,month,day,latitude,longitude,elevation,geoid,position,cover_class,Genus_species
Holmquist et al 2021,July and August 2016 20m Grid Survey,GCW,1,2016,8,1,38.87517271273743,-76.55193453475067,0.113,GEOID12B,wetland,Typha angustifolia,Typha angustifolia
Holmquist et al 2021,July and August 2016 20m Grid Survey,GCW,2,2016,8,1,38.87517671599004,-76.55170232062059,0.16725,GEOID12B,wetland,Schoenoplectus americanus,Schoenoplectus americanus
Holmquist et al 2021,July and August 2016 20m Grid Survey,GCW,3,2016,8,1,38.87517895243415,-76.5514731746469,0.116,GEOID12B,wetland,Iva frutescens,Iva frutescens
Holmquist et al 2021,July and August 2016 20m Grid Survey,GCW,4,2016,8,1,38.874640949011855,-76.55122987007748,0.211,GEOID12B,wetland,Typha angustifolia,Typha angustifolia
Holmquist et al 2021,July and August 2016 20m Grid Survey,GCW,5,2016,8,1,38.87482233736011,-76.55123528947446,0.174,GEOID12B,wetland,Spartina cynosuroides,Spartina cynosuroides
Holmquist et al 2021,July and August 2016 20m Grid Survey,GCW,6,2016,8,1,38.875001383685806,-76.55123725744346,0.171,GEOID12B,wetland,Iva frutescens,Iva frutescens
Holmquist et al 2021,July and August 2016 20m Grid Survey,GCW,7,2016,8,1,38.875181536846604,-76.55124205064031,0.147,GEOID12B,wetland,Iva frutescens,Iva frutescens
Holmquist et al 2021,July and August 2016 20m Grid Survey,GCW,8,2016,8,1,38.87464484714449,-76.55100020573524,0.184,GEOID12B,wetland,Schoenoplectus americanus,Schoenoplectus americanus
Holmquist et al 2021,July and August 2016 20m Grid Survey,GCW,9,2016,8,1,38.87482439589156,-76.55100437419455,0.13,GEOID12B,wetland,Phragmites australis,Phragmites australis
Holmquist et al 2021,July and August 2016 20m Grid Survey,GCW,10,2016,8,1,38.87500513831313,-76.55100822282213,-0.012,GEOID12B,wetland,NA,NA
Holmquist et al 2021,July and August 2016 20m Grid Survey,GCW,11,2016,8,1,38.875184372855486,-76.55101162371996,0.216,GEOID12B,wetland,Spartina alterniflora,Spartina alterniflora
Holmquist et al 2021,July and August 2016 20m Grid Survey,GCW,12,2016,8,1,38.87464659235982,-76.55076909977176,0.191,GEOID12B,wetland,Iva frutescens,Iva frutescens
Holmquist et al 2021,July and August 2016 20m Grid Survey,GCW,13,2016,8,1,38.874828025141554,-76.55077117605987,0.15,GEOID12B,wetland,Iva frutescens,Iva frutescens
Holmquist et al 2021,July and August 2016 20m Grid Survey,GCW,14,2016,8,1,38.87500802345962,-76.5507781318162,0.042,GEOID12B,wetland,Spartina cynosuroides,Spartina cynosuroides
Holmquist et al 2021,July and August 2016 20m Grid Survey,GCW,15,2016,8,1,38.87518800800051,-76.55078137552907,0.069,GEOID12B,wetland,Iva frutescens,Iva frutescens
Holmquist et al 2021,July and August 2016 20m Grid Survey,GCW,16,2016,8,1,38.87536825318714,-76.55076092472582,0.109,GEOID12B,wetland,Spartina cynosuroides,Spartina cynosuroides
Holmquist et al 2021,July and August 2016 20m Grid Survey,GCW,17,2016,8,1,38.874651442186085,-76.55053894886076,0.162,GEOID12B,wetland,Schoenoplectus americanus,Schoenoplectus americanus
Holmquist et al 2021,July and August 2016 20m Grid Survey,GCW,18,2016,8,1,38.87483056209748,-76.55054284171277,-0.04,GEOID12B,wetland,Iva frutescens,Iva frutescens
Holmquist et al 2021,July and August 2016 20m Grid Survey,GCW,19,2016,8,1,38.87501147337667,-76.55054822597,0.151,GEOID12B,wetland,Iva frutescens,Iva frutescens
Holmquist et al 2021,July and August 2016 20m Grid Survey,GCW,20,2016,8,1,38.87519079959003,-76.55055083232021,0.167,GEOID12B,wetland,Phragmites australis,Phragmites australis
Holmquist et al 2021,July and August 2016 20m Grid Survey,GCW,21,2016,8,1,38.87537170681016,-76.55055380735311,0.15,GEOID12B,wetland,Iva frutescens,Iva frutescens
Holmquist et al 2021,July and August 2016 20m Grid Survey,GCW,22,2016,8,1,38.875550871323775,-76.55053194916549,-0.035,GEOID12B,wetland,Spartina cynosuroides,Spartina cynosuroides
Holmquist et al 2021,July and August 2016 20m Grid Survey,GCW,23,2016,8,1,38.874469688122595,-76.55029998519838,0.19725,GEOID12B,wetland,Schoenoplectus americanus,Schoenoplectus americanus
Holmquist et al 2021,July and August 2016 20m Grid Survey,GCW,24,2016,8,1,38.874650499767185,-76.55030032057321,0.19,GEOID12B,wetland,Iva frutescens,Iva frutescens
Holmquist et al 2021,July and August 2016 20m Grid Survey,GCW,25,2016,8,1,38.874841319246954,-76.55031446983388,0.20425,GEOID12B,wetland,Iva frutescens,Iva frutescens
Holmquist et al 2021,July and August 2016 20m Grid Survey,GCW,26,2016,8,1,38.875011709533396,-76.55032212342766,0.262,GEOID12B,wetland,Iva frutescens,Iva frutescens
Holmquist et al 2021,July and August 2016 20m Grid Survey,GCW,27,2016,8,1,38.87520350971259,-76.55032586482396,0.29325,GEOID12B,wetland,Iva frutescens,Iva frutescens
Holmquist et al 2021,July and August 2016 20m Grid Survey,GCW,28,2016,8,1,38.87537755942962,-76.55032071622941,0.336,GEOID12B,wetland,C4,NA
Holmquist et al 2021,July and August 2016 20m Grid Survey,GCW,29,2016,8,1,38.87555899363376,-76.55032794422718,0.31725000000000003,GEOID12B,wetland,C4,NA
Holmquist et al 2021,July and August 2016 20m Grid Survey,GCW,30,2016,8,1,38.87410968744498,-76.5500771670474,0.25,GEOID12B,wetland,Typha angustifolia,Typha angustifolia
Holmquist et al 2021,July and August 2016 20m Grid Survey,GCW,31,2016,8,1,38.87429205043365,-76.5500621208243,0.209,GEOID12B,wetland,Schoenoplectus americanus,Schoenoplectus americanus
Holmquist et al 2021,July and August 2016 20m Grid Survey,GCW,32,2016,8,1,38.87447984796304,-76.5500707542048,0.278,GEOID12B,wetland,C4,NA
Holmquist et al 2021,July and August 2016 20m Grid Survey,GCW,33,2016,8,1,38.87465831867092,-76.55007060874952,0.234,GEOID12B,wetland,Schoenoplectus americanus,Schoenoplectus americanus
Holmquist et al 2021,July and August 2016 20m Grid Survey,GCW,34,2016,8,1,38.874837576975395,-76.55007588900911,0.2692,GEOID12B,wetland,C4,NA
Holmquist et al 2021,July and August 2016 20m Grid Survey,GCW,35,2016,8,1,38.875197511931894,-76.55009282510416,0.264,GEOID12B,wetland,Iva frutescens,Iva frutescens
Holmquist et al 2021,July and August 2016 20m Grid Survey,GCW,36,2016,8,1,38.87537885117991,-76.55009380260496,0.31,GEOID12B,wetland,C4,NA
Holmquist et al 2021,July and August 2016 20m Grid Survey,GCW,37,2016,8,1,38.87556049672494,-76.55009953605914,0.31,GEOID12B,wetland,C4,NA
Holmquist et al 2021,July and August 2016 20m Grid Survey,GCW,38,2016,8,1,38.87572928204496,-76.5500979353637,0.169,GEOID12B,wetland,Phragmites australis,Phragmites australis
Holmquist et al 2021,July and August 2016 20m Grid Survey,GCW,39,2016,8,1,38.87339916292583,-76.54982068871138,0.231,GEOID12B,wetland,Schoenoplectus americanus,Schoenoplectus americanus
Holmquist et al 2021,July and August 2016 20m Grid Survey,GCW,40,2016,8,1,38.873579752641085,-76.54982518786473,0.203,GEOID12B,wetland,Schoenoplectus americanus,Schoenoplectus americanus
Holmquist et al 2021,July and August 2016 20m Grid Survey,GCW,41,2016,8,1,38.874119415350485,-76.5498385245249,0.252,GEOID12B,wetland,C4,NA
Holmquist et al 2021,July and August 2016 20m Grid Survey,GCW,42,2016,8,1,38.87465875508642,-76.54984564133318,0.239,GEOID12B,wetland,C4,NA
Holmquist et al 2021,July and August 2016 20m Grid Survey,GCW,43,2016,8,1,38.874840419409445,-76.5498533571315,0.261,GEOID12B,wetland,C4,NA
Holmquist et al 2021,July and August 2016 20m Grid Survey,GCW,44,2016,8,1,38.87501680431977,-76.54984131580089,0.299,GEOID12B,wetland,C4,NA
Holmquist et al 2021,July and August 2016 20m Grid Survey,GCW,45,2016,8,1,38.87519868545711,-76.54985441962384,0.222,GEOID12B,wetland,Phragmites australis,Phragmites australis
Holmquist et al 2021,July and August 2016 20m Grid Survey,GCW,46,2016,8,1,38.87537800565829,-76.54987309323865,0.244,GEOID12B,wetland,Iva frutescens,Iva frutescens
Holmquist et al 2021,July and August 2016 20m Grid Survey,GCW,47,2016,8,1,38.87556198594652,-76.54987061172493,0.226,GEOID12B,wetland,Phragmites australis,Phragmites australis
Holmquist et al 2021,July and August 2016 20m Grid Survey,GCW,48,2016,8,1,38.87574345277934,-76.54986197761457,0.26,GEOID12B,wetland,Phragmites australis,Phragmites australis
Holmquist et al 2021,July and August 2016 20m Grid Survey,GCW,49,2016,8,1,38.87303329638033,-76.54954363287929,0.21,GEOID12B,wetland,Typha angustifolia,Typha angustifolia
Holmquist et al 2021,July and August 2016 20m Grid Survey,GCW,50,2016,8,1,38.87322090664227,-76.54959489891925,0.206,GEOID12B,wetland,Schoenoplectus americanus,Schoenoplectus americanus
Holmquist et al 2021,July and August 2016 20m Grid Survey,GCW,51,2016,8,1,38.87340005397808,-76.54959333751358,0.146,GEOID12B,wetland,Schoenoplectus americanus,Schoenoplectus americanus
Holmquist et al 2021,July and August 2016 20m Grid Survey,GCW,52,2016,8,1,38.87358376131815,-76.54959173682938,0.185,GEOID12B,wetland,Schoenoplectus americanus,Schoenoplectus americanus
Holmquist et al 2021,July and August 2016 20m Grid Survey,GCW,53,2016,8,1,38.8739751415015,-76.54959285994592,0.184,GEOID12B,wetland,Schoenoplectus americanus,Schoenoplectus americanus
Holmquist et al 2021,July and August 2016 20m Grid Survey,GCW,54,2016,8,1,38.874121800373246,-76.54960248896138,0.222,GEOID12B,wetland,C4,NA
Holmquist et al 2021,July and August 2016 20m Grid Survey,GCW,55,2016,8,1,38.87430370244337,-76.54961130428106,0.197,GEOID12B,wetland,C4,NA
Holmquist et al 2021,July and August 2016 20m Grid Survey,GCW,56,2016,8,1,38.874483292939566,-76.54961165459812,0.202,GEOID12B,wetland,Schoenoplectus americanus,Schoenoplectus americanus
Holmquist et al 2021,July and August 2016 20m Grid Survey,GCW,57,2016,8,1,38.87466337459745,-76.54961912790037,0.291,GEOID12B,wetland,C4,NA
Holmquist et al 2021,July and August 2016 20m Grid Survey,GCW,58,2016,8,1,38.874845157435686,-76.54961995239655,0.247,GEOID12B,wetland,C4,NA
Holmquist et al 2021,July and August 2016 20m Grid Survey,GCW,59,2016,8,1,38.875027229966896,-76.54962474859175,0.268,GEOID12B,wetland,Iva frutescens,Iva frutescens
Holmquist et al 2021,July and August 2016 20m Grid Survey,GCW,60,2016,8,1,38.8752038610998,-76.54962742088264,0.193,GEOID12B,wetland,Phragmites australis,Phragmites australis
Holmquist et al 2021,July and August 2016 20m Grid Survey,GCW,61,2016,8,1,38.875385101632446,-76.54963312126777,0.271,GEOID12B,wetland,Phragmites australis,Phragmites australis
Holmquist et al 2021,July and August 2016 20m Grid Survey,GCW,62,2016,8,1,38.8755638407565,-76.5496392284588,0.191,GEOID12B,wetland,Phragmites australis,Phragmites australis
Holmquist et al 2021,July and August 2016 20m Grid Survey,GCW,63,2016,8,1,38.875742545604204,-76.5496418075657,0.297,GEOID12B,wetland,Phragmites australis,Phragmites australis
Holmquist et al 2021,July and August 2016 20m Grid Survey,GCW,64,2016,8,1,38.87592233221662,-76.54964367244264,0.319,GEOID12B,wetland,Iva frutescens,Iva frutescens
Holmquist et al 2021,July and August 2016 20m Grid Survey,GCW,65,2016,8,1,38.876105169052096,-76.54964790909273,0.33,GEOID12B,wetland,Phragmites australis,Phragmites australis
Holmquist et al 2021,July and August 2016 20m Grid Survey,GCW,66,2016,8,1,38.87628451469179,-76.5496504099861,0.13,GEOID12B,wetland,Phragmites australis,Phragmites australis
Holmquist et al 2021,July and August 2016 20m Grid Survey,GCW,67,2016,8,1,38.87646720014198,-76.54962531740652,-0.119,GEOID12B,wetland,Phragmites australis,Phragmites australis
Holmquist et al 2021,July and August 2016 20m Grid Survey,GCW,68,2016,8,1,38.87304064696188,-76.54935639862505,0.121,GEOID12B,wetland,Schoenoplectus americanus,Schoenoplectus americanus
Holmquist et al 2021,July and August 2016 20m Grid Survey,GCW,69,2016,8,1,38.87322483725039,-76.54935507291546,0.117,GEOID12B,wetland,Schoenoplectus americanus,Schoenoplectus americanus
Holmquist et al 2021,July and August 2016 20m Grid Survey,GCW,70,2016,8,1,38.87340422430039,-76.54936125074695,0.216,GEOID12B,wetland,Schoenoplectus americanus,Schoenoplectus americanus
Holmquist et al 2021,July and August 2016 20m Grid Survey,GCW,71,2016,8,1,38.87358580343536,-76.54936588549424,0.144,GEOID12B,wetland,Schoenoplectus americanus,Schoenoplectus americanus
Holmquist et al 2021,July and August 2016 20m Grid Survey,GCW,72,2016,8,1,38.8737675629103,-76.549369152474,0.208,GEOID12B,wetland,Schoenoplectus americanus,Schoenoplectus americanus
Holmquist et al 2021,July and August 2016 20m Grid Survey,GCW,73,2016,8,1,38.87395059561511,-76.54937153649384,0.195,GEOID12B,wetland,Schoenoplectus americanus,Schoenoplectus americanus
Holmquist et al 2021,July and August 2016 20m Grid Survey,GCW,74,2016,8,1,38.874304892702526,-76.54937699427848,0.212,GEOID12B,wetland,Schoenoplectus americanus,Schoenoplectus americanus
Holmquist et al 2021,July and August 2016 20m Grid Survey,GCW,75,2016,8,1,38.874489419105814,-76.54937817741074,0.15,GEOID12B,wetland,Schoenoplectus americanus,Schoenoplectus americanus
Holmquist et al 2021,July and August 2016 20m Grid Survey,GCW,76,2016,8,1,38.874668464937415,-76.54938833652862,0.261,GEOID12B,wetland,C4,NA
Holmquist et al 2021,July and August 2016 20m Grid Survey,GCW,77,2016,8,1,38.8748471147107,-76.5493909943933,0.257,GEOID12B,wetland,C4,NA
Holmquist et al 2021,July and August 2016 20m Grid Survey,GCW,78,2016,8,1,38.87502722742684,-76.54939612784267,0.286,GEOID12B,wetland,Iva frutescens,Iva frutescens
Holmquist et al 2021,July and August 2016 20m Grid Survey,GCW,79,2016,8,1,38.87520649250221,-76.54939859164176,0.255,GEOID12B,wetland,Schoenoplectus americanus,Schoenoplectus americanus
Holmquist et al 2021,July and August 2016 20m Grid Survey,GCW,80,2016,8,1,38.875387439223125,-76.54940063089617,0.326,GEOID12B,wetland,C4,NA
Holmquist et al 2021,July and August 2016 20m Grid Survey,GCW,81,2016,8,1,38.87556787360388,-76.54940664752128,0.232,GEOID12B,wetland,Phragmites australis,Phragmites australis
Holmquist et al 2021,July and August 2016 20m Grid Survey,GCW,82,2016,8,1,38.87574839839609,-76.5494112828673,0.31,GEOID12B,wetland,C4,NA
Holmquist et al 2021,July and August 2016 20m Grid Survey,GCW,83,2016,8,1,38.8759288079693,-76.54941305694638,0.289,GEOID12B,wetland,Schoenoplectus americanus,Schoenoplectus americanus
Holmquist et al 2021,July and August 2016 20m Grid Survey,GCW,84,2016,8,1,38.87610831570581,-76.54941896134979,0.298,GEOID12B,wetland,Schoenoplectus americanus,Schoenoplectus americanus
Holmquist et al 2021,July and August 2016 20m Grid Survey,GCW,85,2016,8,1,38.87628888526004,-76.54942158046947,0.363,GEOID12B,wetland,C4,NA
Holmquist et al 2021,July and August 2016 20m Grid Survey,GCW,86,2016,8,1,38.87646894350952,-76.54942266688015,0.336,GEOID12B,wetland,C4,NA
Holmquist et al 2021,July and August 2016 20m Grid Survey,GCW,87,2016,8,1,38.87664765082569,-76.54943049064234,0.293,GEOID12B,wetland,Phragmites australis,Phragmites australis
Holmquist et al 2021,July and August 2016 20m Grid Survey,GCW,88,2016,8,1,38.873046242730254,-76.54912210772574,0.186,GEOID12B,wetland,Schoenoplectus americanus,Schoenoplectus americanus
Holmquist et al 2021,July and August 2016 20m Grid Survey,GCW,89,2016,8,1,38.87322745319679,-76.54912532751185,0.207,GEOID12B,wetland,Schoenoplectus americanus,Schoenoplectus americanus
Holmquist et al 2021,July and August 2016 20m Grid Survey,GCW,90,2016,8,1,38.873406454011416,-76.54913005550156,0.229,GEOID12B,wetland,Schoenoplectus americanus,Schoenoplectus americanus
Holmquist et al 2021,July and August 2016 20m Grid Survey,GCW,91,2016,8,1,38.873591060232116,-76.54912726280014,0.119,GEOID12B,wetland,Schoenoplectus americanus,Schoenoplectus americanus
Holmquist et al 2021,July and August 2016 20m Grid Survey,GCW,92,2016,8,1,38.873766916264024,-76.54913878118305,0.188,GEOID12B,wetland,Schoenoplectus americanus,Schoenoplectus americanus
Holmquist et al 2021,July and August 2016 20m Grid Survey,GCW,93,2016,8,1,38.873941702817945,-76.54913854181521,0.169,GEOID12B,wetland,Schoenoplectus americanus,Schoenoplectus americanus
Holmquist et al 2021,July and August 2016 20m Grid Survey,GCW,94,2016,8,1,38.87430964201038,-76.54914877872488,0.229,GEOID12B,wetland,C4,NA
Holmquist et al 2021,July and August 2016 20m Grid Survey,GCW,95,2016,8,1,38.874489710834474,-76.5491517895199,0.26,GEOID12B,wetland,C4,NA
Holmquist et al 2021,July and August 2016 20m Grid Survey,GCW,96,2016,8,1,38.87466956936597,-76.54915706664357,0.204,GEOID12B,wetland,C4,NA
Holmquist et al 2021,July and August 2016 20m Grid Survey,GCW,97,2016,8,1,38.87484969859754,-76.54916231510538,0.237,GEOID12B,wetland,Schoenoplectus americanus,Schoenoplectus americanus
Holmquist et al 2021,July and August 2016 20m Grid Survey,GCW,98,2016,8,1,38.87502986241888,-76.54916291886295,0.282,GEOID12B,wetland,C4,NA
Holmquist et al 2021,July and August 2016 20m Grid Survey,GCW,99,2016,8,1,38.87521162335481,-76.54916811060963,0.301,GEOID12B,wetland,Schoenoplectus americanus,Schoenoplectus americanus
Holmquist et al 2021,July and August 2016 20m Grid Survey,GCW,100,2016,8,1,38.87538963184708,-76.54917156097791,0.289,GEOID12B,wetland,C4,NA
Holmquist et al 2021,July and August 2016 20m Grid Survey,GCW,101,2016,8,1,38.875571371161676,-76.54917620824214,0.3274,GEOID12B,wetland,Schoenoplectus americanus,Schoenoplectus americanus
Holmquist et al 2021,July and August 2016 20m Grid Survey,GCW,102,2016,8,1,38.87575086683008,-76.54918112267598,0.321,GEOID12B,wetland,C4,NA
Holmquist et al 2021,July and August 2016 20m Grid Survey,GCW,103,2016,8,1,38.87592998961547,-76.5491827644833,0.3,GEOID12B,wetland,Iva frutescens,Iva frutescens
Holmquist et al 2021,July and August 2016 20m Grid Survey,GCW,104,2016,8,1,38.87611161157459,-76.54918824159225,0.265,GEOID12B,wetland,Iva frutescens,Iva frutescens
Holmquist et al 2021,July and August 2016 20m Grid Survey,GCW,105,2016,8,1,38.87629141359641,-76.54919166191267,0.301,GEOID12B,wetland,Schoenoplectus americanus,Schoenoplectus americanus
Holmquist et al 2021,July and August 2016 20m Grid Survey,GCW,106,2016,8,1,38.87647217140405,-76.54919503385605,0.338,GEOID12B,wetland,C4,NA
Holmquist et al 2021,July and August 2016 20m Grid Survey,GCW,107,2016,8,1,38.87665094359615,-76.54919729065044,0.31,GEOID12B,wetland,C4,NA
Holmquist et al 2021,July and August 2016 20m Grid Survey,GCW,108,2016,8,1,38.87279811645758,-76.54889144969162,0.23,GEOID12B,wetland,Schoenoplectus americanus,Schoenoplectus americanus
Holmquist et al 2021,July and August 2016 20m Grid Survey,GCW,109,2016,8,1,38.87286949689827,-76.54888627905635,-0.191,GEOID12B,wetland,Schoenoplectus americanus,Schoenoplectus americanus
Holmquist et al 2021,July and August 2016 20m Grid Survey,GCW,110,2016,8,1,38.87304953323644,-76.54889106345284,0.277,GEOID12B,wetland,Schoenoplectus americanus,Schoenoplectus americanus
Holmquist et al 2021,July and August 2016 20m Grid Survey,GCW,111,2016,8,1,38.87323007634621,-76.54889432579962,0.203,GEOID12B,wetland,Schoenoplectus americanus,Schoenoplectus americanus
Holmquist et al 2021,July and August 2016 20m Grid Survey,GCW,112,2016,8,1,38.8734102824646,-76.5488985376058,0.036,GEOID12B,wetland,Schoenoplectus americanus,Schoenoplectus americanus
Holmquist et al 2021,July and August 2016 20m Grid Survey,GCW,113,2016,8,1,38.87358953020884,-76.54890163357265,0.268,GEOID12B,wetland,Schoenoplectus americanus,Schoenoplectus americanus
Holmquist et al 2021,July and August 2016 20m Grid Survey,GCW,114,2016,8,1,38.873761975981495,-76.54889376949828,0.08,GEOID12B,wetland,Schoenoplectus americanus,Schoenoplectus americanus
Holmquist et al 2021,July and August 2016 20m Grid Survey,GCW,115,2016,8,1,38.87395029055036,-76.54890894678958,0.206,GEOID12B,wetland,C4,NA
Holmquist et al 2021,July and August 2016 20m Grid Survey,GCW,116,2016,8,1,38.87431271583136,-76.54891845186945,0.256,GEOID12B,wetland,Schoenoplectus americanus,Schoenoplectus americanus
Holmquist et al 2021,July and August 2016 20m Grid Survey,GCW,117,2016,8,1,38.87449074329329,-76.54892251284875,0.273,GEOID12B,wetland,Iva frutescens,Iva frutescens
Holmquist et al 2021,July and August 2016 20m Grid Survey,GCW,118,2016,8,1,38.874672864317105,-76.54892637455595,0.129,GEOID12B,wetland,Iva frutescens,Iva frutescens
Holmquist et al 2021,July and August 2016 20m Grid Survey,GCW,119,2016,8,1,38.874852810536325,-76.54892979715515,0.231,GEOID12B,wetland,Schoenoplectus americanus,Schoenoplectus americanus
Holmquist et al 2021,July and August 2016 20m Grid Survey,GCW,120,2016,8,1,38.87503320396351,-76.54893279145928,0.322,GEOID12B,wetland,C4,NA
Holmquist et al 2021,July and August 2016 20m Grid Survey,GCW,121,2016,8,1,38.87521360132433,-76.54893752650442,0.267,GEOID12B,wetland,Iva frutescens,Iva frutescens
Holmquist et al 2021,July and August 2016 20m Grid Survey,GCW,122,2016,8,1,38.875393273138776,-76.548941934598,0.301,GEOID12B,wetland,C4,NA
Holmquist et al 2021,July and August 2016 20m Grid Survey,GCW,123,2016,8,1,38.875573473553075,-76.5489452129955,0.303,GEOID12B,wetland,C4,NA
Holmquist et al 2021,July and August 2016 20m Grid Survey,GCW,124,2016,8,1,38.875754418552376,-76.54895077849008,0.325,GEOID12B,wetland,Iva frutescens,Iva frutescens
Holmquist et al 2021,July and August 2016 20m Grid Survey,GCW,125,2016,8,1,38.87593340729923,-76.54895233611686,0.286,GEOID12B,wetland,C4,NA
Holmquist et al 2021,July and August 2016 20m Grid Survey,GCW,126,2016,8,1,38.87611215167488,-76.5489580498752,0.034,GEOID12B,wetland,Iva frutescens,Iva frutescens
Holmquist et al 2021,July and August 2016 20m Grid Survey,GCW,127,2016,8,1,38.8762934964068,-76.54896201032065,0.108,GEOID12B,wetland,Phragmites australis,Phragmites australis
Holmquist et al 2021,July and August 2016 20m Grid Survey,GCW,128,2016,8,1,38.876475321003845,-76.54896647690434,0.315,GEOID12B,wetland,Phragmites australis,Phragmites australis
Holmquist et al 2021,July and August 2016 20m Grid Survey,GCW,129,2016,8,1,38.87287341566993,-76.54865538729949,0.274,GEOID12B,wetland,Schoenoplectus americanus,Schoenoplectus americanus
Holmquist et al 2021,July and August 2016 20m Grid Survey,GCW,130,2016,8,1,38.87305545384878,-76.54866006471408,0.147,GEOID12B,wetland,Schoenoplectus americanus,Schoenoplectus americanus
Holmquist et al 2021,July and August 2016 20m Grid Survey,GCW,131,2016,8,1,38.87323436537343,-76.54866609212277,0.11,GEOID12B,wetland,Schoenoplectus americanus,Schoenoplectus americanus
Holmquist et al 2021,July and August 2016 20m Grid Survey,GCW,132,2016,8,1,38.87341379148198,-76.54866864958404,0.245,GEOID12B,wetland,Schoenoplectus americanus,Schoenoplectus americanus
Holmquist et al 2021,July and August 2016 20m Grid Survey,GCW,133,2016,8,1,38.873594782900966,-76.5486700422363,0.16,GEOID12B,wetland,Schoenoplectus americanus,Schoenoplectus americanus
Holmquist et al 2021,July and August 2016 20m Grid Survey,GCW,134,2016,8,1,38.87377434044356,-76.54867355935212,0.243,GEOID12B,wetland,Schoenoplectus americanus,Schoenoplectus americanus
Holmquist et al 2021,July and August 2016 20m Grid Survey,GCW,135,2016,8,1,38.873954230491144,-76.54867918165337,0.231,GEOID12B,wetland,Schoenoplectus americanus,Schoenoplectus americanus
Holmquist et al 2021,July and August 2016 20m Grid Survey,GCW,136,2016,8,1,38.874135191913304,-76.54868419326141,0.153,GEOID12B,wetland,C4,NA
Holmquist et al 2021,July and August 2016 20m Grid Survey,GCW,137,2016,8,1,38.87431519435816,-76.54868745501791,0.174,GEOID12B,wetland,C4,NA
Holmquist et al 2021,July and August 2016 20m Grid Survey,GCW,138,2016,8,1,38.87449479001937,-76.5486928520358,0.205,GEOID12B,wetland,Phragmites australis,Phragmites australis
Holmquist et al 2021,July and August 2016 20m Grid Survey,GCW,139,2016,8,1,38.87467404810982,-76.54869720431756,0.206,GEOID12B,wetland,Phragmites australis,Phragmites australis
Holmquist et al 2021,July and August 2016 20m Grid Survey,GCW,140,2016,8,1,38.87485634110978,-76.54869829113836,0.285,GEOID12B,wetland,C4,NA
Holmquist et al 2021,July and August 2016 20m Grid Survey,GCW,141,2016,8,1,38.87503640414338,-76.54870173877678,0.296,GEOID12B,wetland,NA,NA
Holmquist et al 2021,July and August 2016 20m Grid Survey,GCW,142,2016,8,1,38.87521590328853,-76.54870693788698,0.123,GEOID12B,wetland,Iva frutescens,Iva frutescens
Holmquist et al 2021,July and August 2016 20m Grid Survey,GCW,143,2016,8,1,38.87539629394916,-76.54871149933284,0.295,GEOID12B,wetland,C4,NA
Holmquist et al 2021,July and August 2016 20m Grid Survey,GCW,144,2016,8,1,38.875576121211324,-76.54871573734759,0.311,GEOID12B,wetland,C4,NA
Holmquist et al 2021,July and August 2016 20m Grid Survey,GCW,145,2016,8,1,38.875757938995676,-76.54871936154805,0.297,GEOID12B,wetland,C4,NA
Holmquist et al 2021,July and August 2016 20m Grid Survey,GCW,146,2016,8,1,38.87593616677352,-76.54872190496155,0.353,GEOID12B,wetland,C4,NA
Holmquist et al 2021,July and August 2016 20m Grid Survey,GCW,147,2016,8,1,38.87611548525427,-76.54872781504535,0.233,GEOID12B,wetland,Phragmites australis,Phragmites australis
Holmquist et al 2021,July and August 2016 20m Grid Survey,GCW,148,2016,8,1,38.87629675643296,-76.54873052833966,0.198,GEOID12B,wetland,Phragmites australis,Phragmites australis
Holmquist et al 2021,July and August 2016 20m Grid Survey,GCW,149,2016,8,1,38.87287728296714,-76.54842630412452,0.265,GEOID12B,wetland,C4,NA
Holmquist et al 2021,July and August 2016 20m Grid Survey,GCW,150,2016,8,1,38.873058227084215,-76.5484278679832,0.211,GEOID12B,wetland,Schoenoplectus americanus,Schoenoplectus americanus
Holmquist et al 2021,July and August 2016 20m Grid Survey,GCW,151,2016,8,1,38.87323748109067,-76.54843457080854,0.193,GEOID12B,wetland,Schoenoplectus americanus,Schoenoplectus americanus
Holmquist et al 2021,July and August 2016 20m Grid Survey,GCW,152,2016,8,1,38.873417613222166,-76.5484368894156,0.222,GEOID12B,wetland,Schoenoplectus americanus,Schoenoplectus americanus
Holmquist et al 2021,July and August 2016 20m Grid Survey,GCW,153,2016,8,1,38.87359746989558,-76.54844027408787,0.249,GEOID12B,wetland,Schoenoplectus americanus,Schoenoplectus americanus
Holmquist et al 2021,July and August 2016 20m Grid Survey,GCW,154,2016,8,1,38.87377829775609,-76.54844516686447,0.111,GEOID12B,wetland,Schoenoplectus americanus,Schoenoplectus americanus
Holmquist et al 2021,July and August 2016 20m Grid Survey,GCW,155,2016,8,1,38.87395963954818,-76.54844935615415,0.22,GEOID12B,wetland,Iva frutescens,Iva frutescens
Holmquist et al 2021,July and August 2016 20m Grid Survey,GCW,156,2016,8,1,38.874137187178484,-76.5484535899328,0.088,GEOID12B,wetland,C4,NA
Holmquist et al 2021,July and August 2016 20m Grid Survey,GCW,157,2016,8,1,38.87431748922422,-76.54845532449575,0.145,GEOID12B,wetland,Schoenoplectus americanus,Schoenoplectus americanus
Holmquist et al 2021,July and August 2016 20m Grid Survey,GCW,158,2016,8,1,38.87449885631538,-76.54846168155255,0.259,GEOID12B,wetland,Phragmites australis,Phragmites australis
Holmquist et al 2021,July and August 2016 20m Grid Survey,GCW,159,2016,8,1,38.874674646132206,-76.54846324907868,0.212,GEOID12B,wetland,Iva frutescens,Iva frutescens
Holmquist et al 2021,July and August 2016 20m Grid Survey,GCW,160,2016,8,1,38.87485767348961,-76.54846875465387,0.256,GEOID12B,wetland,Iva frutescens,Iva frutescens
Holmquist et al 2021,July and August 2016 20m Grid Survey,GCW,161,2016,8,1,38.87503808754885,-76.5484729124964,0.295,GEOID12B,wetland,C4,NA
Holmquist et al 2021,July and August 2016 20m Grid Survey,GCW,162,2016,8,1,38.87521792796877,-76.5484775190175,0.235,GEOID12B,wetland,Iva frutescens,Iva frutescens
Holmquist et al 2021,July and August 2016 20m Grid Survey,GCW,163,2016,8,1,38.875398517470785,-76.54847999774901,0.292,GEOID12B,wetland,NA,NA
Holmquist et al 2021,July and August 2016 20m Grid Survey,GCW,164,2016,8,1,38.87557918540593,-76.54848539463752,0.172,GEOID12B,wetland,Iva frutescens,Iva frutescens
Holmquist et al 2021,July and August 2016 20m Grid Survey,GCW,165,2016,8,1,38.8757590586593,-76.5484882037083,0.283,GEOID12B,wetland,C4,NA
Holmquist et al 2021,July and August 2016 20m Grid Survey,GCW,166,2016,8,1,38.87594026541487,-76.54849237893538,0.323,GEOID12B,wetland,C4,NA
Holmquist et al 2021,July and August 2016 20m Grid Survey,GCW,167,2016,8,1,38.876121330611845,-76.54849771540063,0.308,GEOID12B,wetland,Phragmites australis,Phragmites australis
Holmquist et al 2021,July and August 2016 20m Grid Survey,GCW,168,2016,8,1,38.872879617057734,-76.54819525112426,0.277,GEOID12B,wetland,C4,NA
Holmquist et al 2021,July and August 2016 20m Grid Survey,GCW,169,2016,8,1,38.873059647201806,-76.54819982615793,0.276,GEOID12B,wetland,C4,NA
Holmquist et al 2021,July and August 2016 20m Grid Survey,GCW,170,2016,8,1,38.87323963659148,-76.54820271740365,0.194,GEOID12B,wetland,Schoenoplectus americanus,Schoenoplectus americanus
Holmquist et al 2021,July and August 2016 20m Grid Survey,GCW,171,2016,8,1,38.87341985421621,-76.54820742337549,0.142,GEOID12B,wetland,Schoenoplectus americanus,Schoenoplectus americanus
Holmquist et al 2021,July and August 2016 20m Grid Survey,GCW,172,2016,8,1,38.87359959089741,-76.54821102387963,0.178,GEOID12B,wetland,C4,NA
Holmquist et al 2021,July and August 2016 20m Grid Survey,GCW,173,2016,8,1,38.873780767234756,-76.54821274216098,0.274,GEOID12B,wetland,C4,NA
Holmquist et al 2021,July and August 2016 20m Grid Survey,GCW,174,2016,8,1,38.87396154516489,-76.54821936237293,0.114,GEOID12B,wetland,Iva frutescens,Iva frutescens
Holmquist et al 2021,July and August 2016 20m Grid Survey,GCW,175,2016,8,1,38.87414086333039,-76.54822258503003,0.051,GEOID12B,wetland,Iva frutescens,Iva frutescens
Holmquist et al 2021,July and August 2016 20m Grid Survey,GCW,176,2016,8,1,38.87432067768556,-76.54822780116015,0.237,GEOID12B,wetland,C4,NA
Holmquist et al 2021,July and August 2016 20m Grid Survey,GCW,177,2016,8,1,38.87450005875196,-76.54823035667236,0.274,GEOID12B,wetland,C4,NA
Holmquist et al 2021,July and August 2016 20m Grid Survey,GCW,178,2016,8,1,38.87468125396338,-76.54823472677496,0.141,GEOID12B,wetland,Iva frutescens,Iva frutescens
Holmquist et al 2021,July and August 2016 20m Grid Survey,GCW,179,2016,8,1,38.874862173764036,-76.54823608232313,0.154,GEOID12B,wetland,Iva frutescens,Iva frutescens
Holmquist et al 2021,July and August 2016 20m Grid Survey,GCW,180,2016,8,1,38.87504167385291,-76.54824325142101,0.219,GEOID12B,wetland,Iva frutescens,Iva frutescens
Holmquist et al 2021,July and August 2016 20m Grid Survey,GCW,181,2016,8,1,38.875221001442355,-76.54824712001313,0.142,GEOID12B,wetland,C4,NA
Holmquist et al 2021,July and August 2016 20m Grid Survey,GCW,182,2016,8,1,38.87540238291532,-76.5482503530989,0.314,GEOID12B,wetland,C4,NA
Holmquist et al 2021,July and August 2016 20m Grid Survey,GCW,183,2016,8,1,38.875583018692076,-76.54825274006247,0.3,GEOID12B,wetland,C4,NA
Holmquist et al 2021,July and August 2016 20m Grid Survey,GCW,184,2016,8,1,38.87576290002228,-76.54825833835481,0.227,GEOID12B,wetland,Phragmites australis,Phragmites australis
Holmquist et al 2021,July and August 2016 20m Grid Survey,GCW,185,2016,8,1,38.875943201693865,-76.54826281612424,0.164,GEOID12B,wetland,Iva frutescens,Iva frutescens
Holmquist et al 2021,July and August 2016 20m Grid Survey,GCW,186,2016,8,1,38.87306349758727,-76.54797059213215,0.28,GEOID12B,wetland,C4,NA
Holmquist et al 2021,July and August 2016 20m Grid Survey,GCW,187,2016,8,1,38.87324318210619,-76.54797133216313,0.259,GEOID12B,wetland,C4,NA
Holmquist et al 2021,July and August 2016 20m Grid Survey,GCW,188,2016,8,1,38.873423862381586,-76.5479758055209,0.185,GEOID12B,wetland,Schoenoplectus americanus,Schoenoplectus americanus
Holmquist et al 2021,July and August 2016 20m Grid Survey,GCW,189,2016,8,1,38.87360438523265,-76.54798059825893,0.202,GEOID12B,wetland,Schoenoplectus americanus,Schoenoplectus americanus
Holmquist et al 2021,July and August 2016 20m Grid Survey,GCW,190,2016,8,1,38.87378497374481,-76.5479838363043,0.246,GEOID12B,wetland,Schoenoplectus americanus,Schoenoplectus americanus
Holmquist et al 2021,July and August 2016 20m Grid Survey,GCW,191,2016,8,1,38.87396413848236,-76.54798775817144,0.266,GEOID12B,wetland,C4,NA
Holmquist et al 2021,July and August 2016 20m Grid Survey,GCW,192,2016,8,1,38.874143360013726,-76.5479914738171,0.197,GEOID12B,wetland,Iva frutescens,Iva frutescens
Holmquist et al 2021,July and August 2016 20m Grid Survey,GCW,193,2016,8,1,38.87432456060519,-76.54799543992586,0.274,GEOID12B,wetland,Phragmites australis,Phragmites australis
Holmquist et al 2021,July and August 2016 20m Grid Survey,GCW,194,2016,8,1,38.8745033140012,-76.54799912242844,0.228,GEOID12B,wetland,Iva frutescens,Iva frutescens
Holmquist et al 2021,July and August 2016 20m Grid Survey,GCW,195,2016,8,1,38.87468498574762,-76.54800425155383,0.206,GEOID12B,wetland,Phragmites australis,Phragmites australis
Holmquist et al 2021,July and August 2016 20m Grid Survey,GCW,196,2016,8,1,38.87486477280194,-76.54800676924764,0.155,GEOID12B,wetland,Kosteletzkya  virginica,Kosteletzkya  virginica
Holmquist et al 2021,July and August 2016 20m Grid Survey,GCW,197,2016,8,1,38.87504432363047,-76.5480114720293,0.255,GEOID12B,wetland,C4,NA
Holmquist et al 2021,July and August 2016 20m Grid Survey,GCW,198,2016,8,1,38.87522581275539,-76.5480161016342,0.229,GEOID12B,wetland,C4,NA
Holmquist et al 2021,July and August 2016 20m Grid Survey,GCW,199,2016,8,1,38.87540470246167,-76.54802037516394,0.215,GEOID12B,wetland,Iva frutescens,Iva frutescens
Holmquist et al 2021,July and August 2016 20m Grid Survey,GCW,200,2016,8,1,38.87558453513873,-76.54802352798086,0.295,GEOID12B,wetland,Phragmites australis,Phragmites australis
Holmquist et al 2021,July and August 2016 20m Grid Survey,GCW,201,2016,8,1,38.87576537932517,-76.54802718692864,-0.104,GEOID12B,wetland,Phragmites australis,Phragmites australis
Holmquist et al 2021,July and August 2016 20m Grid Survey,GCW,202,2016,8,1,38.875908884286716,-76.54803139592599,-0.078,GEOID12B,wetland,Phragmites australis,Phragmites australis
Holmquist et al 2021,July and August 2016 20m Grid Survey,GCW,203,2016,8,1,38.87306559550889,-76.54773893397743,0.241,GEOID12B,wetland,Schoenoplectus americanus,Schoenoplectus americanus
Holmquist et al 2021,July and August 2016 20m Grid Survey,GCW,204,2016,8,1,38.87324573852327,-76.54774315299834,0.242,GEOID12B,wetland,Schoenoplectus americanus,Schoenoplectus americanus
Holmquist et al 2021,July and August 2016 20m Grid Survey,GCW,205,2016,8,1,38.873427003911296,-76.54774563276789,0.263,GEOID12B,wetland,C4,NA
Holmquist et al 2021,July and August 2016 20m Grid Survey,GCW,206,2016,8,1,38.87360633387931,-76.54775000712623,0.244,GEOID12B,wetland,C4,NA
Holmquist et al 2021,July and August 2016 20m Grid Survey,GCW,207,2016,8,1,38.873787159522216,-76.54775371081564,0.291,GEOID12B,wetland,C4,NA
Holmquist et al 2021,July and August 2016 20m Grid Survey,GCW,208,2016,8,1,38.873966148997795,-76.54775793953505,0.246,GEOID12B,wetland,C4,NA
Holmquist et al 2021,July and August 2016 20m Grid Survey,GCW,209,2016,8,1,38.874146840884706,-76.54776085654636,0.309,GEOID12B,wetland,C4,NA
Holmquist et al 2021,July and August 2016 20m Grid Survey,GCW,210,2016,8,1,38.87432734877193,-76.54776541798246,0.175,GEOID12B,wetland,Iva frutescens,Iva frutescens
Holmquist et al 2021,July and August 2016 20m Grid Survey,GCW,211,2016,8,1,38.87450732441203,-76.54776866533616,0.173,GEOID12B,wetland,Phragmites australis,Phragmites australis
Holmquist et al 2021,July and August 2016 20m Grid Survey,GCW,212,2016,8,1,38.874690411535944,-76.54777510410392,-0.247,GEOID12B,wetland,NA,NA
Holmquist et al 2021,July and August 2016 20m Grid Survey,GCW,213,2016,8,1,38.87486686936669,-76.54777794092152,0.288,GEOID12B,wetland,C4,NA
Holmquist et al 2021,July and August 2016 20m Grid Survey,GCW,214,2016,8,1,38.87504780138681,-76.54778177396312,0.235,GEOID12B,wetland,C4,NA
Holmquist et al 2021,July and August 2016 20m Grid Survey,GCW,215,2016,8,1,38.87522704931573,-76.54778553592143,0.261,GEOID12B,wetland,Iva frutescens,Iva frutescens
Holmquist et al 2021,July and August 2016 20m Grid Survey,GCW,216,2016,8,1,38.87540832822081,-76.54778903073772,0.279,GEOID12B,wetland,Kosteletzkya  virginica,Kosteletzkya  virginica
Holmquist et al 2021,July and August 2016 20m Grid Survey,GCW,217,2016,8,1,38.875588673917576,-76.54779358891479,0.147,GEOID12B,wetland,Phragmites australis,Phragmites australis
Holmquist et al 2021,July and August 2016 20m Grid Survey,GCW,218,2016,8,1,38.87576796365661,-76.54779827407704,0.226,GEOID12B,wetland,Phragmites australis,Phragmites australis
Holmquist et al 2021,July and August 2016 20m Grid Survey,GCW,220,2016,8,1,38.87342980267696,-76.54751477245988,0.276,GEOID12B,wetland,C4,NA
Holmquist et al 2021,July and August 2016 20m Grid Survey,GCW,221,2016,8,1,38.87361008311139,-76.54751950113845,0.263,GEOID12B,wetland,C4,NA
Holmquist et al 2021,July and August 2016 20m Grid Survey,GCW,222,2016,8,1,38.87378891978134,-76.54752302277767,0.283,GEOID12B,wetland,C4,NA
Holmquist et al 2021,July and August 2016 20m Grid Survey,GCW,223,2016,8,1,38.87414960460778,-76.54753060408828,0.285,GEOID12B,wetland,Schoenoplectus americanus,Schoenoplectus americanus
Holmquist et al 2021,July and August 2016 20m Grid Survey,GCW,224,2016,8,1,38.8743303946774,-76.5475342719429,0.304,GEOID12B,wetland,C4,NA
Holmquist et al 2021,July and August 2016 20m Grid Survey,GCW,225,2016,8,1,38.87469150666422,-76.54754361486577,0.235,GEOID12B,wetland,Phragmites australis,Phragmites australis
Holmquist et al 2021,July and August 2016 20m Grid Survey,GCW,226,2016,8,1,38.87487179790151,-76.54754752560707,0.205,GEOID12B,wetland,Iva frutescens,Iva frutescens
Holmquist et al 2021,July and August 2016 20m Grid Survey,GCW,227,2016,8,1,38.87505131060801,-76.54755102756802,0.272,GEOID12B,wetland,Iva frutescens,Iva frutescens
Holmquist et al 2021,July and August 2016 20m Grid Survey,GCW,228,2016,8,1,38.875230349537084,-76.54755424262905,0.278,GEOID12B,wetland,Kosteletzkya  virginica,Kosteletzkya  virginica
Holmquist et al 2021,July and August 2016 20m Grid Survey,GCW,229,2016,8,1,38.87541066335573,-76.547557808142,0.276,GEOID12B,wetland,Iva frutescens,Iva frutescens
Holmquist et al 2021,July and August 2016 20m Grid Survey,GCW,230,2016,8,1,38.87559123977091,-76.54756331598466,0.193,GEOID12B,wetland,Phragmites australis,Phragmites australis
Holmquist et al 2021,July and August 2016 20m Grid Survey,GCW,231,2016,8,1,38.873072423432895,-76.54727816451684,0.173,GEOID12B,wetland,Typha angustifolia,Typha angustifolia
Holmquist et al 2021,July and August 2016 20m Grid Survey,GCW,232,2016,8,1,38.87325242235901,-76.54728101906369,0.125,GEOID12B,wetland,Iva frutescens,Iva frutescens
Holmquist et al 2021,July and August 2016 20m Grid Survey,GCW,233,2016,8,1,38.87343222874248,-76.54728548324923,0.181,GEOID12B,wetland,Spartina cynosuroides,Spartina cynosuroides
Holmquist et al 2021,July and August 2016 20m Grid Survey,GCW,234,2016,8,1,38.87361242248091,-76.54728791558315,0.242,GEOID12B,wetland,Iva frutescens,Iva frutescens
Holmquist et al 2021,July and August 2016 20m Grid Survey,GCW,235,2016,8,1,38.873792997912354,-76.54729282301987,0.292,GEOID12B,wetland,Iva frutescens,Iva frutescens
Holmquist et al 2021,July and August 2016 20m Grid Survey,GCW,236,2016,8,1,38.87397352432984,-76.54729666893887,0.22,GEOID12B,wetland,Phragmites australis,Phragmites australis
Holmquist et al 2021,July and August 2016 20m Grid Survey,GCW,237,2016,8,1,38.87415270820342,-76.54730118893265,0.168,GEOID12B,wetland,Phragmites australis,Phragmites australis
Holmquist et al 2021,July and August 2016 20m Grid Survey,GCW,238,2016,8,1,38.87451299790758,-76.54730730822462,0.244,GEOID12B,wetland,Phragmites australis,Phragmites australis
Holmquist et al 2021,July and August 2016 20m Grid Survey,GCW,239,2016,8,1,38.874693719269224,-76.54731344090128,0.313,GEOID12B,wetland,C4,NA
Holmquist et al 2021,July and August 2016 20m Grid Survey,GCW,240,2016,8,1,38.87487453636954,-76.54731574864876,0.302,GEOID12B,wetland,C4,NA
Holmquist et al 2021,July and August 2016 20m Grid Survey,GCW,241,2016,8,1,38.87505393350754,-76.54732117257828,0.261,GEOID12B,wetland,C4,NA
Holmquist et al 2021,July and August 2016 20m Grid Survey,GCW,242,2016,8,1,38.87523370761903,-76.54732466813596,0.102,GEOID12B,wetland,Phragmites australis,Phragmites australis
Holmquist et al 2021,July and August 2016 20m Grid Survey,GCW,243,2016,8,1,38.87541417246119,-76.54732771761347,0.187,GEOID12B,wetland,Phragmites australis,Phragmites australis
Holmquist et al 2021,July and August 2016 20m Grid Survey,GCW,244,2016,8,1,38.87559426001219,-76.54733271859374,0.34,GEOID12B,wetland,C4,NA
Holmquist et al 2021,July and August 2016 20m Grid Survey,GCW,245,2016,8,1,38.87312859443294,-76.54704852023012,0.16,GEOID12B,wetland,Typha angustifolia,Typha angustifolia
Holmquist et al 2021,July and August 2016 20m Grid Survey,GCW,246,2016,8,1,38.873255296382965,-76.54705052978761,0.127,GEOID12B,wetland,C4,NA
Holmquist et al 2021,July and August 2016 20m Grid Survey,GCW,247,2016,8,1,38.87343498186292,-76.5470545988517,0.221,GEOID12B,wetland,Iva frutescens,Iva frutescens
Holmquist et al 2021,July and August 2016 20m Grid Survey,GCW,248,2016,8,1,38.873615230123875,-76.54705903749358,-0.04,GEOID12B,wetland,Spartina cynosuroides,Spartina cynosuroides
Holmquist et al 2021,July and August 2016 20m Grid Survey,GCW,249,2016,8,1,38.87379660319104,-76.54706223258319,0.101,GEOID12B,wetland,Iva frutescens,Iva frutescens
Holmquist et al 2021,July and August 2016 20m Grid Survey,GCW,250,2016,8,1,38.87397597916587,-76.54706653711192,0.147,GEOID12B,wetland,NA,NA
Holmquist et al 2021,July and August 2016 20m Grid Survey,GCW,251,2016,8,1,38.87415616648962,-76.54707013306047,0.142,GEOID12B,wetland,Phragmites australis,Phragmites australis
Holmquist et al 2021,July and August 2016 20m Grid Survey,GCW,252,2016,8,1,38.874336428009684,-76.54707492947804,0.209,GEOID12B,wetland,Phragmites australis,Phragmites australis
Holmquist et al 2021,July and August 2016 20m Grid Survey,GCW,253,2016,8,1,38.87451590794474,-76.54707818739551,-0.122,GEOID12B,wetland,NA,NA
Holmquist et al 2021,July and August 2016 20m Grid Survey,GCW,254,2016,8,1,38.87487677357608,-76.54708640457784,0.311,GEOID12B,wetland,C4,NA
Holmquist et al 2021,July and August 2016 20m Grid Survey,GCW,255,2016,8,1,38.875057168363625,-76.54709134236391,0.092,GEOID12B,wetland,Iva frutescens,Iva frutescens
Holmquist et al 2021,July and August 2016 20m Grid Survey,GCW,256,2016,8,1,38.87523629405417,-76.54709345152983,0.226,GEOID12B,wetland,Iva frutescens,Iva frutescens
Holmquist et al 2021,July and August 2016 20m Grid Survey,GCW,257,2016,8,1,38.875416467288225,-76.5470981079283,0.288,GEOID12B,wetland,Iva frutescens,Iva frutescens
Holmquist et al 2021,July and August 2016 20m Grid Survey,GCW,258,2016,8,1,38.875597548978305,-76.54710152758146,0.295,GEOID12B,wetland,C4,NA
Holmquist et al 2021,July and August 2016 20m Grid Survey,GCW,259,2016,8,1,38.87307767507881,-76.54681721092267,0.245,GEOID12B,wetland,Typha angustifolia,Typha angustifolia
Holmquist et al 2021,July and August 2016 20m Grid Survey,GCW,260,2016,8,1,38.87325849180607,-76.54681955179427,0.081,GEOID12B,wetland,C4,NA
Holmquist et al 2021,July and August 2016 20m Grid Survey,GCW,261,2016,8,1,38.87343786843124,-76.5468251697304,0.233,GEOID12B,wetland,Iva frutescens,Iva frutescens
Holmquist et al 2021,July and August 2016 20m Grid Survey,GCW,262,2016,8,1,38.87361795379915,-76.54682830170314,0.195,GEOID12B,wetland,Iva frutescens,Iva frutescens
Holmquist et al 2021,July and August 2016 20m Grid Survey,GCW,263,2016,8,1,38.87379893052246,-76.54683284781017,0.254,GEOID12B,wetland,Iva frutescens,Iva frutescens
Holmquist et al 2021,July and August 2016 20m Grid Survey,GCW,264,2016,8,1,38.87397832758679,-76.54683624157694,0.11,GEOID12B,wetland,Phragmites australis,Phragmites australis
Holmquist et al 2021,July and August 2016 20m Grid Survey,GCW,265,2016,8,1,38.87415798496943,-76.54684039028466,0.091,GEOID12B,wetland,Iva frutescens,Iva frutescens
Holmquist et al 2021,July and August 2016 20m Grid Survey,GCW,266,2016,8,1,38.874340582703006,-76.54684432612622,0.268,GEOID12B,wetland,Iva frutescens,Iva frutescens
Holmquist et al 2021,July and August 2016 20m Grid Survey,GCW,267,2016,8,1,38.87451980523357,-76.54684728970275,0.216,GEOID12B,wetland,C4,NA
Holmquist et al 2021,July and August 2016 20m Grid Survey,GCW,268,2016,8,1,38.874699711775854,-76.5468509943557,0.103,GEOID12B,wetland,Iva frutescens,Iva frutescens
Holmquist et al 2021,July and August 2016 20m Grid Survey,GCW,269,2016,8,1,38.874879342263476,-76.54685649131093,0.216,GEOID12B,wetland,Iva frutescens,Iva frutescens
Holmquist et al 2021,July and August 2016 20m Grid Survey,GCW,270,2016,8,1,38.87506019343962,-76.54686030873614,0.3,GEOID12B,wetland,C4,NA
Holmquist et al 2021,July and August 2016 20m Grid Survey,GCW,271,2016,8,1,38.87523972283828,-76.5468625528758,0.317,GEOID12B,wetland,C4,NA
Holmquist et al 2021,July and August 2016 20m Grid Survey,GCW,272,2016,8,1,38.87542066316943,-76.54686712157759,0.302,GEOID12B,wetland,Iva frutescens,Iva frutescens
Holmquist et al 2021,July and August 2016 20m Grid Survey,GCW,273,2016,8,1,38.87560105353262,-76.54687103285994,0.272,GEOID12B,wetland,Iva frutescens,Iva frutescens
Holmquist et al 2021,July and August 2016 20m Grid Survey,GCW,274,2016,8,1,38.875780968895164,-76.54687474943962,-0.032,GEOID12B,wetland,C4,NA
Holmquist et al 2021,July and August 2016 20m Grid Survey,GCW,275,2016,8,1,38.872901697968445,-76.54658217677361,0.277,GEOID12B,wetland,Typha angustifolia,Typha angustifolia
Holmquist et al 2021,July and August 2016 20m Grid Survey,GCW,276,2016,8,1,38.873081652681414,-76.54658701122388,0.22,GEOID12B,wetland,Schoenoplectus americanus,Schoenoplectus americanus
Holmquist et al 2021,July and August 2016 20m Grid Survey,GCW,277,2016,8,1,38.87326116765374,-76.5465889890114,0.279,GEOID12B,wetland,Schoenoplectus americanus,Schoenoplectus americanus
Holmquist et al 2021,July and August 2016 20m Grid Survey,GCW,278,2016,8,1,38.87344164834279,-76.54659288971848,0.303,GEOID12B,wetland,C4,NA
Holmquist et al 2021,July and August 2016 20m Grid Survey,GCW,279,2016,8,1,38.87362241301618,-76.54659711937443,0.224,GEOID12B,wetland,C4,NA
Holmquist et al 2021,July and August 2016 20m Grid Survey,GCW,280,2016,8,1,38.87380190721542,-76.54660202467956,0.247,GEOID12B,wetland,C4,NA
Holmquist et al 2021,July and August 2016 20m Grid Survey,GCW,281,2016,8,1,38.87398251094335,-76.54660411840437,0.174,GEOID12B,wetland,Phragmites australis,Phragmites australis
Holmquist et al 2021,July and August 2016 20m Grid Survey,GCW,282,2016,8,1,38.874161757328196,-76.54660936422496,0.135,GEOID12B,wetland,Iva frutescens,Iva frutescens
Holmquist et al 2021,July and August 2016 20m Grid Survey,GCW,283,2016,8,1,38.87434216393706,-76.54661341335716,0.075,GEOID12B,wetland,Phragmites australis,Phragmites australis
Holmquist et al 2021,July and August 2016 20m Grid Survey,GCW,285,2016,8,1,38.87470268398424,-76.54662051403129,0.1,GEOID12B,wetland,Iva frutescens,Iva frutescens
Holmquist et al 2021,July and August 2016 20m Grid Survey,GCW,286,2016,8,1,38.87488197202461,-76.54662465429246,0.157,GEOID12B,wetland,Schoenoplectus americanus,Schoenoplectus americanus
Holmquist et al 2021,July and August 2016 20m Grid Survey,GCW,287,2016,8,1,38.8727243320187,-76.5463478744703,0.288,GEOID12B,wetland,Typha angustifolia,Typha angustifolia
Holmquist et al 2021,July and August 2016 20m Grid Survey,GCW,288,2016,8,1,38.872903849013284,-76.54635174207885,0.3,GEOID12B,wetland,Phragmites australis,Phragmites australis
Holmquist et al 2021,July and August 2016 20m Grid Survey,GCW,289,2016,8,1,38.87308449264184,-76.54635490794037,0.31,GEOID12B,wetland,Phragmites australis,Phragmites australis
Holmquist et al 2021,July and August 2016 20m Grid Survey,GCW,290,2016,8,1,38.873264623098805,-76.54635803965716,0.3,GEOID12B,wetland,Phragmites australis,Phragmites australis
Holmquist et al 2021,July and August 2016 20m Grid Survey,GCW,291,2016,8,1,38.873445034495525,-76.54636309098196,0.302,GEOID12B,wetland,Phragmites australis,Phragmites australis
Holmquist et al 2021,July and August 2016 20m Grid Survey,GCW,292,2016,8,1,38.8736246455209,-76.5463673411602,0.285,GEOID12B,wetland,Schoenoplectus americanus,Schoenoplectus americanus
Holmquist et al 2021,July and August 2016 20m Grid Survey,GCW,293,2016,8,1,38.87380500239125,-76.54637106576718,0.291,GEOID12B,wetland,Schoenoplectus americanus,Schoenoplectus americanus
Holmquist et al 2021,July and August 2016 20m Grid Survey,GCW,294,2016,8,1,38.87398442056162,-76.54637422828803,0.229,GEOID12B,wetland,Iva frutescens,Iva frutescens
Holmquist et al 2021,July and August 2016 20m Grid Survey,GCW,295,2016,8,1,38.874166115069244,-76.54637764766696,0.077,GEOID12B,wetland,Iva frutescens,Iva frutescens
Holmquist et al 2021,July and August 2016 20m Grid Survey,GCW,296,2016,8,1,38.87434510267264,-76.5463827029035,0.094,GEOID12B,wetland,Phragmites australis,Phragmites australis
Holmquist et al 2021,July and August 2016 20m Grid Survey,GCW,297,2016,8,1,38.87452469412877,-76.54638774821454,-0.053,GEOID12B,wetland,NA,NA
Holmquist et al 2021,July and August 2016 20m Grid Survey,GCW,298,2016,8,1,38.87470681642999,-76.54639016257559,0.008,GEOID12B,wetland,Iva frutescens,Iva frutescens
Holmquist et al 2021,July and August 2016 20m Grid Survey,GCW,299,2016,8,1,38.87488604708279,-76.54639455461421,-0.013,GEOID12B,wetland,Phragmites australis,Phragmites australis
Holmquist et al 2021,July and August 2016 20m Grid Survey,GCW,300,2016,8,1,38.87506629749171,-76.54639815035559,0.012,GEOID12B,wetland,Phragmites australis,Phragmites australis
Holmquist et al 2021,July and August 2016 20m Grid Survey,GCW,301,2016,8,1,38.87362856913384,-76.54613638923175,0.302,GEOID12B,wetland,Phragmites australis,Phragmites australis
Holmquist et al 2021,July and August 2016 20m Grid Survey,GCW,302,2016,8,1,38.87380864859845,-76.54613996891841,0.359,GEOID12B,wetland,C4,NA
Holmquist et al 2021,July and August 2016 20m Grid Survey,GCW,303,2016,8,1,38.873987794259236,-76.54614465806016,0.307,GEOID12B,wetland,C4,NA
Holmquist et al 2021,July and August 2016 20m Grid Survey,GCW,304,2016,8,1,38.87416892660601,-76.54614766122155,0.252,GEOID12B,wetland,C4,NA
Holmquist et al 2021,July and August 2016 20m Grid Survey,GCW,305,2016,8,1,38.87434770810928,-76.54615263072458,0.229,GEOID12B,wetland,Iva frutescens,Iva frutescens
Holmquist et al 2021,July and August 2016 20m Grid Survey,GCW,306,2016,8,1,38.87452855676711,-76.54615664219877,0.156,GEOID12B,wetland,Phragmites australis,Phragmites australis
Holmquist et al 2021,July and August 2016 20m Grid Survey,GCW,307,2016,8,1,38.87470922096302,-76.54615825204525,0.183,GEOID12B,wetland,Phragmites australis,Phragmites australis
Holmquist et al 2021,July and August 2016 20m Grid Survey,GCW,308,2016,8,1,38.87488868998037,-76.54616369764864,0.081,GEOID12B,wetland,Phragmites australis,Phragmites australis
Holmquist et al 2021,July and August 2016 20m Grid Survey,GCW,309,2016,8,1,38.87506754611595,-76.54616779284564,0.179,GEOID12B,wetland,Phragmites australis,Phragmites australis
Holmquist et al 2021,July and August 2016 20m Grid Survey,GCW,310,2016,8,1,38.87524907769073,-76.54617058583672,0.16,GEOID12B,wetland,Phragmites australis,Phragmites australis
Holmquist et al 2021,July and August 2016 20m Grid Survey,GCW,311,2016,8,1,38.875428788683756,-76.54617476879321,0.162,GEOID12B,wetland,Phragmites australis,Phragmites australis
Holmquist et al 2021,July and August 2016 20m Grid Survey,GCW,312,2016,8,1,38.873270307355384,-76.54589748600193,0.403,GEOID12B,wetland,Phragmites australis,Phragmites australis
Holmquist et al 2021,July and August 2016 20m Grid Survey,GCW,313,2016,8,1,38.87345179565552,-76.54590151053561,0.361,GEOID12B,wetland,Phragmites australis,Phragmites australis
Holmquist et al 2021,July and August 2016 20m Grid Survey,GCW,314,2016,8,1,38.87363146551301,-76.54590676368178,0.334,GEOID12B,wetland,Typha angustifolia,Typha angustifolia
Holmquist et al 2021,July and August 2016 20m Grid Survey,GCW,315,2016,8,1,38.87381051806032,-76.54591100063679,0.314,GEOID12B,wetland,C4,NA
Holmquist et al 2021,July and August 2016 20m Grid Survey,GCW,316,2016,8,1,38.87399208789851,-76.54591771286843,0.321,GEOID12B,wetland,C4,NA
Holmquist et al 2021,July and August 2016 20m Grid Survey,GCW,317,2016,8,1,38.874170980995864,-76.54591765834688,0.21,GEOID12B,wetland,Schoenoplectus americanus,Schoenoplectus americanus
Holmquist et al 2021,July and August 2016 20m Grid Survey,GCW,318,2016,8,1,38.874351661415616,-76.54592076643449,-0.051,GEOID12B,wetland,Phragmites australis,Phragmites australis
Holmquist et al 2021,July and August 2016 20m Grid Survey,GCW,319,2016,8,1,38.87453116786791,-76.54592542834337,0.197,GEOID12B,wetland,Iva frutescens,Iva frutescens
Holmquist et al 2021,July and August 2016 20m Grid Survey,GCW,320,2016,8,1,38.87471185928515,-76.5459304272029,0.241,GEOID12B,wetland,Iva frutescens,Iva frutescens
Holmquist et al 2021,July and August 2016 20m Grid Survey,GCW,321,2016,8,1,38.87489178345663,-76.54593416453281,0.168,GEOID12B,wetland,Phragmites australis,Phragmites australis
Holmquist et al 2021,July and August 2016 20m Grid Survey,GCW,322,2016,8,1,38.8750724221685,-76.54593701825087,0.064,GEOID12B,wetland,Iva frutescens,Iva frutescens
Holmquist et al 2021,July and August 2016 20m Grid Survey,GCW,323,2016,8,1,38.87525312607987,-76.54594107225374,0.146,GEOID12B,wetland,NA,NA
Holmquist et al 2021,July and August 2016 20m Grid Survey,GCW,324,2016,8,1,38.87543215261748,-76.54594522827338,0.188,GEOID12B,wetland,Phragmites australis,Phragmites australis
Holmquist et al 2021,July and August 2016 20m Grid Survey,GCW,325,2016,8,1,38.87561244732497,-76.54594888154986,0.098,GEOID12B,wetland,Spartina alterniflora,Spartina alterniflora
Holmquist et al 2021,July and August 2016 20m Grid Survey,GCW,326,2016,8,1,38.87327410041431,-76.54566883775715,0.406,GEOID12B,wetland,Spartina cynosuroides,Spartina cynosuroides
Holmquist et al 2021,July and August 2016 20m Grid Survey,GCW,327,2016,8,1,38.87345383454806,-76.54567127908426,0.325,GEOID12B,wetland,Spartina cynosuroides,Spartina cynosuroides
Holmquist et al 2021,July and August 2016 20m Grid Survey,GCW,328,2016,8,1,38.873634760688205,-76.54567556753925,0.243,GEOID12B,wetland,Typha angustifolia,Typha angustifolia
Holmquist et al 2021,July and August 2016 20m Grid Survey,GCW,329,2016,8,1,38.87381471653053,-76.54568031914866,0.261,GEOID12B,wetland,Phragmites australis,Phragmites australis
Holmquist et al 2021,July and August 2016 20m Grid Survey,GCW,330,2016,8,1,38.87399502001309,-76.54568399477905,0.284,GEOID12B,wetland,Iva frutescens,Iva frutescens
Holmquist et al 2021,July and August 2016 20m Grid Survey,GCW,331,2016,8,1,38.87417401788702,-76.54568623584495,0.191,GEOID12B,wetland,Phragmites australis,Phragmites australis
Holmquist et al 2021,July and August 2016 20m Grid Survey,GCW,332,2016,8,1,38.87435454718207,-76.54569055042673,-0.028,GEOID12B,wetland,Phragmites australis,Phragmites australis
Holmquist et al 2021,July and August 2016 20m Grid Survey,GCW,333,2016,8,1,38.8745344025223,-76.54569404353958,0.204,GEOID12B,wetland,Kosteletzkya  virginica,Kosteletzkya  virginica
Holmquist et al 2021,July and August 2016 20m Grid Survey,GCW,334,2016,8,1,38.87471466949786,-76.54569843320112,0.146,GEOID12B,wetland,Phragmites australis,Phragmites australis
Holmquist et al 2021,July and August 2016 20m Grid Survey,GCW,335,2016,8,1,38.87489448299592,-76.54570236351186,0.196,GEOID12B,wetland,Phragmites australis,Phragmites australis
Holmquist et al 2021,July and August 2016 20m Grid Survey,GCW,336,2016,8,1,38.87507501196201,-76.54570670128697,0.206,GEOID12B,wetland,Phragmites australis,Phragmites australis
Holmquist et al 2021,July and August 2016 20m Grid Survey,GCW,337,2016,8,1,38.87381707747796,-76.54545023181555,0.281,GEOID12B,wetland,Phragmites australis,Phragmites australis
Holmquist et al 2021,July and August 2016 20m Grid Survey,GCW,338,2016,8,1,38.87399699574225,-76.54545237693958,0.134,GEOID12B,wetland,Iva frutescens,Iva frutescens
Holmquist et al 2021,July and August 2016 20m Grid Survey,GCW,339,2016,8,1,38.87417714290297,-76.54545697080479,0.1,GEOID12B,wetland,Schoenoplectus americanus,Schoenoplectus americanus
Holmquist et al 2021,July and August 2016 20m Grid Survey,GCW,340,2016,8,1,38.87435728410016,-76.54546133403568,0.157,GEOID12B,wetland,Phragmites australis,Phragmites australis
Holmquist et al 2021,July and August 2016 20m Grid Survey,GCW,341,2016,8,1,38.87453862293302,-76.54546575782864,0.117,GEOID12B,wetland,Phragmites australis,Phragmites australis
Holmquist et al 2021,July and August 2016 20m Grid Survey,GCW,342,2016,8,1,38.874723026298774,-76.54546194842884,0.096,GEOID12B,wetland,Spartina cynosuroides,Spartina cynosuroides
Holmquist et al 2021,July and August 2016 20m Grid Survey,GCW,343,2016,8,1,38.87507909683419,-76.54547708527154,0.245,GEOID12B,wetland,Phragmites australis,Phragmites australis
Holmquist et al 2021,July and August 2016 20m Grid Survey,GCW,344,2016,8,1,38.8752579528541,-76.54547983007336,0.188,GEOID12B,wetland,Phragmites australis,Phragmites australis
Holmquist et al 2021,July and August 2016 20m Grid Survey,GCW,345,2016,8,1,38.875438148827975,-76.54548413706995,0.219,GEOID12B,wetland,Schoenoplectus americanus,Schoenoplectus americanus
Holmquist et al 2021,July and August 2016 20m Grid Survey,GCW,346,2016,8,1,38.87561970441717,-76.54548715943483,0.155,GEOID12B,wetland,Iva frutescens,Iva frutescens
Holmquist et al 2021,July and August 2016 20m Grid Survey,GCW,347,2016,8,1,38.8767007875098,-76.54548119584287,0.056,GEOID12B,wetland,Phragmites australis,Phragmites australis
Holmquist et al 2021,July and August 2016 20m Grid Survey,GCW,348,2016,8,1,38.873819835698455,-76.54521936922333,0.201,GEOID12B,wetland,Iva frutescens,Iva frutescens
Holmquist et al 2021,July and August 2016 20m Grid Survey,GCW,349,2016,8,1,38.87400034762943,-76.54522295598653,0.076,GEOID12B,wetland,Iva frutescens,Iva frutescens
Holmquist et al 2021,July and August 2016 20m Grid Survey,GCW,350,2016,8,1,38.874180977252095,-76.54522513901928,0.295,GEOID12B,wetland,C4,NA
Holmquist et al 2021,July and August 2016 20m Grid Survey,GCW,351,2016,8,1,38.87436142277809,-76.5452303382137,0.272,GEOID12B,wetland,C4,NA
Holmquist et al 2021,July and August 2016 20m Grid Survey,GCW,352,2016,8,1,38.87454137848633,-76.54523510033411,0.176,GEOID12B,wetland,Iva frutescens,Iva frutescens
Holmquist et al 2021,July and August 2016 20m Grid Survey,GCW,353,2016,8,1,38.87472168060101,-76.54523819854636,0.22,GEOID12B,wetland,Phragmites australis,Phragmites australis
Holmquist et al 2021,July and August 2016 20m Grid Survey,GCW,354,2016,8,1,38.8749011289074,-76.54524112844244,0.201,GEOID12B,wetland,Phragmites australis,Phragmites australis
Holmquist et al 2021,July and August 2016 20m Grid Survey,GCW,355,2016,8,1,38.87508106886909,-76.54524571742142,0.094,GEOID12B,wetland,Phragmites australis,Phragmites australis
Holmquist et al 2021,July and August 2016 20m Grid Survey,GCW,356,2016,8,1,38.87526187802206,-76.54524863074747,0.22,GEOID12B,wetland,Phragmites australis,Phragmites australis
Holmquist et al 2021,July and August 2016 20m Grid Survey,GCW,357,2016,8,1,38.875441376271404,-76.54525391340087,0.186,GEOID12B,wetland,C4,NA
Holmquist et al 2021,July and August 2016 20m Grid Survey,GCW,358,2016,8,1,38.875622190016806,-76.5452585214188,0.193,GEOID12B,wetland,Iva frutescens,Iva frutescens
Holmquist et al 2021,July and August 2016 20m Grid Survey,GCW,359,2016,8,1,38.87580203342812,-76.54526087213904,0.205,GEOID12B,wetland,Spartina cynosuroides,Spartina cynosuroides
Holmquist et al 2021,July and August 2016 20m Grid Survey,GCW,360,2016,8,1,38.875982977414246,-76.54526653204745,0.206,GEOID12B,wetland,Spartina cynosuroides,Spartina cynosuroides
Holmquist et al 2021,July and August 2016 20m Grid Survey,GCW,361,2016,8,1,38.87616234263208,-76.54527029035214,0.251,GEOID12B,wetland,Phragmites australis,Phragmites australis
Holmquist et al 2021,July and August 2016 20m Grid Survey,GCW,362,2016,8,1,38.87634233765063,-76.5452734398475,0.223,GEOID12B,wetland,Phragmites australis,Phragmites australis
Holmquist et al 2021,July and August 2016 20m Grid Survey,GCW,363,2016,8,1,38.87670279931233,-76.5452801871951,0.173,GEOID12B,wetland,Phragmites australis,Phragmites australis
Holmquist et al 2021,July and August 2016 20m Grid Survey,GCW,364,2016,8,1,38.87688294716714,-76.545284723407,0.017,GEOID12B,wetland,NA,NA
Holmquist et al 2021,July and August 2016 20m Grid Survey,GCW,365,2016,8,1,38.877063531674295,-76.54528826621255,0.125,GEOID12B,wetland,Spartina alterniflora,Spartina alterniflora
Holmquist et al 2021,July and August 2016 20m Grid Survey,GCW,366,2016,8,1,38.87382333259824,-76.54498848802241,0.111,GEOID12B,wetland,C4,NA
Holmquist et al 2021,July and August 2016 20m Grid Survey,GCW,367,2016,8,1,38.87400341199878,-76.5449920763624,0.24,GEOID12B,wetland,C4,NA
Holmquist et al 2021,July and August 2016 20m Grid Survey,GCW,368,2016,8,1,38.87418282859388,-76.54499536220386,0.287,GEOID12B,wetland,Schoenoplectus americanus,Schoenoplectus americanus
Holmquist et al 2021,July and August 2016 20m Grid Survey,GCW,369,2016,8,1,38.87436300357766,-76.54499989790895,0.308,GEOID12B,wetland,C4,NA
Holmquist et al 2021,July and August 2016 20m Grid Survey,GCW,370,2016,8,1,38.874543548046866,-76.54500443012645,0.26,GEOID12B,wetland,Schoenoplectus americanus,Schoenoplectus americanus
Holmquist et al 2021,July and August 2016 20m Grid Survey,GCW,371,2016,8,1,38.87472415464182,-76.54500835278373,0.237,GEOID12B,wetland,Iva frutescens,Iva frutescens
Holmquist et al 2021,July and August 2016 20m Grid Survey,GCW,372,2016,8,1,38.87490346205797,-76.54501239719609,0.205,GEOID12B,wetland,Phragmites australis,Phragmites australis
Holmquist et al 2021,July and August 2016 20m Grid Survey,GCW,373,2016,8,1,38.87508413214542,-76.54501560660633,-0.063,GEOID12B,wetland,Phragmites australis,Phragmites australis
Holmquist et al 2021,July and August 2016 20m Grid Survey,GCW,374,2016,8,1,38.875265284566936,-76.54501981784425,0.226,GEOID12B,wetland,Schoenoplectus americanus,Schoenoplectus americanus
Holmquist et al 2021,July and August 2016 20m Grid Survey,GCW,375,2016,8,1,38.8754445345391,-76.54502275449133,0.169,GEOID12B,wetland,C4,NA
Holmquist et al 2021,July and August 2016 20m Grid Survey,GCW,376,2016,8,1,38.87562428104937,-76.54502698146187,0.253,GEOID12B,wetland,C4,NA
Holmquist et al 2021,July and August 2016 20m Grid Survey,GCW,377,2016,8,1,38.87580497203824,-76.54503065255243,0.265,GEOID12B,wetland,C4,NA
Holmquist et al 2021,July and August 2016 20m Grid Survey,GCW,378,2016,8,1,38.8759854068248,-76.54503461784206,0.061,GEOID12B,wetland,Iva frutescens,Iva frutescens
Holmquist et al 2021,July and August 2016 20m Grid Survey,GCW,379,2016,8,1,38.87616589215815,-76.54503952951497,0.217,GEOID12B,wetland,Iva frutescens,Iva frutescens
Holmquist et al 2021,July and August 2016 20m Grid Survey,GCW,380,2016,8,1,38.87634539433271,-76.54504247178699,0.133,GEOID12B,wetland,Phragmites australis,Phragmites australis
Holmquist et al 2021,July and August 2016 20m Grid Survey,GCW,381,2016,8,1,38.87670547418724,-76.54505015495896,0.138,GEOID12B,wetland,Schoenoplectus americanus,Schoenoplectus americanus
Holmquist et al 2021,July and August 2016 20m Grid Survey,GCW,382,2016,8,1,38.87688593506443,-76.54505487028342,0.207,GEOID12B,wetland,Phragmites australis,Phragmites australis
Holmquist et al 2021,July and August 2016 20m Grid Survey,GCW,383,2016,8,1,38.87706654188744,-76.54505877034684,0.232,GEOID12B,wetland,Phragmites australis,Phragmites australis
Holmquist et al 2021,July and August 2016 20m Grid Survey,GCW,384,2016,8,1,38.87382558590065,-76.54475757986785,0.254,GEOID12B,wetland,C4,NA
Holmquist et al 2021,July and August 2016 20m Grid Survey,GCW,385,2016,8,1,38.87400626123808,-76.54476107678386,0.282,GEOID12B,wetland,C4,NA
Holmquist et al 2021,July and August 2016 20m Grid Survey,GCW,386,2016,8,1,38.87418706057616,-76.54476609800261,0.308,GEOID12B,wetland,C4,NA
Holmquist et al 2021,July and August 2016 20m Grid Survey,GCW,387,2016,8,1,38.87446131050293,-76.54477527519292,0.30400000000000005,GEOID12B,wetland,Schoenoplectus americanus,Schoenoplectus americanus
Holmquist et al 2021,July and August 2016 20m Grid Survey,GCW,388,2016,8,1,38.87472781789418,-76.54477644631784,0.164,GEOID12B,wetland,Phragmites australis,Phragmites australis
Holmquist et al 2021,July and August 2016 20m Grid Survey,GCW,389,2016,8,1,38.87490728122765,-76.54478096614181,0.174,GEOID12B,wetland,Phragmites australis,Phragmites australis
Holmquist et al 2021,July and August 2016 20m Grid Survey,GCW,390,2016,8,1,38.875087868899016,-76.54478495703822,0.123,GEOID12B,wetland,Phragmites australis,Phragmites australis
Holmquist et al 2021,July and August 2016 20m Grid Survey,GCW,391,2016,8,1,38.875281067833356,-76.54478924409625,0.243,GEOID12B,wetland,C4,NA
Holmquist et al 2021,July and August 2016 20m Grid Survey,GCW,392,2016,8,1,38.875446464645364,-76.5447924450418,0.236,GEOID12B,wetland,Schoenoplectus americanus,Schoenoplectus americanus
Holmquist et al 2021,July and August 2016 20m Grid Survey,GCW,393,2016,8,1,38.87562755601174,-76.5447971847031,0.233,GEOID12B,wetland,Schoenoplectus americanus,Schoenoplectus americanus
Holmquist et al 2021,July and August 2016 20m Grid Survey,GCW,394,2016,8,1,38.87580806228001,-76.5448011970345,0.213,GEOID12B,wetland,Phragmites australis,Phragmites australis
Holmquist et al 2021,July and August 2016 20m Grid Survey,GCW,395,2016,8,1,38.875988336437956,-76.54480368275236,0.124,GEOID12B,wetland,Iva frutescens,Iva frutescens
Holmquist et al 2021,July and August 2016 20m Grid Survey,GCW,396,2016,8,1,38.87616739162536,-76.54480908160942,0.236,GEOID12B,wetland,Phragmites australis,Phragmites australis
Holmquist et al 2021,July and August 2016 20m Grid Survey,GCW,397,2016,8,1,38.876348784016486,-76.54481149938462,-0.023,GEOID12B,wetland,Phragmites australis,Phragmites australis
Holmquist et al 2021,July and August 2016 20m Grid Survey,GCW,398,2016,8,1,38.87670854037471,-76.54481911674819,0.214,GEOID12B,wetland,Phragmites australis,Phragmites australis
Holmquist et al 2021,July and August 2016 20m Grid Survey,GCW,399,2016,8,1,38.87688912691952,-76.54482318866444,0.196,GEOID12B,wetland,Phragmites australis,Phragmites australis
Holmquist et al 2021,July and August 2016 20m Grid Survey,GCW,400,2016,8,1,38.877069116789926,-76.54482808921226,0.157,GEOID12B,wetland,Phragmites australis,Phragmites australis
Holmquist et al 2021,July and August 2016 20m Grid Survey,GCW,401,2016,8,1,38.877249453390306,-76.5448326630067,0.153,GEOID12B,wetland,C4,NA
Holmquist et al 2021,July and August 2016 20m Grid Survey,GCW,402,2016,8,1,38.87364902260863,-76.54452363060773,0.251,GEOID12B,wetland,Typha angustifolia,Typha angustifolia
Holmquist et al 2021,July and August 2016 20m Grid Survey,GCW,403,2016,8,1,38.873829450478894,-76.54452744430887,0.237,GEOID12B,wetland,Schoenoplectus americanus,Schoenoplectus americanus
Holmquist et al 2021,July and August 2016 20m Grid Survey,GCW,404,2016,8,1,38.87400935420078,-76.54453205359673,0.241,GEOID12B,wetland,Schoenoplectus americanus,Schoenoplectus americanus
Holmquist et al 2021,July and August 2016 20m Grid Survey,GCW,405,2016,8,1,38.874729621199364,-76.54454614795254,0.153,GEOID12B,wetland,Phragmites australis,Phragmites australis
Holmquist et al 2021,July and August 2016 20m Grid Survey,GCW,406,2016,8,1,38.874910360983606,-76.54455090232246,0.151,GEOID12B,wetland,C4,NA
Holmquist et al 2021,July and August 2016 20m Grid Survey,GCW,407,2016,8,1,38.87509102700493,-76.5445551018244,0.144,GEOID12B,wetland,Iva frutescens,Iva frutescens
Holmquist et al 2021,July and August 2016 20m Grid Survey,GCW,408,2016,8,1,38.875270510789214,-76.54455875703792,0.263,GEOID12B,wetland,C4,NA
Holmquist et al 2021,July and August 2016 20m Grid Survey,GCW,409,2016,8,1,38.87545131860337,-76.54456109224887,0.243,GEOID12B,wetland,C4,NA
Holmquist et al 2021,July and August 2016 20m Grid Survey,GCW,410,2016,8,1,38.875631228092054,-76.54456662418036,0.262,GEOID12B,wetland,C4,NA
Holmquist et al 2021,July and August 2016 20m Grid Survey,GCW,411,2016,8,1,38.875811050361555,-76.54457057501018,0.191,GEOID12B,wetland,Phragmites australis,Phragmites australis
Holmquist et al 2021,July and August 2016 20m Grid Survey,GCW,412,2016,8,1,38.87599111659724,-76.54457379340045,0.214,GEOID12B,wetland,Phragmites australis,Phragmites australis
Holmquist et al 2021,July and August 2016 20m Grid Survey,GCW,413,2016,8,1,38.87617135340109,-76.54457842186753,0.193,GEOID12B,wetland,Iva frutescens,Iva frutescens
Holmquist et al 2021,July and August 2016 20m Grid Survey,GCW,414,2016,8,1,38.87635154774935,-76.54458285348655,0.159,GEOID12B,wetland,Iva frutescens,Iva frutescens
Holmquist et al 2021,July and August 2016 20m Grid Survey,GCW,415,2016,8,1,38.87653244163423,-76.54458481034112,0.087,GEOID12B,wetland,Phragmites australis,Phragmites australis
Holmquist et al 2021,July and August 2016 20m Grid Survey,GCW,416,2016,8,1,38.87671131605086,-76.54459025093212,0.084,GEOID12B,wetland,Phragmites australis,Phragmites australis
Holmquist et al 2021,July and August 2016 20m Grid Survey,GCW,417,2016,8,1,38.87689184273296,-76.54459271863733,0.167,GEOID12B,wetland,Phragmites australis,Phragmites australis
Holmquist et al 2021,July and August 2016 20m Grid Survey,GCW,418,2016,8,1,38.877072742154645,-76.54459766135241,0.187,GEOID12B,wetland,C4,NA
Holmquist et al 2021,July and August 2016 20m Grid Survey,GCW,419,2016,8,1,38.87725264790377,-76.54460210995934,0.274,GEOID12B,wetland,Schoenoplectus americanus,Schoenoplectus americanus
Holmquist et al 2021,July and August 2016 20m Grid Survey,GCW,420,2016,8,1,38.87563279301696,-76.54433660591211,0.201,GEOID12B,wetland,Schoenoplectus americanus,Schoenoplectus americanus
Holmquist et al 2021,July and August 2016 20m Grid Survey,GCW,421,2016,8,1,38.87581412378765,-76.54433959745857,0.159,GEOID12B,wetland,C4,NA
Holmquist et al 2021,July and August 2016 20m Grid Survey,GCW,422,2016,8,1,38.875993665747544,-76.54434362236574,0.116,GEOID12B,wetland,Iva frutescens,Iva frutescens
Holmquist et al 2021,July and August 2016 20m Grid Survey,GCW,423,2016,8,1,38.87617398410403,-76.54434821743442,0.189,GEOID12B,wetland,Phragmites australis,Phragmites australis
Holmquist et al 2021,July and August 2016 20m Grid Survey,GCW,424,2016,8,1,38.87635485865127,-76.5443516372486,0.208,GEOID12B,wetland,Phragmites australis,Phragmites australis
Holmquist et al 2021,July and August 2016 20m Grid Survey,GCW,425,2016,8,1,38.876534999864546,-76.54435531788134,0.209,GEOID12B,wetland,Phragmites australis,Phragmites australis
Holmquist et al 2021,July and August 2016 20m Grid Survey,GCW,426,2016,8,1,38.87671544140804,-76.54435945462467,0.166,GEOID12B,wetland,Iva frutescens,Iva frutescens
Holmquist et al 2021,July and August 2016 20m Grid Survey,GCW,427,2016,8,1,38.876895978363514,-76.54436319000393,0.119,GEOID12B,wetland,Phragmites australis,Phragmites australis
Holmquist et al 2021,July and August 2016 20m Grid Survey,GCW,428,2016,8,1,38.87707551801583,-76.54436806811758,0.227,GEOID12B,wetland,Iva frutescens,Iva frutescens
Holmquist et al 2021,July and August 2016 20m Grid Survey,GCW,429,2016,8,1,38.87725480784102,-76.54437139615696,0.267,GEOID12B,wetland,Schoenoplectus americanus,Schoenoplectus americanus
Holmquist et al 2021,July and August 2016 20m Grid Survey,GCW,430,2016,8,1,38.87742300264998,-76.54437288168648,0.333,GEOID12B,wetland,C4,NA
Holmquist et al 2021,July and August 2016 20m Grid Survey,GCW,431,2016,8,1,38.87563783297189,-76.54410542940988,0.16,GEOID12B,wetland,Schoenoplectus americanus,Schoenoplectus americanus
Holmquist et al 2021,July and August 2016 20m Grid Survey,GCW,432,2016,8,1,38.87581734364894,-76.5441090956754,0.188,GEOID12B,wetland,Schoenoplectus americanus,Schoenoplectus americanus
Holmquist et al 2021,July and August 2016 20m Grid Survey,GCW,433,2016,8,1,38.87599722074729,-76.5441123088074,0.168,GEOID12B,wetland,Iva frutescens,Iva frutescens
Holmquist et al 2021,July and August 2016 20m Grid Survey,GCW,434,2016,8,1,38.876176811436295,-76.54411673768463,0.231,GEOID12B,wetland,Iva frutescens,Iva frutescens
Holmquist et al 2021,July and August 2016 20m Grid Survey,GCW,435,2016,8,1,38.876357186721165,-76.54411975417044,0.023,GEOID12B,wetland,Iva frutescens,Iva frutescens
Holmquist et al 2021,July and August 2016 20m Grid Survey,GCW,436,2016,8,1,38.876537887260184,-76.54412474893587,0.218,GEOID12B,wetland,Phragmites australis,Phragmites australis
Holmquist et al 2021,July and August 2016 20m Grid Survey,GCW,437,2016,8,1,38.876718320440915,-76.54412951893134,0.131,GEOID12B,wetland,Phragmites australis,Phragmites australis
Holmquist et al 2021,July and August 2016 20m Grid Survey,GCW,438,2016,8,1,38.876897942839896,-76.54413291116053,0.129,GEOID12B,wetland,Phragmites australis,Phragmites australis
Holmquist et al 2021,July and August 2016 20m Grid Survey,GCW,439,2016,8,1,38.87707762358182,-76.54413734217118,0.23,GEOID12B,wetland,C4,NA
Holmquist et al 2021,July and August 2016 20m Grid Survey,GCW,440,2016,8,1,38.87725787910748,-76.54413919193858,0.286,GEOID12B,wetland,C4,NA
Holmquist et al 2021,July and August 2016 20m Grid Survey,GCW,441,2016,8,1,38.877439434928874,-76.54414355985601,0.303,GEOID12B,wetland,C4,NA
Holmquist et al 2021,July and August 2016 20m Grid Survey,GCW,442,2016,8,1,38.877799062335995,-76.54415207052388,0.376,GEOID12B,wetland,Spartina cynosuroides,Spartina cynosuroides
Holmquist et al 2021,July and August 2016 20m Grid Survey,GCW,443,2016,8,1,38.87546069455779,-76.54387058712635,0.278,GEOID12B,wetland,Schoenoplectus americanus,Schoenoplectus americanus
Holmquist et al 2021,July and August 2016 20m Grid Survey,GCW,444,2016,8,1,38.87563909661534,-76.54387359477893,0.204,GEOID12B,wetland,C4,NA
Holmquist et al 2021,July and August 2016 20m Grid Survey,GCW,445,2016,8,1,38.875820862022145,-76.5438791536423,0.214,GEOID12B,wetland,Schoenoplectus americanus,Schoenoplectus americanus
Holmquist et al 2021,July and August 2016 20m Grid Survey,GCW,446,2016,8,1,38.87600097165985,-76.54388181790937,0.118,GEOID12B,wetland,Iva frutescens,Iva frutescens
Holmquist et al 2021,July and August 2016 20m Grid Survey,GCW,447,2016,8,1,38.876181499838935,-76.54388622038496,0.234,GEOID12B,wetland,C4,NA
Holmquist et al 2021,July and August 2016 20m Grid Survey,GCW,448,2016,8,1,38.876360309870776,-76.54389040127529,0.08,GEOID12B,wetland,Phragmites australis,Phragmites australis
Holmquist et al 2021,July and August 2016 20m Grid Survey,GCW,449,2016,8,1,38.87654123316533,-76.5438942244718,0.172,GEOID12B,wetland,Phragmites australis,Phragmites australis
Holmquist et al 2021,July and August 2016 20m Grid Survey,GCW,450,2016,8,1,38.876720914074824,-76.54389796317811,0.197,GEOID12B,wetland,Iva frutescens,Iva frutescens
Holmquist et al 2021,July and August 2016 20m Grid Survey,GCW,451,2016,8,1,38.87690147091399,-76.54390155948883,0.145,GEOID12B,wetland,Schoenoplectus americanus,Schoenoplectus americanus
Holmquist et al 2021,July and August 2016 20m Grid Survey,GCW,452,2016,8,1,38.87762240003926,-76.54391326559656,0.329,GEOID12B,wetland,Spartina cynosuroides,Spartina cynosuroides
Holmquist et al 2021,July and August 2016 20m Grid Survey,GCW,453,2016,8,1,38.87780163654528,-76.54392062612008,0.324,GEOID12B,wetland,Spartina cynosuroides,Spartina cynosuroides
Holmquist et al 2021,July and August 2016 20m Grid Survey,GCW,454,2016,8,1,38.87798169792814,-76.54392557218874,0.336,GEOID12B,wetland,C4,NA
Holmquist et al 2021,July and August 2016 20m Grid Survey,GCW,455,2016,8,1,38.87820530966654,-76.54393044641938,0.354,GEOID12B,wetland,Phragmites australis,Phragmites australis
Holmquist et al 2021,July and August 2016 20m Grid Survey,GCW,456,2016,8,1,38.875463316334184,-76.5436402694776,0.296,GEOID12B,wetland,Schoenoplectus americanus,Schoenoplectus americanus
Holmquist et al 2021,July and August 2016 20m Grid Survey,GCW,457,2016,8,1,38.87564247133291,-76.54364494126314,0.305,GEOID12B,wetland,C4,NA
Holmquist et al 2021,July and August 2016 20m Grid Survey,GCW,458,2016,8,1,38.8758230909606,-76.54364788108235,0.279,GEOID12B,wetland,Schoenoplectus americanus,Schoenoplectus americanus
Holmquist et al 2021,July and August 2016 20m Grid Survey,GCW,459,2016,8,1,38.876003311265244,-76.54365444343891,0.087,GEOID12B,wetland,C4,NA
Holmquist et al 2021,July and August 2016 20m Grid Survey,GCW,460,2016,8,1,38.876183968076916,-76.54365525154833,0.253,GEOID12B,wetland,Iva frutescens,Iva frutescens
Holmquist et al 2021,July and August 2016 20m Grid Survey,GCW,461,2016,8,1,38.876363618202085,-76.54365995724821,0.221,GEOID12B,wetland,Iva frutescens,Iva frutescens
Holmquist et al 2021,July and August 2016 20m Grid Survey,GCW,462,2016,8,1,38.87654372223917,-76.54366440767544,0.211,GEOID12B,wetland,Schoenoplectus americanus,Schoenoplectus americanus
Holmquist et al 2021,July and August 2016 20m Grid Survey,GCW,463,2016,8,1,38.87672497272126,-76.54366733825346,0.252,GEOID12B,wetland,C4,NA
Holmquist et al 2021,July and August 2016 20m Grid Survey,GCW,464,2016,8,1,38.876904873346994,-76.54367081603284,0.087,GEOID12B,wetland,Schoenoplectus americanus,Schoenoplectus americanus
Holmquist et al 2021,July and August 2016 20m Grid Survey,GCW,465,2016,8,1,38.87744462500911,-76.54368293368728,0.356,GEOID12B,wetland,C4,NA
Holmquist et al 2021,July and August 2016 20m Grid Survey,GCW,466,2016,8,1,38.87762579764224,-76.54368766106533,0.232,GEOID12B,wetland,Iva frutescens,Iva frutescens
Holmquist et al 2021,July and August 2016 20m Grid Survey,GCW,467,2016,8,1,38.87780552098655,-76.54369159628988,0.324,GEOID12B,wetland,Iva frutescens,Iva frutescens
Holmquist et al 2021,July and August 2016 20m Grid Survey,GCW,468,2016,8,1,38.877985297289804,-76.54369493325133,0.318,GEOID12B,wetland,C4,NA
Holmquist et al 2021,July and August 2016 20m Grid Survey,GCW,469,2016,8,1,38.878165030069695,-76.54369815402501,0.284,GEOID12B,wetland,C4,NA
Holmquist et al 2021,July and August 2016 20m Grid Survey,GCW,470,2016,8,1,38.878322898579,-76.54370167404988,0.353,GEOID12B,wetland,C4,NA
Holmquist et al 2021,July and August 2016 20m Grid Survey,GCW,471,2016,8,1,38.87528525004648,-76.54340669991664,0.285,GEOID12B,wetland,Schoenoplectus americanus,Schoenoplectus americanus
Holmquist et al 2021,July and August 2016 20m Grid Survey,GCW,472,2016,8,1,38.87546607965612,-76.54341011625189,0.287,GEOID12B,wetland,C4,NA
Holmquist et al 2021,July and August 2016 20m Grid Survey,GCW,473,2016,8,1,38.8756465153131,-76.54341265954253,0.273,GEOID12B,wetland,Schoenoplectus americanus,Schoenoplectus americanus
Holmquist et al 2021,July and August 2016 20m Grid Survey,GCW,474,2016,8,1,38.87582690097656,-76.54341830265686,0.236,GEOID12B,wetland,Schoenoplectus americanus,Schoenoplectus americanus
Holmquist et al 2021,July and August 2016 20m Grid Survey,GCW,475,2016,8,1,38.87600694867698,-76.54342156384816,0.26,GEOID12B,wetland,Schoenoplectus americanus,Schoenoplectus americanus
Holmquist et al 2021,July and August 2016 20m Grid Survey,GCW,476,2016,8,1,38.87618728678917,-76.54342535009084,0.271,GEOID12B,wetland,C4,NA
Holmquist et al 2021,July and August 2016 20m Grid Survey,GCW,477,2016,8,1,38.876367214058895,-76.54343022259313,0.28,GEOID12B,wetland,C4,NA
Holmquist et al 2021,July and August 2016 20m Grid Survey,GCW,478,2016,8,1,38.87654717760049,-76.54343303249028,0.257,GEOID12B,wetland,C4,NA
Holmquist et al 2021,July and August 2016 20m Grid Survey,GCW,479,2016,8,1,38.8767272515805,-76.5434377122725,0.245,GEOID12B,wetland,Phragmites australis,Phragmites australis
Holmquist et al 2021,July and August 2016 20m Grid Survey,GCW,480,2016,8,1,38.87690696966138,-76.54342705268762,0.317,GEOID12B,wetland,Spartina cynosuroides,Spartina cynosuroides
Holmquist et al 2021,July and August 2016 20m Grid Survey,GCW,481,2016,8,1,38.87744727341775,-76.54345262172441,0.289,GEOID12B,wetland,Iva frutescens,Iva frutescens
Holmquist et al 2021,July and August 2016 20m Grid Survey,GCW,482,2016,8,1,38.87762878897606,-76.54345662969122,0.257,GEOID12B,wetland,Iva frutescens,Iva frutescens
Holmquist et al 2021,July and August 2016 20m Grid Survey,GCW,483,2016,8,1,38.87780854090782,-76.54346112981183,0.203,GEOID12B,wetland,Phragmites australis,Phragmites australis
Holmquist et al 2021,July and August 2016 20m Grid Survey,GCW,484,2016,8,1,38.87798927027766,-76.5434646251469,0.252,GEOID12B,wetland,Phragmites australis,Phragmites australis
Holmquist et al 2021,July and August 2016 20m Grid Survey,GCW,485,2016,8,1,38.87816897883204,-76.54346899759662,0.256,GEOID12B,wetland,Phragmites australis,Phragmites australis
Holmquist et al 2021,July and August 2016 20m Grid Survey,GCW,486,2016,8,1,38.8783379217192,-76.54347251464516,0.374,GEOID12B,wetland,Phragmites australis,Phragmites australis
Holmquist et al 2021,July and August 2016 20m Grid Survey,GCW,487,2016,8,1,38.875469092145295,-76.54317948424323,0.296,GEOID12B,wetland,Typha angustifolia,Typha angustifolia
Holmquist et al 2021,July and August 2016 20m Grid Survey,GCW,488,2016,8,1,38.87564850670718,-76.54318292705521,0.256,GEOID12B,wetland,Schoenoplectus americanus,Schoenoplectus americanus
Holmquist et al 2021,July and August 2016 20m Grid Survey,GCW,489,2016,8,1,38.87582862410395,-76.54318773381135,0.217,GEOID12B,wetland,Schoenoplectus americanus,Schoenoplectus americanus
Holmquist et al 2021,July and August 2016 20m Grid Survey,GCW,490,2016,8,1,38.87600988702554,-76.543191089872,0.147,GEOID12B,wetland,Schoenoplectus americanus,Schoenoplectus americanus
Holmquist et al 2021,July and August 2016 20m Grid Survey,GCW,491,2016,8,1,38.87618952464422,-76.54319469899484,0.17,GEOID12B,wetland,C4,NA
Holmquist et al 2021,July and August 2016 20m Grid Survey,GCW,492,2016,8,1,38.876369584317686,-76.54319978127478,0.157,GEOID12B,wetland,Iva frutescens,Iva frutescens
Holmquist et al 2021,July and August 2016 20m Grid Survey,GCW,493,2016,8,1,38.87673103356557,-76.54320681617165,0.229,GEOID12B,wetland,Phragmites australis,Phragmites australis
Holmquist et al 2021,July and August 2016 20m Grid Survey,GCW,494,2016,8,1,38.876910616023686,-76.54320982480333,0.187,GEOID12B,wetland,Phragmites australis,Phragmites australis
Holmquist et al 2021,July and August 2016 20m Grid Survey,GCW,495,2016,8,1,38.877090160048084,-76.54321437733616,0.208,GEOID12B,wetland,Iva frutescens,Iva frutescens
Holmquist et al 2021,July and August 2016 20m Grid Survey,GCW,496,2016,8,1,38.87727038286456,-76.5432180223785,0.194,GEOID12B,wetland,Phragmites australis,Phragmites australis
Holmquist et al 2021,July and August 2016 20m Grid Survey,GCW,497,2016,8,1,38.87745034904715,-76.54322267633934,0.259,GEOID12B,wetland,Phragmites australis,Phragmites australis
Holmquist et al 2021,July and August 2016 20m Grid Survey,GCW,498,2016,8,1,38.87763120745754,-76.54322595478679,0.188,GEOID12B,wetland,Kosteletzkya  virginica,Kosteletzkya  virginica
Holmquist et al 2021,July and August 2016 20m Grid Survey,GCW,499,2016,8,1,38.87781096426359,-76.54322940540692,0.254,GEOID12B,wetland,Phragmites australis,Phragmites australis
Holmquist et al 2021,July and August 2016 20m Grid Survey,GCW,500,2016,8,1,38.87799161629627,-76.54323466223131,0.124,GEOID12B,wetland,Phragmites australis,Phragmites australis
Holmquist et al 2021,July and August 2016 20m Grid Survey,GCW,501,2016,8,1,38.878171552341925,-76.54323818596579,0.266,GEOID12B,wetland,Phragmites australis,Phragmites australis
Holmquist et al 2021,July and August 2016 20m Grid Survey,GCW,502,2016,8,1,38.8783512900268,-76.54324103682777,0.319,GEOID12B,wetland,Phragmites australis,Phragmites australis
Holmquist et al 2021,July and August 2016 20m Grid Survey,GCW,503,2016,8,1,38.87637231214564,-76.54296884045883,0.131,GEOID12B,wetland,Phragmites australis,Phragmites australis
Holmquist et al 2021,July and August 2016 20m Grid Survey,GCW,504,2016,8,1,38.87655340160372,-76.5429716850715,0.101,GEOID12B,wetland,Phragmites australis,Phragmites australis
Holmquist et al 2021,July and August 2016 20m Grid Survey,GCW,505,2016,8,1,38.876732980323105,-76.54297634145021,0.167,GEOID12B,wetland,Phragmites australis,Phragmites australis
Holmquist et al 2021,July and August 2016 20m Grid Survey,GCW,506,2016,8,1,38.87691398222396,-76.54299126515839,0.059,GEOID12B,wetland,Phragmites australis,Phragmites australis
Holmquist et al 2021,July and August 2016 20m Grid Survey,GCW,507,2016,8,1,38.87709254736571,-76.54301738721814,0.093,GEOID12B,wetland,Kosteletzkya  virginica,Kosteletzkya  virginica
Holmquist et al 2021,July and August 2016 20m Grid Survey,GCW,508,2016,8,1,38.8779948713263,-76.54300270159665,0.073,GEOID12B,wetland,Phragmites australis,Phragmites australis
Holmquist et al 2021,July and August 2016 20m Grid Survey,GCW,509,2016,8,1,38.87817508529854,-76.54300701464845,0.262,GEOID12B,wetland,C4,NA
Holmquist et al 2021,July and August 2016 20m Grid Survey,GCW,510,2016,8,1,38.87835514993193,-76.5430110363113,0.155,GEOID12B,wetland,Phragmites australis,Phragmites australis
Holmquist et al 2021,July and August 2016 20m Grid Survey,GCW,511,2016,8,1,38.878534312688274,-76.54301579934048,0.352,GEOID12B,wetland,Typha angustifolia,Typha angustifolia
Holmquist et al 2021,July and August 2016 20m Grid Survey,GCW,512,2016,8,1,38.876196213805265,-76.54273353682873,0.257,GEOID12B,wetland,Phragmites australis,Phragmites australis
Holmquist et al 2021,July and August 2016 20m Grid Survey,GCW,513,2016,8,1,38.87637596952517,-76.54273843845955,0.146,GEOID12B,wetland,Iva frutescens,Iva frutescens
Holmquist et al 2021,July and August 2016 20m Grid Survey,GCW,514,2016,8,1,38.87655553845374,-76.5427417914002,0.211,GEOID12B,wetland,Iva frutescens,Iva frutescens
Holmquist et al 2021,July and August 2016 20m Grid Survey,GCW,515,2016,8,1,38.878357071973596,-76.54278035982315,0.104,GEOID12B,wetland,Spartina alterniflora,Spartina alterniflora
Holmquist et al 2021,July and August 2016 20m Grid Survey,GCW,516,2016,8,1,38.878537911378785,-76.54278575798345,0.307,GEOID12B,wetland,Phragmites australis,Phragmites australis
Holmquist et al 2021,July and August 2016 20m Grid Survey,GCW,517,2016,8,1,38.876198901520304,-76.54250419799858,0.061,GEOID12B,wetland,Phragmites australis,Phragmites australis
Holmquist et al 2021,July and August 2016 20m Grid Survey,GCW,518,2016,8,1,38.876378576567674,-76.54250702235484,0.107,GEOID12B,wetland,Iva frutescens,Iva frutescens
Holmquist et al 2021,July and August 2016 20m Grid Survey,GCW,519,2016,8,1,38.87656415466791,-76.54251523093656,-0.003,GEOID12B,wetland,Phragmites australis,Phragmites australis
Holmquist et al 2021,July and August 2016 20m Grid Survey,GCW,520,2016,8,1,38.87854088906217,-76.54255426218612,0.159,GEOID12B,wetland,Phragmites australis,Phragmites australis
Holmquist et al 2021,July and August 2016 20m Grid Survey,GCW,521,2016,8,1,38.87620181497728,-76.54227274296863,0.227,GEOID12B,wetland,Phragmites australis,Phragmites australis
Holmquist et al 2021,July and August 2016 20m Grid Survey,GCW,522,2016,8,1,38.87638205132202,-76.5422760515046,0.039,GEOID12B,wetland,Phragmites australis,Phragmites australis
Holmquist et al 2021,July and August 2016 20m Grid Survey,GCW,523,2016,8,1,38.87638442435501,-76.54204590984853,0.367,GEOID12B,wetland,Phragmites australis,Phragmites australis
Holmquist et al 2021,July and August 2016 20m Grid Survey,GCW,524,2016,8,1,38.87656571303437,-76.54205004751003,0.261,GEOID12B,wetland,Phragmites australis,Phragmites australis
Holmquist et al 2021,July and August 2016 20m Grid Survey,GCW,525,2016,8,1,38.876568385008326,-76.54181907019851,0.444,GEOID12B,wetland,Phragmites australis,Phragmites australis
Holmquist et al 2021,July and August 2016 20m Grid Survey,GCW,1,2016,8,1,38.87291051293295,-76.54916960268466,0.114,GEOID12B,wetland,Typha angustifolia,Typha angustifolia
Holmquist et al 2021,July and August 2016 20m Grid Survey,GCW,2,2016,8,1,38.874466175121924,-76.5507651897054,0.214,GEOID12B,wetland,Schoenoplectus americanus,Schoenoplectus americanus
Holmquist et al 2021,July and August 2016 20m Grid Survey,GCW,3,2016,8,1,38.87306894053702,-76.54750764866179,0.25,GEOID12B,wetland,Iva frutescens,Iva frutescens
Holmquist et al 2021,July and August 2016 20m Grid Survey,GCW,4,2016,8,1,38.872952290610606,-76.54681641763419,0.261,GEOID12B,wetland,Typha angustifolia,Typha angustifolia
Holmquist et al 2021,July and August 2016 20m Grid Survey,GCW,5,2016,8,1,38.873646545031086,-76.54475449876648,0.242,GEOID12B,wetland,Spartina cynosuroides,Spartina cynosuroides
Holmquist et al 2021,July and August 2016 20m Grid Survey,GCW,6,2016,8,1,38.873538516900965,-76.54488299187554,0.189,GEOID12B,wetland,Iva frutescens,Iva frutescens
Holmquist et al 2021,July and August 2016 20m Grid Survey,GCW,7,2016,8,1,38.87356915498799,-76.54521315620546,0.374,GEOID12B,wetland,Iva frutescens,Iva frutescens
Holmquist et al 2021,July and August 2016 20m Grid Survey,GCW,8,2016,8,1,38.875031878775175,-76.55188395571567,0.183,GEOID12B,wetland,Schoenoplectus americanus,Schoenoplectus americanus
Holmquist et al 2021,July and August 2016 20m Grid Survey,GCW,9,2016,8,1,38.875831642197525,-76.54235581869132,0.472,GEOID12B,transition,Phragmites australis,Phragmites australis
Holmquist et al 2021,June 2016 TMON Survey,GCW,1,2016,8,1,38.87619247914762,-76.54865917298146,0.1414175,GEOID12B,wetland,Spartina cynosuroides,Spartina cynosuroides
Holmquist et al 2021,June 2016 TMON Survey,GCW,2,2016,8,1,38.876008965367845,-76.54864431980079,0.30522,GEOID12B,wetland,C4,NA
Holmquist et al 2021,June 2016 TMON Survey,GCW,3,2016,8,1,38.87589590274782,-76.54863762895685,0.3175725,GEOID12B,wetland,C4,NA
Holmquist et al 2021,June 2016 TMON Survey,GCW,4,2016,8,1,38.87577678218928,-76.54863852913903,0.2834375,GEOID12B,wetland,C4,NA
Holmquist et al 2021,June 2016 TMON Survey,GCW,5,2016,8,1,38.87558885003703,-76.54861953884065,0.270005,GEOID12B,wetland,C4,NA
Holmquist et al 2021,June 2016 TMON Survey,GCW,6,2016,8,1,38.87529833670636,-76.54859473701273,0.26593,GEOID12B,wetland,C4,NA
Holmquist et al 2021,June 2016 TMON Survey,GCW,7,2016,8,1,38.87523195337097,-76.54860295862147,0.19435,GEOID12B,wetland,Iva frutescens,Iva frutescens
Holmquist et al 2021,June 2016 TMON Survey,GCW,8,2016,8,1,38.87505891424074,-76.54860601466018,0.273965,GEOID12B,wetland,C4,NA
Holmquist et al 2021,June 2016 TMON Survey,GCW,9,2016,8,1,38.87477266820558,-76.54855878031749,0.28652,GEOID12B,wetland,C4,NA
Holmquist et al 2021,June 2016 TMON Survey,GCW,10,2016,8,1,38.87465886218695,-76.54852844462269,0.1466225,GEOID12B,wetland,C4,NA
Holmquist et al 2021,June 2016 TMON Survey,GCW,11,2016,8,1,38.874418206396875,-76.54851267797832,0.18447,GEOID12B,wetland,Iva frutescens,Iva frutescens
Holmquist et al 2021,June 2016 TMON Survey,GCW,12,2016,8,1,38.874242473712926,-76.54850635553359,0.143145,GEOID12B,wetland,C4,NA
Holmquist et al 2021,June 2016 TMON Survey,GCW,13,2016,8,1,38.87410380699883,-76.54849876806412,0.2056,GEOID12B,wetland,C4,NA
Holmquist et al 2021,June 2016 TMON Survey,GCW,14,2016,8,1,38.87386228840113,-76.54847582439102,0.16292,GEOID12B,wetland,C4,NA
Holmquist et al 2021,June 2016 TMON Survey,GCW,15,2016,8,1,38.87372277971323,-76.54845316453863,0.2076275,GEOID12B,wetland,C4,NA
Holmquist et al 2021,June 2016 TMON Survey,GCW,16,2016,8,1,38.87361169383749,-76.54840840744997,0.2116325,GEOID12B,wetland,C4,NA
Holmquist et al 2021,June 2016 TMON Survey,GCW,17,2016,8,1,38.873288959187704,-76.54841077938923,0.20555,GEOID12B,wetland,Schoenoplectus americanus,Schoenoplectus americanus
Holmquist et al 2021,June 2016 TMON Survey,GCW,18,2016,8,1,38.87318225311072,-76.54841812126665,0.188505,GEOID12B,wetland,Schoenoplectus americanus,Schoenoplectus americanus
Holmquist et al 2021,June 2016 TMON Survey,GCW,19,2016,8,1,38.872927221911375,-76.54841509202326,0.24937,GEOID12B,wetland,Schoenoplectus americanus,Schoenoplectus americanus
Holmquist et al 2021,June 2016 TMON Survey,GCW,20,2016,8,1,38.87276452091634,-76.54842484541894,0.279235,GEOID12B,wetland,Typha angustifolia,Typha angustifolia
Holmquist et al 2021,June 2016 TMON Survey,GCW,1,2016,8,1,38.87532486153444,-76.54625881603556,0.14229,GEOID12B,wetland,Phragmites australis,Phragmites australis
Holmquist et al 2021,June 2016 TMON Survey,GCW,2,2016,8,1,38.875159332436226,-76.54626842357723,0.0505475,GEOID12B,wetland,Phragmites australis,Phragmites australis
Holmquist et al 2021,June 2016 TMON Survey,GCW,3,2016,8,1,38.87501362702598,-76.54629149519216,0.162795,GEOID12B,wetland,Phragmites australis,Phragmites australis
Holmquist et al 2021,June 2016 TMON Survey,GCW,4,2016,8,1,38.874808863844564,-76.54625252037017,0.102035,GEOID12B,wetland,Phragmites australis,Phragmites australis
Holmquist et al 2021,June 2016 TMON Survey,GCW,5,2016,8,1,38.87467496903546,-76.54620001757709,0.10742750000000001,GEOID12B,wetland,Phragmites australis,Phragmites australis
Holmquist et al 2021,June 2016 TMON Survey,GCW,6,2016,8,1,38.87447196688262,-76.54615332702225,0.138425,GEOID12B,wetland,Schoenoplectus robustus,Schoenoplectus robustus
Holmquist et al 2021,June 2016 TMON Survey,GCW,7,2016,8,1,38.87425620034349,-76.54619252588466,0.251005,GEOID12B,wetland,C4,NA
Holmquist et al 2021,June 2016 TMON Survey,GCW,8,2016,8,1,38.874012751584424,-76.54618907896685,0.2966325,GEOID12B,wetland,C4,NA
Holmquist et al 2021,June 2016 TMON Survey,GCW,9,2016,8,1,38.873828367265624,-76.5461629611939,0.31099,GEOID12B,wetland,C4,NA
Holmquist et al 2021,June 2016 TMON Survey,GCW,10,2016,8,1,38.873655340792475,-76.54615754633295,0.2833625,GEOID12B,wetland,Phragmites australis,Phragmites australis
Holmquist et al 2021,June 2016 TMON Survey,GCW,11,2016,8,1,38.87338935969651,-76.54616711862563,0.4414475,GEOID12B,wetland,Smilax rotundifolia,Smilax rotundifolia
Holmquist et al 2021,June 2016 TMON Survey,GCW,1,2016,8,1,38.87773053687825,-76.54311945905079,0.08527499999999999,GEOID12B,wetland,Spartina cynosuroides,Spartina cynosuroides
Holmquist et al 2021,June 2016 TMON Survey,GCW,2,2016,8,1,38.87772616387813,-76.54324672724117,0.2148775,GEOID12B,wetland,Phragmites australis,Phragmites australis
Holmquist et al 2021,June 2016 TMON Survey,GCW,3,2016,8,1,38.87776144194615,-76.54365331271927,0.294785,GEOID12B,wetland,C4,NA
Holmquist et al 2021,June 2016 TMON Survey,GCW,4,2016,8,1,38.877815082162265,-76.54381395273182,0.2693225,GEOID12B,wetland,Solidago sempervirens,Solidago sempervirens
Holmquist et al 2021,June 2016 TMON Survey,GCW,5,2016,8,1,38.87784532884525,-76.54401378973411,0.3180825,GEOID12B,wetland,C4,NA
Holmquist et al 2021,June 2016 TMON Survey,GCW,6,2016,8,1,38.87782333042597,-76.54422830787558,0.3897075,GEOID12B,wetland,Spartina cynosuroides,Spartina cynosuroides
Holmquist et al 2021,NA,GCW,a001,2016,8,1,38.886889601467686,-76.54232929357039,4.977,GEOID12B,upland,NA,NA
Holmquist et al 2021,NA,GCW,a003,2016,8,1,38.88611466363287,-76.541910906592,1.284,GEOID12B,upland,NA,NA
Blue Methane Emlid,NA,GCW,Kirk collar 1A UL,2021,1,14,38.87532884855427,-76.54472959876496,0.303,GEOID12B,wetland,NA,NA
Blue Methane Emlid,NA,GCW,Kirk collar 1A LL,2021,1,14,38.87532429522473,-76.54472777107429,0.29100000000000004,GEOID12B,wetland,NA,NA
Blue Methane Emlid,NA,GCW,Kirk collar 1A LR,2021,1,14,38.87532465467906,-76.54472171547577,0.303,GEOID12B,wetland,NA,NA
Blue Methane Emlid,NA,GCW,Kirk collar 1A UR,2021,1,14,38.875329964995395,-76.54472285638855,0.273,GEOID12B,wetland,NA,NA
Blue Methane Emlid,NA,GCW,Kirk collar 1B UL,2021,1,14,38.8753328590632,-76.54471320150141,0.302,GEOID12B,wetland,NA,NA
Blue Methane Emlid,NA,GCW,Kirk collar 1B LL,2021,1,14,38.87532796831093,-76.54471167774405,0.29500000000000004,GEOID12B,wetland,NA,NA
Blue Methane Emlid,NA,GCW,Kirk collar 1B LR,2021,1,14,38.87532904934058,-76.5447055686045,0.315,GEOID12B,wetland,NA,NA
Blue Methane Emlid,NA,GCW,Kirk collar 1B UR,2021,1,14,38.87533393276182,-76.54470696540197,0.297,GEOID12B,wetland,NA,NA
Blue Methane Emlid,NA,GCW,Kirk quad 3 UL,2021,1,14,38.87533956634695,-76.54471023434444,0.29500000000000004,GEOID12B,wetland,NA,NA
Blue Methane Emlid,NA,GCW,Kirk quad 3 LL,2021,1,14,38.875339578836424,-76.5447086092594,0.278,GEOID12B,wetland,NA,NA
Blue Methane Emlid,NA,GCW,Kirk quad 3 LR,2021,1,14,38.8753412563562,-76.54470849572542,0.28600000000000003,GEOID12B,wetland,NA,NA
Blue Methane Emlid,NA,GCW,Kirk quad 3 UR,2021,1,14,38.87534096767251,-76.54471056439677,0.29000000000000004,GEOID12B,wetland,NA,NA
Blue Methane Emlid,NA,GCW,Kirk quad 4 UL,2021,1,14,38.875341083865194,-76.54471063607662,0.28700000000000003,GEOID12B,wetland,NA,NA
Blue Methane Emlid,NA,GCW,Kirk quad 4 LL,2021,1,14,38.8753414863021,-76.5447088234698,0.314,GEOID12B,wetland,NA,NA
Blue Methane Emlid,NA,GCW,Kirk quad 4 LR,2021,1,14,38.875342335518674,-76.54470865741946,0.28400000000000003,GEOID12B,wetland,NA,NA
Blue Methane Emlid,NA,GCW,Kirk quad 4 LL again,2021,1,14,38.87534136965201,-76.54470878636208,0.3,GEOID12B,wetland,NA,NA
Blue Methane Emlid,NA,GCW,Kirk quad 4UR,2021,1,14,38.87534267526642,-76.5447102209671,0.298,GEOID12B,wetland,NA,NA
Blue Methane Emlid,NA,GCW,Kirk quad 1 UL,2021,1,14,38.87533734448067,-76.54473310259517,0.301,GEOID12B,wetland,NA,NA
Blue Methane Emlid,NA,GCW,Kirk quad 1 LL,2021,1,14,38.875336773020884,-76.54473475015922,0.28400000000000003,GEOID12B,wetland,NA,NA
Blue Methane Emlid,NA,GCW,Kirk quad 1 LR,2021,1,14,38.87533542100585,-76.54473409840851,0.279,GEOID12B,wetland,NA,NA
Blue Methane Emlid,NA,GCW,Kirk quad 1 UR,2021,1,14,38.87533588207939,-76.54473262136455,0.29100000000000004,GEOID12B,wetland,NA,NA
Blue Methane Emlid,NA,GCW,Kirk quad 2 UL,2021,1,14,38.87533530997188,-76.5447322746842,0.297,GEOID12B,wetland,NA,NA
Blue Methane Emlid,NA,GCW,Kirk quad 2 LL,2021,1,14,38.87533516481018,-76.54473439257221,0.28300000000000003,GEOID12B,wetland,NA,NA
Blue Methane Emlid,NA,GCW,Kirk quad 2 LR,2021,1,14,38.87533372760407,-76.54473405021523,0.279,GEOID12B,wetland,NA,NA
Blue Methane Emlid,NA,GCW,Kirk quad 2 UR,2021,1,14,38.875333799479904,-76.54473202295918,0.28900000000000003,GEOID12B,wetland,NA,NA
Blue Methane Emlid,NA,GCW,Kirk 50x50 harvest UL,2021,1,14,38.87534494901922,-76.54474336520423,0.256,GEOID12B,wetland,NA,NA
Blue Methane Emlid,NA,GCW,Kirk 50x50 harvest LL,2021,1,14,38.87534099270021,-76.544742726228,0.29000000000000004,GEOID12B,wetland,NA,NA
Blue Methane Emlid,NA,GCW,Kirk 50x50 harvest LR,2021,1,14,38.875341883045806,-76.54473740834582,0.29100000000000004,GEOID12B,wetland,NA,NA
Blue Methane Emlid,NA,GCW,Kirk 50x50 harvest UR,2021,1,14,38.875345517976726,-76.54473850145676,0.273,GEOID12B,wetland,NA,NA
Blue Methane Emlid,NA,GCW,Kirk pixel corner on boardwalk,2021,1,14,38.875275636844606,-76.54474342062291,0.345,GEOID12B,wetland,NA,NA
Blue Methane Emlid,NA,GCW,Kirk collar 2A UL,2021,1,14,38.87541220244206,-76.54456927130768,0.298,GEOID12B,wetland,NA,NA
Blue Methane Emlid,NA,GCW,Kirk collar 2A LL,2021,1,14,38.87541080949749,-76.5445758002156,0.321,GEOID12B,wetland,NA,NA
Blue Methane Emlid,NA,GCW,Kirk collar 2A LR,2021,1,14,38.875406099366,-76.54457424579418,0.32999999999999996,GEOID12B,wetland,NA,NA
Blue Methane Emlid,NA,GCW,Kirk collar 2A UR,2021,1,14,38.87540718130337,-76.54456806750134,0.318,GEOID12B,wetland,NA,NA
Blue Methane Emlid,NA,GCW,Kirk collar 2B UL,2021,1,14,38.87539905286774,-76.54456402985757,0.29400000000000004,GEOID12B,wetland,NA,NA
Blue Methane Emlid,NA,GCW,Kirk collar 2B LL,2021,1,14,38.87539788939885,-76.54457024096666,0.308,GEOID12B,wetland,NA,NA
Blue Methane Emlid,NA,GCW,Kirk collar 2B LR,2021,1,14,38.87539299131328,-76.54456859025791,0.33399999999999996,GEOID12B,wetland,NA,NA
Blue Methane Emlid,NA,GCW,Kirk collar 2B UR,2021,1,14,38.8753942644058,-76.54456226624902,0.319,GEOID12B,wetland,NA,NA
Blue Methane Emlid,NA,GCW,Hog 1A NERR 2020,2021,3,25,38.87999870391223,-76.55167536684546,0.348,GEOID12B,wetland,NA,NA
Blue Methane Emlid,NA,GCW,Hog 1B NERR 2020,2021,3,25,38.879993052228684,-76.55166466111835,0.348,GEOID12B,wetland,NA,NA
Blue Methane Emlid,NA,GCW,Hog Corner 1,2021,3,25,38.88005349447075,-76.55176111731517,0.347,GEOID12B,wetland,NA,NA
Blue Methane Emlid,NA,GCW,Hog 2B NERR 2020,2021,3,25,38.8800888087397,-76.55178614068852,0.34199999999999997,GEOID12B,wetland,NA,NA
Blue Methane Emlid,NA,GCW,Hog 2A NERR 2020,2021,3,25,38.88010140261011,-76.55178503129372,0.349,GEOID12B,wetland,NA,NA
Blue Methane Emlid,NA,GCW,Hog Corner 2,2021,3,25,38.88004795202177,-76.55211638490294,0.35,GEOID12B,wetland,NA,NA
Blue Methane Emlid,NA,GCW,Hog Corner 3,2021,3,25,38.87977467141435,-76.55210621924095,0.344,GEOID12B,wetland,NA,NA
Blue Methane Emlid,NA,GCW,Core 2A 1,2021,3,25,38.87982259393798,-76.55195958754418,0.358,GEOID12B,wetland,NA,NA
Blue Methane Emlid,NA,GCW,Core 2A 2,2021,3,25,38.87982244956329,-76.55196502564736,0.353,GEOID12B,wetland,NA,NA
Blue Methane Emlid,NA,GCW,Core 2A 3,2021,3,25,38.879822539402305,-76.55197046884635,0.345,GEOID12B,wetland,NA,NA
Blue Methane Emlid,NA,GCW,Core 2B 1,2021,3,25,38.87986489768743,-76.55196313635021,0.35,GEOID12B,wetland,NA,NA
Blue Methane Emlid,NA,GCW,Core 2B 2,2021,3,25,38.87986494429328,-76.55196912043097,0.355,GEOID12B,wetland,NA,NA
Blue Methane Emlid,NA,GCW,Core 2B 3,2021,3,25,38.879865096393196,-76.55197530278411,0.361,GEOID12B,wetland,NA,NA
Blue Methane Emlid,NA,GCW,Collar 2B 1,2021,3,25,38.879847565303294,-76.55196483429852,0.352,GEOID12B,wetland,NA,NA
Blue Methane Emlid,NA,GCW,Collar 2B 2,2021,3,25,38.87984737322196,-76.55197182765427,0.367,GEOID12B,wetland,NA,NA
Blue Methane Emlid,NA,GCW,Collar 2B 3,2021,3,25,38.87985286168482,-76.55197176261919,0.346,GEOID12B,wetland,NA,NA
Blue Methane Emlid,NA,GCW,Collar 2B 4,2021,3,25,38.87985286336777,-76.55196485734488,0.371,GEOID12B,wetland,NA,NA
Blue Methane Emlid,NA,GCW,Collar 2A 1,2021,3,25,38.879834500153514,-76.55196479212727,0.377,GEOID12B,wetland,NA,NA
Blue Methane Emlid,NA,GCW,Collar 2A 2,2021,3,25,38.87983433938641,-76.55197146337731,0.35,GEOID12B,wetland,NA,NA
Blue Methane Emlid,NA,GCW,Collar 2A 3,2021,3,25,38.879839617902434,-76.55197160127945,0.362,GEOID12B,wetland,NA,NA
Blue Methane Emlid,NA,GCW,Collar 2A 4,2021,3,25,38.8798397183695,-76.55196472121182,0.371,GEOID12B,wetland,NA,NA
Blue Methane Emlid,NA,GCW,Well Cond 2,2021,3,25,38.879893177212175,-76.5519066069821,0.349,GEOID12B,wetland,NA,NA
Blue Methane Emlid,NA,GCW,Well WL 2,2021,3,25,38.8798967738208,-76.55190244290075,0.347,GEOID12B,wetland,NA,NA
Blue Methane Emlid,NA,GCW,Lexan 1A 1,2021,3,25,38.879946536030644,-76.5518587274254,0.33499999999999996,GEOID12B,wetland,NA,NA
Blue Methane Emlid,NA,GCW,Lexan 1A 2,2021,3,25,38.87994785138537,-76.55185874451386,0.33599999999999997,GEOID12B,wetland,NA,NA
Blue Methane Emlid,NA,GCW,Lexan 1A 3,2021,3,25,38.8799478731379,-76.55185710799968,0.33799999999999997,GEOID12B,wetland,NA,NA
Blue Methane Emlid,NA,GCW,Lexan 1A 4,2021,3,25,38.87994660343706,-76.55185704579216,0.35,GEOID12B,wetland,NA,NA
Blue Methane Emlid,NA,GCW,Lexan 1A-2 1,2021,3,25,38.87994658483764,-76.55185641134311,0.349,GEOID12B,wetland,NA,NA
Blue Methane Emlid,NA,GCW,Lexan 1A-2 2,2021,3,25,38.87994804417087,-76.55185644309195,0.33899999999999997,GEOID12B,wetland,NA,NA
Blue Methane Emlid,NA,GCW,Lexan 1A-2 3,2021,3,25,38.87994798028347,-76.55185447040027,0.33899999999999997,GEOID12B,wetland,NA,NA
Blue Methane Emlid,NA,GCW,Lexan 1A-2 4,2021,3,25,38.87994668095378,-76.55185460352557,0.348,GEOID12B,wetland,NA,NA
Blue Methane Emlid,NA,GCW,Lexan 1B-1 1,2021,3,25,38.87996777323216,-76.55185408251594,0.351,GEOID12B,wetland,NA,NA
Blue Methane Emlid,NA,GCW,Lexan 1B-1 2,2021,3,25,38.87996636948018,-76.55185393669548,0.349,GEOID12B,wetland,NA,NA
Blue Methane Emlid,NA,GCW,Lexan 1B-1 3,2021,3,25,38.87996638664138,-76.55185603518004,0.347,GEOID12B,wetland,NA,NA
Blue Methane Emlid,NA,GCW,Lexan 1B-1 4,2021,3,25,38.87996766810779,-76.55185589013803,0.353,GEOID12B,wetland,NA,NA
Blue Methane Emlid,NA,GCW,Lexan 1B-2 1,2021,3,25,38.87996807020162,-76.55185750128952,0.356,GEOID12B,wetland,NA,NA
Blue Methane Emlid,NA,GCW,Lexan 1B-2 2,2021,3,25,38.879966638046284,-76.5518574586038,0.33999999999999997,GEOID12B,wetland,NA,NA
Blue Methane Emlid,NA,GCW,Lexan 1B-2 3,2021,3,25,38.879966454298795,-76.55185908006602,0.34299999999999997,GEOID12B,wetland,NA,NA
Blue Methane Emlid,NA,GCW,Lexan 1B-2 4,2021,3,25,38.87996780446094,-76.55185919013643,0.32699999999999996,GEOID12B,wetland,NA,NA
Blue Methane Emlid,NA,GCW,Core 1B 1,2021,3,25,38.87997744494323,-76.5518524945496,0.346,GEOID12B,wetland,NA,NA
Blue Methane Emlid,NA,GCW,Core 1B 2,2021,3,25,38.87997774881036,-76.55185878396694,0.34099999999999997,GEOID12B,wetland,NA,NA
Blue Methane Emlid,NA,GCW,Core 1B 3,2021,3,25,38.87997765680443,-76.55186435003047,0.34299999999999997,GEOID12B,wetland,NA,NA
Blue Methane Emlid,NA,GCW,Core 1A 1,2021,3,25,38.87993653731836,-76.55183136127069,0.351,GEOID12B,wetland,NA,NA
Blue Methane Emlid,NA,GCW,Core 1A 2,2021,3,25,38.87993651005645,-76.55183680193072,0.346,GEOID12B,wetland,NA,NA
Blue Methane Emlid,NA,GCW,Core 1A 3,2021,3,25,38.87993575141293,-76.55184303364466,0.352,GEOID12B,wetland,NA,NA
Blue Methane Emlid,NA,GCW,Collar 1A 1,2021,3,25,38.87994857808484,-76.55183932397986,0.34299999999999997,GEOID12B,wetland,NA,NA
Blue Methane Emlid,NA,GCW,Collar 1A 2,2021,3,25,38.87994880636362,-76.55184587689598,0.34199999999999997,GEOID12B,wetland,NA,NA
Blue Methane Emlid,NA,GCW,Collar 1A 3,2021,3,25,38.87995418154917,-76.55184552118493,0.361,GEOID12B,wetland,NA,NA
Blue Methane Emlid,NA,GCW,Collar 1A 4,2021,3,25,38.87995365829657,-76.5518387889298,0.351,GEOID12B,wetland,NA,NA
Blue Methane Emlid,NA,GCW,Collar 1B 1,2021,3,25,38.87996113277012,-76.55184048477558,0.355,GEOID12B,wetland,NA,NA
Blue Methane Emlid,NA,GCW,Collar 1B 2,2021,3,25,38.87996125310323,-76.55184702381636,0.35,GEOID12B,wetland,NA,NA
Blue Methane Emlid,NA,GCW,Collar 1B 3,2021,3,25,38.87996615235472,-76.5518472226272,0.348,GEOID12B,wetland,NA,NA
Blue Methane Emlid,NA,GCW,Collar 1B 4,2021,3,25,38.879966357390195,-76.55184060996797,0.363,GEOID12B,wetland,NA,NA
Blue Methane Trimble R12,NA,GCW,COMPASS UPLAND,2021,12,21,38.88738943697505,-76.56240858962694,1.895,GEOID18,upland,NA,NA
Blue Methane Trimble R12,NA,GCW,COMPASS TRANSITION,2021,12,21,38.88735950639823,-76.56230884032752,0.243,GEOID18,transition,NA,NA
Blue Methane Trimble R12,NA,GCW,COMPASS WETLAND,2021,12,21,38.88735359314348,-76.56217565583644,0.324,GEOID18,wetland,NA,NA
Blue Methane Trimble R12,NA,GCW,COMPASS WATER,2021,12,21,38.88735494345367,-76.56219222234402,0.074,GEOID18,water,NA,NA
Blue Methane Trimble R12,NA,GCW,COND WELL BASE,2021,12,21,38.887338371022445,-76.5620753207738,0.228,GEOID18,wetland,NA,NA
Blue Methane Trimble R12,NA,GCW,WATER WELL BASE,2021,12,21,38.88733976378869,-76.56208158252127,0.181,GEOID18,wetland,NA,NA
Blue Methane Trimble R12,NA,GCW,1A CORE 1,2021,12,21,38.88735165701852,-76.56203166987972,0.364,GEOID18,wetland,NA,NA
Blue Methane Trimble R12,NA,GCW,1A CORE 2,2021,12,21,38.88735648098357,-76.56203285052712,0.368,GEOID18,wetland,NA,NA
Blue Methane Trimble R12,NA,GCW,1A CORE 3,2021,12,21,38.88736332958751,-76.56203582837287,0.371,GEOID18,wetland,NA,NA
Blue Methane Trimble R12,NA,GCW,1B CORE 1,2021,12,21,38.88735995326313,-76.56197866720781,0.488,GEOID18,wetland,NA,NA
Blue Methane Trimble R12,NA,GCW,1B CORE 2,2021,12,21,38.88736437280725,-76.56198010391289,0.484,GEOID18,wetland,NA,NA
Blue Methane Trimble R12,NA,GCW,1B CORE 3,2021,12,21,38.887368439688736,-76.56198118546838,0.511,GEOID18,wetland,NA,NA
Blue Methane Trimble R12,NA,GCW,1A SIPPER TEFLON,2021,12,21,38.88737375473359,-76.56198840287132,0.4,GEOID18,wetland,NA,NA
Blue Methane Trimble R12,NA,GCW,1A SIPPER RHIZON,2021,12,21,38.88737298191625,-76.56198410831139,0.466,GEOID18,wetland,NA,NA
Blue Methane Trimble R12,NA,GCW,1B SIPPER TEFLON,2021,12,21,38.88736228861524,-76.56199605755849,0.379,GEOID18,wetland,NA,NA
Blue Methane Trimble R12,NA,GCW,1B SIPPER RHIZON,2021,12,21,38.88736228342856,-76.56199467443629,0.43,GEOID18,wetland,NA,NA
Blue Methane Trimble R12,NA,GCW,1A COLLAR EDGE 2,2021,12,21,38.88736123498267,-76.56202017701159,0.475,GEOID18,wetland,NA,NA
Blue Methane Trimble R12,NA,GCW,1A COLLAR EDGE 3,2021,12,21,38.887364333390835,-76.56201523626807,0.51,GEOID18,wetland,NA,NA
Blue Methane Trimble R12,NA,GCW,1A COLLAR EDGE 4,2021,12,21,38.88736005743605,-76.56201125137079,0.44,GEOID18,wetland,NA,NA
Blue Methane Trimble R12,NA,GCW,1A COLLAR EDGE 1,2021,12,21,38.88735707695682,-76.5620164103896,0.44,GEOID18,wetland,NA,NA
Blue Methane Trimble R12,NA,GCW,2A CORE 1,2021,12,21,38.88729872541444,-76.56211876458883,0.318,GEOID18,wetland,NA,NA
Blue Methane Trimble R12,NA,GCW,2A CORE 2,2021,12,21,38.88729719119681,-76.56211321834131,0.284,GEOID18,wetland,NA,NA
Blue Methane Trimble R12,NA,GCW,2A CORE 3,2021,12,21,38.88729643668022,-76.56210659536522,0.323,GEOID18,wetland,NA,NA
Blue Methane Trimble R12,NA,GCW,2A SIPPER TEFLON,2021,12,21,38.88728493753195,-76.56213668035105,0.389,GEOID18,wetland,NA,NA
Blue Methane Trimble R12,NA,GCW,2B SIPPER RHIZON,2021,12,21,38.88727192755309,-76.562141024914,0.325,GEOID18,wetland,NA,NA
Blue Methane Trimble R12,NA,GCW,2B CORE 1,2021,12,21,38.887261643540526,-76.56215882695253,0.367,GEOID18,wetland,NA,NA
Blue Methane Trimble R12,NA,GCW,2B CORE 2,2021,12,21,38.88726039979314,-76.56215386676408,0.365,GEOID18,wetland,NA,NA
Blue Methane Trimble R12,NA,GCW,2B CORE 3,2021,12,21,38.8872591686612,-76.56214746571501,0.38,GEOID18,wetland,NA,NA
Blue Methane Trimble R12,NA,GCW,KIRK NERR  2020 PLOT 1A,2022,3,10,38.87534320130601,-76.54454738345636,0.299,GEOID18,wetland,NA,NA
Blue Methane Trimble R12,NA,GCW,KIRK NERR  2020 PLOT 1B,2022,3,10,38.87534660498071,-76.54453312915567,0.301,GEOID18,wetland,NA,NA
Blue Methane Trimble R12,NA,GCW,KIRK COLLAR 1A CORNER LL,2022,3,10,38.87532406694996,-76.54472751592606,0.274,GEOID18,wetland,NA,NA
Blue Methane Trimble R12,NA,GCW,KIRK COLLAR 1A CORNER UL,2022,3,10,38.875328893885346,-76.54472940969661,0.306,GEOID18,wetland,NA,NA
Blue Methane Trimble R12,NA,GCW,KIRK COLLAR 1A CORNER UR,2022,3,10,38.87532977555324,-76.54472217830372,0.28,GEOID18,wetland,NA,NA
Blue Methane Trimble R12,NA,GCW,KIRK COLLAR 1A CORNER LR,2022,3,10,38.87532465516313,-76.54472126597564,0.315,GEOID18,wetland,NA,NA
Blue Methane Trimble R12,NA,GCW,KIRK COLLAR 1B CORNER LL,2022,3,10,38.875327714342376,-76.54471107045639,0.327,GEOID18,wetland,NA,NA
Blue Methane Trimble R12,NA,GCW,KIRK COLLAR 1B CORNER UL,2022,3,10,38.87533284616694,-76.5447126050258,0.305,GEOID18,wetland,NA,NA
Blue Methane Trimble R12,NA,GCW,KIRK COLLAR 1B CORNER UR,2022,3,10,38.875334325750266,-76.54470623414373,0.32,GEOID18,wetland,NA,NA
Blue Methane Trimble R12,NA,GCW,KIRK COLLAR 1B CORNER LR,2022,3,10,38.875329320176405,-76.54470473334229,0.319,GEOID18,wetland,NA,NA
Blue Methane Trimble R12,NA,GCW,KIRK COLLAR 1B CORNER LR V2,2022,3,10,38.875329374091315,-76.54470469842522,0.324,GEOID18,wetland,NA,NA
Blue Methane Trimble R12,NA,GCW,KIRK COLLAR 1B SIPPER,2022,3,10,38.87532736904,-76.54470799565799,0.274,GEOID18,wetland,NA,NA
Blue Methane Trimble R12,NA,GCW,KIRK COLLAR 1A SIPPER,2022,3,10,38.87532401694466,-76.54472393217233,0.256,GEOID18,wetland,NA,NA
Blue Methane Trimble R12,NA,GCW,KIRK ALLOMETRY QUAD 1 LEFT LL,2022,3,10,38.8753364907439,-76.54473472005222,0.293,GEOID18,wetland,NA,NA
Blue Methane Trimble R12,NA,GCW,KIRK ALLOMETRY QUAD 1 LEFT UL,2022,3,10,38.87533697153068,-76.54473326491652,0.285,GEOID18,wetland,NA,NA
Blue Methane Trimble R12,NA,GCW,KIRK ALLOMETRY QUAD 1 LEFT UR,2022,3,10,38.87533584302406,-76.54473263827698,0.265,GEOID18,wetland,NA,NA
Blue Methane Trimble R12,NA,GCW,KIRK ALLOMETRY QUAD 1 LEFT LR,2022,3,10,38.8753352543176,-76.5447341401986,0.279,GEOID18,wetland,NA,NA
Blue Methane Trimble R12,NA,GCW,KIRK ALLOMETRY QUAD 1 RIGHT LL,2022,3,10,38.875334777821905,-76.54473438525,0.263,GEOID18,wetland,NA,NA
Blue Methane Trimble R12,NA,GCW,KIRK ALLOMETRY QUAD 1 RIGHT UL,2022,3,10,38.875335085654235,-76.54473247024369,0.281,GEOID18,wetland,NA,NA
Blue Methane Trimble R12,NA,GCW,KIRK ALLOMETRY QUAD 1 RIGHT UR,2022,3,10,38.875333733737534,-76.5447323060036,0.295,GEOID18,wetland,NA,NA
Blue Methane Trimble R12,NA,GCW,KIRK ALLOMETRY QUAD 1 RIGHT LR,2022,3,10,38.8753336784966,-76.54473431159316,0.293,GEOID18,wetland,NA,NA
Blue Methane Trimble R12,NA,GCW,KIRK ALLOMETRY QUAD 2 LEFT LL,2022,3,10,38.8753402249415,-76.54470819021792,0.294,GEOID18,wetland,NA,NA
Blue Methane Trimble R12,NA,GCW,KIRK ALLOMETRY QUAD 2 LEFT UL,2022,3,10,38.87533985283855,-76.54470979447701,0.301,GEOID18,wetland,NA,NA
Blue Methane Trimble R12,NA,GCW,KIRK ALLOMETRY QUAD 2 LEFT UR,2022,3,10,38.8753412502909,-76.54471008519405,0.283,GEOID18,wetland,NA,NA
Blue Methane Trimble R12,NA,GCW,KIRK ALLOMETRY QUAD 2 LEFT LR,2022,3,10,38.87534135111198,-76.54470821760567,0.285,GEOID18,wetland,NA,NA
Blue Methane Trimble R12,NA,GCW,KIRK ALLOMETRY QUAD 2 RIGHT LL,2022,3,10,38.87534156717604,-76.54470818165406,0.281,GEOID18,wetland,NA,NA
Blue Methane Trimble R12,NA,GCW,KIRK ALLOMETRY QUAD 2 RIGHT UL,2022,3,10,38.87534142180776,-76.54471017629456,0.283,GEOID18,wetland,NA,NA
Blue Methane Trimble R12,NA,GCW,KIRK ALLOMETRY QUAD 2 RIGHT UR,2022,3,10,38.8753421432793,-76.54471037912971,0.318,GEOID18,wetland,NA,NA
Blue Methane Trimble R12,NA,GCW,KIRK ALLOMETRY QUAD 2 RIGHT LR,2022,3,10,38.875342901255905,-76.54470839210494,0.315,GEOID18,wetland,NA,NA
Blue Methane Trimble R12,NA,GCW,KIRK INGROWTH CORE 1B-1,2022,3,10,38.87533445056327,-76.54469203534642,0.33,GEOID18,wetland,NA,NA
Blue Methane Trimble R12,NA,GCW,KIRK INGROWTH CORE 1B-2,2022,3,10,38.875343334058215,-76.54469462926622,0.331,GEOID18,wetland,NA,NA
Blue Methane Trimble R12,NA,GCW,KIRK INGROWTH CORE 1B-3,2022,3,10,38.87534806817053,-76.54469582064176,0.298,GEOID18,wetland,NA,NA
Blue Methane Trimble R12,NA,GCW,KIRK INGROWTH CORE 1A-1,2022,3,10,38.87531924120034,-76.54474210196719,0.294,GEOID18,wetland,NA,NA
Blue Methane Trimble R12,NA,GCW,KIRK INGROWTH CORE 1A-2,2022,3,10,38.87532460867751,-76.54474400381442,0.284,GEOID18,wetland,NA,NA
Blue Methane Trimble R12,NA,GCW,KIRK INGROWTH CORE 1A-3,2022,3,10,38.875330481786705,-76.54474620206922,0.303,GEOID18,wetland,NA,NA
Blue Methane Trimble R12,NA,GCW,KIRK 2020 HARVEST LL,2022,3,10,38.875341767214984,-76.54474331812881,0.296,GEOID18,wetland,NA,NA
Blue Methane Trimble R12,NA,GCW,KIRK 2020 HARVEST UL,2022,3,10,38.87534557338359,-76.54474449237892,0.298,GEOID18,wetland,NA,NA
Blue Methane Trimble R12,NA,GCW,KIRK 2020 HARVEST UL 2,2022,3,10,38.87534565477263,-76.54474457253015,0.296,GEOID18,wetland,NA,NA
Blue Methane Trimble R12,NA,GCW,KIRK 2020 HARVEST UR,2022,3,10,38.875345491726684,-76.54473972181766,0.302,GEOID18,wetland,NA,NA
Blue Methane Trimble R12,NA,GCW,KIRK 2020 HARVEST LR,2022,3,10,38.875342858656765,-76.54473905867945,0.289,GEOID18,wetland,NA,NA
Blue Methane Trimble R12,NA,GCW,KIRK 2021 HARVEST 1A LL,2022,3,10,38.87531282002904,-76.54471716967117,0.31,GEOID18,wetland,NA,NA
Blue Methane Trimble R12,NA,GCW,KIRK 2021 HARVEST 1A UL,2022,3,10,38.87530991648579,-76.54471645063803,0.294,GEOID18,wetland,NA,NA
Blue Methane Trimble R12,NA,GCW,KIRK 2021 HARVEST 1A UR,2022,3,10,38.87530905209394,-76.5447211811354,0.307,GEOID18,wetland,NA,NA
Blue Methane Trimble R12,NA,GCW,KIRK 2021 HARVEST 1A LR,2022,3,10,38.87531189383713,-76.54472222324475,0.292,GEOID18,wetland,NA,NA
Blue Methane Trimble R12,NA,GCW,KIRK 2021 HARVEST 1B LL,2022,3,10,38.87531446266068,-76.54470640697404,0.248,GEOID18,wetland,NA,NA
Blue Methane Trimble R12,NA,GCW,KIRK 2021 HARVEST 1B UL,2022,3,10,38.875315544868194,-76.54470208996293,0.271,GEOID18,wetland,NA,NA
Blue Methane Trimble R12,NA,GCW,KIRK 2021 HARVEST 1B UR,2022,3,10,38.875311786391364,-76.54470159534779,0.277,GEOID18,wetland,NA,NA
Blue Methane Trimble R12,NA,GCW,KIRK 2021 HARVEST 1B LR,2022,3,10,38.87531051217939,-76.54470518754984,0.268,GEOID18,wetland,NA,NA
Blue Methane Trimble R12,NA,GCW,KIRK 2022 HARVEST 1B LL,2022,3,10,38.875307674232594,-76.5447028085927,0.318,GEOID18,wetland,NA,NA
Blue Methane Trimble R12,NA,GCW,KIRK 2022 HARVEST 1B UL,2022,3,10,38.87530819089486,-76.54469900226164,0.332,GEOID18,wetland,NA,NA
Blue Methane Trimble R12,NA,GCW,KIRK 2022 HARVEST 1B UR,2022,3,10,38.87530469060313,-76.54469772234381,0.335,GEOID18,wetland,NA,NA
Blue Methane Trimble R12,NA,GCW,KIRK 2022 HARVEST 1B LR,2022,3,10,38.875304370910094,-76.5447012162606,0.325,GEOID18,wetland,NA,NA
Blue Methane Trimble R12,NA,GCW,KIRK 2022 HARVEST 1A LL,2022,3,10,38.87530331907449,-76.54470870227253,0.301,GEOID18,wetland,NA,NA
Blue Methane Trimble R12,NA,GCW,KIRK 2022 HARVEST 1A UL,2022,3,10,38.87530222543234,-76.54471239704107,0.306,GEOID18,wetland,NA,NA
Blue Methane Trimble R12,NA,GCW,KIRK 2022 HARVEST 1A UR,2022,3,10,38.87530547461514,-76.54471396667037,0.316,GEOID18,wetland,NA,NA
Blue Methane Trimble R12,NA,GCW,KIRK 2022 HARVEST 1A LR,2022,3,10,38.87530676819179,-76.54471072007559,0.315,GEOID18,wetland,NA,NA
Blue Methane Trimble R12,NA,GCW,KIRK LANDSAT CORNER 1 NEAR PLOT 1A,2022,3,10,38.87527541768855,-76.54474284252683,0.341,GEOID18,wetland,NA,NA
Blue Methane Trimble R12,NA,GCW,KIRK COND WELL GROUND,2022,3,10,38.87530458847963,-76.5446276319192,0.312,GEOID18,wetland,NA,NA
Blue Methane Trimble R12,NA,GCW,KIRK WATER WELL GROUND,2022,3,10,38.87530584244677,-76.54462115875852,0.285,GEOID18,wetland,NA,NA
Blue Methane Trimble R12,NA,GCW,KIRK COLLAR 2A LL,2022,3,10,38.87541044349437,-76.54457578823741,0.28,GEOID18,wetland,NA,NA
Blue Methane Trimble R12,NA,GCW,KIRK COLLAR 2A UL,2022,3,10,38.875412320468435,-76.54456967986967,0.306,GEOID18,wetland,NA,NA
Blue Methane Trimble R12,NA,GCW,KIRK COLLAR 2A UR,2022,3,10,38.87540684610249,-76.5445680898732,0.319,GEOID18,wetland,NA,NA
Blue Methane Trimble R12,NA,GCW,KIRK COLLAR 2A LR,2022,3,10,38.87540558214132,-76.54457430957179,0.313,GEOID18,wetland,NA,NA
Blue Methane Trimble R12,NA,GCW,KIRK COLLAR 2B LL,2022,3,10,38.87539768551042,-76.54457067217376,0.322,GEOID18,wetland,NA,NA
Blue Methane Trimble R12,NA,GCW,KIRK COLLAR 2B UL,2022,3,10,38.875399045821055,-76.54456374887478,0.279,GEOID18,wetland,NA,NA
Blue Methane Trimble R12,NA,GCW,KIRK COLLAR 2B UR,2022,3,10,38.87539385066693,-76.54456214557267,0.314,GEOID18,wetland,NA,NA
Blue Methane Trimble R12,NA,GCW,KIRK COLLAR 2B LR,2022,3,10,38.87539272971509,-76.54456807624848,0.299,GEOID18,wetland,NA,NA
Blue Methane Trimble R12,NA,GCW,KIRK 2B SIPPER,2022,3,10,38.87539405413783,-76.5445704302897,0.329,GEOID18,wetland,NA,NA
Blue Methane Trimble R12,NA,GCW,KIRK 2A SIPPER,2022,3,10,38.8754073541469,-76.54457593472212,0.325,GEOID18,wetland,NA,NA
Blue Methane Trimble R12,NA,GCW,KIRK INGROWTH CORE 2A-1,2022,3,10,38.875422825936525,-76.54457931633716,0.318,GEOID18,wetland,NA,NA
Blue Methane Trimble R12,NA,GCW,KIRK INGROWTH CORE 2A-2,2022,3,10,38.875423576380754,-76.54457308839017,0.276,GEOID18,wetland,NA,NA
Blue Methane Trimble R12,NA,GCW,KIRK INGROWTH CORE 2A-3,2022,3,10,38.87542495511258,-76.54456626869045,0.282,GEOID18,wetland,NA,NA
Blue Methane Trimble R12,NA,GCW,KIRK INGROWTH CORE 2B-1,2022,3,10,38.87538031600327,-76.54456576993378,0.309,GEOID18,wetland,NA,NA
Blue Methane Trimble R12,NA,GCW,KIRK INGROWTH CORE 2B-2,2022,3,10,38.875382745807975,-76.54456051084256,0.298,GEOID18,wetland,NA,NA
Blue Methane Trimble R12,NA,GCW,KIRK INGROWTH CORE 2B-3,2022,3,10,38.87538391454244,-76.5445552828484,0.293,GEOID18,wetland,NA,NA
Blue Methane Trimble R12,NA,GCW,KIRK HARVEST 2021 2A LL,2022,3,10,38.875383502848244,-76.54458831429015,0.277,GEOID18,wetland,NA,NA
Blue Methane Trimble R12,NA,GCW,KIRK HARVEST 2021 2A UL,2022,3,10,38.87538191663039,-76.54459274976728,0.273,GEOID18,wetland,NA,NA
Blue Methane Trimble R12,NA,GCW,KIRK HARVEST 2021 2A UR,2022,3,10,38.87538489358884,-76.54459381405839,0.292,GEOID18,wetland,NA,NA
Blue Methane Trimble R12,NA,GCW,KIRK HARVEST 2021 2A LR,2022,3,10,38.87538612055388,-76.54458965745846,0.281,GEOID18,wetland,NA,NA
Blue Methane Trimble R12,NA,GCW,KIRK HARVEST 2021 2B LL,2022,3,10,38.87539292313712,-76.54459226464765,0.293,GEOID18,wetland,NA,NA
Blue Methane Trimble R12,NA,GCW,KIRK HARVEST 2021 2B UL,2022,3,10,38.87539236936665,-76.54459579463618,0.313,GEOID18,wetland,NA,NA
Blue Methane Trimble R12,NA,GCW,KIRK HARVEST 2021 2B UR,2022,3,10,38.87539612923698,-76.54459664649262,0.309,GEOID18,wetland,NA,NA
Blue Methane Trimble R12,NA,GCW,KIRK HARVEST 2021 2B LR,2022,3,10,38.87539666741766,-76.54459373891892,0.295,GEOID18,wetland,NA,NA
Blue Methane Trimble R12,NA,GCW,KIRK HARVEST 2022 2B LL,2022,3,10,38.87540009070086,-76.54459375164492,0.315,GEOID18,wetland,NA,NA
Blue Methane Trimble R12,NA,GCW,KIRK HARVEST 2022 2B UL,2022,3,10,38.87540329246196,-76.5445947107824,0.281,GEOID18,wetland,NA,NA
Blue Methane Trimble R12,NA,GCW,KIRK HARVEST 2022 2B UR,2022,3,10,38.87540420521563,-76.54459083277142,0.281,GEOID18,wetland,NA,NA
Blue Methane Trimble R12,NA,GCW,KIRK HARVEST 2022 2B LR,2022,3,10,38.875401163131926,-76.54458923877513,0.308,GEOID18,wetland,NA,NA
Blue Methane Trimble R12,NA,GCW,KIRK HARVEST 2022 2A LL,2022,3,10,38.87538218753957,-76.54457905709963,0.26,GEOID18,wetland,NA,NA
Blue Methane Trimble R12,NA,GCW,KIRK HARVEST 2022 2A UL,2022,3,10,38.87538290251489,-76.54457528407107,0.275,GEOID18,wetland,NA,NA
Blue Methane Trimble R12,NA,GCW,KIRK HARVEST 2022 2A UR,2022,3,10,38.8753793927192,-76.54457387745067,0.291,GEOID18,wetland,NA,NA
Blue Methane Trimble R12,NA,GCW,KIRK HARVEST 2022 2A LR,2022,3,10,38.87537841605422,-76.5445775369056,0.281,GEOID18,wetland,NA,NA
Blue Methane Trimble R12,NA,GCW,KIRK 2A ALLOMETRY QUAD LEFT 1 LL,2022,3,10,38.875415205420836,-76.5445587017865,0.308,GEOID18,wetland,NA,NA
Blue Methane Trimble R12,NA,GCW,KIRK 2A ALLOMETRY QUAD LEFT 1 UL,2022,3,10,38.87541373428388,-76.54455799666529,0.311,GEOID18,wetland,NA,NA
Blue Methane Trimble R12,NA,GCW,KIRK 2A ALLOMETRY QUAD LEFT 1 UR,2022,3,10,38.87541379664806,-76.54456012827465,0.306,GEOID18,wetland,NA,NA
Blue Methane Trimble R12,NA,GCW,KIRK 2A ALLOMETRY QUAD LEFT 1 LR,2022,3,10,38.875415274815786,-76.544560326279,0.277,GEOID18,wetland,NA,NA
Blue Methane Trimble R12,NA,GCW,KIRK 2A ALLOMETRY QUAD RIGHT 2 LL,2022,3,10,38.875414771950005,-76.54456304923849,0.286,GEOID18,wetland,NA,NA
Blue Methane Trimble R12,NA,GCW,KIRK 2A ALLOMETRY QUAD RIGHT 2 UL,2022,3,10,38.87541320419378,-76.5445629785739,0.283,GEOID18,wetland,NA,NA
Blue Methane Trimble R12,NA,GCW,KIRK 2A ALLOMETRY QUAD RIGHT 2 UR,2022,3,10,38.87541304874108,-76.54456469669633,0.249,GEOID18,wetland,NA,NA
Blue Methane Trimble R12,NA,GCW,KIRK 2A ALLOMETRY QUAD RIGHT 2 LR,2022,3,10,38.875414562897014,-76.54456488294669,0.287,GEOID18,wetland,NA,NA
Blue Methane Trimble R12,NA,GCW,KIRK 2B ALLOMETRY QUAD LEFT LL,2022,3,10,38.87539489315061,-76.54455688381043,0.291,GEOID18,wetland,NA,NA
Blue Methane Trimble R12,NA,GCW,KIRK 2B ALLOMETRY QUAD LEFT UL,2022,3,10,38.875396004405594,-76.54455770647196,0.328,GEOID18,wetland,NA,NA
Blue Methane Trimble R12,NA,GCW,KIRK 2B ALLOMETRY QUAD LEFT UR,2022,3,10,38.87539658365209,-76.54455608936435,0.324,GEOID18,wetland,NA,NA
Blue Methane Trimble R12,NA,GCW,KIRK 2B ALLOMETRY QUAD LEFT LR,2022,3,10,38.87539491410812,-76.54455532788789,0.311,GEOID18,wetland,NA,NA
Blue Methane Trimble R12,NA,GCW,KIRK 2B ALLOMETRY QUAD RIGHT LL,2022,3,10,38.87539616641419,-76.54455304959592,0.302,GEOID18,wetland,NA,NA
Blue Methane Trimble R12,NA,GCW,KIRK 2B ALLOMETRY QUAD RIGHT UL,2022,3,10,38.875397537066796,-76.54455339810296,0.304,GEOID18,wetland,NA,NA
Blue Methane Trimble R12,NA,GCW,KIRK 2B ALLOMETRY QUAD RIGHT UR,2022,3,10,38.87539781832073,-76.54455159850743,0.304,GEOID18,wetland,NA,NA
Blue Methane Trimble R12,NA,GCW,KIRK 2B ALLOMETRY QUAD RIGHT LR,2022,3,10,38.8753966183761,-76.54455113366726,0.308,GEOID18,wetland,NA,NA
Blue Methane Trimble R12,NA,GCW,HOG 2020 NERR PLOT 1A,2022,3,10,38.87999945924292,-76.55167524707541,0.404,GEOID18,wetland,NA,NA
Blue Methane Trimble R12,NA,GCW,HOG 2020 NERR PLOT 1B,2022,3,10,38.87999378218823,-76.55166541725954,0.425,GEOID18,wetland,NA,NA
Blue Methane Trimble R12,NA,GCW,HOG COLLAR 1A LL,2022,3,10,38.87994848102347,-76.55183977688921,0.385,GEOID18,wetland,NA,NA
Blue Methane Trimble R12,NA,GCW,HOG COLLAR 1A UL,2022,3,10,38.87994888086424,-76.55184537557274,0.381,GEOID18,wetland,NA,NA
Blue Methane Trimble R12,NA,GCW,HOG COLLAR 1A UR,2022,3,10,38.87995425978136,-76.55184559534146,0.403,GEOID18,wetland,NA,NA
Blue Methane Trimble R12,NA,GCW,HOG COLLAR 1A LR,2022,3,10,38.87995367835976,-76.55183962899503,0.396,GEOID18,wetland,NA,NA
Blue Methane Trimble R12,NA,GCW,HOG COLLAR 1B LL,2022,3,10,38.87996122364269,-76.55184097614124,0.402,GEOID18,wetland,NA,NA
Blue Methane Trimble R12,NA,GCW,HOG COLLAR 1B UL,2022,3,10,38.87996132868667,-76.55184722208256,0.4,GEOID18,wetland,NA,NA
Blue Methane Trimble R12,NA,GCW,HOG COLLAR 1B UR,2022,3,10,38.87996578014875,-76.55184755140236,0.369,GEOID18,wetland,NA,NA
Blue Methane Trimble R12,NA,GCW,HOG COLLAR 1B LR,2022,3,10,38.879965980501886,-76.55184107304062,0.379,GEOID18,wetland,NA,NA
Blue Methane Trimble R12,NA,GCW,HOG SIPPER 1A,2022,3,10,38.87995172876759,-76.55183865008199,0.357,GEOID18,wetland,NA,NA
Blue Methane Trimble R12,NA,GCW,HOG SIPPER 1B,2022,3,10,38.87996508116383,-76.55183911942302,0.356,GEOID18,wetland,NA,NA
Blue Methane Trimble R12,NA,GCW,HOG 2021 HARVEST PLOT 1A LL,2022,3,10,38.87996499903135,-76.55183180150365,0.376,GEOID18,wetland,NA,NA
Blue Methane Trimble R12,NA,GCW,HOG 2021 HARVEST PLOT 1A UL,2022,3,10,38.87996550342346,-76.55182708457181,0.387,GEOID18,wetland,NA,NA
Blue Methane Trimble R12,NA,GCW,HOG 2021 HARVEST PLOT 1A UR,2022,3,10,38.879961169024746,-76.55182674299292,0.398,GEOID18,wetland,NA,NA
Blue Methane Trimble R12,NA,GCW,HOG 2021 HARVEST PLOT 1A LR,2022,3,10,38.879960403436705,-76.55183147309012,0.384,GEOID18,wetland,NA,NA
Blue Methane Trimble R12,NA,GCW,HOG 2022 HARVEST PLOT 1A LL,2022,3,10,38.87995654096242,-76.55183203902926,0.382,GEOID18,wetland,NA,NA
Blue Methane Trimble R12,NA,GCW,HOG 2022 HARVEST PLOT 1A UL,2022,3,10,38.879956880109695,-76.55182651637932,0.364,GEOID18,wetland,NA,NA
Blue Methane Trimble R12,NA,GCW,HOG 2022 HARVEST PLOT 1A UR,2022,3,10,38.879951707144706,-76.55182597261583,0.371,GEOID18,wetland,NA,NA
Blue Methane Trimble R12,NA,GCW,HOG 2022 HARVEST PLOT 1A LR,2022,3,10,38.879951278666496,-76.55183169175304,0.374,GEOID18,wetland,NA,NA
Blue Methane Trimble R12,NA,GCW,HOG 2021 HARVEST PLOT 1B LL,2022,3,10,38.87995114283467,-76.5518315082047,0.392,GEOID18,wetland,NA,NA
Blue Methane Trimble R12,NA,GCW,HOG 2021 HARVEST PLOT 1B UL,2022,3,10,38.879951329239134,-76.55182609024037,0.385,GEOID18,wetland,NA,NA
Blue Methane Trimble R12,NA,GCW,HOG 2021 HARVEST PLOT 1B UR,2022,3,10,38.87994741818544,-76.5518257344775,0.386,GEOID18,wetland,NA,NA
Blue Methane Trimble R12,NA,GCW,HOG 2021 HARVEST PLOT 1B LR,2022,3,10,38.87994715176786,-76.55183142954628,0.364,GEOID18,wetland,NA,NA
Blue Methane Trimble R12,NA,GCW,HOG 2022 HARVEST PLOT 1B LL,2022,3,10,38.87994607743838,-76.55183082546417,0.361,GEOID18,wetland,NA,NA
Blue Methane Trimble R12,NA,GCW,HOG 2022 HARVEST PLOT 1B UL,2022,3,10,38.8799465902638,-76.55182595865439,0.367,GEOID18,wetland,NA,NA
Blue Methane Trimble R12,NA,GCW,HOG 2022 HARVEST PLOT 1B UR,2022,3,10,38.87994226310432,-76.55182515602655,0.391,GEOID18,wetland,NA,NA
Blue Methane Trimble R12,NA,GCW,HOG 2022 HARVEST PLOT 1B LR,2022,3,10,38.87994213909449,-76.55183040072193,0.393,GEOID18,wetland,NA,NA
Blue Methane Trimble R12,NA,GCW,HOG 2020 HARVEST AREA 2020 LL,2022,3,10,38.8799415510588,-76.55186496816336,0.368,GEOID18,wetland,NA,NA
Blue Methane Trimble R12,NA,GCW,HOG 2020 HARVEST AREA 2020 UL,2022,3,10,38.87994100598877,-76.55186847521426,0.365,GEOID18,wetland,NA,NA
Blue Methane Trimble R12,NA,GCW,HOG 2020 HARVEST AREA 2020 UR,2022,3,10,38.879945097208,-76.55186882984793,0.381,GEOID18,wetland,NA,NA
Blue Methane Trimble R12,NA,GCW,HOG 2020 HARVEST AREA 2020 LR,2022,3,10,38.87994484751503,-76.55186479763405,0.382,GEOID18,wetland,NA,NA
Blue Methane Trimble R12,NA,GCW,HOG INGROWTH CORE 1A-1,2022,3,10,38.87997785696434,-76.55185131340924,0.402,GEOID18,wetland,NA,NA
Blue Methane Trimble R12,NA,GCW,HOG INGROWTH CORE 1A-2,2022,3,10,38.87997775530373,-76.5518576874263,0.399,GEOID18,wetland,NA,NA
Blue Methane Trimble R12,NA,GCW,HOG INGROWTH CORE 1A-3,2022,3,10,38.879977894257266,-76.55186337995148,0.397,GEOID18,wetland,NA,NA
Blue Methane Trimble R12,NA,GCW,HOG 1A ALLOMETRY QUAD 1 LEFT LL,2022,3,10,38.87996748054269,-76.55185401782629,0.38,GEOID18,wetland,NA,NA
Blue Methane Trimble R12,NA,GCW,HOG 1A ALLOMETRY QUAD 1 LEFT UL,2022,3,10,38.879966091631054,-76.55185360012092,0.402,GEOID18,wetland,NA,NA
Blue Methane Trimble R12,NA,GCW,HOG 1A ALLOMETRY QUAD 1 LEFT UR,2022,3,10,38.879965667105225,-76.55185565425408,0.397,GEOID18,wetland,NA,NA
Blue Methane Trimble R12,NA,GCW,HOG 1A ALLOMETRY QUAD 1 LEFT LR,2022,3,10,38.87996752471283,-76.5518561381664,0.381,GEOID18,wetland,NA,NA
Blue Methane Trimble R12,NA,GCW,HOG 1A ALLOMETRY QUAD 1 RIGHT LL,2022,3,10,38.8799674233353,-76.55185789061757,0.386,GEOID18,wetland,NA,NA
Blue Methane Trimble R12,NA,GCW,HOG 1A ALLOMETRY QUAD 1 RIGHT UL,2022,3,10,38.87996606242145,-76.55185772628839,0.376,GEOID18,wetland,NA,NA
Blue Methane Trimble R12,NA,GCW,HOG 1A ALLOMETRY QUAD 1 RIGHT UR,2022,3,10,38.879966105751286,-76.55185962765692,0.374,GEOID18,wetland,NA,NA
Blue Methane Trimble R12,NA,GCW,HOG 1A ALLOMETRY QUAD 1 RIGHT LR,2022,3,10,38.87996727793349,-76.55185990842243,0.369,GEOID18,wetland,NA,NA
Blue Methane Trimble R12,NA,GCW,HOG 1B ALLOMETRY QUAD 1 LEFT LL,2022,3,10,38.879946337159,-76.55185859930417,0.375,GEOID18,wetland,NA,NA
Blue Methane Trimble R12,NA,GCW,HOG 1B ALLOMETRY QUAD 1 LEFT UL,2022,3,10,38.879947787978786,-76.5518587169683,0.377,GEOID18,wetland,NA,NA
Blue Methane Trimble R12,NA,GCW,HOG 1B ALLOMETRY QUAD 1 LEFT UR,2022,3,10,38.87994799918039,-76.55185741330645,0.403,GEOID18,wetland,NA,NA
Blue Methane Trimble R12,NA,GCW,HOG 1B ALLOMETRY QUAD 1 LEFT LR,2022,3,10,38.87994603382719,-76.55185702227168,0.405,GEOID18,wetland,NA,NA
Blue Methane Trimble R12,NA,GCW,HOG 1B ALLOMETRY QUAD 1 RIGHT LL,2022,3,10,38.879946350784316,-76.55185510711578,0.402,GEOID18,wetland,NA,NA
Blue Methane Trimble R12,NA,GCW,HOG 1B ALLOMETRY QUAD 1 RIGHT UL,2022,3,10,38.87994803626169,-76.55185533855699,0.407,GEOID18,wetland,NA,NA
Blue Methane Trimble R12,NA,GCW,HOG 1B ALLOMETRY QUAD 1 RIGHT UR,2022,3,10,38.87994791168033,-76.55185339159885,0.376,GEOID18,wetland,NA,NA
Blue Methane Trimble R12,NA,GCW,HOG 1B ALLOMETRY QUAD 1 RIGHT LR,2022,3,10,38.879946694368286,-76.5518530880668,0.387,GEOID18,wetland,NA,NA
Blue Methane Trimble R12,NA,GCW,HOG 1B INGROWTH CORE 1B-1,2022,3,10,38.87993551461574,-76.55183190601603,0.415,GEOID18,wetland,NA,NA
Blue Methane Trimble R12,NA,GCW,HOG 1B INGROWTH CORE 1B-2,2022,3,10,38.87993611850745,-76.55183668513548,0.391,GEOID18,wetland,NA,NA
Blue Methane Trimble R12,NA,GCW,HOG 1B INGROWTH CORE 1B-3,2022,3,10,38.87993541333701,-76.55184307446443,0.397,GEOID18,wetland,NA,NA
Blue Methane Trimble R12,NA,GCW,HOG 2A INGROWTH CORE 2A-1,2022,3,10,38.87982256189751,-76.55195995597522,0.401,GEOID18,wetland,NA,NA
Blue Methane Trimble R12,NA,GCW,HOG 2A INGROWTH CORE 2A-2,2022,3,10,38.8798221224149,-76.55196515654208,0.412,GEOID18,wetland,NA,NA
Blue Methane Trimble R12,NA,GCW,HOG 2A INGROWTH CORE 2A-3,2022,3,10,38.87982225186859,-76.55197072233888,0.378,GEOID18,wetland,NA,NA
Blue Methane Trimble R12,NA,GCW,HOG 2B INGROWTH CORE 2B-1,2022,3,10,38.87986470380097,-76.55196234213109,0.398,GEOID18,wetland,NA,NA
Blue Methane Trimble R12,NA,GCW,HOG 2B INGROWTH CORE 2B-2,2022,3,10,38.87986485966068,-76.55196774641429,0.406,GEOID18,wetland,NA,NA
Blue Methane Trimble R12,NA,GCW,HOG 2B INGROWTH CORE 2B-3,2022,3,10,38.87986487518979,-76.5519741427354,0.407,GEOID18,wetland,NA,NA
Blue Methane Trimble R12,NA,GCW,HOG COLLAR 2B LL,2022,3,10,38.87984775905686,-76.55196475354299,0.418,GEOID18,wetland,NA,NA
Blue Methane Trimble R12,NA,GCW,HOG COLLAR 2B UL,2022,3,10,38.87984781207826,-76.55197152995466,0.396,GEOID18,wetland,NA,NA
Blue Methane Trimble R12,NA,GCW,HOG COLLAR 2B UR,2022,3,10,38.87985279653189,-76.55197224778769,0.387,GEOID18,wetland,NA,NA
Blue Methane Trimble R12,NA,GCW,HOG COLLAR 2B LR,2022,3,10,38.879852734988596,-76.5519655982049,0.383,GEOID18,wetland,NA,NA
Blue Methane Trimble R12,NA,GCW,HOG COLLAR 2A LL,2022,3,10,38.87983462502602,-76.55196484753672,0.402,GEOID18,wetland,NA,NA
Blue Methane Trimble R12,NA,GCW,HOG COLLAR 2A UL,2022,3,10,38.87983413564939,-76.55197113177464,0.374,GEOID18,wetland,NA,NA
Blue Methane Trimble R12,NA,GCW,HOG COLLAR 2A UR,2022,3,10,38.87983953200817,-76.55197120161702,0.394,GEOID18,wetland,NA,NA
Blue Methane Trimble R12,NA,GCW,HOG COLLAR 2A LR,2022,3,10,38.87983985799779,-76.55196459570244,0.417,GEOID18,wetland,NA,NA
Blue Methane Trimble R12,NA,GCW,HOG SIPPER 2A,2022,3,10,38.879837100479826,-76.55196200835017,0.392,GEOID18,wetland,NA,NA
Blue Methane Trimble R12,NA,GCW,HOG SIPPER 2B,2022,3,10,38.87985022417601,-76.55196156866852,0.392,GEOID18,wetland,NA,NA
Blue Methane Trimble R12,NA,GCW,HOG ALLOMETRY 2A QUAD LEFT LL,2022,3,10,38.879833248160985,-76.55198165973918,0.417,GEOID18,wetland,NA,NA
Blue Methane Trimble R12,NA,GCW,HOG ALLOMETRY 2A QUAD LEFT UL,2022,3,10,38.87983449289546,-76.55198206682643,0.424,GEOID18,wetland,NA,NA
Blue Methane Trimble R12,NA,GCW,HOG ALLOMETRY 2A QUAD LEFT UR,2022,3,10,38.87983451014978,-76.55197951967682,0.406,GEOID18,wetland,NA,NA
Blue Methane Trimble R12,NA,GCW,HOG ALLOMETRY 2A QUAD LEFT LR,2022,3,10,38.8798332931475,-76.55197929681667,0.415,GEOID18,wetland,NA,NA
Blue Methane Trimble R12,NA,GCW,HOG ALLOMETRY 2A QUAD RIGHT LL,2022,3,10,38.879833368474635,-76.55197779808415,0.414,GEOID18,wetland,NA,NA
Blue Methane Trimble R12,NA,GCW,HOG ALLOMETRY 2A QUAD RIGHT UL,2022,3,10,38.87983492770321,-76.55197799574535,0.4,GEOID18,wetland,NA,NA
Blue Methane Trimble R12,NA,GCW,HOG ALLOMETRY 2A QUAD RIGHT UR,2022,3,10,38.87983511797165,-76.55197593156248,0.407,GEOID18,wetland,NA,NA
Blue Methane Trimble R12,NA,GCW,HOG ALLOMETRY 2A QUAD RIGHT LR,2022,3,10,38.879833324527745,-76.55197573537193,0.403,GEOID18,wetland,NA,NA
Blue Methane Trimble R12,NA,GCW,HOG ALLOMETRY 2B QUAD RIGHT LL,2022,3,10,38.879854233434735,-76.55198047919548,0.406,GEOID18,wetland,NA,NA
Blue Methane Trimble R12,NA,GCW,HOG ALLOMETRY 2B QUAD RIGHT UL,2022,3,10,38.87985263980885,-76.55198070817796,0.412,GEOID18,wetland,NA,NA
Blue Methane Trimble R12,NA,GCW,HOG ALLOMETRY 2B QUAD RIGHT UR,2022,3,10,38.87985276407859,-76.55198257446011,0.419,GEOID18,wetland,NA,NA
Blue Methane Trimble R12,NA,GCW,HOG ALLOMETRY 2B QUAD RIGHT LR,2022,3,10,38.87985431434309,-76.55198278370284,0.408,GEOID18,wetland,NA,NA
Blue Methane Trimble R12,NA,GCW,HOG ALLOMETRY 2B QUAD LEFT LL,2022,3,10,38.87985391419941,-76.55197710435237,0.421,GEOID18,wetland,NA,NA
Blue Methane Trimble R12,NA,GCW,HOG ALLOMETRY 2B QUAD LEFT UL,2022,3,10,38.87985248907821,-76.55197664077234,0.401,GEOID18,wetland,NA,NA
Blue Methane Trimble R12,NA,GCW,HOG ALLOMETRY 2B QUAD LEFT UR,2022,3,10,38.8798525157601,-76.55197889951981,0.423,GEOID18,wetland,NA,NA
Blue Methane Trimble R12,NA,GCW,HOG ALLOMETRY 2B QUAD LEFT LR,2022,3,10,38.87985393955495,-76.55197901735593,0.429,GEOID18,wetland,NA,NA
Blue Methane Trimble R12,NA,GCW,HOG 2A 2021 HARVEST LL,2022,3,10,38.87984866245974,-76.5519489815666,0.381,GEOID18,wetland,NA,NA
Blue Methane Trimble R12,NA,GCW,HOG 2A 2021 HARVEST UL,2022,3,10,38.87984900638765,-76.55194470360378,0.391,GEOID18,wetland,NA,NA
Blue Methane Trimble R12,NA,GCW,HOG 2A 2021 HARVEST UR,2022,3,10,38.87984543716262,-76.55194421891265,0.374,GEOID18,wetland,NA,NA
Blue Methane Trimble R12,NA,GCW,HOG 2A 2021 HARVEST LR,2022,3,10,38.879845319414464,-76.55194874900667,0.358,GEOID18,wetland,NA,NA
Blue Methane Trimble R12,NA,GCW,HOG 2A 2022 HARVEST LL,2022,3,10,38.87985631203857,-76.55194933691084,0.374,GEOID18,wetland,NA,NA
Blue Methane Trimble R12,NA,GCW,HOG 2A 2022 HARVEST UL,2022,3,10,38.879856471556295,-76.55194395369811,0.361,GEOID18,wetland,NA,NA
Blue Methane Trimble R12,NA,GCW,HOG 2A 2022 HARVEST UR,2022,3,10,38.879852452757206,-76.55194369080645,0.352,GEOID18,wetland,NA,NA
Blue Methane Trimble R12,NA,GCW,HOG 2A 2022 HARVEST LR,2022,3,10,38.87985206675025,-76.55194874121382,0.37,GEOID18,wetland,NA,NA
Blue Methane Trimble R12,NA,GCW,HOG 2B 2021 HARVEST LL,2022,3,10,38.879838781568246,-76.55194935478795,0.369,GEOID18,wetland,NA,NA
Blue Methane Trimble R12,NA,GCW,HOG 2B 2021 HARVEST UL,2022,3,10,38.879838628846876,-76.55194476876733,0.386,GEOID18,wetland,NA,NA
Blue Methane Trimble R12,NA,GCW,HOG 2B 2021 HARVEST UR,2022,3,10,38.879834530255465,-76.55194484060385,0.394,GEOID18,wetland,NA,NA
Blue Methane Trimble R12,NA,GCW,HOG 2B 2021 HARVEST LR,2022,3,10,38.87983464539622,-76.55194902348262,0.363,GEOID18,wetland,NA,NA
Blue Methane Trimble R12,NA,GCW,HOG 2B 2022 HARVEST LL,2022,3,10,38.879831723142864,-76.5519504594161,0.379,GEOID18,wetland,NA,NA
Blue Methane Trimble R12,NA,GCW,HOG 2B 2022 HARVEST UL,2022,3,10,38.87982755319259,-76.55195071610154,0.384,GEOID18,wetland,NA,NA
Blue Methane Trimble R12,NA,GCW,HOG 2B 2022 HARVEST UR,2022,3,10,38.87982793341985,-76.55195589999668,0.378,GEOID18,wetland,NA,NA
Blue Methane Trimble R12,NA,GCW,HOG 2B 2022 HARVEST LR,2022,3,10,38.87983165238126,-76.55195549631743,0.373,GEOID18,wetland,NA,NA
Blue Methane Trimble R12,NA,GCW,HOG COND WELL GROUND,2022,3,10,38.87989655925867,-76.55190165846986,0.361,GEOID18,wetland,NA,NA
Blue Methane Trimble R12,NA,GCW,HOG WATER WELL GROUND,2022,3,10,38.879892989350424,-76.55190569161745,0.419,GEOID18,wetland,NA,NA
Blue Methane Trimble R12,NA,GCW,MUD CORNER 1,2022,3,11,38.88721095674037,-76.56194364306714,0.268,GEOID18,wetland,NA,NA
Blue Methane Trimble R12,NA,GCW,MUD CORNER 1 V2,2022,3,11,38.887211093334244,-76.56194403412128,0.26,GEOID18,wetland,NA,NA
Blue Methane Trimble R12,NA,GCW,MUD CORNER 1 V3,2022,3,11,38.8872107856696,-76.56194366716998,0.302,GEOID18,wetland,NA,NA
Blue Methane Trimble R12,NA,GCW,MUD CORNER 1 V4,2022,3,11,38.88721076782598,-76.56194371338458,0.293,GEOID18,wetland,NA,NA
Blue Methane Trimble R12,NA,GCW,MUD NERR 2020 2A,2022,3,11,38.887222450587544,-76.56216201819389,0.226,GEOID18,wetland,NA,NA
Blue Methane Trimble R12,NA,GCW,MUD NERR 2020 2B,2022,3,11,38.887215951408784,-76.5621681439428,0.221,GEOID18,wetland,NA,NA
Blue Methane Trimble R12,NA,GCW,MUD NERR 2020 2C,2022,3,11,38.887201329173486,-76.56230235320521,-0.407,GEOID18,wetland,NA,NA
Blue Methane Trimble R12,NA,GCW,MUD CORNER IN CREEK 1,2022,3,11,38.88720111995314,-76.56230181275464,-0.422,GEOID18,wetland,NA,NA
Blue Methane Trimble R12,NA,GCW,MUD CORNER IN CREEK 2,2022,3,11,38.88720121029503,-76.56230188135795,-0.388,GEOID18,wetland,NA,NA
Blue Methane Trimble R12,NA,GCW,MUD CORNER IN CREEK 3,2022,3,11,38.88720128136783,-76.56230161581803,-0.351,GEOID18,wetland,NA,NA
Blue Methane Trimble R12,NA,GCW,MUD CORNER 3,2022,3,11,38.88748605481303,-76.56196687388267,0.306,GEOID18,wetland,NA,NA
Blue Methane Trimble R12,NA,GCW,MUD CORNER 3 V2,2022,3,11,38.88748550660504,-76.56196722303748,0.368,GEOID18,wetland,NA,NA
Blue Methane Trimble R12,NA,GCW,MUD CORNER 3 V3,2022,3,11,38.88748582960616,-76.56196687526533,0.583,GEOID18,wetland,NA,NA
Blue Methane Trimble R12,NA,GCW,MUD CORNER 3 V4,2022,3,11,38.88748528945548,-76.561966970792,0.581,GEOID18,wetland,NA,NA
Blue Methane Trimble R12,NA,GCW,MUD CORNER 3 V5,2022,3,11,38.88748525359529,-76.56196701711738,0.548,GEOID18,wetland,NA,NA
Blue Methane Trimble R12,NA,GCW,MUD CORNER 3 V6,2022,3,11,38.88748505537001,-76.56196700680808,0.462,GEOID18,wetland,NA,NA
Blue Methane Trimble R12,NA,GCW,MUD CORNER 4 WOODS,2022,3,11,38.88748460805202,-76.56230666665724,3.707,GEOID18,upland,NA,NA
Blue Methane Trimble R12,NA,GCW,MUD CORNER 4 WOOD V2,2022,3,11,38.887483855657315,-76.56230541490595,3.83,GEOID18,upland,NA,NA
Blue Methane Trimble R12,NA,GCW,MUD CORNER 4 WOOD V3,2022,3,11,38.88748393847822,-76.56230828444731,3.626,GEOID18,upland,NA,NA
Blue Methane Trimble R12,NA,GCW,MUD NERR 2020 1A V1,2022,3,11,38.88734139225537,-76.56211707346863,0.239,GEOID18,wetland,NA,NA
Blue Methane Trimble R12,NA,GCW,MUD NERR 2020 1A V2,2022,3,11,38.88734130096272,-76.56211675129309,0.245,GEOID18,wetland,NA,NA
Blue Methane Trimble R12,NA,GCW,MUD NERR 2020 1A V3,2022,3,11,38.88734087740097,-76.56211670778752,0.257,GEOID18,wetland,NA,NA
Blue Methane Trimble R12,NA,GCW,MUD NERR 2020 1B,2022,3,11,38.88734135376319,-76.5621260296245,0.134,GEOID18,wetland,NA,NA
Blue Methane Trimble R12,NA,GCW,MUD COND WELL GROUND,2022,3,11,38.887338984968004,-76.56207568584635,0.129,GEOID18,wetland,NA,NA
Blue Methane Trimble R12,NA,GCW,MUD WATER WELL GROUND,2022,3,11,38.88734021541245,-76.5620819024851,0.093,GEOID18,wetland,NA,NA
Blue Methane Trimble R12,NA,GCW,MUD 2020 NERR PLOT 1A REDO1,2022,3,11,38.88734115760812,-76.56211695964595,0.329,GEOID18,wetland,NA,NA
Blue Methane Trimble R12,NA,GCW,MUD 2020 NERR PLOT 1B REDO1,2022,3,11,38.88734037091059,-76.56212578207835,0.195,GEOID18,wetland,NA,NA
Blue Methane Trimble R12,NA,GCW,MUD 2021 HARVEST 2A CORNER 1,2022,3,11,38.88727322457442,-76.56215539021164,0.321,GEOID18,wetland,NA,NA
Blue Methane Trimble R12,NA,GCW,MUD 2021 HARVEST 2A CORNER 2,2022,3,11,38.88727412384699,-76.56215977620151,0.338,GEOID18,wetland,NA,NA
Blue Methane Trimble R12,NA,GCW,MUD 2021 HARVEST 2A CORNER 3,2022,3,11,38.88727856870696,-76.56215835424575,0.29,GEOID18,wetland,NA,NA
Blue Methane Trimble R12,NA,GCW,MUD 2021 HARVEST 2A CORNER 4,2022,3,11,38.88727786800528,-76.56215407077346,0.225,GEOID18,wetland,NA,NA
Blue Methane Trimble R12,NA,GCW,MUD 2021 HARVEST 2B CORNER 1,2022,3,11,38.88727941323756,-76.5621529432424,0.353,GEOID18,wetland,NA,NA
Blue Methane Trimble R12,NA,GCW,MUD 2021 HARVEST 2B CORNER 2,2022,3,11,38.887280392418106,-76.56215701753295,0.354,GEOID18,wetland,NA,NA
Blue Methane Trimble R12,NA,GCW,MUD 2021 HARVEST 2B CORNER 3,2022,3,11,38.88728373787961,-76.56215549858729,0.292,GEOID18,wetland,NA,NA
Blue Methane Trimble R12,NA,GCW,MUD 2021 HARVEST 2B CORNER 4,2022,3,11,38.88728194683089,-76.56215112959588,0.311,GEOID18,wetland,NA,NA
Blue Methane Trimble R12,NA,GCW,MUD 2022 HARVEST 2A CORNER 1,2022,3,11,38.88728280339474,-76.5621513318121,0.267,GEOID18,wetland,NA,NA
Blue Methane Trimble R12,NA,GCW,MUD 2022 HARVEST 2A CORNER 2,2022,3,11,38.887283301593826,-76.56215446390034,0.284,GEOID18,wetland,NA,NA
Blue Methane Trimble R12,NA,GCW,MUD 2022 HARVEST 2A CORNER 3,2022,3,11,38.88728701963511,-76.56215380713837,0.193,GEOID18,wetland,NA,NA
Blue Methane Trimble R12,NA,GCW,MUD 2022 HARVEST 2A CORNER 4,2022,3,11,38.88728672516978,-76.56214975169799,0.254,GEOID18,wetland,NA,NA
Blue Methane Trimble R12,NA,GCW,MUD 2022 HARVEST 2B CORNER 1,2022,3,11,38.887293515183636,-76.56214671319744,0.317,GEOID18,wetland,NA,NA
Blue Methane Trimble R12,NA,GCW,MUD 2022 HARVEST 2B CORNER 2,2022,3,11,38.887295496313655,-76.56215132307467,0.342,GEOID18,wetland,NA,NA
Blue Methane Trimble R12,NA,GCW,MUD 2022 HARVEST 2B CORNER 3,2022,3,11,38.8872988620164,-76.5621479943793,0.296,GEOID18,wetland,NA,NA
Blue Methane Trimble R12,NA,GCW,MUD 2022 HARVEST 2B CORNER 4,2022,3,11,38.88729703601446,-76.56214391375849,0.207,GEOID18,wetland,NA,NA
Blue Methane Trimble R12,NA,GCW,MUD COLLAR 2A CORNER 1,2022,3,11,38.8872870016145,-76.56213458142847,0.301,GEOID18,wetland,NA,NA
Blue Methane Trimble R12,NA,GCW,MUD COLLAR 2A CORNER 2,2022,3,11,38.88728612813353,-76.56212746355357,0.176,GEOID18,wetland,NA,NA
Blue Methane Trimble R12,NA,GCW,MUD COLLAR 2A CORNER 3,2022,3,11,38.887280552681815,-76.5621300796559,0.226,GEOID18,wetland,NA,NA
Blue Methane Trimble R12,NA,GCW,MUD COLLAR 2A CORNER 4,2022,3,11,38.88728191945732,-76.56213661818937,0.271,GEOID18,wetland,NA,NA
Blue Methane Trimble R12,NA,GCW,MUD COLLAR 2B CORNER 1,2022,3,11,38.88727397111309,-76.56213825759427,0.216,GEOID18,wetland,NA,NA
Blue Methane Trimble R12,NA,GCW,MUD COLLAR 2B CORNER 2,2022,3,11,38.887272316807426,-76.5621319167727,0.22,GEOID18,wetland,NA,NA
Blue Methane Trimble R12,NA,GCW,MUD COLLAR 2B CORNER 3,2022,3,11,38.88726689307037,-76.56213415157626,0.218,GEOID18,wetland,NA,NA
Blue Methane Trimble R12,NA,GCW,MUD COLLAR 2B CORNER 4,2022,3,11,38.88726888025003,-76.56214037509184,0.32,GEOID18,wetland,NA,NA
Blue Methane Trimble R12,NA,GCW,MUD INGROWTH CORE 2A-1,2022,3,11,38.887299008387025,-76.56211975411163,0.292,GEOID18,wetland,NA,NA
Blue Methane Trimble R12,NA,GCW,MUD INGROWTH CORE 2A-2,2022,3,11,38.88729796936532,-76.5621141356672,0.292,GEOID18,wetland,NA,NA
Blue Methane Trimble R12,NA,GCW,MUD INGROWTH CORE 2A-3,2022,3,11,38.887297555434806,-76.56210704954977,0.267,GEOID18,wetland,NA,NA
Blue Methane Trimble R12,NA,GCW,MUD INGROWTH CORE 2B-1,2022,3,11,38.887262202140015,-76.56215884657706,0.31,GEOID18,wetland,NA,NA
Blue Methane Trimble R12,NA,GCW,MUD INGROWTH CORE 2B-2,2022,3,11,38.88726096912916,-76.56215434737335,0.313,GEOID18,wetland,NA,NA
Blue Methane Trimble R12,NA,GCW,MUD INGROWTH CORE 2B-3,2022,3,11,38.88725920104373,-76.56214889477337,0.31,GEOID18,wetland,NA,NA
Blue Methane Trimble R12,NA,GCW,MUD INGROWTH CORE 1A-1,2022,3,11,38.887351537793215,-76.56203110582378,0.331,GEOID18,wetland,NA,NA
Blue Methane Trimble R12,NA,GCW,MUD INGROWTH CORE 1A-2,2022,3,11,38.887356973197306,-76.56203198303443,0.315,GEOID18,wetland,NA,NA
Blue Methane Trimble R12,NA,GCW,MUD INGROWTH CORE 1A-3,2022,3,11,38.88736361132633,-76.56203408617456,0.316,GEOID18,wetland,NA,NA
Blue Methane Trimble R12,NA,GCW,MUD INGROWTH CORE 1B-1,2022,3,11,38.88735979813414,-76.56197813795119,0.504,GEOID18,wetland,NA,NA
Blue Methane Trimble R12,NA,GCW,MUD INGROWTH CORE 1B-2,2022,3,11,38.88736386562078,-76.56197938087077,0.488,GEOID18,wetland,NA,NA
Blue Methane Trimble R12,NA,GCW,MUD INGROWTH CORE 1B-3,2022,3,11,38.887368681701915,-76.56198086124664,0.491,GEOID18,wetland,NA,NA
Blue Methane Trimble R12,NA,GCW,MUD SIPPER 1A,2022,3,11,38.88737352516119,-76.56198724012589,0.429,GEOID18,wetland,NA,NA
Blue Methane Trimble R12,NA,GCW,MUD SIPPER 1B,2022,3,11,38.887362503041714,-76.56199558366448,0.391,GEOID18,wetland,NA,NA
Blue Methane Trimble R12,NA,GCW,MUD SIPPER 2A,2022,3,11,38.887285028392455,-76.56213688726629,0.31,GEOID18,wetland,NA,NA
Blue Methane Trimble R12,NA,GCW,MUD SIPPER 2B,2022,3,11,38.88727218207483,-76.56214163424424,0.327,GEOID18,wetland,NA,NA
Blue Methane Trimble R12,NA,GCW,MUD COLLAR 1A CORNER 1,2022,3,11,38.88735699268405,-76.56201555796203,0.4,GEOID18,wetland,NA,NA
Blue Methane Trimble R12,NA,GCW,MUD COLLAR 1A CORNER 2,2022,3,11,38.88736078500113,-76.56202029503673,0.431,GEOID18,wetland,NA,NA
Blue Methane Trimble R12,NA,GCW,MUD COLLAR 1A CORNER 3,2022,3,11,38.88736394486806,-76.56201492744347,0.418,GEOID18,wetland,NA,NA
Blue Methane Trimble R12,NA,GCW,MUD COLLAR 1A CORNER 4,2022,3,11,38.88735995665942,-76.5620108024644,0.433,GEOID18,wetland,NA,NA
Blue Methane Trimble R12,NA,GCW,MUD COLLAR 1B CORNER 1,2022,3,11,38.88736144605506,-76.56199958977373,0.346,GEOID18,wetland,NA,NA
Blue Methane Trimble R12,NA,GCW,MUD COLLAR 1B CORNER 2,2022,3,11,38.887365011653166,-76.56200392481979,0.413,GEOID18,wetland,NA,NA
Blue Methane Trimble R12,NA,GCW,MUD COLLAR 1B CORNER 3,2022,3,11,38.88736933920566,-76.562000048474,0.34,GEOID18,wetland,NA,NA
Blue Methane Trimble R12,NA,GCW,MUD COLLAR 1B CORNER 4,2022,3,11,38.887366275866476,-76.561995122504,0.409,GEOID18,wetland,NA,NA
Blue Methane Trimble R12,NA,GCW,MUD 2020 1A HARVEST AREA CORNER 1,2022,3,11,38.88735263390888,-76.56198468275772,0.442,GEOID18,wetland,NA,NA
Blue Methane Trimble R12,NA,GCW,MUD 2020 1A HARVEST AREA CORNER 2,2022,3,11,38.88734915902339,-76.56198291751724,0.464,GEOID18,wetland,NA,NA
Blue Methane Trimble R12,NA,GCW,MUD 2020 1A HARVEST AREA CORNER 3,2022,3,11,38.887347484702055,-76.56198805699144,0.469,GEOID18,wetland,NA,NA
Blue Methane Trimble R12,NA,GCW,MUD 2020 1A HARVEST AREA CORNER 4,2022,3,11,38.88735082649481,-76.56199036478445,0.379,GEOID18,wetland,NA,NA
Blue Methane Trimble R12,NA,GCW,MUD 2021 1A HARVEST AREA CORNER 1,2022,3,11,38.88734786082891,-76.56204031484124,0.291,GEOID18,wetland,NA,NA
Blue Methane Trimble R12,NA,GCW,MUD 2021 1A HARVEST AREA CORNER 2,2022,3,11,38.88735157137384,-76.5620400615386,0.277,GEOID18,wetland,NA,NA
Blue Methane Trimble R12,NA,GCW,MUD 2021 1A HARVEST AREA CORNER 3,2022,3,11,38.887351176387334,-76.56203562634474,0.356,GEOID18,wetland,NA,NA
Blue Methane Trimble R12,NA,GCW,MUD 2021 1A HARVEST AREA CORNER 4,2022,3,11,38.88734771491917,-76.56203503670012,0.324,GEOID18,wetland,NA,NA
Blue Methane Trimble R12,NA,GCW,MUD 2022 1A HARVEST AREA CORNER 5,2022,3,11,38.88734901331237,-76.56204736185096,0.287,GEOID18,wetland,NA,NA
Blue Methane Trimble R12,NA,GCW,MUD 2022 1A HARVEST AREA CORNER 1,2022,3,11,38.88734891426457,-76.56204737398522,0.265,GEOID18,wetland,NA,NA
Blue Methane Trimble R12,NA,GCW,MUD 2022 1A HARVEST AREA CORNER 2,2022,3,11,38.887353003459594,-76.56204719904262,0.391,GEOID18,wetland,NA,NA
Blue Methane Trimble R12,NA,GCW,MUD 2022 1A HARVEST AREA CORNER 3,2022,3,11,38.88735286556445,-76.56204165574745,0.318,GEOID18,wetland,NA,NA
Blue Methane Trimble R12,NA,GCW,MUD 2022 1A HARVEST AREA CORNER 4,2022,3,11,38.88734887520115,-76.56204176092601,0.295,GEOID18,wetland,NA,NA
Blue Methane Trimble R12,NA,GCW,MUD 2022 1B HARVEST AREA CORNER 1,2022,3,11,38.88734230579685,-76.56204597376531,0.368,GEOID18,wetland,NA,NA
Blue Methane Trimble R12,NA,GCW,MUD 2022 1B HARVEST AREA CORNER 2,2022,3,11,38.88733846598118,-76.5620453864427,0.282,GEOID18,wetland,NA,NA
Blue Methane Trimble R12,NA,GCW,MUD 2022 1B HARVEST AREA CORNER 3,2022,3,11,38.887337655630375,-76.56205030161202,0.301,GEOID18,wetland,NA,NA
Blue Methane Trimble R12,NA,GCW,MUD 2022 1B HARVEST AREA CORNER 4,2022,3,11,38.88734188388224,-76.56205117470753,0.336,GEOID18,wetland,NA,NA
Blue Methane Trimble R12,NA,GCW,MUD 2021 1B HARVEST AREA CORNER 1,2022,3,11,38.88734830692087,-76.56203915947478,0.328,GEOID18,wetland,NA,NA
Blue Methane Trimble R12,NA,GCW,MUD 2021 1B HARVEST AREA CORNER 2,2022,3,11,38.88735199126211,-76.56203912533229,0.296,GEOID18,wetland,NA,NA
Blue Methane Trimble R12,NA,GCW,MUD 2021 1B HARVEST AREA CORNER 3,2022,3,11,38.88735149584478,-76.56203433344018,0.386,GEOID18,wetland,NA,NA
Blue Methane Trimble R12,NA,GCW,MUD 2021 1B HARVEST AREA CORNER 4,2022,3,11,38.88734774550673,-76.56203358420093,0.313,GEOID18,wetland,NA,NA
Blue Methane Trimble R12,NA,GCW,MUD 2020 ALLOMETRY 1A LEFT,2022,3,11,38.887340313872166,-76.5620144616168,0.412,GEOID18,wetland,NA,NA
Blue Methane Trimble R12,NA,GCW,MUD 2020 ALLOMETRY 1A RIGHT,2022,3,11,38.8873402087798,-76.56201766656777,0.393,GEOID18,wetland,NA,NA
Blue Methane Trimble R12,NA,GCW,MUD 2020 ALLOMETRY 1B LEFT,2022,3,11,38.88734057222872,-76.56202330068756,0.366,GEOID18,wetland,NA,NA
Blue Methane Trimble R12,NA,GCW,MUD 2020 ALLOMETRY 1B RIGHT,2022,3,11,38.88734055369942,-76.5620279689447,0.399,GEOID18,wetland,NA,NA
COMPASS-RTK,NA,MSM,MSM_WC_AQ600,2024,1,24,38.42913674233014,-76.22746097598889,0.328,GEOID18,wetland,NA,NA
COMPASS-RTK,NA,GCW,GCW_WC_AQ600,2023,12,15,38.87492265852871,-76.54999228360343,0.313,GEOID18,wetland,NA,NA
COMPASS-RTK,NA,GCW,GCW_TR_AQ600,2023,12,15,38.87445676832988,-76.55129001222295,0.434,GEOID18,transition,NA,NA
COMPASS-RTK,NA,GCW,GCW_WC_AQ600,2023,12,15,38.87453461199755,-76.5520576349143,5.06,GEOID18,upland,NA,NA
COMPASS-RTK,NA,GCW,GCW_WC_Lysimeters_A,2023,12,15,38.87494200249586,-76.5499999981299,0.315,GEOID18,wetland,NA,NA
COMPASS-RTK,NA,GCW,GCW_WC_Lysimeters_B,2023,12,15,38.87496206965737,-76.55004577282321,0.33,GEOID18,wetland,NA,NA
COMPASS-RTK,NA,GCW,GCW_WC_Lysimeters_C,2023,12,15,38.87499828496855,-76.55008581035122,0.362,GEOID18,wetland,NA,NA
COMPASS-RTK,NA,GCW,GCW_WC_GasWells_A,2023,12,15,38.87493968189128,-76.54999391641745,0.32,GEOID18,wetland,NA,NA
COMPASS-RTK,NA,GCW,GCW_WC_GasWells_B,2023,12,15,38.87496713530077,-76.55005119187055,0.305,GEOID18,wetland,NA,NA
COMPASS-RTK,NA,GCW,GCW_WC_GasWells_C,2023,12,15,38.87499569119407,-76.55008130918173,0.365,GEOID18,wetland,NA,NA
COMPASS-RTK,NA,GCW,GCW_WC_Teros,2023,12,15,38.87493149493663,-76.54998736463173,NA,GEOID18,wetland,NA,NA
COMPASS-RTK,NA,GCW,GCW_WC_Teros,2023,12,15,38.87493168517648,-76.54998764001483,0.357,GEOID18,wetland,NA,NA
COMPASS-RTK,NA,GCW,GCW_WC_Teros,2023,12,15,38.8749231446334,-76.54998050272206,0.261,GEOID18,wetland,NA,NA
COMPASS-RTK,NA,GCW,GCW_WC_Macrophyte_Flux_Collar_1,2023,12,15,38.87494930481163,-76.54998737908481,0.328,GEOID18,wetland,NA,NA
COMPASS-RTK,NA,GCW,GCW_WC_Macrophyte_Flux_Collar_2,2023,12,15,38.874936070492424,-76.55000820625492,0.336,GEOID18,wetland,NA,NA
COMPASS-RTK,NA,GCW,GCW_WC_Macrophyte_Flux_Collar_3,2023,12,15,38.874941895787565,-76.55002373882931,0.344,GEOID18,wetland,NA,NA
COMPASS-RTK,NA,GCW,GCW_WC_Macrophyte_Flux_Collar_4,2023,12,15,38.87497581540874,-76.55006182015607,0.371,GEOID18,wetland,NA,NA
COMPASS-RTK,NA,GCW,GCW_WC_Macrophyte_Flux_Collar_5,2023,12,15,38.87501225396813,-76.55010134922338,0.372,GEOID18,wetland,NA,NA
COMPASS-RTK,NA,GCW,GCW_WC_SamplingPlot,2023,12,15,38.874782128819085,-76.54990423710524,0.314,GEOID18,wetland,NA,NA
COMPASS-RTK,NA,GCW,GCW_WC_SamplingPlot,2023,12,15,38.87473514045472,-76.549983716612,0.336,GEOID18,wetland,NA,NA
COMPASS-RTK,NA,GCW,GCW_WC_SamplingPlot,2023,12,15,38.87465801697562,-76.54990848872669,0.313,GEOID18,wetland,NA,NA
COMPASS-RTK,NA,GCW,GCW_WC_SamplingPlot,2023,12,15,38.87470652730592,-76.5498218891944,0.295,GEOID18,wetland,NA,NA
COMPASS-RTK,NA,GWI,GWI_TR_AQ600,2024,11,14,37.21926141023374,-76.40925656515758,0.671997,GEOID18,transition,NA,NA
COMPASS-RTK,NA,GWI,GWI_TR_LoggerBox,2024,11,14,37.219275046953065,-76.4092768674958,0.57532,GEOID18,transition,NA,NA
COMPASS-RTK,NA,GWI,GWI_TR_Macrophyte_Flux_Collar_1,2024,11,14,37.21925688075718,-76.40924605337759,0.671595,GEOID18,transition,NA,NA
COMPASS-RTK,NA,GWI,GWI_TR_Macrophyte_Flux_Collar_2,2024,11,14,37.2192411345713,-76.40919586761122,0.736445,GEOID18,transition,NA,NA
COMPASS-RTK,NA,GWI,GWI_TR_Macrophyte_Flux_Collar_3,2024,11,14,37.21917260156134,-76.40918899329812,0.684143,GEOID18,transition,NA,NA
COMPASS-RTK,NA,GWI,GWI_TR_Macrophyte_Flux_Collar_4,2024,11,14,37.219103970115015,-76.40925006475949,0.62699800000000006,GEOID18,transition,NA,NA
COMPASS-RTK,NA,GWI,GWI_TR_Macrophyte_Flux_Collar_5,2024,11,14,37.21921879673421,-76.4092925994436,0.709083,GEOID18,transition,NA,NA
COMPASS-RTK,NA,GWI,GWI_TR_MultiplexerBox,2024,11,14,37.21925067765958,-76.40927636813824,0.666226,GEOID18,transition,NA,NA
COMPASS-RTK,NA,GWI,GWI_TR_Soil_Flux_Collar_1,2024,11,14,37.21926628887112,-76.40925260959793,0.676447,GEOID18,transition,NA,NA
COMPASS-RTK,NA,GWI,GWI_TR_Soil_Flux_Collar_2,2024,11,14,37.21922803407824,-76.40920463811905,0.655599,GEOID18,transition,NA,NA
COMPASS-RTK,NA,GWI,GWI_TR_Soil_Flux_Collar_3,2024,11,14,37.21916317795002,-76.40919914390462,0.749271,GEOID18,transition,NA,NA
COMPASS-RTK,NA,GWI,GWI_TR_Soil_Flux_Collar_4,2024,11,14,37.219117324772384,-76.40926484488278,0.604412,GEOID18,transition,NA,NA
COMPASS-RTK,NA,GWI,GWI_TR_Soil_Flux_Collar_5,2024,11,14,37.21921655306056,-76.40929879456117,0.626539,GEOID18,transition,NA,NA
COMPASS-RTK,NA,GWI,GWI_UP_AQ600,2024,11,14,37.21926126932744,-76.40857685512056,1.060355,GEOID18,upland,NA,NA
COMPASS-RTK,NA,GWI,GWI_UP_GasWells_A,2024,11,14,37.219258942291425,-76.40858856517265,1.014612,GEOID18,upland,NA,NA
COMPASS-RTK,NA,GWI,GWI_UP_GasWells_B,2024,11,14,37.21927406971467,-76.40857202171269,1.039502,GEOID18,upland,NA,NA
COMPASS-RTK,NA,GWI,GWI_UP_GasWells_C,2024,11,14,37.21921497432452,-76.40862858104718,0.984216,GEOID18,upland,NA,NA
COMPASS-RTK,NA,GWI,GWI_UP_LoggerBox,2024,11,14,37.21926507655021,-76.4085908307289,0.989903,GEOID18,upland,NA,NA
COMPASS-RTK,NA,GWI,GWI_UP_Lysimeters_A,2024,11,14,37.21926006008365,-76.40858286672265,1.009415,GEOID18,upland,NA,NA
COMPASS-RTK,NA,GWI,GWI_UP_Lysimeters_B,2024,11,14,37.21928648055382,-76.40857719919697,1.012043,GEOID18,upland,NA,NA
COMPASS-RTK,NA,GWI,GWI_UP_Lysimeters_C,2024,11,14,37.21921911013382,-76.40862412071343,1.001157,GEOID18,upland,NA,NA
COMPASS-RTK,NA,GWI,GWI_UP_MultiplexerBox,2024,11,14,37.21923284567013,-76.4086385739233,1.036494,GEOID18,upland,NA,NA
COMPASS-RTK,NA,GWI,GWI_UP_SF_Tree_1,2024,11,14,37.21918623634797,-76.4086443520906,1.020645,GEOID18,upland,NA,NA
COMPASS-RTK,NA,GWI,GWI_UP_SF_Tree_4,2024,11,14,37.21933792612371,-76.40854494732918,1.063391,GEOID18,upland,NA,NA
COMPASS-RTK,NA,GWI,GWI_UP_SF_Tree_5,2024,11,14,37.21934319868806,-76.4085104636271,1.126655,GEOID18,upland,NA,NA
COMPASS-RTK,NA,GWI,GWI_UP_SF_Tree_6,2024,11,14,37.219281074537655,-76.4085274638373,1.252582,GEOID18,upland,NA,NA
COMPASS-RTK,NA,GWI,GWI_UP_SF_Tree_7,2024,11,14,37.21923692301141,-76.40856026531118,1.178979,GEOID18,upland,NA,NA
COMPASS-RTK,NA,GWI,GWI_UP_SF_Tree_8,2024,11,14,37.21917691684387,-76.40854599236388,1.168178,GEOID18,upland,NA,NA
COMPASS-RTK,NA,GWI,GWI_UP_SG_Tree_3,2024,11,14,37.219265484385936,-76.40862597309133,1.021564,GEOID18,upland,NA,NA
COMPASS-RTK,NA,GWI,GWI_UP_SamplingZone,2024,11,14,37.21913960016298,-76.40854529670408,0.994052,GEOID18,upland,NA,NA
COMPASS-RTK,NA,GWI,GWI_UP_Soil_Flux_Collar_1,2024,11,14,37.219313843379574,-76.40868003439805,0.977437,GEOID18,upland,NA,NA
COMPASS-RTK,NA,GWI,GWI_UP_Soil_Flux_Collar_2,2024,11,14,37.21930114633304,-76.40862786875793,0.990249,GEOID18,upland,NA,NA
COMPASS-RTK,NA,GWI,GWI_UP_Soil_Flux_Collar_3,2024,11,14,37.21929964359834,-76.40854316812215,1.005937,GEOID18,upland,NA,NA
COMPASS-RTK,NA,GWI,GWI_UP_Soil_Flux_Collar_4,2024,11,14,37.21919555883916,-76.40848845313161,1.107622,GEOID18,upland,NA,NA
COMPASS-RTK,NA,GWI,GWI_UP_Soil_Flux_Collar_5,2024,11,14,37.219220659628775,-76.40863014783604,0.962506,GEOID18,upland,NA,NA
COMPASS-RTK,NA,GWI,GWI_UP_Teros,2024,11,14,37.21921586360253,-76.40864497680543,0.985557,GEOID18,upland,NA,NA
COMPASS-RTK,NA,GWI,GWI_UP_TreePlot_Corner,2024,11,14,37.219172732361635,-76.4084588186959,1.095812,GEOID18,upland,NA,NA
COMPASS-RTK,NA,GWI,GWI_UP_VegPlot_1,2024,11,14,37.219208360421305,-76.40848823336796,1.112838,GEOID18,upland,Toxicodendron radicans,NA
COMPASS-RTK,NA,GWI,GWI_UP_VegPlot_2,2024,11,14,37.21918877403375,-76.40863801801504,0.966041,GEOID18,upland,Persea palustris,NA
COMPASS-RTK,NA,GWI,GWI_UP_VegPlot_3,2024,11,14,37.219223024391155,-76.40858979602551,1.112774,GEOID18,upland,Persea palustris,NA
COMPASS-RTK,NA,GWI,GWI_UP_VegPlot_4,2024,11,14,37.21934767653488,-76.40847855953471,1.088291,GEOID18,upland,Persea palustris,NA
COMPASS-RTK,NA,GWI,GWI_WC_AQ600,2024,11,14,37.218856501521415,-76.4101349026295,0.556758,GEOID18,wetland,NA,NA
COMPASS-RTK,NA,GWI,GWI_WC_GasWells_A,2024,11,14,37.218862443686646,-76.41009213349534,0.504453,GEOID18,wetland,NA,NA
COMPASS-RTK,NA,GWI,GWI_WC_GasWells_B,2024,11,14,37.21885522374766,-76.41011119557766,0.50853,GEOID18,wetland,NA,NA
COMPASS-RTK,NA,GWI,GWI_WC_GasWells_C,2024,11,14,37.21883043211774,-76.41017836895615,0.498675,GEOID18,wetland,NA,NA
COMPASS-RTK,NA,GWI,GWI_WC_LoggerBox,2024,11,14,37.21884711149184,-76.41015621285521,0.48308,GEOID18,wetland,NA,NA
COMPASS-RTK,NA,GWI,GWI_WC_Lysimeters_A,2024,11,14,37.21886532815198,-76.41009376685088,0.514578,GEOID18,wetland,NA,NA
COMPASS-RTK,NA,GWI,GWI_WC_Lysimeters_B,2024,11,14,37.2188583707543,-76.41011470838892,0.513587,GEOID18,wetland,NA,NA
COMPASS-RTK,NA,GWI,GWI_WC_Lysimeters_C,2024,11,14,37.21883423589336,-76.4101819336804,0.500105,GEOID18,wetland,NA,NA
COMPASS-RTK,NA,GWI,GWI_WC_Macrophyte_Flux_Collar_1,2024,11,14,37.21887415723958,-76.41008398920954,0.515141,GEOID18,wetland,NA,NA
COMPASS-RTK,NA,GWI,GWI_WC_Macrophyte_Flux_Collar_2,2024,11,14,37.218863253953245,-76.41010554959668,0.501648,GEOID18,wetland,NA,NA
COMPASS-RTK,NA,GWI,GWI_WC_Macrophyte_Flux_Collar_3,2024,11,14,37.218855916092835,-76.41012552207248,0.52241,GEOID18,wetland,NA,NA
COMPASS-RTK,NA,GWI,GWI_WC_Macrophyte_Flux_Collar_4,2024,11,14,37.218838410343515,-76.41017443839117,0.481941,GEOID18,wetland,NA,NA
COMPASS-RTK,NA,GWI,GWI_WC_Macrophyte_Flux_Collar_5,2024,11,14,37.21883132423218,-76.41019530178038,0.51369,GEOID18,wetland,NA,NA
COMPASS-RTK,NA,GWI,GWI_WC_PARsensor,2024,11,14,37.21885061797086,-76.41014536123265,0.517269,GEOID18,wetland,NA,NA
COMPASS-RTK,NA,GWI,GWI_WC_SamplingZone,2024,11,14,37.21886559641161,-76.40992729346442,0.534158,GEOID18,wetland,NA,NA
COMPASS-RTK,NA,GWI,GWI_WC_Teros,2024,11,14,37.218833200784495,-76.41016295074952,0.503936,GEOID18,wetland,NA,NA
COMPASS-RTK,NA,GWI,GWI_WC_VegPlot_1,2024,11,14,37.21885463241006,-76.41001955255896,0.502329,GEOID18,wetland,C4,NA
COMPASS-RTK,NA,GWI,GWI_WC_VegPlot_2,2024,11,14,37.21884369383014,-76.41004956844623,0.493136,GEOID18,wetland,C4,NA
COMPASS-RTK,NA,GWI,GWI_WC_VegPlot_3,2024,11,14,37.218816138781975,-76.41009297606381,0.514727,GEOID18,wetland,C4,NA
COMPASS-RTK,NA,GWI,GWI_WC_VegPlot_4,2024,11,14,37.21881312689286,-76.41012417860408,0.489293,GEOID18,wetland,C4,NA
COMPASS-RTK,NA,GWI,GWI_WC_VegPlot_5,2024,11,14,37.218798518394934,-76.4101598029013,0.484877,GEOID18,wetland,C4,NA
COMPASS-RTK,NA,GWI,GWI_WC_WeatherStation,2024,11,14,37.21884286684601,-76.4101667570819,0.479167,GEOID18,wetland,NA,NA
COMPASS-RTK,NA,SWH,SWH_SWAMP_AQ600,2025,2,18,37.57055799744128,-76.89571970819367,0.714962,GEOID18,swamp,NA,NA
COMPASS-RTK,NA,SWH,SWH_SWAMP_GasWells_A,2025,2,18,37.57054657324532,-76.89570784860148,0.658355,GEOID18,swamp,NA,NA
COMPASS-RTK,NA,SWH,SWH_SWAMP_GasWells_B,2025,2,18,37.57058384634542,-76.89577732528629,0.708236,GEOID18,swamp,NA,NA
COMPASS-RTK,NA,SWH,SWH_SWAMP_GasWells_C,2025,2,18,37.570637485677835,-76.89556968374346,0.620018,GEOID18,swamp,NA,NA
COMPASS-RTK,NA,SWH,SWH_SWAMP_LoggerBox,2025,2,18,37.570559162739926,-76.89572841420775,0.723587,GEOID18,swamp,NA,NA
COMPASS-RTK,NA,SWH,SWH_SWAMP_Lysimeters_A,2025,2,18,37.57055848550006,-76.89571328890875,0.670119,GEOID18,swamp,NA,NA
COMPASS-RTK,NA,SWH,SWH_SWAMP_Lysimeters_B,2025,2,18,37.5705854847229,-76.89576981669119,0.811455,GEOID18,swamp,NA,NA
COMPASS-RTK,NA,SWH,SWH_SWAMP_Lysimeters_C,2025,2,18,37.57063212140653,-76.89556679973508,0.770245,GEOID18,swamp,NA,NA
COMPASS-RTK,NA,SWH,SWH_SWAMP_MultiplexerBox,2025,2,18,37.570625109106516,-76.89556083020344,0.730359,GEOID18,swamp,NA,NA
COMPASS-RTK,NA,SWH,SWH_SWAMP_Soil_Flux_1,2025,2,18,37.570560580987774,-76.8957056118535,0.663082,GEOID18,swamp,NA,NA
COMPASS-RTK,NA,SWH,SWH_SWAMP_Soil_Flux_2,2025,2,18,37.5705842356625,-76.89576235868378,0.799643,GEOID18,swamp,NA,NA
COMPASS-RTK,NA,SWH,SWH_SWAMP_Soil_Flux_3,2025,2,18,37.57069936045348,-76.8957272969318,0.866009,GEOID18,swamp,NA,NA
COMPASS-RTK,NA,SWH,SWH_SWAMP_Soil_Flux_4,2025,2,18,37.57077818944411,-76.89569042624208,0.900799,GEOID18,swamp,NA,NA
COMPASS-RTK,NA,SWH,SWH_SWAMP_Soil_Flux_5,2025,2,18,37.57062866423887,-76.89551949243274,0.814215,GEOID18,swamp,NA,NA
COMPASS-RTK,NA,SWH,SWH_SWAMP_Teros,2025,2,18,37.570565111717876,-76.89571068452223,0.722996,GEOID18,swamp,NA,NA
COMPASS-RTK,NA,SWH,SWH_TR_AQ600,2025,2,18,37.56879927662969,-76.89652812068566,0.46857,GEOID18,transition,NA,NA
COMPASS-RTK,NA,SWH,SWH_TR_GasWells_A,2025,2,18,37.56880025818919,-76.8965211030339,0.550511,GEOID18,transition,NA,NA
COMPASS-RTK,NA,SWH,SWH_TR_GasWells_B,2025,2,18,37.568799844585655,-76.89650535850399,0.518189,GEOID18,transition,NA,NA
COMPASS-RTK,NA,SWH,SWH_TR_GasWells_C,2025,2,18,37.568635629008135,-76.89660675460767,0.523621,GEOID18,transition,NA,NA
COMPASS-RTK,NA,SWH,SWH_TR_LoggerBox,2025,2,18,37.5687966307209,-76.89654208028105,0.448007,GEOID18,swamp,NA,NA
COMPASS-RTK,NA,SWH,SWH_TR_Lysimeters_A,2025,2,18,37.56880361052902,-76.89652067819817,0.560202,GEOID18,transition,NA,NA
COMPASS-RTK,NA,SWH,SWH_TR_Lysimeters_B,2025,2,18,37.5688032851965,-76.896503071478,0.558498,GEOID18,transition,NA,NA
COMPASS-RTK,NA,SWH,SWH_TR_Lysimeters_C,2025,2,18,37.56863181054422,-76.89661581318651,0.548461,GEOID18,transition,NA,NA
COMPASS-RTK,NA,SWH,SWH_TR_MultiplexerBox,2025,2,18,37.56866728759732,-76.89659342713614,0.344158,GEOID18,transition,NA,NA
COMPASS-RTK,NA,SWH,SWH_TR_SamplingZone,2025,2,18,37.56871760174377,-76.89660326698497,0.428766,GEOID18,transition,NA,NA
COMPASS-RTK,NA,SWH,SWH_TR_Soil_Flux_1,2025,2,18,37.568801447306306,-76.89651520835923,0.549169,GEOID18,transition,NA,NA
COMPASS-RTK,NA,SWH,SWH_TR_Soil_Flux_10,2025,2,18,37.568619532868176,-76.89662020237434,0.352543,GEOID18,transition,NA,NA
COMPASS-RTK,NA,SWH,SWH_TR_Soil_Flux_2,2025,2,18,37.568786069410685,-76.89645084853481,0.508551,GEOID18,transition,NA,NA
COMPASS-RTK,NA,SWH,SWH_TR_Soil_Flux_3,2025,2,18,37.568733840590504,-76.89651303202972,0.479751,GEOID18,transition,NA,NA
COMPASS-RTK,NA,SWH,SWH_TR_Soil_Flux_4,2025,2,18,37.56862777330662,-76.89662000364717,0.49766,GEOID18,transition,NA,NA
COMPASS-RTK,NA,SWH,SWH_TR_Soil_Flux_5,2025,2,18,37.56862455144231,-76.89656698639664,0.565422,GEOID18,transition,NA,NA
COMPASS-RTK,NA,SWH,SWH_TR_Soil_Flux_6,2025,2,18,37.56881227813846,-76.8965272933784,0.392088,GEOID18,transition,NA,NA
COMPASS-RTK,NA,SWH,SWH_TR_Soil_Flux_7,2025,2,18,37.56879096963642,-76.89644427256776,0.410339,GEOID18,transition,NA,NA
COMPASS-RTK,NA,SWH,SWH_TR_Soil_Flux_8,2025,2,18,37.56873880760307,-76.89654339673869,0.39597,GEOID18,transition,NA,NA
COMPASS-RTK,NA,SWH,SWH_TR_Soil_Flux_9,2025,2,18,37.568620221125606,-76.89658400334538,0.336365,GEOID18,transition,NA,NA
COMPASS-RTK,NA,SWH,SWH_TR_Teros,2025,2,18,37.56866503821969,-76.89657331344686,0.554028,GEOID18,transition,NA,NA
COMPASS-RTK,NA,SWH,SWH_TR_VegPlot_1,2025,2,18,37.56879324432361,-76.89644365590597,0.436997,GEOID18,transition,Peltandra virginica,NA
COMPASS-RTK,NA,SWH,SWH_TR_VegPlot_2,2025,2,18,37.56872846378271,-76.89652723270133,0.430894,GEOID18,transition,Onoclea sensibilis,NA
COMPASS-RTK,NA,SWH,SWH_TR_VegPlot_3,2025,2,18,37.568612058478024,-76.89656698149123,0.545268,GEOID18,transition,Morella cerifera,NA
COMPASS-RTK,NA,SWH,SWH_TR_VegPlot_4,2025,2,18,37.56851250805498,-76.89657246462717,0.373206,GEOID18,transition,Smilax rotundifolia,NA
COMPASS-RTK,NA,SWH,SWH_TR_VegPlot_5,2025,2,18,37.568730472632154,-76.8966587311382,0.369137,GEOID18,transition,Zizania aquatica,NA
COMPASS-RTK,NA,SWH,SWH_UP_AQ600,2025,2,18,37.570868828413275,-76.8953472971272,1.074645,GEOID18,upland,NA,NA
COMPASS-RTK,NA,SWH,SWH_UP_GasWells_A,2025,2,18,37.570897069438615,-76.89536755345219,1.032307,GEOID18,upland,NA,NA
COMPASS-RTK,NA,SWH,SWH_UP_GasWells_B,2025,2,18,37.57086745625623,-76.89535402641529,1.006839,GEOID18,upland,NA,NA
COMPASS-RTK,NA,SWH,SWH_UP_GasWells_C,2025,2,18,37.5708544507277,-76.89539139269898,0.957419,GEOID18,upland,NA,NA
COMPASS-RTK,NA,SWH,SWH_UP_LoggerBox,2025,2,18,37.57086643005609,-76.89536807052451,0.980915,GEOID18,upland,NA,NA
COMPASS-RTK,NA,SWH,SWH_UP_Lysimeters_A,2025,2,18,37.57089700129127,-76.89535835561159,1.106338,GEOID18,upland,NA,NA
COMPASS-RTK,NA,SWH,SWH_UP_Lysimeters_B,2025,2,18,37.570861336890616,-76.8953608010199,NA,GEOID18,upland,NA,NA
COMPASS-RTK,NA,SWH,SWH_UP_Lysimeters_C,2025,2,18,37.570848243729166,-76.89539895371895,0.945444,GEOID18,upland,NA,NA
COMPASS-RTK,NA,SWH,SWH_UP_SamplingZone,2025,2,18,37.57098160966687,-76.8954046757405,NA,GEOID18,upland,NA,NA
COMPASS-RTK,NA,SWH,SWH_UP_Soil_Flux_Collar_1,2025,2,18,37.57088876856756,-76.89542307778265,1.124374,GEOID18,upland,NA,NA
COMPASS-RTK,NA,SWH,SWH_UP_Soil_Flux_Collar_2,2025,2,18,37.570890695204334,-76.89535536106887,1.156214,GEOID18,upland,NA,NA
COMPASS-RTK,NA,SWH,SWH_UP_Soil_Flux_Collar_3,2025,2,18,37.57085217844198,-76.89535436790662,0.976828,GEOID18,upland,NA,NA
COMPASS-RTK,NA,SWH,SWH_UP_Soil_Flux_Collar_4,2025,2,18,37.57084859074737,-76.89541038552788,0.80013,GEOID18,upland,NA,NA
COMPASS-RTK,NA,SWH,SWH_UP_Soil_Flux_Collar_5,2025,2,18,37.57080680736477,-76.89535866665939,0.950733,GEOID18,upland,NA,NA
COMPASS-RTK,NA,SWH,SWH_UP_Teros,2025,2,18,37.57089427227556,-76.89536169536976,1.036719,GEOID18,upland,NA,NA
COMPASS-RTK,NA,SWH,SWH_UP_VegPlot_1,2025,2,18,37.57082549546198,-76.8953856721785,NA,GEOID18,upland,Mitchella repens,NA
COMPASS-RTK,NA,SWH,SWH_UP_VegPlot_2,2025,2,18,37.57087168787931,-76.89545445592348,1.159996,GEOID18,upland,Onoclea sensibilis,NA
COMPASS-RTK,NA,SWH,SWH_UP_VegPlot_3,2025,2,18,37.57093003360065,-76.89533680833388,3.126122,GEOID18,upland,Murdannia keisak,NA
COMPASS-RTK,NA,SWH,SWH_UP_VegPlot_4,2025,2,18,37.57084082632806,-76.89530877970944,0.973442,GEOID18,upland,Saururus cernuus,NA
COMPASS-RTK,NA,SWH,SWH_UP_VegPlot_5,2025,2,18,37.57087503020994,-76.89528890901778,1.900136,GEOID18,upland,Onoclea sensibilis,NA
COMPASS-RTK,NA,SWH,SWH_WC_AQ600,2025,2,18,37.56656090621872,-76.89703392935387,0.183755,GEOID18,wetland,NA,NA
COMPASS-RTK,NA,SWH,SWH_WC_GasWells_A,2025,2,18,37.56661349402238,-76.89703933181254,0.172407,GEOID18,wetland,NA,NA
COMPASS-RTK,NA,SWH,SWH_WC_GasWells_B,2025,2,18,37.56659062933975,-76.89704024353678,0.168055,GEOID18,wetland,NA,NA
COMPASS-RTK,NA,SWH,SWH_WC_GasWells_C,2025,2,18,37.56652360436373,-76.89701435900967,0.188688,GEOID18,wetland,NA,NA
COMPASS-RTK,NA,SWH,SWH_WC_LoggerBox,2025,2,18,37.566553885786,-76.89703332817484,0.177351,GEOID18,wetland,NA,NA
COMPASS-RTK,NA,SWH,SWH_WC_Lysimeters_A,2025,2,18,37.56661211163058,-76.8970418131471,0.170667,GEOID18,wetland,NA,NA
COMPASS-RTK,NA,SWH,SWH_WC_Lysimeters_B,2025,2,18,37.566594932564854,-76.89704203522564,0.176085,GEOID18,wetland,NA,NA
COMPASS-RTK,NA,SWH,SWH_WC_Lysimeters_C,2025,2,18,37.56652416289316,-76.89701780757409,0.178173,GEOID18,wetland,NA,NA
COMPASS-RTK,NA,SWH,SWH_WC_Macrophyte_Flux_Collar_1,2025,2,18,37.56662192257574,-76.8970465299883,0.244801,GEOID18,wetland,NA,NA
COMPASS-RTK,NA,SWH,SWH_WC_Macrophyte_Flux_Collar_2,2025,2,18,37.56660575987484,-76.89704707754188,0.24854,GEOID18,wetland,NA,NA
COMPASS-RTK,NA,SWH,SWH_WC_Macrophyte_Flux_Collar_3,2025,2,18,37.566584785176765,-76.89704484954078,0.27546,GEOID18,wetland,NA,NA
COMPASS-RTK,NA,SWH,SWH_WC_Macrophyte_Flux_Collar_4,2025,2,18,37.56653369275989,-76.89702896285299,0.254246,GEOID18,wetland,NA,NA
COMPASS-RTK,NA,SWH,SWH_WC_Macrophyte_Flux_Collar_5,2025,2,18,37.566513939428695,-76.89701983608637,0.270961,GEOID18,wetland,NA,NA
COMPASS-RTK,NA,SWH,SWH_WC_SamplingZone,2025,2,18,37.56655009730229,-76.8971830930183,0.157985,GEOID18,wetland,NA,NA
COMPASS-RTK,NA,SWH,SWH_WC_Teros,2025,2,18,37.566546250462025,-76.89701998081873,0.18162,GEOID18,wetland,NA,NA
COMPASS-RTK,NA,SWH,SWH_WC_VegPlot_1,2025,2,18,37.56661215478606,-76.89705720021267,0.173329,GEOID18,wetland,Peltandra virginica,NA
COMPASS-RTK,NA,SWH,SWH_WC_VegPlot_2,2025,2,18,37.566605871332975,-76.89705635964373,0.160107,GEOID18,wetland,Zizania aquatica,NA
COMPASS-RTK,NA,SWH,SWH_WC_VegPlot_3,2025,2,18,37.56658084862183,-76.89705336473202,0.156685,GEOID18,wetland,Zizania aquatica,NA
COMPASS-RTK,NA,SWH,SWH_WC_VegPlot_4,2025,2,18,37.566546742672536,-76.8970436732042,0.175677,GEOID18,wetland,Peltandra virginica,NA
COMPASS-RTK,NA,SWH,SWH_WC_VegPlot_5,2025,2,18,37.56652122343947,-76.89703482428828,0.192283,GEOID18,wetland,Peltandra virginica,NA
COMPASS-RTK,NA,SWH,SWH_WC_WeatherStation,2025,2,18,37.56656515573203,-76.89703763451332,0.181242,GEOID18,wetland,NA,NA
Langston_et_al_2022,NA,GWI,NT3_1,2016,NA,NA,37.2166790041666,-76.4091955214777,0.15699999999999648,GEOID12B,wetland,Spartina alterniflora,NA
Langston_et_al_2022,NA,GWI,NT3_2,2016,NA,NA,37.2169032588666,-76.4090566315777,0.2469999999999928,GEOID12B,wetland,Spartina alterniflora,NA
Langston_et_al_2022,NA,GWI,NT3_3,2016,NA,NA,37.2169830450666,-76.4088330621777,0.3789999999999907,GEOID12B,wetland,C4,NA
Langston_et_al_2022,NA,GWI,NT3_4,2016,NA,NA,37.2170780892666,-76.4086748262777,0.492999999999995,GEOID12B,wetland,C4,NA
Langston_et_al_2022,NA,GWI,NT3_5,2016,NA,NA,37.2171914742666,-76.40849127107771,0.573999999999991,GEOID12B,wetland,Phragmites australis,NA
Langston_et_al_2022,NA,GWI,NT3_J,2016,NA,NA,37.2165795646666,-76.4092361103777,0.14399999999999125,GEOID12B,wetland,Juncus,NA
Langston_et_al_2022,NA,GWI,NT4_1,2016,NA,NA,37.2198080578,-76.4044006925,0.286,GEOID12B,wetland,Spartina alterniflora,NA
Langston_et_al_2022,NA,GWI,NT4_2,2016,NA,NA,37.2193938556,-76.4050580436,0.448,GEOID12B,wetland,C4,NA
Langston_et_al_2022,NA,GWI,NT4_3,2016,NA,NA,37.2194587264,-76.4052572414,0.491,GEOID12B,wetland,C4,NA
Langston_et_al_2022,NA,GWI,NT4_5,2016,NA,NA,37.218885103,-76.4056695626,0.535,GEOID12B,wetland,Iva frutescens,NA
Langston_et_al_2022,NA,GWI,NT4_6,2016,NA,NA,37.2193108198,-76.405752335,0.521,GEOID12B,wetland,C4,NA
Langston_et_al_2022,NA,GWI,NT4_7,2016,NA,NA,37.21972206,-76.4043469623,0.245,GEOID12B,wetland,Juncus,NA
Langston_et_al_2022,NA,GWI,OT3_1,2016,NA,NA,37.2190952810666,-76.4133790688777,0.17799999999999017,GEOID12B,wetland,Spartina alterniflora,NA
Langston_et_al_2022,NA,GWI,OT3_2,2016,NA,NA,37.2191675150666,-76.4133276925777,0.242999999999995,GEOID12B,wetland,Spartina alterniflora,NA
Langston_et_al_2022,NA,GWI,OT3_3,2016,NA,NA,37.2194732590666,-76.4130686278777,0.3709999999999951,GEOID12B,wetland,C4,NA
Langston_et_al_2022,NA,GWI,OT3_4,2016,NA,NA,37.2195768147666,-76.4129955481777,0.4879999999999925,GEOID12B,wetland,Phragmites australis,NA
Langston_et_al_2022,NA,GWI,OT3_5,2016,NA,NA,37.2196865297666,-76.4129367003777,0.6389999999999958,GEOID12B,wetland,Phragmites australis,NA
Messerschmidt_and_Kirwan_2020,NA,GCW,C3,2018,NA,NA,38.87363778,-76.54973048,0.198,GEOID12B,wetland,Schoenoplectus americanus,NA
Messerschmidt_and_Kirwan_2020,NA,GCW,C4,2018,NA,NA,38.87492769,-76.54990587,0.332,GEOID12B,wetland,C4,NA
Shaw_et_al_2020,NA,GCW,CB109,2014,7,2,38.874708,-76.547196,0.25,GEOID12B,wetland,C4,NA
Eagle_et_al,NA,SageLotPond,1,2018,NA,NA,41.55646780390439,-70.5047909592185,0.1921,GEOID12B,wetland,NA,NA
Eagle_et_al,NA,SageLotPond,2,2018,NA,NA,41.55646786605548,-70.50479102781173,0.1991,GEOID12B,wetland,NA,NA
Eagle_et_al,NA,SageLotPond,3,2018,NA,NA,41.55646777562066,-70.50479105569191,0.2021,GEOID12B,wetland,NA,NA
Eagle_et_al,NA,SageLotPond,4,2018,NA,NA,41.556493944998905,-70.50485680203604,0.2311,GEOID12B,wetland,NA,NA
Eagle_et_al,NA,SageLotPond,5,2018,NA,NA,41.55649398139252,-70.50485677410126,0.2231,GEOID12B,wetland,NA,NA
Eagle_et_al,NA,SageLotPond,6,2018,NA,NA,41.55649400766777,-70.50485683107004,0.2261,GEOID12B,wetland,NA,NA
Eagle_et_al,NA,SageLotPond,7,2018,NA,NA,41.55655215993761,-70.50484213947375,0.2611,GEOID12B,wetland,NA,NA
Eagle_et_al,NA,SageLotPond,8,2018,NA,NA,41.55655210610041,-70.50484212383509,0.2561,GEOID12B,wetland,NA,NA
Eagle_et_al,NA,SageLotPond,9,2018,NA,NA,41.556552159153036,-70.50484219941217,0.2511,GEOID12B,wetland,NA,NA
Eagle_et_al,NA,SageLotPond,10,2018,NA,NA,41.556531198072236,-70.50476595793012,0.2491,GEOID12B,wetland,NA,NA
Eagle_et_al,NA,SageLotPond,11,2018,NA,NA,41.556531126540314,-70.50476591789838,0.2491,GEOID12B,wetland,NA,NA
Eagle_et_al,NA,SageLotPond,12,2018,NA,NA,41.556531152501805,-70.50476599884253,0.2591,GEOID12B,wetland,NA,NA
Eagle_et_al,NA,SageLotPond,13,2018,NA,NA,41.553429135511145,-70.50569339773428,0.4711,GEOID12B,wetland,NA,NA
Eagle_et_al,NA,SageLotPond,14,2018,NA,NA,41.553429170382095,-70.50569348607613,0.4721,GEOID12B,wetland,NA,NA
Eagle_et_al,NA,SageLotPond,15,2018,NA,NA,41.55345204416827,-70.50573642709531,0.4221,GEOID12B,wetland,NA,NA
Eagle_et_al,NA,SageLotPond,16,2018,NA,NA,41.55346166716358,-70.50573615764603,0.4171,GEOID12B,wetland,NA,NA
Eagle_et_al,NA,SageLotPond,17,2018,NA,NA,41.55346171282855,-70.50573610954393,0.4171,GEOID12B,wetland,NA,NA
Eagle_et_al,NA,SageLotPond,18,2018,NA,NA,41.55346164912368,-70.50573615962544,0.4171,GEOID12B,wetland,NA,NA
Eagle_et_al,NA,SageLotPond,19,2018,NA,NA,41.55346222684617,-70.50574844077406,0.3871,GEOID12B,wetland,NA,NA
Eagle_et_al,NA,SageLotPond,20,2018,NA,NA,41.55346214503859,-70.50574849762978,0.3881,GEOID12B,wetland,NA,NA
Eagle_et_al,NA,SageLotPond,21,2018,NA,NA,41.553462163313995,-70.50574847766971,0.3871,GEOID12B,wetland,NA,NA
Eagle_et_al,NA,SageLotPond,22,2018,NA,NA,41.553452761225536,-70.50574976066704,0.3961,GEOID12B,wetland,NA,NA
Eagle_et_al,NA,SageLotPond,23,2018,NA,NA,41.55345262589484,-70.50574977790997,0.3921,GEOID12B,wetland,NA,NA
Eagle_et_al,NA,SageLotPond,24,2018,NA,NA,41.55345255552501,-70.50574964917458,0.3951,GEOID12B,wetland,NA,NA
Eagle_et_al,NA,SageLotPond,25,2018,NA,NA,41.55345192796783,-70.50585945189226,0.3611,GEOID12B,wetland,NA,NA
Eagle_et_al,NA,SageLotPond,26,2018,NA,NA,41.55345187581076,-70.50585930799154,0.3661,GEOID12B,wetland,NA,NA
Eagle_et_al,NA,SageLotPond,27,2018,NA,NA,41.553460729222415,-70.50585659256812,0.3581,GEOID12B,wetland,NA,NA
Eagle_et_al,NA,SageLotPond,28,2018,NA,NA,41.55346077195131,-70.50585676862501,0.3701,GEOID12B,wetland,NA,NA
Eagle_et_al,NA,SageLotPond,29,2018,NA,NA,41.55346300928535,-70.50586887126843,0.3511,GEOID12B,wetland,NA,NA
Eagle_et_al,NA,SageLotPond,30,2018,NA,NA,41.55346301855653,-70.50586885109938,0.3541,GEOID12B,wetland,NA,NA
Eagle_et_al,NA,SageLotPond,31,2018,NA,NA,41.55346294688364,-70.50586882185681,0.3561,GEOID12B,wetland,NA,NA
Eagle_et_al,NA,SageLotPond,32,2018,NA,NA,41.553453471651835,-70.5058722506821,0.3341,GEOID12B,wetland,NA,NA
Eagle_et_al,NA,SageLotPond,33,2018,NA,NA,41.553453409862485,-70.50587215452077,0.3351,GEOID12B,wetland,NA,NA
Eagle_et_al,NA,SageLotPond,34,2018,NA,NA,41.553453427635446,-70.50587217291948,0.3321,GEOID12B,wetland,NA,NA
Eagle_et_al,NA,SageLotPond,35,2018,NA,NA,41.553506596831724,-70.50596080425815,0.2901,GEOID12B,wetland,NA,NA
Eagle_et_al,NA,SageLotPond,36,2018,NA,NA,41.55350661587657,-70.50596072556128,0.2881,GEOID12B,wetland,NA,NA
Eagle_et_al,NA,SageLotPond,37,2018,NA,NA,41.553506615939384,-70.50596072076644,0.2871,GEOID12B,wetland,NA,NA
Eagle_et_al,NA,SageLotPond,38,2018,NA,NA,41.553515683510085,-70.50595678367172,0.2891,GEOID12B,wetland,NA,NA
Eagle_et_al,NA,SageLotPond,39,2018,NA,NA,41.553515765569,-70.50595670763681,0.2881,GEOID12B,wetland,NA,NA
Eagle_et_al,NA,SageLotPond,40,2018,NA,NA,41.55351551341852,-70.50595670418113,0.2831,GEOID12B,wetland,NA,NA
Eagle_et_al,NA,SageLotPond,41,2018,NA,NA,41.55351889759505,-70.50596858045799,0.2551,GEOID12B,wetland,NA,NA
Eagle_et_al,NA,SageLotPond,42,2018,NA,NA,41.553518941171696,-70.50596869178466,0.2531,GEOID12B,wetland,NA,NA
Eagle_et_al,NA,SageLotPond,43,2018,NA,NA,41.553510275994824,-70.50597422699563,0.2731,GEOID12B,wetland,NA,NA
Eagle_et_al,NA,SageLotPond,44,2018,NA,NA,41.55351031383331,-70.50597408878126,0.2691,GEOID12B,wetland,NA,NA
Eagle_et_al,NA,SageLotPond,45,2018,NA,NA,41.55351037579532,-70.50597417175692,0.2681,GEOID12B,wetland,NA,NA
Eagle_et_al,NA,SageLotPond,46,2018,NA,NA,41.55351167024006,-70.50608300237667,0.2481,GEOID12B,wetland,NA,NA
Eagle_et_al,NA,SageLotPond,47,2018,NA,NA,41.55351162727597,-70.50608284430018,0.2481,GEOID12B,wetland,NA,NA
Eagle_et_al,NA,SageLotPond,48,2018,NA,NA,41.55351166432941,-70.50608276602145,0.2451,GEOID12B,wetland,NA,NA
Eagle_et_al,NA,SageLotPond,49,2018,NA,NA,41.55352127216186,-70.50608090389827,0.2671,GEOID12B,wetland,NA,NA
Eagle_et_al,NA,SageLotPond,50,2018,NA,NA,41.55352125479719,-70.50608085433296,0.2711,GEOID12B,wetland,NA,NA
Eagle_et_al,NA,SageLotPond,51,2018,NA,NA,41.553521212948034,-70.50608061114794,0.2711,GEOID12B,wetland,NA,NA
Eagle_et_al,NA,SageLotPond,52,2018,NA,NA,41.55352306551549,-70.50609320609075,0.2421,GEOID12B,wetland,NA,NA
Eagle_et_al,NA,SageLotPond,53,2018,NA,NA,41.553523074771,-70.50609318712043,0.2421,GEOID12B,wetland,NA,NA
Eagle_et_al,NA,SageLotPond,54,2018,NA,NA,41.553523066677556,-70.50609311738609,0.2411,GEOID12B,wetland,NA,NA
Eagle_et_al,NA,SageLotPond,55,2018,NA,NA,41.55351319811064,-70.50609631881724,0.2551,GEOID12B,wetland,NA,NA
Eagle_et_al,NA,SageLotPond,56,2018,NA,NA,41.55351320672231,-70.50609634899409,0.2631,GEOID12B,wetland,NA,NA
Eagle_et_al,NA,SageLotPond,57,2018,NA,NA,41.55351326296203,-70.50609618123013,0.2571,GEOID12B,wetland,NA,NA
Eagle_et_al,NA,SageLotPond,58,2018,NA,NA,41.553568020452445,-70.50618869035759,0.2151,GEOID12B,wetland,NA,NA
Eagle_et_al,NA,SageLotPond,59,2018,NA,NA,41.553568075577274,-70.50618860770216,0.2161,GEOID12B,wetland,NA,NA
Eagle_et_al,NA,SageLotPond,60,2018,NA,NA,41.553577551110536,-70.50618446907083,0.2151,GEOID12B,wetland,NA,NA
Eagle_et_al,NA,SageLotPond,61,2018,NA,NA,41.55357750563385,-70.50618450278814,0.2091,GEOID12B,wetland,NA,NA
Eagle_et_al,NA,SageLotPond,62,2018,NA,NA,41.553577478668196,-70.50618449856479,0.2111,GEOID12B,wetland,NA,NA
Eagle_et_al,NA,SageLotPond,63,2018,NA,NA,41.553580739221445,-70.5061954966679,0.1981,GEOID12B,wetland,NA,NA
Eagle_et_al,NA,SageLotPond,64,2018,NA,NA,41.5535806300397,-70.50619558046634,0.1991,GEOID12B,wetland,NA,NA
Eagle_et_al,NA,SageLotPond,65,2018,NA,NA,41.55358073997528,-70.50619543912968,0.2031,GEOID12B,wetland,NA,NA
Eagle_et_al,NA,SageLotPond,66,2018,NA,NA,41.553572319426145,-70.50620086368492,0.2031,GEOID12B,wetland,NA,NA
Eagle_et_al,NA,SageLotPond,67,2018,NA,NA,41.55357219331951,-70.50620086435403,0.2011,GEOID12B,wetland,NA,NA
Eagle_et_al,NA,SageLotPond,68,2018,NA,NA,41.55357226623299,-70.50620079889872,0.2031,GEOID12B,wetland,NA,NA
Eagle_et_al,NA,SageLotPond,69,2018,NA,NA,41.55357278620903,-70.50631235273201,0.2031,GEOID12B,wetland,NA,NA
Eagle_et_al,NA,SageLotPond,70,2018,NA,NA,41.55357285829016,-70.50631235080859,0.2071,GEOID12B,wetland,NA,NA
Eagle_et_al,NA,SageLotPond,71,2018,NA,NA,41.55357277054072,-70.50631217370568,0.2021,GEOID12B,wetland,NA,NA
Eagle_et_al,NA,SageLotPond,72,2018,NA,NA,41.553581149576026,-70.50630648080666,0.1631,GEOID12B,wetland,NA,NA
Eagle_et_al,NA,SageLotPond,73,2018,NA,NA,41.55358123779665,-70.5063066219482,0.1691,GEOID12B,wetland,NA,NA
Eagle_et_al,NA,SageLotPond,74,2018,NA,NA,41.55358129135098,-70.50630665916411,0.1721,GEOID12B,wetland,NA,NA
Eagle_et_al,NA,SageLotPond,75,2018,NA,NA,41.55358480723588,-70.50631810446355,0.1811,GEOID12B,wetland,NA,NA
Eagle_et_al,NA,SageLotPond,76,2018,NA,NA,41.553585004277096,-70.50631818937728,0.1781,GEOID12B,wetland,NA,NA
Eagle_et_al,NA,SageLotPond,77,2018,NA,NA,41.553585086524706,-70.50631809895822,0.1771,GEOID12B,wetland,NA,NA
Eagle_et_al,NA,SageLotPond,78,2018,NA,NA,41.553575581120406,-70.50632314218011,0.1031,GEOID12B,wetland,NA,NA
Eagle_et_al,NA,SageLotPond,79,2018,NA,NA,41.5535756802457,-70.50632313848655,0.1121,GEOID12B,wetland,NA,NA
Eagle_et_al,NA,SageLotPond,80,2018,NA,NA,41.553575525744186,-70.50632324401485,0.1041,GEOID12B,wetland,NA,NA
Eagle_et_al,NA,SageLotPond,81,2018,NA,NA,41.55362648123894,-70.5065388560258,0.1131,GEOID12B,wetland,NA,NA
Eagle_et_al,NA,SageLotPond,82,2018,NA,NA,41.55362649770804,-70.50653897391794,0.1071,GEOID12B,wetland,NA,NA
Eagle_et_al,NA,SageLotPond,83,2018,NA,NA,41.55362639056812,-70.50653890188313,0.1131,GEOID12B,wetland,NA,NA
Eagle_et_al,NA,SageLotPond,84,2018,NA,NA,41.553634988267724,-70.50653439398044,0.1111,GEOID12B,wetland,NA,NA
Eagle_et_al,NA,SageLotPond,85,2018,NA,NA,41.55363492589772,-70.50653434217064,0.1121,GEOID12B,wetland,NA,NA
Eagle_et_al,NA,SageLotPond,86,2018,NA,NA,41.55363502554139,-70.50653429891985,0.1091,GEOID12B,wetland,NA,NA
Eagle_et_al,NA,SageLotPond,87,2018,NA,NA,41.553638156576746,-70.50654555544125,0.1011,GEOID12B,wetland,NA,NA
Eagle_et_al,NA,SageLotPond,88,2018,NA,NA,41.55363804807021,-70.50654558769449,0.1031,GEOID12B,wetland,NA,NA
Eagle_et_al,NA,SageLotPond,89,2018,NA,NA,41.5536380129643,-70.50654551733261,0.0991,GEOID12B,wetland,NA,NA
Eagle_et_al,NA,SageLotPond,90,2018,NA,NA,41.55362975533655,-70.50655019260954,0.2191,GEOID12B,wetland,NA,NA
Eagle_et_al,NA,SageLotPond,91,2018,NA,NA,41.55362965625839,-70.50655019270661,0.2141,GEOID12B,wetland,NA,NA
Eagle_et_al,NA,SageLotPond,92,2018,NA,NA,41.55362971823567,-70.50655027448425,0.2131,GEOID12B,wetland,NA,NA
Eagle_et_al,NA,SageLotPond,93,2018,NA,NA,41.55368275156337,-70.50663892384964,0.2231,GEOID12B,wetland,NA,NA
Eagle_et_al,NA,SageLotPond,94,2018,NA,NA,41.5536826972551,-70.5066389441717,0.2271,GEOID12B,wetland,NA,NA
Eagle_et_al,NA,SageLotPond,95,2018,NA,NA,41.55368258980106,-70.50663889611091,0.2191,GEOID12B,wetland,NA,NA
Eagle_et_al,NA,SageLotPond,96,2018,NA,NA,41.553691300158185,-70.50663403950419,0.2021,GEOID12B,wetland,NA,NA
Eagle_et_al,NA,SageLotPond,97,2018,NA,NA,41.55369121027279,-70.50663402542571,0.2041,GEOID12B,wetland,NA,NA
Eagle_et_al,NA,SageLotPond,98,2018,NA,NA,41.553691174365746,-70.50663401619818,0.2061,GEOID12B,wetland,NA,NA
Eagle_et_al,NA,SageLotPond,99,2018,NA,NA,41.55369534845443,-70.50664540607674,0.1791,GEOID12B,wetland,NA,NA
Eagle_et_al,NA,SageLotPond,100,2018,NA,NA,41.553695448255226,-70.50664535083894,0.1851,GEOID12B,wetland,NA,NA
Eagle_et_al,NA,SageLotPond,101,2018,NA,NA,41.55369534062839,-70.50664531596401,0.1821,GEOID12B,wetland,NA,NA
Eagle_et_al,NA,SageLotPond,102,2018,NA,NA,41.55368689435286,-70.50665132742115,0.2121,GEOID12B,wetland,NA,NA
Eagle_et_al,NA,SageLotPond,103,2018,NA,NA,41.55368680424753,-70.50665133012464,0.2141,GEOID12B,wetland,NA,NA
Eagle_et_al,NA,SageLotPond,104,2018,NA,NA,41.5536868939444,-70.50665135858772,0.2151,GEOID12B,wetland,NA,NA
Eagle_et_al,NA,SageLotPond,105,2018,NA,NA,41.55380091481604,-70.50709173395832,0.2031,GEOID12B,wetland,NA,NA
Eagle_et_al,NA,SageLotPond,106,2018,NA,NA,41.55380093236882,-70.50709176913949,0.2041,GEOID12B,wetland,NA,NA
Eagle_et_al,NA,SageLotPond,107,2018,NA,NA,41.553800923820276,-70.50709173416753,0.2031,GEOID12B,wetland,NA,NA
Eagle_et_al,NA,SageLotPond,108,2018,NA,NA,41.553809791039214,-70.50708796762567,0.2121,GEOID12B,wetland,NA,NA
Eagle_et_al,NA,SageLotPond,109,2018,NA,NA,41.553809709309576,-70.5070880184864,0.2091,GEOID12B,wetland,NA,NA
Eagle_et_al,NA,SageLotPond,110,2018,NA,NA,41.55380967300973,-70.5070880392265,0.2071,GEOID12B,wetland,NA,NA
Eagle_et_al,NA,SageLotPond,111,2018,NA,NA,41.55381388858518,-70.5070990092413,0.2251,GEOID12B,wetland,NA,NA
Eagle_et_al,NA,SageLotPond,112,2018,NA,NA,41.55381375232718,-70.50709909720577,0.2281,GEOID12B,wetland,NA,NA
Eagle_et_al,NA,SageLotPond,113,2018,NA,NA,41.55381360609068,-70.50709925928143,0.2271,GEOID12B,wetland,NA,NA
Eagle_et_al,NA,SageLotPond,114,2018,NA,NA,41.5538051121312,-70.50710409688025,0.2281,GEOID12B,wetland,NA,NA
Eagle_et_al,NA,SageLotPond,115,2018,NA,NA,41.553805193467994,-70.50710407598744,0.2281,GEOID12B,wetland,NA,NA
Eagle_et_al,NA,SageLotPond,116,2018,NA,NA,41.55380523929065,-70.50710401589892,0.2271,GEOID12B,wetland,NA,NA
Eagle_et_al,NA,SageLotPond,117,2018,NA,NA,41.553806237221416,-70.50722095432421,0.2111,GEOID12B,wetland,NA,NA
Eagle_et_al,NA,SageLotPond,118,2018,NA,NA,41.55380626423415,-70.50722095495186,0.2111,GEOID12B,wetland,NA,NA
Eagle_et_al,NA,SageLotPond,119,2018,NA,NA,41.553806325047994,-70.50722112543538,0.2081,GEOID12B,wetland,NA,NA
Eagle_et_al,NA,SageLotPond,120,2018,NA,NA,41.55381487171891,-70.50721501565192,0.2271,GEOID12B,wetland,NA,NA
Eagle_et_al,NA,SageLotPond,121,2018,NA,NA,41.55381488958598,-70.5072150268588,0.2261,GEOID12B,wetland,NA,NA
Eagle_et_al,NA,SageLotPond,122,2018,NA,NA,41.55381483697487,-70.50721491771903,0.2201,GEOID12B,wetland,NA,NA
Eagle_et_al,NA,SageLotPond,123,2018,NA,NA,41.55381969814074,-70.5072261089855,0.2161,GEOID12B,wetland,NA,NA
Eagle_et_al,NA,SageLotPond,124,2018,NA,NA,41.55381967013793,-70.50722618387701,0.2191,GEOID12B,wetland,NA,NA
Eagle_et_al,NA,SageLotPond,125,2018,NA,NA,41.55381968019513,-70.5072261037722,0.2161,GEOID12B,wetland,NA,NA
Eagle_et_al,NA,SageLotPond,126,2018,NA,NA,41.553811029699375,-70.50723257566301,0.2151,GEOID12B,wetland,NA,NA
Eagle_et_al,NA,SageLotPond,127,2018,NA,NA,41.55381124591131,-70.50723257229323,0.2191,GEOID12B,wetland,NA,NA
Eagle_et_al,NA,SageLotPond,128,2018,NA,NA,41.55381126384122,-70.50723257870526,0.2191,GEOID12B,wetland,NA,NA
Eagle_et_al,NA,SageLotPond,129,2018,NA,NA,41.553863912093306,-70.50731689603849,0.1981,GEOID12B,wetland,NA,NA
Eagle_et_al,NA,SageLotPond,130,2018,NA,NA,41.55386381376956,-70.50731683859595,0.1961,GEOID12B,wetland,NA,NA
Eagle_et_al,NA,SageLotPond,131,2018,NA,NA,41.553863750834125,-70.50731682993903,0.2021,GEOID12B,wetland,NA,NA
Eagle_et_al,NA,SageLotPond,132,2018,NA,NA,41.553872341441604,-70.50731355221819,0.2011,GEOID12B,wetland,NA,NA
Eagle_et_al,NA,SageLotPond,133,2018,NA,NA,41.553872341425894,-70.5073135534169,0.2021,GEOID12B,wetland,NA,NA
Eagle_et_al,NA,SageLotPond,134,2018,NA,NA,41.55387229675042,-70.50731352599898,0.2031,GEOID12B,wetland,NA,NA
Eagle_et_al,NA,SageLotPond,135,2018,NA,NA,41.55387566522758,-70.50732521498995,0.1951,GEOID12B,wetland,NA,NA
Eagle_et_al,NA,SageLotPond,136,2018,NA,NA,41.55387582731973,-70.50732521755741,0.1941,GEOID12B,wetland,NA,NA
Eagle_et_al,NA,SageLotPond,137,2018,NA,NA,41.553875881958156,-70.50732517206282,0.1881,GEOID12B,wetland,NA,NA
Eagle_et_al,NA,SageLotPond,138,2018,NA,NA,41.55386673448314,-70.50732970427259,0.1971,GEOID12B,wetland,NA,NA
Eagle_et_al,NA,SageLotPond,139,2018,NA,NA,41.553866742842985,-70.50732975362924,0.1961,GEOID12B,wetland,NA,NA
Eagle_et_al,NA,SageLotPond,140,2018,NA,NA,41.55386684135534,-70.50732979668719,0.1941,GEOID12B,wetland,NA,NA
Eagle_et_al,NA,SageLotPond,141,2018,NA,NA,41.55435733610653,-70.50725963707721,0.1651,GEOID12B,wetland,NA,NA
Eagle_et_al,NA,SageLotPond,142,2018,NA,NA,41.554357229155706,-70.50725955065563,0.1601,GEOID12B,wetland,NA,NA
Eagle_et_al,NA,SageLotPond,143,2018,NA,NA,41.55435721081717,-70.50725957541043,0.1621,GEOID12B,wetland,NA,NA
Eagle_et_al,NA,SageLotPond,144,2018,NA,NA,41.554366792735436,-70.50725831718137,0.1731,GEOID12B,wetland,NA,NA
Eagle_et_al,NA,SageLotPond,145,2018,NA,NA,41.554366683930105,-70.50725837220952,0.1701,GEOID12B,wetland,NA,NA
Eagle_et_al,NA,SageLotPond,146,2018,NA,NA,41.554366619218776,-70.5072584990087,0.1701,GEOID12B,wetland,NA,NA
Eagle_et_al,NA,SageLotPond,147,2018,NA,NA,41.554369159339494,-70.50727085352004,0.1621,GEOID12B,wetland,NA,NA
Eagle_et_al,NA,SageLotPond,148,2018,NA,NA,41.55436931285174,-70.50727082351257,0.1631,GEOID12B,wetland,NA,NA
Eagle_et_al,NA,SageLotPond,149,2018,NA,NA,41.55436940357,-70.5072707740596,0.1581,GEOID12B,wetland,NA,NA
Eagle_et_al,NA,SageLotPond,150,2018,NA,NA,41.5543596497526,-70.50727277772484,0.1391,GEOID12B,wetland,NA,NA
Eagle_et_al,NA,SageLotPond,151,2018,NA,NA,41.554359596214326,-70.50727273930895,0.1431,GEOID12B,wetland,NA,NA
Eagle_et_al,NA,SageLotPond,152,2018,NA,NA,41.554359506297594,-70.50727272762684,0.1411,GEOID12B,wetland,NA,NA
Eagle_et_al,NA,SageLotPond,153,2018,NA,NA,41.5543059546752,-70.5071528860048,0.2071,GEOID12B,wetland,NA,NA
Eagle_et_al,NA,SageLotPond,154,2018,NA,NA,41.554305980807904,-70.50715295376106,0.2071,GEOID12B,wetland,NA,NA
Eagle_et_al,NA,SageLotPond,155,2018,NA,NA,41.55430597159937,-70.50715296913529,0.2061,GEOID12B,wetland,NA,NA
Eagle_et_al,NA,SageLotPond,156,2018,NA,NA,41.554314737541304,-70.50715005757138,0.1891,GEOID12B,wetland,NA,NA
Eagle_et_al,NA,SageLotPond,157,2018,NA,NA,41.55431472980997,-70.5071499602654,0.1921,GEOID12B,wetland,NA,NA
Eagle_et_al,NA,SageLotPond,158,2018,NA,NA,41.5543148190981,-70.50715001989633,0.1851,GEOID12B,wetland,NA,NA
Eagle_et_al,NA,SageLotPond,159,2018,NA,NA,41.55431698182246,-70.50716230686936,0.1701,GEOID12B,wetland,NA,NA
Eagle_et_al,NA,SageLotPond,160,2018,NA,NA,41.55431706303353,-70.50716229556629,0.1711,GEOID12B,wetland,NA,NA
Eagle_et_al,NA,SageLotPond,161,2018,NA,NA,41.5543170256022,-70.50716240261475,0.1711,GEOID12B,wetland,NA,NA
Eagle_et_al,NA,SageLotPond,162,2018,NA,NA,41.554308078820746,-70.50716536753164,0.1781,GEOID12B,wetland,NA,NA
Eagle_et_al,NA,SageLotPond,163,2018,NA,NA,41.55430786468322,-70.50716521266983,0.1731,GEOID12B,wetland,NA,NA
Eagle_et_al,NA,SageLotPond,164,2018,NA,NA,41.55430800695964,-70.50716535267196,0.1761,GEOID12B,wetland,NA,NA
Eagle_et_al,NA,SageLotPond,165,2018,NA,NA,41.554309147668896,-70.50702886748756,0.2351,GEOID12B,wetland,NA,NA
Eagle_et_al,NA,SageLotPond,166,2018,NA,NA,41.55430902164087,-70.50702886216139,0.2301,GEOID12B,wetland,NA,NA
Eagle_et_al,NA,SageLotPond,167,2018,NA,NA,41.5543178990886,-70.50702706352936,0.2351,GEOID12B,wetland,NA,NA
Eagle_et_al,NA,SageLotPond,168,2018,NA,NA,41.5543179174742,-70.50702703517833,0.2381,GEOID12B,wetland,NA,NA
Eagle_et_al,NA,SageLotPond,169,2018,NA,NA,41.55431799863816,-70.50702702747127,0.2391,GEOID12B,wetland,NA,NA
Eagle_et_al,NA,SageLotPond,170,2018,NA,NA,41.554319888545265,-70.50703882726704,0.2451,GEOID12B,wetland,NA,NA
Eagle_et_al,NA,SageLotPond,171,2018,NA,NA,41.55432022211094,-70.5070388038404,0.2421,GEOID12B,wetland,NA,NA
Eagle_et_al,NA,SageLotPond,172,2018,NA,NA,41.55432020532813,-70.50703870992139,0.2371,GEOID12B,wetland,NA,NA
Eagle_et_al,NA,SageLotPond,173,2018,NA,NA,41.55431132971929,-70.50704174245905,0.2231,GEOID12B,wetland,NA,NA
Eagle_et_al,NA,SageLotPond,174,2018,NA,NA,41.55431126689383,-70.50704172541124,0.2211,GEOID12B,wetland,NA,NA
Eagle_et_al,NA,SageLotPond,175,2018,NA,NA,41.55431126551102,-70.5070418308991,0.2301,GEOID12B,wetland,NA,NA
Eagle_et_al,NA,SageLotPond,176,2018,NA,NA,41.554256050891524,-70.50692309365591,0.2241,GEOID12B,wetland,NA,NA
Eagle_et_al,NA,SageLotPond,177,2018,NA,NA,41.554255972005905,-70.506922927548,0.2261,GEOID12B,wetland,NA,NA
Eagle_et_al,NA,SageLotPond,178,2018,NA,NA,41.55425592407785,-70.5069231482662,0.2291,GEOID12B,wetland,NA,NA
Eagle_et_al,NA,SageLotPond,179,2018,NA,NA,41.55426562405223,-70.50692044183259,0.2161,GEOID12B,wetland,NA,NA
Eagle_et_al,NA,SageLotPond,180,2018,NA,NA,41.554265553385235,-70.50692033587009,0.2191,GEOID12B,wetland,NA,NA
Eagle_et_al,NA,SageLotPond,181,2018,NA,NA,41.55426565351611,-70.50692025545904,0.2171,GEOID12B,wetland,NA,NA
Eagle_et_al,NA,SageLotPond,182,2018,NA,NA,41.55426813768424,-70.5069327585244,0.2011,GEOID12B,wetland,NA,NA
Eagle_et_al,NA,SageLotPond,183,2018,NA,NA,41.554268153964344,-70.50693289080252,0.1991,GEOID12B,wetland,NA,NA
Eagle_et_al,NA,SageLotPond,184,2018,NA,NA,41.55426804666758,-70.50693283075356,0.2001,GEOID12B,wetland,NA,NA
Eagle_et_al,NA,SageLotPond,185,2018,NA,NA,41.554258732556626,-70.50693633395154,0.1771,GEOID12B,wetland,NA,NA
Eagle_et_al,NA,SageLotPond,186,2018,NA,NA,41.55425875994646,-70.5069363058097,0.1711,GEOID12B,wetland,NA,NA
Eagle_et_al,NA,SageLotPond,187,2018,NA,NA,41.554258864448535,-70.5067977689919,0.2051,GEOID12B,wetland,NA,NA
Eagle_et_al,NA,SageLotPond,188,2018,NA,NA,41.55425899107361,-70.50679772876606,0.2051,GEOID12B,wetland,NA,NA
Eagle_et_al,NA,SageLotPond,189,2018,NA,NA,41.554268515137814,-70.50679401219075,-0.0569,GEOID12B,wetland,NA,NA
Eagle_et_al,NA,SageLotPond,190,2018,NA,NA,41.55426859685162,-70.50679396252802,-0.0579,GEOID12B,wetland,NA,NA
Eagle_et_al,NA,SageLotPond,191,2018,NA,NA,41.55426853353909,-70.50679398264096,-0.0589,GEOID12B,wetland,NA,NA
Eagle_et_al,NA,SageLotPond,192,2018,NA,NA,41.554270848070026,-70.50680637264436,-0.0409,GEOID12B,wetland,NA,NA
Eagle_et_al,NA,SageLotPond,193,2018,NA,NA,41.55427094653544,-70.50680641929799,-0.0359,GEOID12B,wetland,NA,NA
Eagle_et_al,NA,SageLotPond,194,2018,NA,NA,41.55427079475155,-70.50680631744677,-0.0459,GEOID12B,wetland,NA,NA
Eagle_et_al,NA,SageLotPond,195,2018,NA,NA,41.55426201861921,-70.50680931994953,0.0171,GEOID12B,wetland,NA,NA
Eagle_et_al,NA,SageLotPond,196,2018,NA,NA,41.554261999322385,-70.50680941782664,0.0191,GEOID12B,wetland,NA,NA
Eagle_et_al,NA,SageLotPond,197,2018,NA,NA,41.554261943631495,-70.5068095436365,0.0141,GEOID12B,wetland,NA,NA
Eagle_et_al,NA,SageLotPond,198,2018,NA,NA,41.55420843084858,-70.50669426121593,-0.0189,GEOID12B,wetland,NA,NA
Eagle_et_al,NA,SageLotPond,199,2018,NA,NA,41.55420837842552,-70.50669413769118,-0.0159,GEOID12B,wetland,NA,NA
Eagle_et_al,NA,SageLotPond,200,2018,NA,NA,41.554208360731224,-70.50669411329842,-0.0279,GEOID12B,wetland,NA,NA
Eagle_et_al,NA,SageLotPond,201,2018,NA,NA,41.554216663846006,-70.5066907784394,0.2141,GEOID12B,wetland,NA,NA
Eagle_et_al,NA,SageLotPond,202,2018,NA,NA,41.55421657561019,-70.50669063849466,0.2071,GEOID12B,wetland,NA,NA
Eagle_et_al,NA,SageLotPond,203,2018,NA,NA,41.55421665509312,-70.50669075905068,0.2131,GEOID12B,wetland,NA,NA
Eagle_et_al,NA,SageLotPond,204,2018,NA,NA,41.55422021873912,-70.5067019933545,0.1961,GEOID12B,wetland,NA,NA
Eagle_et_al,NA,SageLotPond,205,2018,NA,NA,41.55422026368182,-70.50670200039386,0.2011,GEOID12B,wetland,NA,NA
Eagle_et_al,NA,SageLotPond,206,2018,NA,NA,41.55422027241898,-70.50670202098132,0.1971,GEOID12B,wetland,NA,NA
Eagle_et_al,NA,SageLotPond,207,2018,NA,NA,41.554212332588214,-70.5065662951321,0.1621,GEOID12B,wetland,NA,NA
Eagle_et_al,NA,SageLotPond,208,2018,NA,NA,41.55421231605636,-70.50656618203377,0.1571,GEOID12B,wetland,NA,NA
Eagle_et_al,NA,SageLotPond,209,2018,NA,NA,41.55422179929293,-70.50656351847803,0.1581,GEOID12B,wetland,NA,NA
Eagle_et_al,NA,SageLotPond,210,2018,NA,NA,41.554221754193144,-70.50656352342601,0.1581,GEOID12B,wetland,NA,NA
Eagle_et_al,NA,SageLotPond,211,2018,NA,NA,41.55422178155148,-70.50656349768147,0.1591,GEOID12B,wetland,NA,NA
Eagle_et_al,NA,SageLotPond,212,2018,NA,NA,41.55422386382239,-70.5065764302572,0.1711,GEOID12B,wetland,NA,NA
Eagle_et_al,NA,SageLotPond,213,2018,NA,NA,41.554224061570274,-70.50657646123001,0.1771,GEOID12B,wetland,NA,NA
Eagle_et_al,NA,SageLotPond,214,2018,NA,NA,41.55422421567928,-70.50657638566942,0.1711,GEOID12B,wetland,NA,NA
Eagle_et_al,NA,SageLotPond,215,2018,NA,NA,41.554214298937694,-70.50657982575727,0.1721,GEOID12B,wetland,NA,NA
Eagle_et_al,NA,SageLotPond,216,2018,NA,NA,41.554214307140796,-70.50657988710134,0.1781,GEOID12B,wetland,NA,NA
Eagle_et_al,NA,SageLotPond,217,2018,NA,NA,41.554214315469565,-70.50657993885562,0.1721,GEOID12B,wetland,NA,NA
Eagle_et_al,NA,SageLotPond,218,2018,NA,NA,41.554158115937,-70.50644834547006,0.1351,GEOID12B,wetland,NA,NA
Eagle_et_al,NA,SageLotPond,219,2018,NA,NA,41.554158023789704,-70.50644850400786,0.1291,GEOID12B,wetland,NA,NA
Eagle_et_al,NA,SageLotPond,220,2018,NA,NA,41.55415800595399,-70.50644849040367,0.1361,GEOID12B,wetland,NA,NA
Eagle_et_al,NA,SageLotPond,221,2018,NA,NA,41.55416771364656,-70.50644519413048,0.0881,GEOID12B,wetland,NA,NA
Eagle_et_al,NA,SageLotPond,222,2018,NA,NA,41.55416755956903,-70.50644526729387,0.0901,GEOID12B,wetland,NA,NA
Eagle_et_al,NA,SageLotPond,223,2018,NA,NA,41.554170301080056,-70.50645806887638,0.1781,GEOID12B,wetland,NA,NA
Eagle_et_al,NA,SageLotPond,224,2018,NA,NA,41.554170335777606,-70.50645817040561,0.1761,GEOID12B,wetland,NA,NA
Eagle_et_al,NA,SageLotPond,225,2018,NA,NA,41.55417037170036,-70.5064581784344,0.1721,GEOID12B,wetland,NA,NA
Eagle_et_al,NA,SageLotPond,226,2018,NA,NA,41.55416074935334,-70.50646183521516,0.2071,GEOID12B,wetland,NA,NA
Eagle_et_al,NA,SageLotPond,227,2018,NA,NA,41.55416074353776,-70.50646159166523,0.2171,GEOID12B,wetland,NA,NA
Eagle_et_al,NA,SageLotPond,228,2018,NA,NA,41.55406360170903,-70.50587595379149,0.2291,GEOID12B,wetland,NA,NA
Eagle_et_al,NA,SageLotPond,229,2018,NA,NA,41.554063630763,-70.50587579858475,0.2351,GEOID12B,wetland,NA,NA
Eagle_et_al,NA,SageLotPond,230,2018,NA,NA,41.554063692850654,-70.50587587197128,0.2241,GEOID12B,wetland,NA,NA
Eagle_et_al,NA,SageLotPond,231,2018,NA,NA,41.554072937377676,-70.5058735529116,0.2301,GEOID12B,wetland,NA,NA
Eagle_et_al,NA,SageLotPond,232,2018,NA,NA,41.55407293788012,-70.50587351455249,0.2321,GEOID12B,wetland,NA,NA
Eagle_et_al,NA,SageLotPond,233,2018,NA,NA,41.55407292186572,-70.50587336189673,0.2341,GEOID12B,wetland,NA,NA
Eagle_et_al,NA,SageLotPond,234,2018,NA,NA,41.55407531764533,-70.5058857453229,0.2381,GEOID12B,wetland,NA,NA
Eagle_et_al,NA,SageLotPond,235,2018,NA,NA,41.554075038623424,-70.50588573045182,0.2331,GEOID12B,wetland,NA,NA
Eagle_et_al,NA,SageLotPond,236,2018,NA,NA,41.5540653439137,-70.5058894120127,0.2261,GEOID12B,wetland,NA,NA
Eagle_et_al,NA,SageLotPond,237,2018,NA,NA,41.55406529021793,-70.50588938558535,0.2211,GEOID12B,wetland,NA,NA
Eagle_et_al,NA,SageLotPond,238,2018,NA,NA,41.554065362754386,-70.50588934889852,0.2241,GEOID12B,wetland,NA,NA
Eagle_et_al,NA,SageLotPond,239,2018,NA,NA,41.55400920263349,-70.50577050240545,0.2701,GEOID12B,wetland,NA,NA
Eagle_et_al,NA,SageLotPond,240,2018,NA,NA,41.55400932176123,-70.50577034689152,0.2581,GEOID12B,wetland,NA,NA
Eagle_et_al,NA,SageLotPond,241,2018,NA,NA,41.55401852628136,-70.50576695610646,0.2591,GEOID12B,wetland,NA,NA
Eagle_et_al,NA,SageLotPond,242,2018,NA,NA,41.55401845357221,-70.50576700597932,0.2661,GEOID12B,wetland,NA,NA
Eagle_et_al,NA,SageLotPond,243,2018,NA,NA,41.554018301096534,-70.50576695687464,0.2591,GEOID12B,wetland,NA,NA
Eagle_et_al,NA,SageLotPond,244,2018,NA,NA,41.554021591692326,-70.50577979033073,0.2641,GEOID12B,wetland,NA,NA
Eagle_et_al,NA,SageLotPond,245,2018,NA,NA,41.55402151744454,-70.50577995767826,0.2631,GEOID12B,wetland,NA,NA
Eagle_et_al,NA,SageLotPond,246,2018,NA,NA,41.554021536646275,-70.50577986699349,0.2551,GEOID12B,wetland,NA,NA
Eagle_et_al,NA,SageLotPond,247,2018,NA,NA,41.55401207504537,-70.50578363072013,0.2401,GEOID12B,wetland,NA,NA
Eagle_et_al,NA,SageLotPond,248,2018,NA,NA,41.55401206481646,-70.50578372401135,0.2431,GEOID12B,wetland,NA,NA
Eagle_et_al,NA,SageLotPond,249,2018,NA,NA,41.55401134877614,-70.50564446240286,0.3741,GEOID12B,wetland,NA,NA
Eagle_et_al,NA,SageLotPond,250,2018,NA,NA,41.55401133021817,-70.50564450394008,0.3731,GEOID12B,wetland,NA,NA
Eagle_et_al,NA,SageLotPond,251,2018,NA,NA,41.5540112834857,-70.50564463355568,0.3751,GEOID12B,wetland,NA,NA
Eagle_et_al,NA,SageLotPond,252,2018,NA,NA,41.55402059608486,-70.5056412428631,0.4081,GEOID12B,wetland,NA,NA
Eagle_et_al,NA,SageLotPond,253,2018,NA,NA,41.55402370674949,-70.50565268599397,0.3241,GEOID12B,wetland,NA,NA
Eagle_et_al,NA,SageLotPond,254,2018,NA,NA,41.55402386870045,-70.50565269934575,0.3281,GEOID12B,wetland,NA,NA
Eagle_et_al,NA,SageLotPond,255,2018,NA,NA,41.55402381440805,-70.50565271847,0.3341,GEOID12B,wetland,NA,NA
Eagle_et_al,NA,SageLotPond,256,2018,NA,NA,41.55401488203817,-70.50565802453255,0.3021,GEOID12B,wetland,NA,NA
Eagle_et_al,NA,SageLotPond,257,2018,NA,NA,41.55401485607726,-70.50565794359125,0.3061,GEOID12B,wetland,NA,NA
Eagle_et_al,NA,SageLotPond,258,2018,NA,NA,41.553960856569184,-70.505539847803135,0.5211,GEOID12B,wetland,NA,NA
Eagle_et_al,NA,SageLotPond,259,2018,NA,NA,41.55396090930747,-70.50553994735209,0.5201,GEOID12B,wetland,NA,NA
Eagle_et_al,NA,SageLotPond,260,2018,NA,NA,41.55397012681584,-70.5055376276206,0.5191,GEOID12B,wetland,NA,NA
Eagle_et_al,NA,SageLotPond,261,2018,NA,NA,41.55397026349654,-70.50553750728717,0.5181,GEOID12B,wetland,NA,NA
Eagle_et_al,NA,SageLotPond,262,2018,NA,NA,41.553972603246635,-70.50555004526203,0.5191,GEOID12B,wetland,NA,NA
Eagle_et_al,NA,SageLotPond,263,2018,NA,NA,41.55397263063614,-70.50555001711969,0.5211,GEOID12B,wetland,NA,NA
Eagle_et_al,NA,SageLotPond,264,2018,NA,NA,41.55397254125293,-70.50554996468358,0.5211,GEOID12B,wetland,NA,NA
Eagle_et_al,NA,SageLotPond,265,2018,NA,NA,41.5539627279972,-70.50555307037558,0.5321,GEOID12B,wetland,NA,NA
Eagle_et_al,NA,SageLotPond,266,2018,NA,NA,41.553962745566174,-70.50555310435773,0.5401,GEOID12B,wetland,NA,NA
Eagle_et_al,NA,SageLotPond,267,2018,NA,NA,41.55438402741276,-70.50559659359152,0.5131,GEOID12B,wetland,NA,NA
Eagle_et_al,NA,SageLotPond,268,2018,NA,NA,41.55438399914411,-70.50559668886275,0.5061,GEOID12B,wetland,NA,NA
Eagle_et_al,NA,SageLotPond,269,2018,NA,NA,41.55439357432918,-70.50559594344267,0.4781,GEOID12B,wetland,NA,NA
Eagle_et_al,NA,SageLotPond,270,2018,NA,NA,41.554393666428226,-70.50559578849925,0.4871,GEOID12B,wetland,NA,NA
Eagle_et_al,NA,SageLotPond,271,2018,NA,NA,41.554394228676735,-70.50560994004857,0.5111,GEOID12B,wetland,NA,NA
Eagle_et_al,NA,SageLotPond,272,2018,NA,NA,41.55439413872841,-70.50560993076623,0.5091,GEOID12B,wetland,NA,NA
Eagle_et_al,NA,SageLotPond,273,2018,NA,NA,41.55439420194656,-70.50560991784448,0.5081,GEOID12B,wetland,NA,NA
Eagle_et_al,NA,SageLotPond,274,2018,NA,NA,41.55438376045172,-70.50560941288595,0.4891,GEOID12B,wetland,NA,NA
Eagle_et_al,NA,SageLotPond,275,2018,NA,NA,41.55438378517245,-70.5056095885272,0.4861,GEOID12B,wetland,NA,NA
Eagle_et_al,NA,SageLotPond,276,2018,NA,NA,41.55442662236432,-70.50570862546508,0.3781,GEOID12B,wetland,NA,NA
Eagle_et_al,NA,SageLotPond,277,2018,NA,NA,41.55443530637778,-70.50570371410967,0.3531,GEOID12B,wetland,NA,NA
Eagle_et_al,NA,SageLotPond,278,2018,NA,NA,41.554439873980826,-70.50571532423604,0.3481,GEOID12B,wetland,NA,NA
Eagle_et_al,NA,SageLotPond,279,2018,NA,NA,41.554439720186345,-70.50571537582435,0.3521,GEOID12B,wetland,NA,NA
Eagle_et_al,NA,SageLotPond,280,2018,NA,NA,41.55443979253435,-70.50571535352186,0.3461,GEOID12B,wetland,NA,NA
Eagle_et_al,NA,SageLotPond,281,2018,NA,NA,41.5544397287667,-70.50571540839903,0.3461,GEOID12B,wetland,NA,NA
Eagle_et_al,NA,SageLotPond,282,2018,NA,NA,41.554430801104715,-70.50572173022641,0.3781,GEOID12B,wetland,NA,NA
Eagle_et_al,NA,SageLotPond,283,2018,NA,NA,41.554430920106796,-70.50572158430123,0.3891,GEOID12B,wetland,NA,NA
Eagle_et_al,NA,SageLotPond,284,2018,NA,NA,41.55443096953976,-70.50572124850353,0.3581,GEOID12B,wetland,NA,NA
Eagle_et_al,NA,SageLotPond,285,2018,NA,NA,41.554427457228634,-70.50583399563415,0.2551,GEOID12B,wetland,NA,NA
Eagle_et_al,NA,SageLotPond,286,2018,NA,NA,41.55442720424602,-70.50583405571142,0.2591,GEOID12B,wetland,NA,NA
Eagle_et_al,NA,SageLotPond,287,2018,NA,NA,41.554436203947226,-70.50582911093214,0.2851,GEOID12B,wetland,NA,NA
Eagle_et_al,NA,SageLotPond,288,2018,NA,NA,41.5544361773898,-70.50582907554191,0.2871,GEOID12B,wetland,NA,NA
Eagle_et_al,NA,SageLotPond,289,2018,NA,NA,41.55444023425733,-70.50584116904619,0.2861,GEOID12B,wetland,NA,NA
Eagle_et_al,NA,SageLotPond,290,2018,NA,NA,41.554440180828465,-70.50584112224033,0.2881,GEOID12B,wetland,NA,NA
Eagle_et_al,NA,SageLotPond,291,2018,NA,NA,41.55443130362209,-70.50584634205603,0.2751,GEOID12B,wetland,NA,NA
Eagle_et_al,NA,SageLotPond,292,2018,NA,NA,41.55443124030971,-70.50584636216995,0.2791,GEOID12B,wetland,NA,NA
Eagle_et_al,NA,SageLotPond,293,2018,NA,NA,41.5544808650174,-70.50593879402658,0.2501,GEOID12B,wetland,NA,NA
Eagle_et_al,NA,SageLotPond,294,2018,NA,NA,41.554480854552835,-70.50593890529937,0.2501,GEOID12B,wetland,NA,NA
Eagle_et_al,NA,SageLotPond,295,2018,NA,NA,41.554489576694714,-70.5059352095386,0.2541,GEOID12B,wetland,NA,NA
Eagle_et_al,NA,SageLotPond,296,2018,NA,NA,41.55754885147722,-70.50447471516281,0.3915,GEOID12B,wetland,NA,NA
Eagle_et_al,NA,SageLotPond,297,2018,NA,NA,41.557527984708464,-70.5044235982058,0.3345,GEOID12B,wetland,NA,NA
Eagle_et_al,NA,SageLotPond,298,2018,NA,NA,41.55751082303098,-70.50437815286084,0.3774,GEOID12B,wetland,NA,NA
Eagle_et_al,NA,SageLotPond,299,2018,NA,NA,41.557466225910986,-70.50440829513649,0.3976,GEOID12B,wetland,NA,NA
Eagle_et_al,NA,SageLotPond,300,2018,NA,NA,41.557490949953426,-70.50448263910732,0.3776,GEOID12B,wetland,NA,NA
Eagle_et_al,NA,SageLotPond,301,2018,NA,NA,41.557513791003686,-70.50453719904351,0.3717,GEOID12B,wetland,NA,NA
Eagle_et_al,NA,SageLotPond,302,2018,NA,NA,41.5574563998032,-70.5045969739851,0.3819,GEOID12B,wetland,NA,NA
Eagle_et_al,NA,SageLotPond,303,2018,NA,NA,41.557425176947795,-70.50455452170951,0.4059,GEOID12B,wetland,NA,NA
Eagle_et_al,NA,SageLotPond,304,2018,NA,NA,41.55740193100499,-70.50451032268404,0.3398,GEOID12B,wetland,NA,NA
Eagle_et_al,NA,SageLotPond,305,2018,NA,NA,41.557238396746605,-70.5048883155011,0.3548,GEOID12B,wetland,NA,NA
Eagle_et_al,NA,SageLotPond,306,2018,NA,NA,41.55723928589515,-70.50488004644104,0.3777,GEOID12B,wetland,NA,NA
Eagle_et_al,NA,SageLotPond,307,2018,NA,NA,41.557229570921166,-70.50487598976561,0.3598,GEOID12B,wetland,NA,NA
Eagle_et_al,NA,SageLotPond,308,2018,NA,NA,41.55721942172505,-70.50488281125105,0.3478,GEOID12B,wetland,NA,NA
Eagle_et_al,NA,SageLotPond,309,2018,NA,NA,41.55721327808664,-70.50489326794535,0.3708,GEOID12B,wetland,NA,NA
Eagle_et_al,NA,SageLotPond,310,2018,NA,NA,41.55720367543915,-70.50505917581508,0.3481,GEOID12B,wetland,NA,NA
Eagle_et_al,NA,SageLotPond,311,2018,NA,NA,41.55721270764921,-70.50505312107418,0.3581,GEOID12B,wetland,NA,NA
Eagle_et_al,NA,SageLotPond,312,2018,NA,NA,41.557212003528775,-70.50503652296362,0.3521,GEOID12B,wetland,NA,NA
Eagle_et_al,NA,SageLotPond,313,2018,NA,NA,41.5572037779284,-70.50502884943172,0.3601,GEOID12B,wetland,NA,NA
Eagle_et_al,NA,SageLotPond,314,2018,NA,NA,41.55718910935482,-70.50503784679329,0.3381,GEOID12B,wetland,NA,NA
Eagle_et_al,NA,SageLotPond,315,2018,NA,NA,41.55717892306972,-70.50505417420223,0.3361,GEOID12B,wetland,NA,NA
Eagle_et_al,NA,SageLotPond,316,2018,NA,NA,41.55708493046116,-70.50496777497834,0.2962,GEOID12B,wetland,NA,NA
Eagle_et_al,NA,SageLotPond,317,2018,NA,NA,41.55708178475731,-70.50498067670634,0.3392,GEOID12B,wetland,NA,NA
Eagle_et_al,NA,SageLotPond,318,2018,NA,NA,41.55708965295381,-70.50498923168782,0.3302,GEOID12B,wetland,NA,NA
Eagle_et_al,NA,SageLotPond,319,2018,NA,NA,41.557099157893084,-70.5049783709608,0.3101,GEOID12B,wetland,NA,NA
Eagle_et_al,NA,SageLotPond,320,2018,NA,NA,41.55709964036085,-70.50496195030554,0.3471,GEOID12B,wetland,NA,NA
Eagle_et_al,NA,SageLotPond,321,2018,NA,NA,41.556922584432975,-70.50529267051658,0.283,GEOID12B,wetland,NA,NA
Eagle_et_al,NA,SageLotPond,322,2018,NA,NA,41.55691249419666,-70.50528948406044,0.299,GEOID12B,wetland,NA,NA
Eagle_et_al,NA,SageLotPond,323,2018,NA,NA,41.55692125691455,-70.50528069268333,0.3,GEOID12B,wetland,NA,NA
Eagle_et_al,NA,SageLotPond,324,2018,NA,NA,41.55691437835345,-70.50527140040255,0.318,GEOID12B,wetland,NA,NA
Eagle_et_al,NA,SageLotPond,325,2018,NA,NA,41.55692605510588,-70.5052687790707,0.3119,GEOID12B,wetland,NA,NA
Eagle_et_al,NA,SageLotPond,326,2018,NA,NA,41.55678046977198,-70.5053624692775,0.2593,GEOID12B,wetland,NA,NA
Eagle_et_al,NA,SageLotPond,327,2018,NA,NA,41.55677593774478,-70.5053686379754,0.2704,GEOID12B,wetland,NA,NA
Eagle_et_al,NA,SageLotPond,328,2018,NA,NA,41.55678219078416,-70.50537768789223,0.2614,GEOID12B,wetland,NA,NA
Eagle_et_al,NA,SageLotPond,329,2018,NA,NA,41.55679157220611,-70.50537853277763,0.2734,GEOID12B,wetland,NA,NA
Eagle_et_al,NA,SageLotPond,330,2018,NA,NA,41.55679359950424,-70.50536623351698,0.2793,GEOID12B,wetland,NA,NA
Eagle_et_al,NA,SageLotPond,331,2018,NA,NA,41.55677644933586,-70.50520602055371,0.2621,GEOID12B,wetland,NA,NA
Eagle_et_al,NA,SageLotPond,332,2018,NA,NA,41.556768426642364,-70.50521029875824,0.2311,GEOID12B,wetland,NA,NA
Eagle_et_al,NA,SageLotPond,333,2018,NA,NA,41.55676579514605,-70.50522148558863,0.2421,GEOID12B,wetland,NA,NA
Eagle_et_al,NA,SageLotPond,334,2018,NA,NA,41.55677483826192,-70.50522904495938,0.2621,GEOID12B,wetland,NA,NA
Eagle_et_al,NA,SageLotPond,335,2018,NA,NA,41.556783130409755,-70.50522035299225,0.2601,GEOID12B,wetland,NA,NA
Eagle_et_al,NA,SageLotPond,336,2018,NA,NA,41.55534567090423,-70.50657600466897,0.1219,GEOID12B,wetland,NA,NA
Eagle_et_al,NA,SageLotPond,337,2018,NA,NA,41.55534802838536,-70.50658896784485,0.1299,GEOID12B,wetland,NA,NA
Eagle_et_al,NA,SageLotPond,338,2018,NA,NA,41.55535581079034,-70.50658832121977,0.1249,GEOID12B,wetland,NA,NA
Eagle_et_al,NA,SageLotPond,339,2018,NA,NA,41.5553644115934,-70.50657546627534,0.1228,GEOID12B,wetland,NA,NA
Eagle_et_al,NA,SageLotPond,340,2018,NA,NA,41.55535738831017,-70.50655887413897,0.1198,GEOID12B,wetland,NA,NA
Eagle_et_al,NA,SageLotPond,341,2018,NA,NA,41.55545786962108,-70.50664985232413,0.1168,GEOID12B,wetland,NA,NA
Eagle_et_al,NA,SageLotPond,342,2018,NA,NA,41.55546360781301,-70.50664354158154,0.1118,GEOID12B,wetland,NA,NA
Eagle_et_al,NA,SageLotPond,343,2018,NA,NA,41.5554596022688,-70.50663434248436,0.1118,GEOID12B,wetland,NA,NA
Eagle_et_al,NA,SageLotPond,344,2018,NA,NA,41.555451356997445,-70.50663127069917,0.1188,GEOID12B,wetland,NA,NA
Eagle_et_al,NA,SageLotPond,345,2018,NA,NA,41.5554665970084,-70.50665373032199,0.0998,GEOID12B,wetland,NA,NA
Eagle_et_al,NA,SageLotPond,346,2018,NA,NA,41.55546666944133,-70.50647788699338,0.1105,GEOID12B,wetland,NA,NA
Eagle_et_al,NA,SageLotPond,347,2018,NA,NA,41.55546286032966,-70.50647012420801,0.1045,GEOID12B,wetland,NA,NA
Eagle_et_al,NA,SageLotPond,348,2018,NA,NA,41.55547059854246,-70.50647257504774,0.1205,GEOID12B,wetland,NA,NA
Eagle_et_al,NA,SageLotPond,349,2018,NA,NA,41.55547536981349,-70.50647908432505,0.1075,GEOID12B,wetland,NA,NA
Eagle_et_al,NA,SageLotPond,350,2018,NA,NA,41.555476007463135,-70.50648987915514,0.1205,GEOID12B,wetland,NA,NA
Eagle_et_al,NA,SageLotPond,351,2018,NA,NA,41.55519135813684,-70.50681631050664,0.1525,GEOID12B,wetland,NA,NA
Eagle_et_al,NA,SageLotPond,352,2018,NA,NA,41.55519644017221,-70.5068245345283,0.1506,GEOID12B,wetland,NA,NA
Eagle_et_al,NA,SageLotPond,353,2018,NA,NA,41.55520516306209,-70.50681810370243,0.1495,GEOID12B,wetland,NA,NA
Eagle_et_al,NA,SageLotPond,354,2018,NA,NA,41.55520378022576,-70.50680733477158,0.1705,GEOID12B,wetland,NA,NA
Eagle_et_al,NA,SageLotPond,355,2018,NA,NA,41.555198004791364,-70.506797656913065,0.1705,GEOID12B,wetland,NA,NA
Eagle_et_al,NA,SageLotPond,356,2018,NA,NA,41.55503686854767,-70.50689945409917,0.202,GEOID12B,wetland,NA,NA
Eagle_et_al,NA,SageLotPond,357,2018,NA,NA,41.555042986667075,-70.50689941037051,0.1899,GEOID12B,wetland,NA,NA
Eagle_et_al,NA,SageLotPond,358,2018,NA,NA,41.5550388631953,-70.50688965818964,0.1899,GEOID12B,wetland,NA,NA
Eagle_et_al,NA,SageLotPond,359,2018,NA,NA,41.55502982102004,-70.50688966276826,0.1949,GEOID12B,wetland,NA,NA
Eagle_et_al,NA,SageLotPond,360,2018,NA,NA,41.555023367262216,-70.50689820274616,0.204,GEOID12B,wetland,NA,NA
Eagle_et_al,NA,SageLotPond,361,2018,NA,NA,41.55518169417214,-70.50699527455437,0.1649,GEOID12B,wetland,NA,NA
Eagle_et_al,NA,SageLotPond,362,2018,NA,NA,41.55518943000677,-70.50698959184662,0.1648,GEOID12B,wetland,NA,NA
Eagle_et_al,NA,SageLotPond,363,2018,NA,NA,41.55518642815075,-70.50697638588743,0.1588,GEOID12B,wetland,NA,NA
Eagle_et_al,NA,SageLotPond,364,2018,NA,NA,41.555177680288814,-70.5069718718618,0.1518,GEOID12B,wetland,NA,NA
Eagle_et_al,NA,SageLotPond,365,2018,NA,NA,41.55516795728947,-70.50698080115039,0.1579,GEOID12B,wetland,NA,NA
Eagle_et_al,NA,SageLotPond,366,2018,NA,NA,41.554599072587955,-70.50611777792106,0.2404,GEOID12B,wetland,NA,NA
Eagle_et_al,NA,SageLotPond,367,2018,NA,NA,41.55460020665203,-70.50612499043656,0.2374,GEOID12B,wetland,NA,NA
Eagle_et_al,NA,SageLotPond,368,2018,NA,NA,41.55460896237974,-70.5061255378774,0.2454,GEOID12B,wetland,NA,NA
Eagle_et_al,NA,SageLotPond,369,2018,NA,NA,41.55460984153613,-70.50611260685037,0.2533,GEOID12B,wetland,NA,NA
Eagle_et_al,NA,SageLotPond,370,2018,NA,NA,41.554696113390506,-70.50605112494908,0.2681,GEOID12B,wetland,NA,NA
Eagle_et_al,NA,SageLotPond,371,2018,NA,NA,41.55470296817065,-70.50604442046595,0.2971,GEOID12B,wetland,NA,NA
Eagle_et_al,NA,SageLotPond,372,2018,NA,NA,41.55469661172315,-70.50603171712703,0.3031,GEOID12B,wetland,NA,NA
Eagle_et_al,NA,SageLotPond,373,2018,NA,NA,41.554685841908395,-70.50603991112315,0.2741,GEOID12B,wetland,NA,NA
Eagle_et_al,NA,SageLotPond,374,2018,NA,NA,41.554686793224455,-70.50605282351239,0.2621,GEOID12B,wetland,NA,NA
Eagle_et_al,NA,SageLotPond,375,2018,NA,NA,41.55467006689121,-70.5062035538225,0.2364,GEOID12B,wetland,NA,NA
Eagle_et_al,NA,SageLotPond,376,2018,NA,NA,41.55467756212817,-70.50619883914358,0.2524,GEOID12B,wetland,NA,NA
Eagle_et_al,NA,SageLotPond,377,2018,NA,NA,41.554674502625076,-70.50618865131457,0.2454,GEOID12B,wetland,NA,NA
Eagle_et_al,NA,SageLotPond,378,2018,NA,NA,41.55466450059979,-70.5061876708294,0.2364,GEOID12B,wetland,NA,NA
Eagle_et_al,NA,SageLotPond,379,2018,NA,NA,41.55466452850291,-70.5062040343606,0.2434,GEOID12B,wetland,NA,NA
Mariotti_et_al_2024,NA,1,1-Edge-1,2022,2,11,29.670282203611112,-90.14651042777778,0.2733,GEOID18,wetland,Panicum repens,NA
Mariotti_et_al_2024,NA,1,1-Edge-2,2022,2,11,29.670273059722224,-90.14651365055556,0.2899,GEOID18,wetland,Panicum repens,NA
Mariotti_et_al_2024,NA,1,1-Edge-3,2022,2,11,29.670278935555558,-90.14651906194445,0.2754,GEOID18,wetland,Panicum repens,NA
Mariotti_et_al_2024,NA,1,1-Interior-1,2022,2,11,29.670123396944447,-90.14638298527778,0.313,GEOID18,wetland,Panicum repens,NA
Mariotti_et_al_2024,NA,1,1-Interior-2,2022,2,11,29.6701201575,-90.14638977583334,0.3312,GEOID18,wetland,Panicum repens,NA
Mariotti_et_al_2024,NA,1,1-Interior-3,2022,2,11,29.67011317777778,-90.14638487416667,0.3354,GEOID18,wetland,Panicum repens,NA
Mariotti_et_al_2024,NA,2,2-Edge-1,2022,2,11,29.662637750833333,-90.1700080825,0.0185,GEOID18,wetland,Panicum repens,NA
Mariotti_et_al_2024,NA,2,2-Edge-2,2022,2,11,29.662634260277777,-90.16999981666667,0.007,GEOID18,wetland,Panicum repens,NA
Mariotti_et_al_2024,NA,2,2-Edge-3,2022,2,11,29.662640058055555,-90.16999701222223,0.0609,GEOID18,wetland,Panicum repens,NA
Mariotti_et_al_2024,NA,2,2-Interior-1,2022,2,11,29.662642602777776,-90.17020559611112,0.3573,GEOID18,wetland,Panicum repens,NA
Mariotti_et_al_2024,NA,2,2-Interior-2,2022,2,11,29.66264462472222,-90.17019881361112,0.3837,GEOID18,wetland,Panicum repens,NA
Mariotti_et_al_2024,NA,2,2-Interior-3,2022,2,11,29.66263851472222,-90.1701962825,0.3981,GEOID18,wetland,Panicum repens,NA
Mariotti_et_al_2024,NA,3,3-Edge-1,2022,2,18,29.54527536027778,-90.05933313138888,0.127,GEOID18,wetland,Panicum repens,NA
Mariotti_et_al_2024,NA,3,3-Edge-2,2022,2,18,29.545267887500003,-90.05934129472222,0.0605,GEOID18,wetland,Panicum repens,NA
Mariotti_et_al_2024,NA,3,3-Edge-3,2022,2,18,29.545274449444445,-90.05934102694444,0.0817,GEOID18,wetland,Panicum repens,NA
Mariotti_et_al_2024,NA,3,3-Interior-1,2022,2,18,29.54547326861111,-90.05929133694444,0.2443,GEOID18,wetland,Schoenoplectus americanus,NA
Mariotti_et_al_2024,NA,3,3-Interior-2,2022,2,18,29.54547975277778,-90.05928932249999,0.2764,GEOID18,wetland,Schoenoplectus americanus,NA
Mariotti_et_al_2024,NA,3,3-Interior-3,2022,2,18,29.54547061638889,-90.05928307111111,0.2016,GEOID18,wetland,Schoenoplectus americanus,NA
Mariotti_et_al_2024,NA,4,4-Edge-1,2022,2,18,29.531735271666665,-90.07278988472221,0.0105,GEOID18,wetland,Panicum repens,NA
Mariotti_et_al_2024,NA,4,4-Edge-2,2022,2,18,29.531734608055555,-90.07278145555556,0.0385,GEOID18,wetland,Panicum repens,NA
Mariotti_et_al_2024,NA,4,4-Edge-3,2022,2,18,29.5317411025,-90.07278054027778,0.0701,GEOID18,wetland,Panicum repens,NA
Mariotti_et_al_2024,NA,4,4-Interior-1,2022,2,18,29.531521023055554,-90.07267685722222,0.2603,GEOID18,wetland,Schoenoplectus americanus,NA
Mariotti_et_al_2024,NA,4,4-Interior-2,2022,2,18,29.53152909861111,-90.07267247555555,0.2569,GEOID18,wetland,Schoenoplectus americanus,NA
Mariotti_et_al_2024,NA,4,4-Interior-3,2022,2,18,29.53152197611111,-90.07267041305555,0.3414,GEOID18,wetland,Schoenoplectus americanus,NA
Mariotti_et_al_2024,NA,5,5-Edge-1,2022,2,18,29.52534261,-90.08678117166666,0.2364,GEOID18,wetland,Eleocharis montevidensis,NA
Mariotti_et_al_2024,NA,5,5-Edge-2,2022,2,18,29.525337985,-90.08678693722221,0.1863,GEOID18,wetland,Eleocharis montevidensis,NA
Mariotti_et_al_2024,NA,5,5-Edge-3,2022,2,18,29.525332850833333,-90.08677890999999,0.2473,GEOID18,wetland,Eleocharis montevidensis,NA
Mariotti_et_al_2024,NA,5,5-Interior-1,2022,2,18,29.52560702472222,-90.08678422861111,0.3349,GEOID18,wetland,Panicum repens,NA
Mariotti_et_al_2024,NA,5,5-Interior-2,2022,2,18,29.52560751722222,-90.08679203861111,0.3492,GEOID18,wetland,Panicum repens,NA
Mariotti_et_al_2024,NA,5,5-Interior-3,2022,2,18,29.52559975861111,-90.08679228055556,0.3267,GEOID18,wetland,Panicum repens,NA
Mariotti_et_al_2024,NA,6,6-Edge-1,2022,2,18,29.51803111583333,-90.07459879944444,0.3808,GEOID18,wetland,Panicum repens,NA
Mariotti_et_al_2024,NA,6,6-Edge-2,2022,2,18,29.51803778388889,-90.07459613388889,0.397,GEOID18,wetland,Panicum repens,NA
Mariotti_et_al_2024,NA,6,6-Edge-3,2022,2,18,29.518032009166667,-90.07460641361111,0.4147,GEOID18,wetland,Panicum repens,NA
Mariotti_et_al_2024,NA,7,7-Edge-1,2022,2,18,29.50538407861111,-90.08094600027778,0.2012,GEOID18,wetland,Schoenoplectus americanus,NA
Mariotti_et_al_2024,NA,7,7-Edge-2,2022,2,18,29.50537675888889,-90.08093774333332,0.2231,GEOID18,wetland,Schoenoplectus americanus,NA
Mariotti_et_al_2024,NA,7,7-Edge-3,2022,2,18,29.505383425,-90.08093770694444,0.2707,GEOID18,wetland,Schoenoplectus americanus,NA
Mariotti_et_al_2024,NA,7,7-Interior-1,2022,2,18,29.505112168333333,-90.0808455761111,0.2499,GEOID18,wetland,Panicum repens,NA
Mariotti_et_al_2024,NA,7,7-Interior-2,2022,2,18,29.50511542611111,-90.08085670944445,0.2397,GEOID18,wetland,Panicum repens,NA
Mariotti_et_al_2024,NA,7,7-Interior-3,2022,2,18,29.50510959888889,-90.080854485,0.2596,GEOID18,wetland,Panicum repens,NA
Mariotti_et_al_2024,NA,12,12-Edge-1,2022,4,23,29.56869768972222,-90.1999689138889,0.4172,GEOID18,wetland,Sagittaria lancifolia,NA
Mariotti_et_al_2024,NA,12,12-Edge-2,2022,4,23,29.568693419444443,-90.19996520666668,0.4541,GEOID18,wetland,Sagittaria lancifolia,NA
Mariotti_et_al_2024,NA,12,12-Edge-3,2022,4,23,29.56869373888889,-90.19997231388889,0.4812,GEOID18,wetland,Sagittaria lancifolia,NA
Mariotti_et_al_2024,NA,12,12-Edge-4,2022,4,23,29.568689821944446,-90.19997064694445,0.469,GEOID18,wetland,Sagittaria lancifolia,NA
Mariotti_et_al_2024,NA,12,12-Edge-5,2022,4,23,29.5686945775,-90.19997286694445,0.4718,GEOID18,wetland,Sagittaria lancifolia,NA
Mariotti_et_al_2024,NA,12,12-Interior-1,2022,4,23,29.56879997388889,-90.20012615750001,0.5028,GEOID18,wetland,Eleocharis acicularis,NA
Mariotti_et_al_2024,NA,12,12-Interior-2,2022,4,23,29.56879917722222,-90.20013709027778,0.4971,GEOID18,wetland,Eleocharis acicularis,NA
Mariotti_et_al_2024,NA,12,12-Interior-3,2022,4,23,29.568794854444445,-90.20013209944445,0.4571,GEOID18,wetland,Eleocharis acicularis,NA
Mariotti_et_al_2024,NA,12,12-Interior-4,2022,4,23,29.568804563055554,-90.20013148222222,0.4278,GEOID18,wetland,Eleocharis acicularis,NA
Mariotti_et_al_2024,NA,16,16-Edge-1,2022,5,15,29.603035711666667,-90.18659743583333,0.2999,GEOID18,wetland,Eleocharis acicularis,NA
Mariotti_et_al_2024,NA,16,16-Edge-2,2022,5,15,29.603035444722224,-90.18659160861111,0.3733,GEOID18,wetland,Eleocharis acicularis,NA
Mariotti_et_al_2024,NA,16,16-Edge-3,2022,5,15,29.603041108888892,-90.18659877555555,0.2105,GEOID18,wetland,Eleocharis acicularis,NA
Mariotti_et_al_2024,NA,16,16-Edge-4,2022,5,15,29.603041154444448,-90.18659036444444,0.2847,GEOID18,wetland,Eleocharis acicularis,NA
Mariotti_et_al_2024,NA,17,17-Edge-1,2022,5,15,29.599254883333334,-90.19793571416668,0.1749,GEOID18,wetland,Eleocharis acicularis,NA
Mariotti_et_al_2024,NA,17,17-Edge-2,2022,5,15,29.59924883472222,-90.19793445416667,0.2073,GEOID18,wetland,Eleocharis acicularis,NA
Mariotti_et_al_2024,NA,17,17-Edge-3,2022,5,15,29.59925792611111,-90.19792925083334,0.1884,GEOID18,wetland,Eleocharis acicularis,NA
Mariotti_et_al_2024,NA,18,18-Edge-1,2022,5,15,29.605337474722223,-90.19794187916668,0.1796,GEOID18,wetland,Eleocharis acicularis,NA
Mariotti_et_al_2024,NA,18,18-Edge-2,2022,5,15,29.60533451777778,-90.19793628000001,0.235,GEOID18,wetland,Eleocharis acicularis,NA
Mariotti_et_al_2024,NA,18,18-Edge-3,2022,5,15,29.605340041944444,-90.1979332388889,0.1942,GEOID18,wetland,Eleocharis acicularis,NA
Mariotti_et_al_2024,NA,18,18-Edge-4,2022,5,15,29.60534199916667,-90.19793891361111,0.2349,GEOID18,wetland,Eleocharis acicularis,NA
Mariotti_et_al_2024,NA,19,19-Edge-1,2022,5,15,29.59138429722222,-90.22203870666667,0.1846,GEOID18,wetland,Eleocharis acicularis,NA
Mariotti_et_al_2024,NA,19,19-Edge-2,2022,5,15,29.591392826944443,-90.22204029833334,0.2058,GEOID18,wetland,Eleocharis acicularis,NA
Mariotti_et_al_2024,NA,19,19-Edge-3,2022,5,15,29.591387690555553,-90.22204503694445,0.1687,GEOID18,wetland,Eleocharis acicularis,NA
Mariotti_et_al_2024,NA,19,19-Edge-4,2022,5,15,29.591389231944444,-90.22203481888889,0.225,GEOID18,wetland,Eleocharis acicularis,NA
Mariotti_et_al_2024,NA,20,20-Edge-1,2022,5,15,29.591204635,-90.23301603444445,0.2214,GEOID18,wetland,Eleocharis acicularis,NA
Mariotti_et_al_2024,NA,20,20-Edge-2,2022,5,15,29.591207738888887,-90.23302217166668,0.2373,GEOID18,wetland,Eleocharis acicularis,NA
Mariotti_et_al_2024,NA,20,20-Edge-3,2022,5,15,29.591213219444445,-90.23301859833333,0.2205,GEOID18,wetland,Eleocharis acicularis,NA
Mariotti_et_al_2024,NA,20,20-Edge-4,2022,5,15,29.591209440555556,-90.23301251277778,0.2342,GEOID18,wetland,Eleocharis acicularis,NA
Mariotti_et_al_2024,NA,21,21-Edge-1,2022,5,15,29.597656011944444,-90.2221759363889,0.2842,GEOID18,wetland,Alternanthera philoxeroides,NA
Mariotti_et_al_2024,NA,21,21-Edge-2,2022,5,15,29.59765797472222,-90.22218225555555,0.2748,GEOID18,wetland,Alternanthera philoxeroides,NA
Mariotti_et_al_2024,NA,21,21-Edge-3,2022,5,15,29.5976501675,-90.22217788083333,0.2645,GEOID18,wetland,Alternanthera philoxeroides,NA
Mariotti_et_al_2024,NA,21,21-Edge-4,2022,5,15,29.597652514444444,-90.22218476500001,0.3041,GEOID18,wetland,Alternanthera philoxeroides,NA
Mariotti_et_al_2024,NA,22,22-Edge-1,2022,5,15,29.60557234361111,-90.23236211222222,0.2418,GEOID18,wetland,Eleocharis acicularis,NA
Mariotti_et_al_2024,NA,22,22-Edge-2,2022,5,15,29.60557664027778,-90.23235637555555,0.2266,GEOID18,wetland,Eleocharis acicularis,NA
Mariotti_et_al_2024,NA,22,22-Edge-3,2022,5,15,29.605568019166668,-90.23235745361112,0.2381,GEOID18,wetland,Eleocharis acicularis,NA
Mariotti_et_al_2024,NA,22,22-Edge-4,2022,5,15,29.60557198638889,-90.2323530125,0.2239,GEOID18,wetland,Eleocharis acicularis,NA
Mariotti_et_al_2024,NA,23,23-Edge-1,2022,5,15,29.608547111944446,-90.22065007944444,0.2211,GEOID18,wetland,Sagittaria lancifolia,NA
Mariotti_et_al_2024,NA,23,23-Edge-2,2022,5,15,29.608544974722225,-90.22065626666667,0.1977,GEOID18,wetland,Sagittaria lancifolia,NA
Mariotti_et_al_2024,NA,23,23-Edge-3,2022,5,15,29.608542404444446,-90.22064859083333,0.1538,GEOID18,wetland,Sagittaria lancifolia,NA
Mariotti_et_al_2024,NA,23,23-Edge-4,2022,5,15,29.608540332222223,-90.2206541488889,0.2208,GEOID18,wetland,Sagittaria lancifolia,NA
Mariotti_et_al_2024,NA,24,24-Edge-1,2022,5,15,29.619683505833333,-90.21364235638889,0.1323,GEOID18,wetland,Eleocharis acicularis,NA
Mariotti_et_al_2024,NA,24,24-Edge-2,2022,5,15,29.61968872527778,-90.21364517111111,0.1769,GEOID18,wetland,Eleocharis acicularis,NA
Mariotti_et_al_2024,NA,24,24-Edge-3,2022,5,15,29.619686394722223,-90.21363715527778,0.1454,GEOID18,wetland,Eleocharis acicularis,NA
Mariotti_et_al_2024,NA,24,24-Edge-4,2022,5,15,29.61969126138889,-90.21363940444445,0.1556,GEOID18,wetland,Eleocharis acicularis,NA
Mariotti_et_al_2024,NA,25,25-Edge-1,2022,5,15,29.62500011277778,-90.21188830277778,0.1278,GEOID18,wetland,Schoenoplectus americanus,NA
Mariotti_et_al_2024,NA,25,25-Edge-2,2022,5,15,29.624994870000002,-90.21189352027778,0.228,GEOID18,wetland,Schoenoplectus americanus,NA
Mariotti_et_al_2024,NA,25,25-Edge-3,2022,5,15,29.624991874722223,-90.21188886444445,0.1984,GEOID18,wetland,Schoenoplectus americanus,NA
Mariotti_et_al_2024,NA,25,25-Edge-4,2022,5,15,29.624996504444447,-90.21188479472222,0.1305,GEOID18,wetland,Schoenoplectus americanus,NA
Mariotti_et_al_2024,NA,26,26-Edge-1,2022,5,15,29.63265024277778,-90.18739609555556,0.261,GEOID18,wetland,Eleocharis acicularis,NA
Mariotti_et_al_2024,NA,26,26-Edge-2,2022,5,15,29.632652175,-90.18739038972222,0.2745,GEOID18,wetland,Eleocharis acicularis,NA
Mariotti_et_al_2024,NA,26,26-Edge-3,2022,5,15,29.632656695,-90.18739180111112,0.2633,GEOID18,wetland,Eleocharis acicularis,NA
Mariotti_et_al_2024,NA,26,26-Edge-4,2022,5,15,29.632655818611113,-90.18739755166668,0.2759,GEOID18,wetland,Eleocharis acicularis,NA
Mariotti_et_al_2024,NA,27,27-Edge-1,2022,6,7,29.832455474166668,-90.2703617213889,0.3785,GEOID18,wetland,Sagittaria lancifolia,NA
Mariotti_et_al_2024,NA,27,27-Edge-2,2022,6,7,29.832448509166667,-90.27036120166666,0.3814,GEOID18,wetland,Sagittaria lancifolia,NA
Mariotti_et_al_2024,NA,27,27-Edge-3,2022,6,7,29.832454556666665,-90.27035518555556,0.3355,GEOID18,wetland,Sagittaria lancifolia,NA
Mariotti_et_al_2024,NA,27,27-Edge-4,2022,6,7,29.832448840277777,-90.27035583416666,0.3831,GEOID18,wetland,Sagittaria lancifolia,NA
Mariotti_et_al_2024,NA,27,27-Interior-1,2022,6,7,29.83233568472222,-90.27038899916667,0.541,GEOID18,wetland,Panicum repens,NA
Mariotti_et_al_2024,NA,27,27-Interior-2,2022,6,7,29.83234217,-90.27038283305555,0.5063,GEOID18,wetland,Panicum repens,NA
Mariotti_et_al_2024,NA,27,27-Interior-3,2022,6,7,29.832336575555555,-90.27038310222223,0.4762,GEOID18,wetland,Panicum repens,NA
Mariotti_et_al_2024,NA,27,27-Interior-4,2022,6,7,29.832340707222222,-90.270389585,0.522,GEOID18,wetland,Panicum repens,NA
Mariotti_et_al_2024,NA,28,28-Edge-1,2022,6,7,29.82962068333333,-90.26291456833333,0.3298,GEOID18,wetland,Eleocharis acicularis,NA
Mariotti_et_al_2024,NA,28,28-Edge-2,2022,6,7,29.8296153675,-90.26291727,0.3824,GEOID18,wetland,Eleocharis acicularis,NA
Mariotti_et_al_2024,NA,28,28-Edge-3,2022,6,7,29.829622899166665,-90.26291986416666,0.3618,GEOID18,wetland,Eleocharis acicularis,NA
Mariotti_et_al_2024,NA,28,28-Edge-4,2022,6,7,29.829617959166665,-90.26292190333334,0.3517,GEOID18,wetland,Eleocharis acicularis,NA
Mariotti_et_al_2024,NA,28,28-Interior-1,2022,6,7,29.82949510888889,-90.26290398361111,0.3696,GEOID18,wetland,Sagittaria lancifolia,NA
Mariotti_et_al_2024,NA,28,28-Interior-2,2022,6,7,29.829493289722222,-90.26290991277777,0.3921,GEOID18,wetland,Sagittaria lancifolia,NA
Mariotti_et_al_2024,NA,28,28-Interior-3,2022,6,7,29.829496925555556,-90.26291033333334,0.358,GEOID18,wetland,Sagittaria lancifolia,NA
Mariotti_et_al_2024,NA,28,28-Interior-4,2022,6,7,29.8294978075,-90.26290585416666,0.3275,GEOID18,wetland,Sagittaria lancifolia,NA
Mariotti_et_al_2024,NA,30,30-Edge-1,2022,6,7,29.8226163975,-90.25172182388889,0.431,GEOID18,wetland,Panicum repens,NA
Mariotti_et_al_2024,NA,30,30-Edge-2,2022,6,7,29.822621179166667,-90.25172210972222,0.5141,GEOID18,wetland,Panicum repens,NA
Mariotti_et_al_2024,NA,30,30-Edge-3,2022,6,7,29.82262143111111,-90.25172740472222,0.424,GEOID18,wetland,Panicum repens,NA
Mariotti_et_al_2024,NA,30,30-Edge-4,2022,6,7,29.82261608472222,-90.25172776888888,0.4215,GEOID18,wetland,Panicum repens,NA
Mariotti_et_al_2024,NA,30,30-Interior-1,2022,6,7,29.822499988055554,-90.25170048472222,0.2874,GEOID18,wetland,Panicum repens,NA
Mariotti_et_al_2024,NA,30,30-Interior-2,2022,6,7,29.822502122777777,-90.25170097277778,0.3019,GEOID18,wetland,Panicum repens,NA
Mariotti_et_al_2024,NA,30,30-Interior-3,2022,6,7,29.82250322611111,-90.25169354861112,0.3313,GEOID18,wetland,Panicum repens,NA
Mariotti_et_al_2024,NA,30,30-Interior-4,2022,6,7,29.822499314999998,-90.25169465861111,0.3728,GEOID18,wetland,Panicum repens,NA
Mariotti_et_al_2024,NA,45,45-Edge-1,2022,10,1,29.395316413333333,-89.62293590666665,0.3012,GEOID18,wetland,Spartina alterniflora,NA
Mariotti_et_al_2024,NA,45,45-Edge-2,2022,10,1,29.39531825527778,-89.62292773277777,0.2822,GEOID18,wetland,Spartina alterniflora,NA
Mariotti_et_al_2024,NA,45,45-Edge-3,2022,10,1,29.395311165833334,-89.62292583472221,0.2931,GEOID18,wetland,Spartina alterniflora,NA
Mariotti_et_al_2024,NA,45,45-Edge-4,2022,10,1,29.395308438333334,-89.62293492416666,0.3123,GEOID18,wetland,Spartina alterniflora,NA
Mariotti_et_al_2024,NA,45,45-Edge-5,2022,10,1,29.395318375,-89.62292749916666,0.2902,GEOID18,wetland,Spartina alterniflora,NA
Mariotti_et_al_2024,NA,45,45-Interior-1,2022,10,1,29.39548046638889,-89.6228232336111,0.0524,GEOID18,wetland,Spartina alterniflora,NA
Mariotti_et_al_2024,NA,45,45-Interior-2,2022,10,1,29.395480477222222,-89.62282298638888,0.0358,GEOID18,wetland,Spartina alterniflora,NA
Mariotti_et_al_2024,NA,45,45-Interior-3,2022,10,1,29.395473873055554,-89.6228190075,0.0883,GEOID18,wetland,Spartina alterniflora,NA
Mariotti_et_al_2024,NA,45,45-Interior-4,2022,10,1,29.395483728055556,-89.62281614555555,0.1367,GEOID18,wetland,Spartina alterniflora,NA
Mariotti_et_al_2024,NA,45,45-Interior-5,2022,10,1,29.3954758475,-89.62281339277777,0.0772,GEOID18,wetland,Spartina alterniflora,NA
Mariotti_et_al_2024,NA,47,47-Edge-1,2022,10,1,29.40613397888889,-89.64462710138889,0.1808,GEOID18,wetland,Spartina alterniflora,NA
Mariotti_et_al_2024,NA,47,47-Edge-2,2022,10,1,29.406136981666666,-89.64463297055556,0.1803,GEOID18,wetland,Spartina alterniflora,NA
Mariotti_et_al_2024,NA,47,47-Edge-3,2022,10,1,29.406127380833333,-89.64463102833334,0.1643,GEOID18,wetland,Spartina alterniflora,NA
Mariotti_et_al_2024,NA,47,47-Edge-4,2022,10,1,29.406131898055555,-89.64464010388889,0.1278,GEOID18,wetland,Spartina alterniflora,NA
Mariotti_et_al_2024,NA,47,47-Interior-1,2022,10,1,29.406300051388886,-89.64468791972223,0.1926,GEOID18,wetland,Spartina alterniflora,NA
Mariotti_et_al_2024,NA,47,47-Interior-2,2022,10,1,29.4063054075,-89.64469153166668,0.207,GEOID18,wetland,Spartina alterniflora,NA
Mariotti_et_al_2024,NA,47,47-Interior-3,2022,10,1,29.40630285111111,-89.64468011166667,0.2588,GEOID18,wetland,Spartina alterniflora,NA
Mariotti_et_al_2024,NA,47,47-Interior-4,2022,10,1,29.40630977083333,-89.64468490666667,0.2369,GEOID18,wetland,Spartina alterniflora,NA
Mariotti_et_al_2024,NA,48,48-Edge-1,2022,10,1,29.40126883583333,-89.65291190666667,0.1828,GEOID18,wetland,Spartina alterniflora,NA
Mariotti_et_al_2024,NA,48,48-Edge-2,2022,10,1,29.401260144444443,-89.65290756472223,0.1826,GEOID18,wetland,Spartina alterniflora,NA
Mariotti_et_al_2024,NA,48,48-Edge-3,2022,10,1,29.401273839166667,-89.65290486444445,0.2024,GEOID18,wetland,Spartina alterniflora,NA
Mariotti_et_al_2024,NA,48,48-Edge-4,2022,10,1,29.401259863055554,-89.65290529222223,0.1997,GEOID18,wetland,Spartina alterniflora,NA
Mariotti_et_al_2024,NA,48,48-Interior-1,2022,10,1,29.40125304611111,-89.65313238861111,0.2315,GEOID18,wetland,Spartina alterniflora,NA
Mariotti_et_al_2024,NA,48,48-Interior-2,2022,10,1,29.401259264444445,-89.65312125611112,0.2184,GEOID18,wetland,Spartina alterniflora,NA
Mariotti_et_al_2024,NA,48,48-Interior-3,2022,10,1,29.401253458055553,-89.65312367055556,0.1963,GEOID18,wetland,Spartina alterniflora,NA
Mariotti_et_al_2024,NA,48,48-Interior-4,2022,10,1,29.40126195972222,-89.65312964305556,0.2274,GEOID18,wetland,Spartina alterniflora,NA
Mariotti_et_al_2024,NA,49,49-Edge-1,2022,10,1,29.3945431475,-89.65188191416667,0.1473,GEOID18,wetland,Spartina alterniflora,NA
Mariotti_et_al_2024,NA,49,49-Edge-2,2022,10,1,29.3945370575,-89.65188722666667,0.1626,GEOID18,wetland,Spartina alterniflora,NA
Mariotti_et_al_2024,NA,49,49-Edge-3,2022,10,1,29.394538247777778,-89.6518749963889,0.1162,GEOID18,wetland,Spartina alterniflora,NA
Mariotti_et_al_2024,NA,49,49-Edge-4,2022,10,1,29.394532005833334,-89.65188005666667,0.1549,GEOID18,wetland,Spartina alterniflora,NA
Mariotti_et_al_2024,NA,49,49-Interior-1,2022,10,1,29.394416963333335,-89.65207884638889,0.2785,GEOID18,wetland,Spartina alterniflora,NA
Mariotti_et_al_2024,NA,49,49-Interior-2,2022,10,1,29.394420444444442,-89.65208950916667,0.2431,GEOID18,wetland,Spartina alterniflora,NA
Mariotti_et_al_2024,NA,49,49-Interior-3,2022,10,1,29.394423540555554,-89.65208133,0.255,GEOID18,wetland,Spartina alterniflora,NA
Mariotti_et_al_2024,NA,49,49-Interior-4,2022,10,1,29.394414791944445,-89.65208762972223,0.2706,GEOID18,wetland,Spartina alterniflora,NA
Mariotti_et_al_2024,NA,51,51-Edge-1,2022,10,28,29.463879690833334,-89.75725626555555,-0.1733,GEOID18,wetland,Spartina alterniflora,NA
Mariotti_et_al_2024,NA,51,51-Edge-2,2022,10,28,29.46388607833333,-89.75725799222222,-0.1334,GEOID18,wetland,Spartina alterniflora,NA
Mariotti_et_al_2024,NA,51,51-Edge-3,2022,10,28,29.463887083055553,-89.75725174055556,-0.0619,GEOID18,wetland,Spartina alterniflora,NA
Mariotti_et_al_2024,NA,51,51-Edge-4,2022,10,28,29.463880700555556,-89.75724893527777,0.0112,GEOID18,wetland,Spartina alterniflora,NA
Mariotti_et_al_2024,NA,51,51-Interior-1,2022,10,28,29.463955659166665,-89.75702650777778,0.1027,GEOID18,wetland,Spartina alterniflora,NA
Mariotti_et_al_2024,NA,51,51-Interior-2,2022,10,28,29.463955085555554,-89.75701990833333,0.1065,GEOID18,wetland,Spartina alterniflora,NA
Mariotti_et_al_2024,NA,51,51-Interior-3,2022,10,28,29.46395045138889,-89.75702203416667,0.114,GEOID18,wetland,Spartina alterniflora,NA
Mariotti_et_al_2024,NA,51,51-Interior-4,2022,10,28,29.463951387777776,-89.75702764111111,0.113,GEOID18,wetland,Spartina alterniflora,NA
Mariotti_et_al_2024,NA,52,52-Edge-1,2022,10,28,29.474489031944444,-89.75863255305556,0.1682,GEOID18,wetland,Juncus roemerianus,NA
Mariotti_et_al_2024,NA,52,52-Edge-2,2022,10,28,29.47448440333333,-89.75863534361112,-0.0529,GEOID18,wetland,Juncus roemerianus,NA
Mariotti_et_al_2024,NA,52,52-Edge-3,2022,10,28,29.474485411666667,-89.758629835,0.0086,GEOID18,wetland,Juncus roemerianus,NA
Mariotti_et_al_2024,NA,52,52-Edge-4,2022,10,28,29.47448810972222,-89.75863655138889,-0.0788,GEOID18,wetland,Juncus roemerianus,NA
Mariotti_et_al_2024,NA,52,52-Interior-1,2022,10,28,29.47452887833333,-89.75840203888889,0.0996,GEOID18,wetland,Spartina alterniflora,NA
Mariotti_et_al_2024,NA,52,52-Interior-2,2022,10,28,29.474534729166663,-89.75840609194445,0.0841,GEOID18,wetland,Spartina alterniflora,NA
Mariotti_et_al_2024,NA,52,52-Interior-3,2022,10,28,29.474533385833332,-89.75840094083334,0.0877,GEOID18,wetland,Spartina alterniflora,NA
Mariotti_et_al_2024,NA,52,52-Interior-4,2022,10,28,29.474529659444443,-89.75840739416667,0.1049,GEOID18,wetland,Spartina alterniflora,NA
Mariotti_et_al_2024,NA,53,53-Edge-1,2022,10,28,29.481955963888886,-89.766453315,0.0884,GEOID18,wetland,Spartina alterniflora,NA
Mariotti_et_al_2024,NA,53,53-Edge-2,2022,10,28,29.48195696138889,-89.76646160222222,0.0889,GEOID18,wetland,Spartina alterniflora,NA
Mariotti_et_al_2024,NA,53,53-Edge-3,2022,10,28,29.48195985583333,-89.76645599416666,0.0885,GEOID18,wetland,Spartina alterniflora,NA
Mariotti_et_al_2024,NA,53,53-Edge-4,2022,10,28,29.481952481111108,-89.76645771638889,0.0612,GEOID18,wetland,Spartina alterniflora,NA
Mariotti_et_al_2024,NA,53,53-Interior-1,2022,10,28,29.482159115555554,-89.76637947388889,0.2918,GEOID18,wetland,Juncus roemerianus,NA
Mariotti_et_al_2024,NA,53,53-Interior-2,2022,10,28,29.482163831944444,-89.76638027527778,0.2822,GEOID18,wetland,Juncus roemerianus,NA
Mariotti_et_al_2024,NA,53,53-Interior-3,2022,10,28,29.48215914444444,-89.76637397111111,0.2998,GEOID18,wetland,Juncus roemerianus,NA
Mariotti_et_al_2024,NA,53,53-Interior-4,2022,10,28,29.482164818055555,-89.76637504333333,0.2983,GEOID18,wetland,Juncus roemerianus,NA
Mariotti_et_al_2024,NA,53,53-Interior-5,2022,10,28,29.482160249166665,-89.76637444944444,0.38,GEOID18,wetland,Juncus roemerianus,NA
Mariotti_et_al_2024,NA,53,53-Interior-6,2022,10,28,29.48216482222222,-89.76638045194444,0.4085,GEOID18,wetland,Juncus roemerianus,NA
Mariotti_et_al_2024,NA,53,53-Interior-7,2022,10,28,29.482160136944444,-89.76637803777778,0.3608,GEOID18,wetland,Juncus roemerianus,NA
Mariotti_et_al_2024,NA,53,53-Interior-8,2022,10,28,29.482165783888888,-89.76637456277778,0.4028,GEOID18,wetland,Juncus roemerianus,NA
Mariotti_et_al_2024,NA,53,53-Interior-9,2022,10,28,29.48216488111111,-89.76638027194444,0.3992,GEOID18,wetland,Juncus roemerianus,NA
Mariotti_et_al_2024,NA,54,54-Edge-1,2022,10,28,29.47698518444444,-89.77791065222222,0.1903,GEOID18,wetland,Juncus roemerianus,NA
Mariotti_et_al_2024,NA,54,54-Edge-2,2022,10,28,29.476988731388886,-89.77790605444444,0.1857,GEOID18,wetland,Juncus roemerianus,NA
Mariotti_et_al_2024,NA,54,54-Edge-3,2022,10,28,29.476984931388888,-89.77790202999999,0.1588,GEOID18,wetland,Juncus roemerianus,NA
Mariotti_et_al_2024,NA,54,54-Edge-4,2022,10,28,29.47698114361111,-89.7779060925,0.154,GEOID18,wetland,Juncus roemerianus,NA
Mariotti_et_al_2024,NA,54,54-Interior-1,2022,10,28,29.477113124444443,-89.77809107055556,0.3854,GEOID18,wetland,Spartina alterniflora,NA
Mariotti_et_al_2024,NA,54,54-Interior-2,2022,10,28,29.477115789166664,-89.77808941277777,0.3822,GEOID18,wetland,Spartina alterniflora,NA
Mariotti_et_al_2024,NA,54,54-Interior-3,2022,10,28,29.47711883861111,-89.77809371194445,0.3737,GEOID18,wetland,Spartina alterniflora,NA
Mariotti_et_al_2024,NA,54,54-Interior-4,2022,10,28,29.477114672777777,-89.77809606083333,0.3828,GEOID18,wetland,Spartina alterniflora,NA
Mariotti_et_al_2024,NA,55,55-Edge-1,2023,1,22,29.896695050833333,-90.61259051694444,0.2711,GEOID18,wetland,Thelypteris palustris,NA
Mariotti_et_al_2024,NA,55,55-Edge-2,2023,1,22,29.89669369138889,-90.61259662194443,0.2785,GEOID18,wetland,Thelypteris palustris,NA
Mariotti_et_al_2024,NA,55,55-Edge-3,2023,1,22,29.896700089166668,-90.61259102527777,0.3095,GEOID18,wetland,Thelypteris palustris,NA
Mariotti_et_al_2024,NA,55,55-Edge-4,2023,1,22,29.896700105555556,-90.61259701916666,0.2705,GEOID18,wetland,Thelypteris palustris,NA
Mariotti_et_al_2024,NA,55,55-Interior-1,2023,1,22,29.89655261277778,-90.61280327666667,0.2131,GEOID18,wetland,Sagittaria lancifolia,NA
Mariotti_et_al_2024,NA,55,55-Interior-2,2023,1,22,29.896551260833334,-90.61279846583332,0.2534,GEOID18,wetland,Sagittaria lancifolia,NA
Mariotti_et_al_2024,NA,55,55-Interior-3,2023,1,22,29.896548168333332,-90.61280625972222,0.2641,GEOID18,wetland,Sagittaria lancifolia,NA
Mariotti_et_al_2024,NA,55,55-Interior-4,2023,1,22,29.89654675638889,-90.61280084027777,0.2552,GEOID18,wetland,Sagittaria lancifolia,NA
Mariotti_et_al_2024,NA,56,56-Edge-1,2023,1,22,29.88919644138889,-90.61479229444444,0.2425,GEOID18,wetland,Sagittaria lancifolia,NA
Mariotti_et_al_2024,NA,56,56-Edge-2,2023,1,22,29.889192616944445,-90.61478442972222,0.3011,GEOID18,wetland,Sagittaria lancifolia,NA
Mariotti_et_al_2024,NA,56,56-Edge-3,2023,1,22,29.889198333055557,-90.61478520611111,0.3076,GEOID18,wetland,Sagittaria lancifolia,NA
Mariotti_et_al_2024,NA,56,56-Edge-4,2023,1,22,29.88919081,-90.6147904275,0.2492,GEOID18,wetland,Sagittaria lancifolia,NA
Mariotti_et_al_2024,NA,57,57-Edge-1,2023,1,22,29.880999227500002,-90.60322076333333,0.2767,GEOID18,wetland,Sagittaria latifolia,NA
Mariotti_et_al_2024,NA,57,57-Edge-2,2023,1,22,29.881001415833335,-90.60321572166666,0.2868,GEOID18,wetland,Sagittaria latifolia,NA
Mariotti_et_al_2024,NA,57,57-Edge-3,2023,1,22,29.881005179722223,-90.60321776388888,0.3076,GEOID18,wetland,Sagittaria latifolia,NA
Mariotti_et_al_2024,NA,57,57-Edge-4,2023,1,22,29.880996361666668,-90.60322175249999,0.4707,GEOID18,wetland,Sagittaria latifolia,NA
Mariotti_et_al_2024,NA,57,57-Interior-1,2023,1,22,29.88082832611111,-90.60303456722221,0.2292,GEOID18,wetland,Sagittaria lancifolia,NA
Mariotti_et_al_2024,NA,57,57-Interior-2,2023,1,22,29.880820771944446,-90.60303707527777,0.2833,GEOID18,wetland,Sagittaria lancifolia,NA
Mariotti_et_al_2024,NA,57,57-Interior-3,2023,1,22,29.880825457777778,-90.6030376311111,0.2838,GEOID18,wetland,Sagittaria lancifolia,NA
Mariotti_et_al_2024,NA,57,57-Interior-4,2023,1,22,29.880823452222224,-90.60303218444444,0.2257,GEOID18,wetland,Sagittaria lancifolia,NA
Mariotti_et_al_2024,NA,58,58-Edge-1,2023,3,30,29.879242056944445,-90.60909368027777,0.3922,GEOID18,wetland,Leersia oryzoides,NA
Mariotti_et_al_2024,NA,58,58-Edge-2,2023,3,30,29.879237945,-90.60908530166667,0.3302,GEOID18,wetland,Leersia oryzoides,NA
Mariotti_et_al_2024,NA,58,58-Edge-3,2023,3,30,29.87923676,-90.60909250138889,0.3318,GEOID18,wetland,Leersia oryzoides,NA
Mariotti_et_al_2024,NA,58,58-Edge-4,2023,3,30,29.879242824444447,-90.60908638388888,0.332,GEOID18,wetland,Leersia oryzoides,NA
Mariotti_et_al_2024,NA,58,58-Interior-1,2023,3,30,29.879079773333334,-90.60895668277777,0.2995,GEOID18,wetland,Leersia oryzoides,NA
Mariotti_et_al_2024,NA,58,58-Interior-2,2023,3,30,29.87908351777778,-90.60896129277778,0.3218,GEOID18,wetland,Leersia oryzoides,NA
Mariotti_et_al_2024,NA,58,58-Interior-3,2023,3,30,29.879082888888888,-90.60895282333333,0.2933,GEOID18,wetland,Leersia oryzoides,NA
Mariotti_et_al_2024,NA,58,58-Interior-4,2023,3,30,29.87908706638889,-90.60895661583332,0.3083,GEOID18,wetland,Leersia oryzoides,NA
Mariotti_et_al_2024,NA,59,59-Edge-1,2023,3,30,29.880038995833335,-90.59554452583333,0.2804,GEOID18,wetland,Leersia oryzoides,NA
Mariotti_et_al_2024,NA,59,59-Edge-2,2023,3,30,29.880043919166667,-90.595544435,0.2456,GEOID18,wetland,Leersia oryzoides,NA
Mariotti_et_al_2024,NA,59,59-Edge-3,2023,3,30,29.88003674666667,-90.59555041277777,0.261,GEOID18,wetland,Leersia oryzoides,NA
Mariotti_et_al_2024,NA,59,59-Edge-4,2023,3,30,29.88004190527778,-90.59554851916666,0.2713,GEOID18,wetland,Leersia oryzoides,NA
Mariotti_et_al_2024,NA,59,59-Interior-1,2023,3,30,29.87982543388889,-90.59556085527777,0.2204,GEOID18,wetland,Leersia oryzoides,NA
Mariotti_et_al_2024,NA,59,59-Interior-2,2023,3,30,29.879823864444443,-90.59555172249999,0.2395,GEOID18,wetland,Leersia oryzoides,NA
Mariotti_et_al_2024,NA,59,59-Interior-3,2023,3,30,29.879828150833333,-90.59555680861111,0.1781,GEOID18,wetland,Leersia oryzoides,NA
Mariotti_et_al_2024,NA,59,59-Interior-4,2023,3,30,29.87982127861111,-90.59555669388888,0.201,GEOID18,wetland,Leersia oryzoides,NA
Mariotti_et_al_2024,NA,60,60-Edge-1,2023,4,1,29.61338928777778,-89.95703172805555,0.3774,GEOID18,wetland,Spartina alterniflora,NA
Mariotti_et_al_2024,NA,60,60-Edge-2,2023,4,1,29.61338269638889,-89.95702668111112,0.378,GEOID18,wetland,Spartina alterniflora,NA
Mariotti_et_al_2024,NA,60,60-Edge-3,2023,4,1,29.6133798575,-89.9570338,0.2976,GEOID18,wetland,Spartina alterniflora,NA
Mariotti_et_al_2024,NA,60,60-Edge-4,2023,4,1,29.61338595888889,-89.95703779666667,0.3335,GEOID18,wetland,Spartina alterniflora,NA
Mariotti_et_al_2024,NA,60,60-Interior-1,2023,4,1,29.613454399444446,-89.95680995277777,0.3691,GEOID18,wetland,C4,NA
Mariotti_et_al_2024,NA,60,60-Interior-2,2023,4,1,29.613453021944444,-89.9568008,0.2947,GEOID18,wetland,C4,NA
Mariotti_et_al_2024,NA,60,60-Interior-3,2023,4,1,29.613445344166667,-89.95680291833334,0.3163,GEOID18,wetland,C4,NA
Mariotti_et_al_2024,NA,60,60-Interior-4,2023,4,1,29.613447213611114,-89.9568105463889,0.3181,GEOID18,wetland,C4,NA
Mariotti_et_al_2024,NA,61,61-Edge-1,2023,4,1,29.613954970277778,-89.95937710555556,0.2426,GEOID18,wetland,Spartina alterniflora,NA
Mariotti_et_al_2024,NA,61,61-Edge-2,2023,4,1,29.613963542222223,-89.95937112472222,0.2834,GEOID18,wetland,Spartina alterniflora,NA
Mariotti_et_al_2024,NA,61,61-Edge-3,2023,4,1,29.613964284444446,-89.95937953194445,0.2959,GEOID18,wetland,Spartina alterniflora,NA
Mariotti_et_al_2024,NA,61,61-Edge-4,2023,4,1,29.613957573611113,-89.95938540833333,0.2956,GEOID18,wetland,Spartina alterniflora,NA
Mariotti_et_al_2024,NA,61,61-Interior-1,2023,4,1,29.613963980555557,-89.95960650027779,0.3622,GEOID18,wetland,C4,NA
Mariotti_et_al_2024,NA,61,61-Interior-2,2023,4,1,29.613957335277778,-89.95960792,0.4039,GEOID18,wetland,C4,NA
Mariotti_et_al_2024,NA,61,61-Interior-3,2023,4,1,29.613964355,-89.95961543638889,0.3762,GEOID18,wetland,C4,NA
Mariotti_et_al_2024,NA,61,61-Interior-4,2023,4,1,29.61395832277778,-89.95961604305556,0.3819,GEOID18,wetland,C4,NA
Mariotti_et_al_2024,NA,62,62-Edge-1,2023,4,1,29.61474873527778,-89.9605225388889,0.3113,GEOID18,wetland,Spartina alterniflora,NA
Mariotti_et_al_2024,NA,62,62-Edge-2,2023,4,1,29.61474500527778,-89.9605273375,0.3236,GEOID18,wetland,Spartina alterniflora,NA
Mariotti_et_al_2024,NA,62,62-Edge-3,2023,4,1,29.61475036388889,-89.9605320025,0.326,GEOID18,wetland,Spartina alterniflora,NA
Mariotti_et_al_2024,NA,62,62-Edge-4,2023,4,1,29.61475473138889,-89.96052562694445,0.2773,GEOID18,wetland,Spartina alterniflora,NA
Mariotti_et_al_2024,NA,62,62-Interior-1,2023,4,1,29.614584705277778,-89.96065199055556,0.3192,GEOID18,wetland,C4,NA
Mariotti_et_al_2024,NA,62,62-Interior-2,2023,4,1,29.614582400833335,-89.96064689472223,0.3343,GEOID18,wetland,C4,NA
Mariotti_et_al_2024,NA,62,62-Interior-3,2023,4,1,29.614580553055557,-89.96064225527778,0.7478,GEOID18,wetland,C4,NA
Mariotti_et_al_2024,NA,62,62-Interior-4,2023,4,1,29.614576879722225,-89.96065520194445,0.3703,GEOID18,wetland,C4,NA
Mariotti_et_al_2024,NA,62,62-Interior-5,2023,4,1,29.61457498916667,-89.96064908611112,0.3868,GEOID18,wetland,C4,NA
Mariotti_et_al_2024,NA,63,63-Edge-1,2023,4,1,29.612751503055556,-89.95670067361111,0.3554,GEOID18,wetland,C4,NA
Mariotti_et_al_2024,NA,63,63-Edge-2,2023,4,1,29.612749490555558,-89.95670600416668,0.3807,GEOID18,wetland,C4,NA
Mariotti_et_al_2024,NA,63,63-Edge-3,2023,4,1,29.612758151388892,-89.95670249416666,0.358,GEOID18,wetland,C4,NA
Mariotti_et_al_2024,NA,63,63-Edge-4,2023,4,1,29.61275653666667,-89.95670891944445,0.3719,GEOID18,wetland,C4,NA
Mariotti_et_al_2024,NA,63,63-Interior-1,2023,4,1,29.61270653277778,-89.95647312277778,0.346,GEOID18,wetland,C4,NA
Mariotti_et_al_2024,NA,63,63-Interior-2,2023,4,1,29.612713530555556,-89.9564651675,0.3852,GEOID18,wetland,C4,NA
Mariotti_et_al_2024,NA,63,63-Interior-3,2023,4,1,29.61271458555556,-89.95647161916666,0.3604,GEOID18,wetland,C4,NA
Mariotti_et_al_2024,NA,63,63-Interior-4,2023,4,1,29.612706673333335,-89.95646486972223,0.3185,GEOID18,wetland,C4,NA
Mariotti_et_al_2024,NA,64,64-Edge-1,2023,4,28,29.4700208825,-89.756681565,0.3306,GEOID18,wetland,C4,NA
Mariotti_et_al_2024,NA,64,64-Edge-2,2023,4,28,29.470025253055553,-89.75669135055556,0.3534,GEOID18,wetland,C4,NA
Mariotti_et_al_2024,NA,64,64-Edge-3,2023,4,28,29.470027728888887,-89.75668486555556,0.3306,GEOID18,wetland,C4,NA
Mariotti_et_al_2024,NA,64,64-Edge-4,2023,4,28,29.470018015833332,-89.75668968166667,0.3337,GEOID18,wetland,C4,NA
Mariotti_et_al_2024,NA,64,64-Interior-1,2023,4,28,29.470133724166665,-89.75650463,0.324,GEOID18,wetland,Spartina alterniflora,NA
Mariotti_et_al_2024,NA,64,64-Interior-2,2023,4,28,29.470137025277776,-89.75649696972222,0.3101,GEOID18,wetland,Spartina alterniflora,NA
Mariotti_et_al_2024,NA,64,64-Interior-3,2023,4,28,29.47012723472222,-89.75650093777777,0.4091,GEOID18,wetland,Spartina alterniflora,NA
Mariotti_et_al_2024,NA,64,64-Interior-4,2023,4,28,29.470130887777778,-89.75649338222222,0.3175,GEOID18,wetland,Spartina alterniflora,NA
Mariotti_et_al_2024,NA,65,65-Edge-1,2023,4,28,29.457005056666667,-89.75875498944444,0.3321,GEOID18,wetland,Juncus roemerianus,NA
Mariotti_et_al_2024,NA,65,65-Edge-2,2023,4,28,29.457009239166666,-89.75874921138889,0.3201,GEOID18,wetland,Juncus roemerianus,NA
Mariotti_et_al_2024,NA,65,65-Edge-3,2023,4,28,29.457012826388887,-89.75875977888889,0.3207,GEOID18,wetland,Juncus roemerianus,NA
Mariotti_et_al_2024,NA,65,65-Edge-4,2023,4,28,29.45701564111111,-89.75875309694445,0.2907,GEOID18,wetland,Juncus roemerianus,NA
Mariotti_et_al_2024,NA,65,65-Interior-1,2023,4,28,29.456928802222222,-89.75851678777778,0.2968,GEOID18,wetland,Juncus roemerianus,NA
Mariotti_et_al_2024,NA,65,65-Interior-2,2023,4,28,29.45693310722222,-89.75852276305555,0.2923,GEOID18,wetland,Juncus roemerianus,NA
Mariotti_et_al_2024,NA,65,65-Interior-3,2023,4,28,29.456937723055553,-89.75851744222223,0.2966,GEOID18,wetland,Juncus roemerianus,NA
Mariotti_et_al_2024,NA,65,65-Interior-4,2023,4,28,29.456936484444444,-89.75851969,0.2855,GEOID18,wetland,Juncus roemerianus,NA
Mariotti_et_al_2024,NA,65,65-Interior-5,2023,4,28,29.456932268333333,-89.758511305,0.2955,GEOID18,wetland,Juncus roemerianus,NA
Mariotti_et_al_2024,NA,66,66-Edge-1,2023,4,28,29.453015776666668,-89.769114645,0.27,GEOID18,wetland,Spartina alterniflora,NA
Mariotti_et_al_2024,NA,66,66-Edge-2,2023,4,28,29.453012249444445,-89.76910374055555,0.2879,GEOID18,wetland,Spartina alterniflora,NA
Mariotti_et_al_2024,NA,66,66-Edge-3,2023,4,28,29.453018433333334,-89.76910567555555,0.285,GEOID18,wetland,Spartina alterniflora,NA
Mariotti_et_al_2024,NA,66,66-Edge-4,2023,4,28,29.45300928861111,-89.76911234472222,0.2785,GEOID18,wetland,Spartina alterniflora,NA
Mariotti_et_al_2024,NA,66,66-Interior-1,2023,4,28,29.45292190083333,-89.76930084916667,0.2727,GEOID18,wetland,Juncus roemerianus,NA
Mariotti_et_al_2024,NA,66,66-Interior-2,2023,4,28,29.452926283055554,-89.76930289222223,0.2801,GEOID18,wetland,Juncus roemerianus,NA
Mariotti_et_al_2024,NA,66,66-Interior-3,2023,4,28,29.4529179575,-89.76930509055555,0.2852,GEOID18,wetland,Juncus roemerianus,NA
Mariotti_et_al_2024,NA,66,66-Interior-4,2023,4,28,29.452923118888886,-89.7693101961111,0.3017,GEOID18,wetland,Juncus roemerianus,NA
Mariotti_et_al_2024,NA,67,67-Edge-1,2023,4,28,29.452899806666665,-89.77870351833333,0.2629,GEOID18,wetland,Juncus roemerianus,NA
Mariotti_et_al_2024,NA,67,67-Edge-2,2023,4,28,29.452905868055556,-89.77870370361111,0.3022,GEOID18,wetland,Juncus roemerianus,NA
Mariotti_et_al_2024,NA,67,67-Edge-3,2023,4,28,29.452898874722223,-89.77869771333333,0.2964,GEOID18,wetland,Juncus roemerianus,NA
Mariotti_et_al_2024,NA,67,67-Edge-4,2023,4,28,29.452903568055554,-89.77869700083333,0.2803,GEOID18,wetland,Juncus roemerianus,NA
Mariotti_et_al_2024,NA,67,67-Interior-1,2023,4,28,29.45277104722222,-89.77851050944444,0.4369,GEOID18,wetland,Juncus roemerianus,NA
Mariotti_et_al_2024,NA,67,67-Interior-2,2023,4,28,29.452775456666664,-89.77851172027778,0.4694,GEOID18,wetland,Juncus roemerianus,NA
Mariotti_et_al_2024,NA,67,67-Interior-3,2023,4,28,29.452769652222223,-89.77851816055555,0.4403,GEOID18,wetland,Juncus roemerianus,NA
Mariotti_et_al_2024,NA,67,67-Interior-4,2023,4,28,29.452774023333333,-89.77851902194445,0.4763,GEOID18,wetland,Juncus roemerianus,NA
Mariotti_et_al_2024,NA,68,68-Edge-1,2023,4,28,29.463913353888888,-89.7841209075,0.2706,GEOID18,wetland,Spartina alterniflora,NA
Mariotti_et_al_2024,NA,68,68-Edge-2,2023,4,28,29.463919793055556,-89.78412460694445,0.2628,GEOID18,wetland,Spartina alterniflora,NA
Mariotti_et_al_2024,NA,68,68-Edge-3,2023,4,28,29.463916704166667,-89.78411384611111,0.2213,GEOID18,wetland,Spartina alterniflora,NA
Mariotti_et_al_2024,NA,68,68-Edge-4,2023,4,28,29.463922014166666,-89.78411800722222,0.2555,GEOID18,wetland,Spartina alterniflora,NA
Mariotti_et_al_2024,NA,68,68-Interior-1,2023,4,28,29.463937428888887,-89.78434013305555,0.1752,GEOID18,wetland,Spartina alterniflora,NA
Mariotti_et_al_2024,NA,68,68-Interior-2,2023,4,28,29.463936523333334,-89.78434721055555,0.2357,GEOID18,wetland,Spartina alterniflora,NA
Mariotti_et_al_2024,NA,68,68-Interior-3,2023,4,28,29.463933415555555,-89.78434243722222,0.2393,GEOID18,wetland,Spartina alterniflora,NA
Mariotti_et_al_2024,NA,68,68-Interior-4,2023,4,28,29.463932159166667,-89.78434968944444,0.2544,GEOID18,wetland,Spartina alterniflora,NA
Mariotti_et_al_2024,NA,71,71-0.2m-1,2023,7,27,29.45947111111111,-89.75841773527777,0.1169,GEOID18,wetland,Spartina alterniflora,NA
Mariotti_et_al_2024,NA,71,71-0.2m-2,2023,7,27,29.459471654166666,-89.75842454777778,0.0973,GEOID18,wetland,Spartina alterniflora,NA
Mariotti_et_al_2024,NA,71,71-0.2m-3,2023,7,27,29.459478102777776,-89.75842561027778,0.1278,GEOID18,wetland,Spartina alterniflora,NA
Mariotti_et_al_2024,NA,71,71-0.2m-4,2023,7,27,29.4594775925,-89.75841622916667,0.1077,GEOID18,wetland,Spartina alterniflora,NA
Mariotti_et_al_2024,NA,71,71-Edge-1,2023,7,27,29.459470544722222,-89.75841354972222,0.1507,GEOID18,wetland,Juncus roemerianus,NA
Mariotti_et_al_2024,NA,71,71-Edge-2,2023,7,27,29.459471205555555,-89.7584063425,0.1584,GEOID18,wetland,Juncus roemerianus,NA
Mariotti_et_al_2024,NA,71,71-Edge-3,2023,7,27,29.459477788333334,-89.75840574027778,0.2105,GEOID18,wetland,Juncus roemerianus,NA
Mariotti_et_al_2024,NA,71,71-Edge-4,2023,7,27,29.45947778111111,-89.75841454472223,0.1809,GEOID18,wetland,Juncus roemerianus,NA
Mariotti_et_al_2024,NA,71,71-3m-1,2023,7,27,29.459471382222223,-89.75839358666667,0.2153,GEOID18,wetland,Juncus roemerianus,NA
Mariotti_et_al_2024,NA,71,71-3m-2,2023,7,27,29.459472550833333,-89.75838646722222,0.2039,GEOID18,wetland,Juncus roemerianus,NA
Mariotti_et_al_2024,NA,71,71-3m-3,2023,7,27,29.459479475277778,-89.758386405,0.1945,GEOID18,wetland,Juncus roemerianus,NA
Mariotti_et_al_2024,NA,71,71-3m-4,2023,7,27,29.459479781666666,-89.7583951911111,0.2017,GEOID18,wetland,Juncus roemerianus,NA
Mariotti_et_al_2024,NA,71,71-5m-1,2023,7,27,29.45947410111111,-89.75837487111112,0.2285,GEOID18,wetland,Juncus roemerianus,NA
Mariotti_et_al_2024,NA,71,71-5m-2,2023,7,27,29.459474582777776,-89.75836708611111,0.2374,GEOID18,wetland,Juncus roemerianus,NA
Mariotti_et_al_2024,NA,71,71-5m-3,2023,7,27,29.459480785833332,-89.75837562972222,0.2309,GEOID18,wetland,Juncus roemerianus,NA
Mariotti_et_al_2024,NA,71,71-5m-4,2023,7,27,29.459482066666666,-89.75836879444445,0.2307,GEOID18,wetland,Juncus roemerianus,NA
Mariotti_et_al_2024,NA,71,71-7m-1,2023,7,27,29.45947531361111,-89.75835484361112,0.2325,GEOID18,wetland,Juncus roemerianus,NA
Mariotti_et_al_2024,NA,71,71-7m-2,2023,7,27,29.459475443888888,-89.75834856305555,0.2579,GEOID18,wetland,Juncus roemerianus,NA
Mariotti_et_al_2024,NA,71,71-7m-3,2023,7,27,29.459482484166667,-89.75834676805556,0.302,GEOID18,wetland,Juncus roemerianus,NA
Mariotti_et_al_2024,NA,71,71-7m-4,2023,7,27,29.459482181944445,-89.75835275666667,0.2403,GEOID18,wetland,Juncus roemerianus,NA
Mariotti_et_al_2024,NA,71,71-7m-5,2023,7,27,29.459477048055554,-89.7583335175,0.2692,GEOID18,wetland,Juncus roemerianus,NA
Mariotti_et_al_2024,NA,71,71-7m-6,2023,7,27,29.459477710277778,-89.75832570833333,0.272,GEOID18,wetland,Juncus roemerianus,NA
Mariotti_et_al_2024,NA,71,71-9m-1,2023,7,27,29.459477849444443,-89.75832474833334,0.2716,GEOID18,wetland,Spartina alterniflora,NA
Mariotti_et_al_2024,NA,71,71-9m-2,2023,7,27,29.459477547777777,-89.75833125694444,0.2593,GEOID18,wetland,Spartina alterniflora,NA
Mariotti_et_al_2024,NA,71,71-9m-3,2023,7,27,29.45948492833333,-89.75832599805555,0.2828,GEOID18,wetland,Spartina alterniflora,NA
Mariotti_et_al_2024,NA,71,71-9m-4,2023,7,27,29.45948425888889,-89.75833271583333,0.2668,GEOID18,wetland,Spartina alterniflora,NA
Mariotti_et_al_2024,NA,71,71-11m-1,2023,7,27,29.45947833611111,-89.75831175944444,0.2629,GEOID18,wetland,Spartina alterniflora,NA
Mariotti_et_al_2024,NA,71,71-11m-2,2023,7,27,29.459479050555554,-89.75830457194445,0.2411,GEOID18,wetland,Spartina alterniflora,NA
Mariotti_et_al_2024,NA,71,71-11m-3,2023,7,27,29.45948464972222,-89.75831295805555,0.2362,GEOID18,wetland,Spartina alterniflora,NA
Mariotti_et_al_2024,NA,71,71-11m-4,2023,7,27,29.4594857675,-89.75830514361111,0.2377,GEOID18,wetland,Spartina alterniflora,NA
Mariotti_et_al_2024,NA,71,71-11m-5,2023,7,27,29.45948289,-89.75829338527778,0.2564,GEOID18,wetland,Spartina alterniflora,NA
Mariotti_et_al_2024,NA,71,71-13m-1,2023,7,27,29.459482894166666,-89.7582934386111,0.2499,GEOID18,wetland,Juncus roemerianus,NA
Mariotti_et_al_2024,NA,71,71-13m-2,2023,7,27,29.45948394527778,-89.75828599916667,0.2684,GEOID18,wetland,Juncus roemerianus,NA
Mariotti_et_al_2024,NA,71,71-13m-3,2023,7,27,29.459489315833334,-89.75828721861112,0.253,GEOID18,wetland,Juncus roemerianus,NA
Mariotti_et_al_2024,NA,71,71-13m-4,2023,7,27,29.459488849166664,-89.75829290055556,0.2852,GEOID18,wetland,Juncus roemerianus,NA
Mariotti_et_al_2024,NA,71,71-15m-1,2023,7,27,29.45948360527778,-89.75827157638889,0.2564,GEOID18,wetland,Spartina alterniflora,NA
Mariotti_et_al_2024,NA,71,71-15m-2,2023,7,27,29.459484644166665,-89.75826240194445,0.2475,GEOID18,wetland,Spartina alterniflora,NA
Mariotti_et_al_2024,NA,71,71-15m-3,2023,7,27,29.459491590555555,-89.75826330583334,0.2708,GEOID18,wetland,Spartina alterniflora,NA
Mariotti_et_al_2024,NA,71,71-15m-4,2023,7,27,29.45948949861111,-89.75827061416666,0.262,GEOID18,wetland,Spartina alterniflora,NA
Mariotti_et_al_2024,NA,71,71-17m-1,2023,7,27,29.459487899722223,-89.75824324277778,0.2593,GEOID18,wetland,Juncus roemerianus,NA
Mariotti_et_al_2024,NA,71,71-17m-2,2023,7,27,29.459488366666665,-89.75825047833334,0.2551,GEOID18,wetland,Juncus roemerianus,NA
Mariotti_et_al_2024,NA,71,71-17m-3,2023,7,27,29.459493209722222,-89.75824296277777,0.2643,GEOID18,wetland,Juncus roemerianus,NA
Mariotti_et_al_2024,NA,71,71-17m-4,2023,7,27,29.459492789166667,-89.7582504,0.2579,GEOID18,wetland,Juncus roemerianus,NA
Mariotti_et_al_2024,NA,71,71-19m-1,2023,7,27,29.45948800111111,-89.75822981916667,0.2767,GEOID18,wetland,Spartina alterniflora,NA
Mariotti_et_al_2024,NA,71,71-19m-2,2023,7,27,29.459488254444445,-89.75822250194445,0.273,GEOID18,wetland,Spartina alterniflora,NA
Mariotti_et_al_2024,NA,71,71-19m-3,2023,7,27,29.459494998055554,-89.75822402611111,0.2638,GEOID18,wetland,Spartina alterniflora,NA
Mariotti_et_al_2024,NA,71,71-19m-4,2023,7,27,29.459494410277777,-89.75822995222222,0.2705,GEOID18,wetland,Spartina alterniflora,NA
Mariotti_et_al_2024,NA,71,71-Interior-1,2023,7,27,29.45949027777778,-89.75820915472222,0.2531,GEOID18,wetland,Juncus roemerianus,NA
Mariotti_et_al_2024,NA,71,71-Interior-2,2023,7,27,29.45949233611111,-89.75820196333333,0.2579,GEOID18,wetland,Juncus roemerianus,NA
Mariotti_et_al_2024,NA,71,71-Interior-3,2023,7,27,29.459496418333334,-89.75820841583334,0.2412,GEOID18,wetland,Juncus roemerianus,NA
Mariotti_et_al_2024,NA,71,71-Interior-4,2023,7,27,29.459496333055554,-89.75820238527778,0.2449,GEOID18,wetland,Juncus roemerianus,NA
Mariotti_et_al_2024,NA,71,71-28m-1,2023,7,27,29.4595069525,-89.75814469416666,0.2196,GEOID18,wetland,Spartina alterniflora,NA
Mariotti_et_al_2024,NA,71,71-28m-2,2023,7,27,29.459513206944443,-89.75814655,0.2376,GEOID18,wetland,Spartina alterniflora,NA
Mariotti_et_al_2024,NA,71,71-28m-3,2023,7,27,29.459509488888887,-89.75813812666667,0.2465,GEOID18,wetland,Spartina alterniflora,NA
Mariotti_et_al_2024,NA,71,71-28m-4,2023,7,27,29.459514374999998,-89.75813998722222,0.2325,GEOID18,wetland,Spartina alterniflora,NA
Mariotti_et_al_2024,NA,72,72-Edge-1,2023,7,13,29.48165327222222,-89.76520107805555,0.2403,GEOID18,wetland,Spartina alterniflora,NA
Mariotti_et_al_2024,NA,72,72-Edge-2,2023,7,13,29.481654978888887,-89.76520839777778,0.2185,GEOID18,wetland,Spartina alterniflora,NA
Mariotti_et_al_2024,NA,72,72-Edge-3,2023,7,13,29.481647883888886,-89.76521046916666,0.2078,GEOID18,wetland,Spartina alterniflora,NA
Mariotti_et_al_2024,NA,72,72-3m-1,2023,7,13,29.48166930333333,-89.76519792777778,0.2834,GEOID18,wetland,Juncus roemerianus,NA
Mariotti_et_al_2024,NA,72,72-3m-2,2023,7,13,29.48167575333333,-89.76519673027778,0.2671,GEOID18,wetland,Juncus roemerianus,NA
Mariotti_et_al_2024,NA,72,72-3m-3,2023,7,13,29.481675609444444,-89.7651894411111,0.2755,GEOID18,wetland,Juncus roemerianus,NA
Mariotti_et_al_2024,NA,72,72-3m-4,2023,7,13,29.481668365555553,-89.76519070083333,0.2647,GEOID18,wetland,Juncus roemerianus,NA
Mariotti_et_al_2024,NA,72,72-5m-1,2023,7,13,29.481684233055553,-89.76517553722222,0.2478,GEOID18,wetland,Juncus roemerianus,NA
Mariotti_et_al_2024,NA,72,72-5m-2,2023,7,13,29.481690528888887,-89.76517129388888,0.2656,GEOID18,wetland,Juncus roemerianus,NA
Mariotti_et_al_2024,NA,72,72-5m-3,2023,7,13,29.48168714472222,-89.76518207916666,0.2543,GEOID18,wetland,Juncus roemerianus,NA
Mariotti_et_al_2024,NA,72,72-7m-1,2023,7,13,29.48170502111111,-89.76516486944445,0.3111,GEOID18,wetland,Juncus roemerianus,NA
Mariotti_et_al_2024,NA,72,72-7m-2,2023,7,13,29.48170076583333,-89.76516934333333,0.3179,GEOID18,wetland,Juncus roemerianus,NA
Mariotti_et_al_2024,NA,72,72-7m-3,2023,7,13,29.48170952861111,-89.76517207583333,0.3441,GEOID18,wetland,Juncus roemerianus,NA
Mariotti_et_al_2024,NA,72,72-7m-4,2023,7,13,29.48170138833333,-89.76517674527778,0.3266,GEOID18,wetland,Juncus roemerianus,NA
Mariotti_et_al_2024,NA,72,72-9m-1,2023,7,13,29.48172336361111,-89.76515697972222,0.3467,GEOID18,wetland,C4,NA
Mariotti_et_al_2024,NA,72,72-9m-2,2023,7,13,29.48172633611111,-89.76516373833333,0.3496,GEOID18,wetland,C4,NA
Mariotti_et_al_2024,NA,72,72-9m-3,2023,7,13,29.481718218055555,-89.76516076722223,0.3463,GEOID18,wetland,C4,NA
Mariotti_et_al_2024,NA,72,72-9m-4,2023,7,13,29.481719622777778,-89.765165695,0.3595,GEOID18,wetland,C4,NA
Mariotti_et_al_2024,NA,72,72-11m-1,2023,7,13,29.481740641666665,-89.76514823277778,0.4062,GEOID18,wetland,C4,NA
Mariotti_et_al_2024,NA,72,72-11m-2,2023,7,13,29.48174482611111,-89.765154445,0.4161,GEOID18,wetland,C4,NA
Mariotti_et_al_2024,NA,72,72-11m-3,2023,7,13,29.481735453055553,-89.76515217,0.3587,GEOID18,wetland,C4,NA
Mariotti_et_al_2024,NA,72,72-11m-4,2023,7,13,29.481737867222222,-89.76515806416667,0.3609,GEOID18,wetland,C4,NA
Mariotti_et_al_2024,NA,72,72-13m-1,2023,7,13,29.481756033055554,-89.76513725305556,0.3029,GEOID18,wetland,C4,NA
Mariotti_et_al_2024,NA,72,72-13m-2,2023,7,13,29.481759022777776,-89.76514401833333,0.3615,GEOID18,wetland,C4,NA
Mariotti_et_al_2024,NA,72,72-13m-3,2023,7,13,29.481749691944444,-89.76514208111111,0.389,GEOID18,wetland,C4,NA
Mariotti_et_al_2024,NA,72,72-13m-4,2023,7,13,29.481753829166664,-89.76514951916667,0.4102,GEOID18,wetland,C4,NA
Mariotti_et_al_2024,NA,72,72-15m-1,2023,7,13,29.481775267777778,-89.76513793055555,0.3375,GEOID18,wetland,C4,NA
Mariotti_et_al_2024,NA,72,72-15m-2,2023,7,13,29.481774065277776,-89.76513143388888,0.3299,GEOID18,wetland,C4,NA
Mariotti_et_al_2024,NA,72,72-15m-3,2023,7,13,29.481767599444442,-89.76513325666667,0.2634,GEOID18,wetland,C4,NA
Mariotti_et_al_2024,NA,72,72-15m-4,2023,7,13,29.48176803333333,-89.76513943138889,0.3589,GEOID18,wetland,C4,NA
Mariotti_et_al_2024,NA,72,72-17m-1,2023,7,13,29.481787104444443,-89.76512159527778,0.2967,GEOID18,wetland,C4,NA
Mariotti_et_al_2024,NA,72,72-17m-2,2023,7,13,29.48178157972222,-89.76512397083333,0.3118,GEOID18,wetland,C4,NA
Mariotti_et_al_2024,NA,72,72-17m-3,2023,7,13,29.4817908175,-89.76512848222222,0.3468,GEOID18,wetland,C4,NA
Mariotti_et_al_2024,NA,72,72-17m-4,2023,7,13,29.481783937777777,-89.76513258,0.343,GEOID18,wetland,C4,NA
Mariotti_et_al_2024,NA,72,72-19m-1,2023,7,13,29.481803576666664,-89.76511154861112,0.4203,GEOID18,wetland,Spartina alterniflora,NA
Mariotti_et_al_2024,NA,72,72-19m-2,2023,7,13,29.481798045555554,-89.76511460972222,0.4432,GEOID18,wetland,Spartina alterniflora,NA
Mariotti_et_al_2024,NA,72,72-19m-3,2023,7,13,29.481802070555553,-89.76512233666666,0.4351,GEOID18,wetland,Spartina alterniflora,NA
Mariotti_et_al_2024,NA,72,72-19m-4,2023,7,13,29.481808571388886,-89.76511941916667,0.4485,GEOID18,wetland,Spartina alterniflora,NA
Mariotti_et_al_2024,NA,72,72-19m-5,2023,7,13,29.481805049444443,-89.76511161055555,0.448,GEOID18,wetland,Spartina alterniflora,NA
Mariotti_et_al_2024,NA,72,72-Interior-1,2023,7,13,29.481817333888888,-89.76510847694445,0.4799,GEOID18,wetland,Spartina alterniflora,NA
Mariotti_et_al_2024,NA,72,72-Interior-2,2023,7,13,29.48182239138889,-89.76510602444445,0.3864,GEOID18,wetland,Spartina alterniflora,NA
Mariotti_et_al_2024,NA,72,72-Interior-3,2023,7,13,29.481815231388886,-89.76510798111111,0.3913,GEOID18,wetland,Spartina alterniflora,NA
Mariotti_et_al_2024,NA,72,72-Interior-4,2023,7,13,29.481818704166663,-89.76511604472222,0.3834,GEOID18,wetland,Spartina alterniflora,NA
Mariotti_et_al_2024,NA,73,73-Edge-1,2023,7,14,29.88101689277778,-90.60304206666666,0.3183,GEOID18,wetland,Panicum hemitomon,NA
Mariotti_et_al_2024,NA,73,73-Edge-2,2023,7,14,29.881012761388888,-90.60303344055555,0.3476,GEOID18,wetland,Panicum hemitomon,NA
Mariotti_et_al_2024,NA,73,73-Edge-3,2023,7,14,29.881018927777777,-90.60303515333332,0.3431,GEOID18,wetland,Panicum hemitomon,NA
Mariotti_et_al_2024,NA,74,74-Edge-1,2023,7,14,29.879316196944444,-90.60891806833332,0.3383,GEOID18,wetland,Panicum hemitomon,NA
Mariotti_et_al_2024,NA,74,74-Edge-2,2023,7,14,29.879315235555556,-90.6089204075,0.3532,GEOID18,wetland,Panicum hemitomon,NA
Mariotti_et_al_2024,NA,74,74-Edge-3,2023,7,14,29.879315498055558,-90.60892456972222,0.3365,GEOID18,wetland,Panicum hemitomon,NA
Mariotti_et_al_2024,NA,74,74-Interior-1,2023,7,14,29.879160998611113,-90.60882537416666,0.3761,GEOID18,wetland,Panicum hemitomon,NA
Mariotti_et_al_2024,NA,74,74-Interior-2,2023,7,14,29.87915747611111,-90.60882995333333,0.3387,GEOID18,wetland,Panicum hemitomon,NA
Mariotti_et_al_2024,NA,74,74-Interior-3,2023,7,14,29.879156096666666,-90.60883499444444,0.3574,GEOID18,wetland,Panicum hemitomon,NA
Mariotti_et_al_2024,NA,74,74-3m-1,2023,7,14,29.879303458333332,-90.60890942638888,0.3888,GEOID18,wetland,Panicum hemitomon,NA
Mariotti_et_al_2024,NA,74,74-3m-2,2023,7,14,29.879299056666667,-90.60891312583333,0.3763,GEOID18,wetland,Panicum hemitomon,NA
Mariotti_et_al_2024,NA,74,74-3m-3,2023,7,14,29.879297973333333,-90.60890932916666,0.3389,GEOID18,wetland,Panicum hemitomon,NA
Mariotti_et_al_2024,NA,74,74-5m-1,2023,7,14,29.879287332222223,-90.60890351083333,0.4019,GEOID18,wetland,Colocasia esculenta,NA
Mariotti_et_al_2024,NA,74,74-5m-2,2023,7,14,29.8792886875,-90.608899394722215,0.3685,GEOID18,wetland,Colocasia esculenta,NA
Mariotti_et_al_2024,NA,74,74-5m-3,2023,7,14,29.87929175388889,-90.60889685666666,0.418,GEOID18,wetland,Colocasia esculenta,NA
Mariotti_et_al_2024,NA,74,74-7m-1,2023,7,14,29.87927023138889,-90.60889008138888,0.4058,GEOID18,wetland,Panicum hemitomon,NA
Mariotti_et_al_2024,NA,74,74-7m-2,2023,7,14,29.879266645277777,-90.6088845536111,0.4046,GEOID18,wetland,Panicum hemitomon,NA
Mariotti_et_al_2024,NA,74,74-7m-3,2023,7,14,29.879275445555557,-90.60889043083333,0.3949,GEOID18,wetland,Panicum hemitomon,NA
Mariotti_et_al_2024,NA,74,74-9m-1,2023,7,14,29.87925559111111,-90.60887489805555,0.33,GEOID18,wetland,Panicum hemitomon,NA
Mariotti_et_al_2024,NA,74,74-9m-2,2023,7,14,29.879260482777777,-90.60887848361111,0.4182,GEOID18,wetland,Panicum hemitomon,NA
Mariotti_et_al_2024,NA,74,74-9m-3,2023,7,14,29.879258547777777,-90.60887212472221,0.3849,GEOID18,wetland,Panicum hemitomon,NA
Mariotti_et_al_2024,NA,74,74-11m-1,2023,7,14,29.87924137888889,-90.6088620286111,0.374,GEOID18,wetland,Panicum hemitomon,NA
Mariotti_et_al_2024,NA,74,74-11m-2,2023,7,14,29.87924505666667,-90.60886353999999,0.3651,GEOID18,wetland,Panicum hemitomon,NA
Mariotti_et_al_2024,NA,74,74-11m-3,2023,7,14,29.879239423333335,-90.6088589386111,0.3808,GEOID18,wetland,Panicum hemitomon,NA
Mariotti_et_al_2024,NA,74,74-13m-1,2023,7,14,29.879224564444446,-90.6088522975,0.3396,GEOID18,wetland,Panicum hemitomon,NA
Mariotti_et_al_2024,NA,74,74-13m-2,2023,7,14,29.879227271111112,-90.60884704083333,0.3519,GEOID18,wetland,Panicum hemitomon,NA
Mariotti_et_al_2024,NA,74,74-13m-3,2023,7,14,29.87922129361111,-90.60885746416666,0.3526,GEOID18,wetland,Panicum hemitomon,NA
Mariotti_et_al_2024,NA,74,74-15m-1,2023,7,14,29.87920892,-90.60884166638888,0.3588,GEOID18,wetland,Panicum hemitomon,NA
Mariotti_et_al_2024,NA,74,74-15m-2,2023,7,14,29.879212125555554,-90.60883973333333,0.3633,GEOID18,wetland,Panicum hemitomon,NA
Mariotti_et_al_2024,NA,74,74-15m-3,2023,7,14,29.879207930833335,-90.60883672444444,0.3351,GEOID18,wetland,Panicum hemitomon,NA
Mariotti_et_al_2024,NA,74,74-17m-1,2023,7,14,29.879190052222224,-90.60883499638888,0.3691,GEOID18,wetland,Panicum hemitomon,NA
Mariotti_et_al_2024,NA,74,74-17m-2,2023,7,14,29.879189969722223,-90.60884293444444,0.3679,GEOID18,wetland,Panicum hemitomon,NA
Mariotti_et_al_2024,NA,74,74-17m-3,2023,7,14,29.87919600388889,-90.6088269175,0.3463,GEOID18,wetland,Panicum hemitomon,NA
Mariotti_et_al_2024,NA,74,74-19m-1,2023,7,14,29.87917187972222,-90.60882922083333,0.2858,GEOID18,wetland,Panicum hemitomon,NA
Mariotti_et_al_2024,NA,74,74-19m-2,2023,7,14,29.879177568055557,-90.60882868138889,0.3023,GEOID18,wetland,Panicum hemitomon,NA
Mariotti_et_al_2024,NA,74,74-19m-3,2023,7,14,29.8791695825,-90.608838905,0.3366,GEOID18,wetland,Panicum hemitomon,NA
Shahan_et_al_2024,NA,Eden Landing,1,2020,NA,NA,37.61577879,-122.113765,1.4566,GEOID18,wetland,Spartina foliosa,NA
Shahan_et_al_2024,NA,Eden Landing,2,2020,NA,NA,37.61577983,-122.1137606,1.5417,GEOID18,wetland,Spartina foliosa,NA
Shahan_et_al_2024,NA,Eden Landing,3,2020,NA,NA,37.61561934,-122.1140762,1.7483,GEOID18,wetland,Salicornia pacifica,NA
Shahan_et_al_2024,NA,Eden Landing,4,2020,NA,NA,37.61561995,-122.1140836,1.714,GEOID18,wetland,Salicornia pacifica,NA
Shahan_et_al_2024,NA,Eden Landing,5,2020,NA,NA,37.61562432,-122.114084,1.7205,GEOID18,wetland,Salicornia pacifica,NA
Shahan_et_al_2024,NA,Eden Landing,6,2020,NA,NA,37.61563117,-122.1141009,1.6971,GEOID18,wetland,mudflat,NA
Shahan_et_al_2024,NA,Eden Landing,7,2020,NA,NA,37.61563602,-122.1141009,1.6828,GEOID18,wetland,mudflat,NA
Shahan_et_al_2024,NA,Eden Landing,8,2020,NA,NA,37.61563961,-122.1140947,1.6951,GEOID18,wetland,mudflat,NA
Shahan_et_al_2024,NA,Eden Landing,9,2020,NA,NA,37.61563822,-122.1140875,1.7586,GEOID18,wetland,mudflat,NA
Shahan_et_al_2024,NA,Eden Landing,10,2020,NA,NA,37.61563063,-122.1140739,1.743,GEOID18,wetland,Salicornia pacifica,NA
Shahan_et_al_2024,NA,Eden Landing,11,2020,NA,NA,37.61562311,-122.1140626,1.7347,GEOID18,wetland,Salicornia pacifica,NA
Shahan_et_al_2024,NA,Eden Landing,12,2020,NA,NA,37.61561917,-122.1140496,1.5261,GEOID18,wetland,Spartina foliosa,NA
Shahan_et_al_2024,NA,Eden Landing,13,2020,NA,NA,37.61578229,-122.1137588,1.5349,GEOID18,wetland,Spartina foliosa,NA
Shahan_et_al_2024,NA,Eden Landing,14,2020,NA,NA,37.61565144,-122.1139588,1.6498,GEOID18,wetland,mudflat,NA
Shahan_et_al_2024,NA,Eden Landing,15,2020,NA,NA,37.6156547,-122.1139684,1.6336,GEOID18,wetland,mudflat,NA
Shahan_et_al_2024,NA,Eden Landing,16,2020,NA,NA,37.61565971,-122.1139745,1.6851,GEOID18,wetland,Salicornia pacifica,NA
Shahan_et_al_2024,NA,Eden Landing,17,2020,NA,NA,37.61566078,-122.113984,1.6244,GEOID18,wetland,mudflat,NA
Shahan_et_al_2024,NA,Eden Landing,18,2020,NA,NA,37.61566679,-122.1139892,1.6162,GEOID18,wetland,Spartina foliosa,NA
Shahan_et_al_2024,NA,Eden Landing,19,2020,NA,NA,37.61566713,-122.113993,1.6199,GEOID18,wetland,Spartina foliosa,NA
Shahan_et_al_2024,NA,Eden Landing,20,2020,NA,NA,37.61567294,-122.1139951,1.5981,GEOID18,wetland,Spartina foliosa,NA
Shahan_et_al_2024,NA,Eden Landing,21,2020,NA,NA,37.61566496,-122.113962,1.618,GEOID18,wetland,mudflat,NA
Shahan_et_al_2024,NA,Eden Landing,22,2020,NA,NA,37.61564563,-122.1139251,1.7714,GEOID18,wetland,Salicornia pacifica,NA
Shahan_et_al_2024,NA,Eden Landing,23,2020,NA,NA,37.61578039,-122.113748,1.685,GEOID18,wetland,Salicornia pacifica,NA
Shahan_et_al_2024,NA,Eden Landing,24,2020,NA,NA,37.61577613,-122.1137715,1.5686,GEOID18,wetland,Spartina foliosa,NA
Shahan_et_al_2024,NA,Eden Landing,RTCM-Ref 3215,2020,NA,NA,37.71417467,-122.22207,12.1699,GEOID18,upland,NA,NA
Schile-Beers et al 2014 - RTK Transect,NA,Rush Ranch,marshplain1,2012,6,18,38.192654138863524,-122.02812033072242,1.37076,GEOID09,wetland,NA,NA
Schile-Beers et al 2014 - RTK Transect,NA,Rush Ranch,mudflat1,2012,6,18,38.19266267886636,-122.0280800874421,0.5535,GEOID09,wetland,mudflat,NA
Schile-Beers et al 2014 - RTK Transect,NA,Rush Ranch,mudflat2,2012,6,18,38.19483554501386,-122.0324547387638,0.57943,GEOID09,wetland,mudflat,NA
Schile-Beers et al 2014 - RTK Transect,NA,Rush Ranch,mudflat5,2012,6,18,38.19822256771373,-122.03276996611466,0.82005,GEOID09,wetland,mudflat,NA
Schile-Beers et al 2014 - RTK Transect,NA,Rush Ranch,scac1,2012,6,18,38.18610161663741,-122.00343907915655,0.71055,GEOID09,wetland,Schoenoplectus acutus,NA
Schile-Beers et al 2014 - RTK Transect,NA,Rush Ranch,scac2,2012,6,18,38.18611872371112,-122.0034274569274,0.69424,GEOID09,wetland,Schoenoplectus acutus,NA
Schile-Beers et al 2014 - RTK Transect,NA,Rush Ranch,scac3,2012,6,18,38.18508484992134,-122.00434377249947,0.60243,GEOID09,wetland,Schoenoplectus acutus,NA
Schile-Beers et al 2014 - RTK Transect,NA,Rush Ranch,scac4,2012,6,18,38.18333006058546,-122.00824698714405,0.6095,GEOID09,wetland,Schoenoplectus acutus,NA
Schile-Beers et al 2014 - RTK Transect,NA,Rush Ranch,scac5,2012,6,18,38.18416742712801,-122.01402129214037,0.61518,GEOID09,wetland,Schoenoplectus acutus,NA
Schile-Beers et al 2014 - RTK Transect,NA,Rush Ranch,scac6,2012,6,18,38.190469831347684,-122.02271985129109,0.47262,GEOID09,wetland,Schoenoplectus acutus,NA
Schile-Beers et al 2014 - RTK Transect,NA,Rush Ranch,scac7,2012,6,18,38.190682651486895,-122.02249650743641,0.72591,GEOID09,wetland,Schoenoplectus acutus,NA
Schile-Beers et al 2014 - RTK Transect,NA,Rush Ranch,scac8,2012,6,18,38.19068536490102,-122.02249842246404,0.48815,GEOID09,wetland,Schoenoplectus acutus,NA
Schile-Beers et al 2014 - RTK Transect,NA,Rush Ranch,scac9,2012,6,18,38.19337268404777,-122.02487396926281,0.97473,GEOID09,wetland,Schoenoplectus acutus,NA
Schile-Beers et al 2014 - RTK Transect,NA,Rush Ranch,scac10,2012,6,18,38.19823154545661,-122.03282017291617,0.70879,GEOID09,wetland,Schoenoplectus acutus,NA
Schile-Beers et al 2014 - RTK Transect,NA,Rush Ranch,scac11,2012,6,18,38.198222635012385,-122.03276941636514,0.85773,GEOID09,wetland,Schoenoplectus acutus,NA
Schile-Beers et al 2014 - RTK Transect,NA,Rush Ranch,scca1,2012,6,18,38.19266759550741,-122.02808825035687,0.61413,GEOID09,wetland,Schoenoplectus californicus,NA
Schile-Beers et al 2014 - RTK Transect,NA,Rush Ranch,scca2,2012,6,18,38.19266774717792,-122.0280972310847,0.94213,GEOID09,wetland,Schoenoplectus californicus,NA
Schile-Beers et al 2014 - RTK Transect,NA,Rush Ranch,scca3,2012,6,18,38.196228957577816,-122.02914567228478,0.55294,GEOID09,wetland,Schoenoplectus californicus,NA
Schile-Beers et al 2014 - RTK Transect,NA,Rush Ranch,scca11,2012,6,18,38.19483172423589,-122.03245140153545,0.64549,GEOID09,wetland,Schoenoplectus californicus,NA
Schile-Beers et al 2014 - RTK Transect,NA,Rush Ranch,COMOMO,2011,9,22,38.19563612801748,-122.01141393571864,1.39638,GEOID09,wetland,high marsh,NA
Schile-Beers et al 2014 - RTK Transect,NA,Rush Ranch,COMOMO1,2011,9,22,38.19564170091813,-122.01139914198396,1.84657,GEOID09,wetland,high marsh,NA
Schile-Beers et al 2014 - RTK Transect,NA,Rush Ranch,COMOMO2,2011,9,22,38.19564750651606,-122.01142312390057,1.87862,GEOID09,wetland,high marsh,NA
Schile-Beers et al 2014 - RTK Transect,NA,Rush Ranch,COMOMO3,2011,9,22,38.19571291323893,-122.01152520259404,1.8902,GEOID09,wetland,high marsh,NA
Schile-Beers et al 2014 - RTK Transect,NA,Rush Ranch,COMOMO4,2011,9,22,38.19581082389588,-122.01158165447107,1.87515,GEOID09,wetland,high marsh,NA
Schile-Beers et al 2014 - RTK Transect,NA,Rush Ranch,NO SCAM1,2011,9,22,38.19559188452535,-122.01097400883583,1.9277,GEOID09,wetland,high marsh,NA
Schile-Beers et al 2014 - RTK Transect,NA,Rush Ranch,NO SCAM2,2011,9,22,38.195651696593494,-122.01123444099807,1.90972,GEOID09,wetland,high marsh,NA
Schile-Beers et al 2014 - RTK Transect,NA,Rush Ranch,NO SCAM3,2011,9,22,38.19627064941978,-122.01179319610695,1.84493,GEOID09,wetland,high marsh,NA
Schile-Beers et al 2014 - RTK Transect,NA,Rush Ranch,NO SCAM4,2011,9,22,38.196585751119756,-122.01271695971953,1.87224,GEOID09,wetland,high marsh,NA
Schile-Beers et al 2014 - RTK Transect,NA,Rush Ranch,NO SCAM5,2011,9,22,38.196614189990314,-122.01277135824115,1.89114,GEOID09,wetland,high marsh,NA
Schile-Beers et al 2014 - RTK Transect,NA,Rush Ranch,NO SCAM6,2011,9,22,38.19663910354117,-122.01283951254723,2.1702,GEOID09,wetland,high marsh,NA
Schile-Beers et al 2014 - RTK Transect,NA,Rush Ranch,NO SCAM7,2011,9,22,38.19633086322415,-122.01291214375426,1.96623,GEOID09,wetland,high marsh,NA
Schile-Beers et al 2014 - RTK Transect,NA,Rush Ranch,NO SCAM8,2011,9,22,38.19635686358171,-122.01284083604187,1.91304,GEOID09,wetland,high marsh,NA
Schile-Beers et al 2014 - RTK Transect,NA,Rush Ranch,NO SCAM9,2011,9,22,38.19641266803337,-122.01279456274236,1.92436,GEOID09,wetland,high marsh,NA
Schile-Beers et al 2014 - RTK Transect,NA,Rush Ranch,NO SCAM10,2011,9,22,38.196642412651634,-122.01263604919299,1.86623,GEOID09,wetland,high marsh,NA
Schile-Beers et al 2014 - RTK Transect,NA,Rush Ranch,NO SCAM11,2011,9,22,38.196642280197864,-122.0126359344974,1.86265,GEOID09,wetland,high marsh,NA
Schile-Beers et al 2014 - RTK Transect,NA,Rush Ranch,NO SCAM12,2011,9,22,38.196734294899336,-122.01267683276551,1.91355,GEOID09,wetland,high marsh,NA
Schile-Beers et al 2014 - RTK Transect,NA,Rush Ranch,NO SCAM13,2011,9,22,38.19681431650344,-122.01257631375208,1.91969,GEOID09,wetland,high marsh,NA
Schile-Beers et al 2014 - RTK Transect,NA,Rush Ranch,NO SCAM14,2011,9,22,38.19677133707045,-122.01254801975011,1.94322,GEOID09,wetland,high marsh,NA
Schile-Beers et al 2014 - RTK Transect,NA,Rush Ranch,SCAC1,2011,9,22,38.19012466864673,-122.00846393801157,1.19761,GEOID09,wetland,Schoenoplectus acutus,NA
Schile-Beers et al 2014 - RTK Transect,NA,Rush Ranch,SCAM1,2011,9,22,38.19517455606771,-122.0106814373341,1.9385,GEOID09,wetland,Schoenoplectus americanus,NA
Schile-Beers et al 2014 - RTK Transect,NA,Rush Ranch,SCAM2,2011,9,22,38.19526507776559,-122.01082155017419,1.92006,GEOID09,wetland,Schoenoplectus americanus,NA
Schile-Beers et al 2014 - RTK Transect,NA,Rush Ranch,SCAM3,2011,9,22,38.19541371199747,-122.01094550768013,1.95607,GEOID09,wetland,Schoenoplectus americanus,NA
Schile-Beers et al 2014 - RTK Transect,NA,Rush Ranch,SCAM4,2011,9,22,38.19551319161463,-122.0109525889645,1.92435,GEOID09,wetland,Schoenoplectus americanus,NA
Schile-Beers et al 2014 - RTK Transect,NA,Rush Ranch,SCAM5,2011,9,22,38.19567864220176,-122.01148858065784,1.86955,GEOID09,wetland,Schoenoplectus americanus,NA
Schile-Beers et al 2014 - RTK Transect,NA,Rush Ranch,SCAM6,2011,9,22,38.196595582877,-122.01262509918445,1.84171,GEOID09,wetland,Schoenoplectus americanus,NA
Schile-Beers et al 2014 - RTK Transect,NA,Rush Ranch,SCAM7,2011,9,22,38.19640312316438,-122.01275299449146,1.83549,GEOID09,wetland,Schoenoplectus americanus,NA
Schile-Beers et al 2014 - RTK Transect,NA,Rush Ranch,UPLAND1,2011,9,22,38.19643225280973,-122.01291899220678,2.15586,GEOID09,upland,NA,NA
Schile-Beers et al 2014 - RTK Transect,NA,Rush Ranch,UPLAND2,2011,9,22,38.19643216910078,-122.01291898328729,2.1573,GEOID09,upland,NA,NA
Schile-Beers et al 2014 - RTK Transect,NA,Rush Ranch,UPLAND3,2011,9,22,38.196374905792574,-122.01294917881478,2.32505,GEOID09,upland,NA,NA
Schile-Beers et al 2014 - RTK Transect,NA,Rush Ranch,UPLAND4,2011,9,22,38.196324713505874,-122.01296733571112,2.43497,GEOID09,upland,NA,NA
Schile-Beers et al 2014 - RTK Transect,NA,Rush Ranch,UPLAND5,2011,9,22,38.196788970456524,-122.01268937572566,2.18274,GEOID09,upland,NA,NA
Schile-Beers et al 2014 - RTK Transect,NA,Rush Ranch,UPLAND6,2011,9,22,38.19684587897573,-122.01260774523362,2.16672,GEOID09,upland,NA,NA
Rankin et al 2024,NA,Rush Ranch,1,2016,9,1,38.19972569013364,-122.02892940825207,1.981,GEOID12b,wetland,Distichlis spicata,NA
Rankin et al 2024,NA,Rush Ranch,2,2016,9,1,38.19977910661749,-122.02807893129051,1.965,GEOID12b,wetland,Atriplex prostrata,NA
Rankin et al 2024,NA,Rush Ranch,3,2016,9,1,38.19981965315073,-122.02849380285085,1.978,GEOID12b,wetland,Distichlis spicata,NA
Rankin et al 2024,NA,Rush Ranch,4,2016,9,1,38.19983096774297,-122.02770833057885,1.959,GEOID12b,wetland,Schoenoplectus americanus,NA
Rankin et al 2024,NA,Rush Ranch,5,2016,9,1,38.199841092421465,-122.02684734991989,1.986,GEOID12b,wetland,Juncus balticus,NA
Rankin et al 2024,NA,Rush Ranch,6,2016,9,1,38.19988173644648,-122.02641674541306,1.913,GEOID12b,wetland,Atriplex prostrata,NA
Rankin et al 2024,NA,Rush Ranch,7,2016,9,1,38.19990096044436,-122.02729966325555,1.919,GEOID12b,wetland,Schoenoplectus americanus,NA
Rankin et al 2024,NA,Rush Ranch,8,2016,9,12,38.19235715491788,-122.0197313981242,1.99,GEOID12b,wetland,Lepidium latifolium,NA
Rankin et al 2024,NA,Rush Ranch,9,2016,9,12,38.192541133806664,-122.01473067587446,1.91,GEOID12b,wetland,Schoenoplectus americanus,NA
Rankin et al 2024,NA,Rush Ranch,10,2016,9,12,38.19267473711137,-122.01971282088944,1.972,GEOID12b,wetland,Juncus balticus,NA
Rankin et al 2024,NA,Rush Ranch,11,2016,9,12,38.192855133239554,-122.01478035627395,1.967,GEOID12b,wetland,Salicornia pacifica,NA
Rankin et al 2024,NA,Rush Ranch,12,2016,9,12,38.19298494661495,-122.01970064584465,1.964,GEOID12b,wetland,Salicornia pacifica,NA
Rankin et al 2024,NA,Rush Ranch,13,2016,9,12,38.19309007134659,-122.00747521530799,1.855,GEOID12b,wetland,Distichlis spicata,NA
Rankin et al 2024,NA,Rush Ranch,14,2016,9,12,38.1931697135919,-122.01482731140625,1.927,GEOID12b,wetland,Distichlis spicata,NA
Rankin et al 2024,NA,Rush Ranch,15,2016,9,12,38.193299200645086,-122.01968391715835,1.956,GEOID12b,wetland,Distichlis spicata,NA
Rankin et al 2024,NA,Rush Ranch,16,2016,9,12,38.19333127765833,-122.0077568808698,1.9,GEOID12b,wetland,Distichlis spicata,NA
Rankin et al 2024,NA,Rush Ranch,17,2016,9,12,38.19347662119594,-122.01487602611432,1.947,GEOID12b,wetland,Jaumea carnosa,NA
Rankin et al 2024,NA,Rush Ranch,18,2016,9,12,38.19362009262533,-122.0196710162152,1.983,GEOID12b,wetland,Distichlis spicata,NA
Rankin et al 2024,NA,Rush Ranch,19,2016,9,12,38.19355908389609,-122.00803023392075,1.925,GEOID12b,wetland,Schoenoplectus americanus,NA
Rankin et al 2024,NA,Rush Ranch,20,2016,9,12,38.19379508072883,-122.01492560192273,1.929,GEOID12b,wetland,Apium graveolens,NA
Rankin et al 2024,NA,Rush Ranch,21,2016,9,12,38.193789453529064,-122.0083041248786,1.953,GEOID12b,wetland,Salicornia pacifica,NA
Rankin et al 2024,NA,Rush Ranch,22,2016,9,12,38.19393733101487,-122.01965552618142,1.962,GEOID12b,wetland,Juncus balticus,NA
Rankin et al 2024,NA,Rush Ranch,23,2016,9,12,38.19401636540005,-122.0085784412816,1.923,GEOID12b,wetland,Salicornia pacifica,NA
Rankin et al 2024,NA,Rush Ranch,24,2016,9,12,38.19410786035359,-122.01497492347804,1.976,GEOID12b,wetland,Distichlis spicata,NA
Rankin et al 2024,NA,Rush Ranch,25,2016,9,12,38.194248455874146,-122.01964073461109,1.961,GEOID12b,wetland,Juncus balticus,NA
Rankin et al 2024,NA,Rush Ranch,26,2016,9,12,38.19424280231837,-122.0088488831344,1.92,GEOID12b,wetland,Salicornia pacifica,NA
Rankin et al 2024,NA,Rush Ranch,27,2016,9,12,38.19441901516605,-122.01501964234197,1.968,GEOID12b,wetland,Salicornia pacifica,NA
Rankin et al 2024,NA,Rush Ranch,28,2016,9,12,38.19455645117577,-122.0196289082912,1.979,GEOID12b,wetland,Juncus balticus,NA
Rankin et al 2024,NA,Rush Ranch,29,2016,9,12,38.19447010789523,-122.00912942130256,1.962,GEOID12b,wetland,Distichlis spicata,NA
Rankin et al 2024,NA,Rush Ranch,30,2016,9,12,38.19473466864616,-122.01506991946763,1.957,GEOID12b,wetland,Schoenoplectus americanus,NA
Rankin et al 2024,NA,Rush Ranch,31,2016,9,12,38.19470614521849,-122.009403493546,1.954,GEOID12b,wetland,Distichlis spicata,NA
Rankin et al 2024,NA,Rush Ranch,32,2016,9,12,38.1949275319457,-122.00967590455484,1.951,GEOID12b,wetland,Schoenoplectus americanus,NA
Rankin et al 2024,NA,Rush Ranch,33,2016,9,12,38.195044162255236,-122.01511536946317,1.895,GEOID12b,wetland,Schoenoplectus americanus,NA
Rankin et al 2024,NA,Rush Ranch,34,2016,9,12,38.19516280903085,-122.00994654177192,1.963,GEOID12b,wetland,Salicornia pacifica,NA
Rankin et al 2024,NA,Rush Ranch,35,2016,9,12,38.19539217683825,-122.01022078944018,1.907,GEOID12b,wetland,Salicornia pacifica,NA
Rankin et al 2024,NA,Rush Ranch,36,2016,9,12,38.19562126823174,-122.01049546509479,1.932,GEOID12b,wetland,Schoenoplectus americanus,NA
Rankin et al 2024,NA,Rush Ranch,37,2016,9,12,38.19585088033328,-122.0107678400153,1.884,GEOID12b,wetland,Juncus balticus,NA
Rankin et al 2024,NA,Rush Ranch,38,2016,9,12,38.19607935524529,-122.01104009497863,1.893,GEOID12b,wetland,Schoenoplectus americanus,NA
Rankin et al 2024,NA,Rush Ranch,39,2016,9,12,38.19630317039718,-122.011322007422,1.856,GEOID12b,wetland,Juncus balticus,NA
Rankin et al 2024,NA,Rush Ranch,40,2016,9,12,38.19653801107351,-122.01159799400936,1.837,GEOID12b,wetland,Schoenoplectus americanus,NA
Rankin et al 2024,NA,Rush Ranch,41,2016,9,12,38.196768997113615,-122.01187115660184,1.87,GEOID12b,wetland,Juncus balticus,NA
Rankin et al 2024,NA,Rush Ranch,42,2016,9,12,38.196999188156056,-122.0121420247946,2.177,GEOID12b,wetland,Distichlis spicata,NA
Rankin et al 2024,NA,Rush Ranch,43,2016,9,16,38.187215248342106,-122.01390515556761,1.926,GEOID12b,wetland,Schoenoplectus acutus,NA
Rankin et al 2024,NA,Rush Ranch,44,2016,9,16,38.187531974796855,-122.01395647107351,1.936,GEOID12b,wetland,Schoenoplectus americanus,NA
Rankin et al 2024,NA,Rush Ranch,45,2016,9,16,38.187844337741765,-122.01400331261384,1.947,GEOID12b,wetland,Distichlis spicata,NA
Rankin et al 2024,NA,Rush Ranch,46,2016,9,16,38.18815815176096,-122.01405124257764,1.948,GEOID12b,wetland,Juncus balticus,NA
Rankin et al 2024,NA,Rush Ranch,47,2016,9,16,38.18847245552125,-122.01409846977751,1.909,GEOID12b,wetland,Schoenoplectus americanus,NA
Rankin et al 2024,NA,Rush Ranch,48,2016,9,16,38.1887860508123,-122.01414611798077,1.91,GEOID12b,wetland,Jaumea carnosa,NA
Rankin et al 2024,NA,Rush Ranch,49,2016,9,16,38.18889215709226,-122.01989267083593,1.895,GEOID12b,wetland,Typha sp,NA
Rankin et al 2024,NA,Rush Ranch,50,2016,9,16,38.189099860330955,-122.01419674399573,1.851,GEOID12b,wetland,Schoenoplectus americanus,NA
Rankin et al 2024,NA,Rush Ranch,51,2016,9,16,38.189201527228796,-122.0198749249563,1.807,GEOID12b,wetland,Distichlis spicata,NA
Rankin et al 2024,NA,Rush Ranch,52,2016,9,16,38.18941240114621,-122.01424117563491,1.819,GEOID12b,wetland,Lepidium latifolium,NA
Rankin et al 2024,NA,Rush Ranch,53,2016,9,16,38.189720329117335,-122.01429329765567,1.795,GEOID12b,wetland,Typha sp,NA
Rankin et al 2024,NA,Rush Ranch,54,2016,9,16,38.190038164854286,-122.01434259166926,1.857,GEOID12b,wetland,Distichlis spicata,NA
Rankin et al 2024,NA,Rush Ranch,55,2016,9,16,38.19035084333432,-122.01439055104423,1.948,GEOID12b,wetland,Distichlis spicata,NA
Rankin et al 2024,NA,Rush Ranch,56,2016,9,16,38.190663770648975,-122.01443809635919,1.893,GEOID12b,wetland,Schoenoplectus americanus,NA
Rankin et al 2024,NA,Rush Ranch,57,2016,9,16,38.19097674298562,-122.01448778824422,1.937,GEOID12b,wetland,Schoenoplectus americanus,NA
Rankin et al 2024,NA,Rush Ranch,58,2016,9,16,38.19129268747857,-122.01453618436209,1.98,GEOID12b,wetland,Trifolium macraei,NA
Rankin et al 2024,NA,Rush Ranch,59,2016,9,16,38.191601563173386,-122.01458528134192,1.924,GEOID12b,wetland,Schoenoplectus americanus,NA
Rankin et al 2024,NA,Rush Ranch,60,2016,9,16,38.19191516141293,-122.01463439500817,1.98,GEOID12b,wetland,Jaumea carnosa,NA
Rankin et al 2024,NA,Rush Ranch,61,2016,9,16,38.1922276554587,-122.01468187955953,1.728,GEOID12b,wetland,Schoenoplectus americanus,NA
Rankin et al 2024,NA,Rush Ranch,62,2016,9,20,38.18920029782836,-122.00281891504929,2.04,GEOID12b,wetland,Lepidium latifolium,NA
Rankin et al 2024,NA,Rush Ranch,63,2016,9,20,38.189427713655704,-122.00308951366365,1.859,GEOID12b,wetland,Distichlis spicata,NA
Rankin et al 2024,NA,Rush Ranch,64,2016,9,20,38.18965738528486,-122.0033668774721,1.863,GEOID12b,wetland,Salicornia pacifica,NA
Rankin et al 2024,NA,Rush Ranch,65,2016,9,20,38.18984075068684,-122.01984678600714,1.981,GEOID12b,wetland,Distichlis spicata,NA
Rankin et al 2024,NA,Rush Ranch,66,2016,9,20,38.189888781781455,-122.0036404855113,1.91,GEOID12b,wetland,Distichlis spicata,NA
Rankin et al 2024,NA,Rush Ranch,67,2016,9,20,38.19015623179163,-122.01983020238436,2.017,GEOID12b,wetland,Schoenoplectus americanus,NA
Rankin et al 2024,NA,Rush Ranch,68,2016,9,20,38.19011883963226,-122.00391359964938,1.93,GEOID12b,wetland,Salicornia pacifica,NA
Rankin et al 2024,NA,Rush Ranch,69,2016,9,20,38.19047054645398,-122.01981639763748,1.985,GEOID12b,wetland,Schoenoplectus americanus,NA
Rankin et al 2024,NA,Rush Ranch,70,2016,9,20,38.19034780435684,-122.00418966507316,1.874,GEOID12b,wetland,Schoenoplectus americanus,NA
Rankin et al 2024,NA,Rush Ranch,71,2016,9,20,38.1905805292484,-122.0044639224905,1.846,GEOID12b,wetland,Schoenoplectus americanus,NA
Rankin et al 2024,NA,Rush Ranch,72,2016,9,20,38.19078653872059,-122.01980275296253,2.011,GEOID12b,wetland,Juncus balticus,NA
Rankin et al 2024,NA,Rush Ranch,73,2016,9,20,38.19109995932524,-122.01978657329703,1.954,GEOID12b,wetland,Jaumea carnosa,NA
Rankin et al 2024,NA,Rush Ranch,74,2016,9,20,38.191033213168595,-122.00501213661697,1.943,GEOID12b,wetland,Schoenoplectus americanus,NA
Rankin et al 2024,NA,Rush Ranch,75,2016,9,20,38.19126529445012,-122.00528617956229,1.9,GEOID12b,wetland,Schoenoplectus americanus,NA
Rankin et al 2024,NA,Rush Ranch,76,2016,9,20,38.19141575206407,-122.01977278254081,1.961,GEOID12b,wetland,Distichlis spicata,NA
Rankin et al 2024,NA,Rush Ranch,77,2016,9,20,38.19149541568438,-122.00556084468982,1.887,GEOID12b,wetland,Schoenoplectus americanus,NA
Rankin et al 2024,NA,Rush Ranch,78,2016,9,20,38.19171976727687,-122.01975809893541,1.97,GEOID12b,wetland,Distichlis spicata,NA
Rankin et al 2024,NA,Rush Ranch,79,2016,9,20,38.191724633135976,-122.00583528401837,1.994,GEOID12b,wetland,Rosa californica,NA
Rankin et al 2024,NA,Rush Ranch,80,2016,9,20,38.191953775766294,-122.0061084128559,1.939,GEOID12b,wetland,Typha sp,NA
Rankin et al 2024,NA,Rush Ranch,81,2016,9,20,38.19218220849648,-122.00638186136274,1.895,GEOID12b,wetland,Schoenoplectus americanus,NA
Rankin et al 2024,NA,Rush Ranch,82,2016,9,20,38.192408632105504,-122.0066575884743,1.766,GEOID12b,wetland,Schoenoplectus americanus,NA
Rankin et al 2024,NA,Rush Ranch,83,2016,9,20,38.19263821857077,-122.00693120741992,1.944,GEOID12b,wetland,Schoenoplectus americanus,NA
Rankin et al 2024,NA,Rush Ranch,84,2016,9,20,38.19287202878995,-122.00720667777402,1.924,GEOID12b,wetland,Schoenoplectus americanus,NA
Rankin et al 2024,NA,Rush Ranch,85,2016,9,22,38.19358553735594,-122.03216235522085,1.525,GEOID12b,wetland,Schoenoplectus acutus,NA
Rankin et al 2024,NA,Rush Ranch,86,2016,9,22,38.199299281684254,-122.03887215153975,1.746,GEOID12b,wetland,Schoenoplectus americanus,NA
Rankin et al 2024,NA,Rush Ranch,87,2016,9,22,38.199326170735766,-122.03847879688816,1.998,GEOID12b,wetland,Salicornia pacifica,NA
Rankin et al 2024,NA,Rush Ranch,88,2016,9,22,38.19934091256088,-122.03807696790935,1.977,GEOID12b,wetland,Salicornia pacifica,NA
Rankin et al 2024,NA,Rush Ranch,89,2016,9,22,38.1993620890406,-122.03768408767367,1.98,GEOID12b,wetland,Salicornia pacifica,NA
Rankin et al 2024,NA,Rush Ranch,90,2016,9,22,38.199377804006446,-122.03728146895207,1.907,GEOID12b,wetland,Juncus balticus,NA
Rankin et al 2024,NA,Rush Ranch,91,2016,9,22,38.19939116925328,-122.03688151915395,1.948,GEOID12b,wetland,Jaumea carnosa,NA
Rankin et al 2024,NA,Rush Ranch,92,2016,9,22,38.19940935723989,-122.03648517163346,1.908,GEOID12b,wetland,Schoenoplectus americanus,NA
Rankin et al 2024,NA,Rush Ranch,93,2016,9,22,38.19942480812336,-122.03608711268114,1.958,GEOID12b,wetland,Salicornia pacifica,NA
Rankin et al 2024,NA,Rush Ranch,94,2016,9,22,38.199446238359776,-122.03568753572091,1.971,GEOID12b,wetland,Jaumea carnosa,NA
Rankin et al 2024,NA,Rush Ranch,95,2016,9,22,38.19946085646349,-122.03528826541825,1.984,GEOID12b,wetland,Distichlis spicata,NA
Rankin et al 2024,NA,Rush Ranch,96,2016,9,22,38.199480983155,-122.03488941332758,2.022,GEOID12b,wetland,Schoenoplectus americanus,NA
Rankin et al 2024,NA,Rush Ranch,97,2016,9,22,38.19949641837622,-122.03448901269795,2.014,GEOID12b,wetland,Juncus balticus,NA
Rankin et al 2024,NA,Rush Ranch,98,2016,9,22,38.199514419537785,-122.03409175290582,2.002,GEOID12b,wetland,Salicornia pacifica,NA
Rankin et al 2024,NA,Rush Ranch,99,2016,9,22,38.19953090589857,-122.03369237731827,1.957,GEOID12b,wetland,Jaumea carnosa,NA
Rankin et al 2024,NA,Rush Ranch,100,2016,9,22,38.19954844051951,-122.0332924166754,1.988,GEOID12b,wetland,Schoenoplectus americanus,NA
Rankin et al 2024,NA,Rush Ranch,101,2016,9,22,38.19957023356354,-122.03289099479686,1.997,GEOID12b,wetland,Symphyotrichum lentum,NA
Rankin et al 2024,NA,Rush Ranch,102,2016,9,22,38.19958240005037,-122.03249503346446,1.939,GEOID12b,wetland,Schoenoplectus americanus,NA
Rankin et al 2024,NA,Rush Ranch,103,2016,9,9,38.193729364767776,-122.03179948977838,1.619,GEOID12b,wetland,Schoenoplectus americanus,NA
Rankin et al 2024,NA,Rush Ranch,104,2016,9,9,38.19387755848252,-122.03145476793594,1.916,GEOID12b,wetland,Schoenoplectus americanus,NA
Rankin et al 2024,NA,Rush Ranch,105,2016,9,9,38.19401983138322,-122.03109818963416,2.013,GEOID12b,wetland,Juncus balticus,NA
Rankin et al 2024,NA,Rush Ranch,106,2016,9,9,38.1941724192455,-122.03074670342029,2.001,GEOID12b,wetland,Juncus balticus,NA
Rankin et al 2024,NA,Rush Ranch,107,2016,9,9,38.194307566857645,-122.03039189548393,1.995,GEOID12b,wetland,Distichlis spicata,NA
Rankin et al 2024,NA,Rush Ranch,108,2016,9,9,38.19445344692125,-122.03004034694101,1.994,GEOID12b,wetland,Salicornia pacifica,NA
Rankin et al 2024,NA,Rush Ranch,109,2016,9,9,38.19460764225305,-122.02968310240807,1.975,GEOID12b,wetland,Distichlis spicata,NA
Rankin et al 2024,NA,Rush Ranch,110,2016,9,9,38.194754191747904,-122.02933102823678,1.983,GEOID12b,wetland,Schoenoplectus americanus,NA
Rankin et al 2024,NA,Rush Ranch,111,2016,9,9,38.19489879465161,-122.02897691152869,1.986,GEOID12b,wetland,Distichlis spicata,NA
Rankin et al 2024,NA,Rush Ranch,112,2016,9,9,38.19502810002357,-122.02865406989281,2.008,GEOID12b,wetland,Salicornia pacifica,NA
Rankin et al 2024,NA,Rush Ranch,113,2016,9,9,38.19519640498157,-122.02826968136478,1.976,GEOID12b,wetland,Salicornia pacifica,NA
Rankin et al 2024,NA,Rush Ranch,114,2016,9,9,38.195337863796944,-122.02791392350615,1.964,GEOID12b,wetland,Salicornia pacifica,NA
Rankin et al 2024,NA,Rush Ranch,115,2016,9,9,38.19547970164699,-122.02755618359708,1.931,GEOID12b,wetland,Salicornia pacifica,NA
Rankin et al 2024,NA,Rush Ranch,116,2016,9,9,38.19562495882462,-122.0272011946806,1.947,GEOID12b,wetland,Atriplex prostrata,NA
Rankin et al 2024,NA,Rush Ranch,117,2016,9,9,38.195771422400405,-122.02684727319007,1.993,GEOID12b,wetland,Salicornia pacifica,NA
Rankin et al 2024,NA,Rush Ranch,118,2016,9,9,38.19592226405917,-122.0264954275183,1.958,GEOID12b,wetland,Schoenoplectus americanus,NA
Rankin et al 2024,NA,Rush Ranch,119,2016,9,9,38.19606837095115,-122.02614439717674,1.987,GEOID12b,wetland,Atriplex prostrata,NA
Rankin et al 2024,NA,Rush Ranch,120,2016,9,9,38.19621562471102,-122.02579377269213,1.95,GEOID12b,wetland,Schoenoplectus americanus,NA
Rankin et al 2024,NA,Rush Ranch,121,2016,9,9,38.19636385369831,-122.0254359049416,1.946,GEOID12b,wetland,Juncus balticus,NA
Rankin et al 2024,NA,Rush Ranch,122,2016,9,9,38.19650460893931,-122.0250767764157,2.1,GEOID12b,wetland,Distichlis spicata,NA
Rankin et al 2024,NA,Rush Ranch,123,2016,9,9,38.199627104406105,-122.03166579248638,1.773,GEOID12b,wetland,Schoenoplectus acutus,NA
Rankin et al 2024,NA,Rush Ranch,124,2016,9,9,38.19965246600432,-122.0312650076801,1.892,GEOID12b,wetland,Schoenoplectus americanus,NA
Rankin et al 2024,NA,Rush Ranch,125,2016,9,9,38.19966811176561,-122.03086431714252,1.991,GEOID12b,wetland,Schoenoplectus americanus,NA
Rankin et al 2024,NA,Rush Ranch,126,2016,9,9,38.19968424143669,-122.03046564145862,1.981,GEOID12b,wetland,Salicornia pacifica,NA
Rankin et al 2024,NA,Rush Ranch,127,2016,9,9,38.19970588093537,-122.03006971337759,1.992,GEOID12b,wetland,Salicornia pacifica,NA
Rankin et al 2024,NA,Rush Ranch,128,2016,9,9,38.199729919628034,-122.02966872819847,2.017,GEOID12b,wetland,Juncus balticus,NA
Rankin et al 2024,NA,Rush Ranch,129,2016,9,9,38.199746911152424,-122.02926796196702,1.949,GEOID12b,wetland,Atriplex prostrata,NA
