instrument_id,timestamp,parameter,code_type,code
USA-MDA_water-level_SERC-dock,2021-02-08 14:48:00,barometric_pressure_mbar_avg,main,GQR
USA-MDA_water-level_SERC-dock,2021-02-08 14:54:00,barometric_pressure_mbar_avg,main,GQR
USA-MDA_water-level_SERC-dock,2021-02-08 15:00:00,barometric_pressure_mbar_avg,main,GQR
USA-MDA_water-level_SERC-dock,2021-02-08 15:06:00,barometric_pressure_mbar_avg,main,GQR
USA-MDA_water-level_SERC-dock,2021-02-08 15:12:00,barometric_pressure_mbar_avg,main,GQR
USA-MDA_water-level_SERC-dock,2021-02-08 15:18:00,barometric_pressure_mbar_avg,main,GQR
USA-MDA_water-level_SERC-dock,2021-02-08 15:24:00,barometric_pressure_mbar_avg,main,GQR
USA-MDA_water-level_SERC-dock,2021-02-08 15:30:00,barometric_pressure_mbar_avg,main,GQR
USA-MDA_water-level_SERC-dock,2021-02-08 15:36:00,barometric_pressure_mbar_avg,main,GQR
USA-MDA_water-level_SERC-dock,2021-02-08 15:42:00,barometric_pressure_mbar_avg,main,GQR
USA-MDA_water-level_SERC-dock,2021-02-08 15:48:00,barometric_pressure_mbar_avg,main,GQR
USA-MDA_water-level_SERC-dock,2021-02-08 15:54:00,barometric_pressure_mbar_avg,main,GQR
USA-MDA_water-level_SERC-dock,2021-02-08 16:00:00,barometric_pressure_mbar_avg,main,GQR
USA-MDA_water-level_SERC-dock,2021-02-08 16:06:00,barometric_pressure_mbar_avg,main,GQR
USA-MDA_water-level_SERC-dock,2021-02-08 16:12:00,barometric_pressure_mbar_avg,main,GQR
USA-MDA_water-level_SERC-dock,2021-02-08 16:18:00,barometric_pressure_mbar_avg,main,GQR
USA-MDA_water-level_SERC-dock,2021-02-08 16:24:00,barometric_pressure_mbar_avg,main,GQR
USA-MDA_water-level_SERC-dock,2021-02-08 16:30:00,barometric_pressure_mbar_avg,main,GQR
USA-MDA_water-level_SERC-dock,2021-02-08 16:36:00,barometric_pressure_mbar_avg,main,GQR
USA-MDA_water-level_SERC-dock,2021-02-08 16:42:00,barometric_pressure_mbar_avg,main,GQR
USA-MDA_water-level_SERC-dock,2021-02-08 16:48:00,barometric_pressure_mbar_avg,main,GQR
USA-MDA_water-level_SERC-dock,2021-02-08 16:54:00,barometric_pressure_mbar_avg,main,GQR
USA-MDA_water-level_SERC-dock,2021-02-08 17:00:00,barometric_pressure_mbar_avg,main,GQR
USA-MDA_water-level_SERC-dock,2021-02-08 17:06:00,barometric_pressure_mbar_avg,main,GQR
USA-MDA_water-level_SERC-dock,2021-02-08 17:12:00,barometric_pressure_mbar_avg,main,GQR
USA-MDA_water-level_SERC-dock,2021-02-08 17:18:00,barometric_pressure_mbar_avg,main,GQR
USA-MDA_water-level_SERC-dock,2021-02-08 17:24:00,barometric_pressure_mbar_avg,main,GQR
USA-MDA_water-level_SERC-dock,2021-02-08 17:30:00,barometric_pressure_mbar_avg,main,GQR
USA-MDA_water-level_SERC-dock,2021-02-08 17:36:00,barometric_pressure_mbar_avg,main,GQR
USA-MDA_water-level_SERC-dock,2021-02-08 17:42:00,barometric_pressure_mbar_avg,main,GQR
USA-MDA_water-level_SERC-dock,2021-02-08 17:48:00,barometric_pressure_mbar_avg,main,GQR
USA-MDA_water-level_SERC-dock,2021-02-08 17:54:00,barometric_pressure_mbar_avg,main,GQR
USA-MDA_water-level_SERC-dock,2021-02-08 18:00:00,barometric_pressure_mbar_avg,main,GQR
USA-MDA_water-level_SERC-dock,2021-02-08 18:06:00,barometric_pressure_mbar_avg,main,GQR
USA-MDA_water-level_SERC-dock,2021-02-08 18:12:00,barometric_pressure_mbar_avg,main,GQR
USA-MDA_water-level_SERC-dock,2021-02-08 18:18:00,barometric_pressure_mbar_avg,main,GQR
USA-MDA_water-level_SERC-dock,2021-02-08 18:24:00,barometric_pressure_mbar_avg,main,GQR
USA-MDA_water-level_SERC-dock,2021-02-08 18:30:00,barometric_pressure_mbar_avg,main,GQR
USA-MDA_water-level_SERC-dock,2021-02-08 18:36:00,barometric_pressure_mbar_avg,main,GQR
USA-MDA_water-level_SERC-dock,2021-02-08 18:42:00,barometric_pressure_mbar_avg,main,GQR
USA-MDA_water-level_SERC-dock,2021-02-08 18:48:00,barometric_pressure_mbar_avg,main,GQR
USA-MDA_water-level_SERC-dock,2021-02-08 18:54:00,barometric_pressure_mbar_avg,main,GQR
USA-MDA_water-level_SERC-dock,2021-02-08 19:00:00,barometric_pressure_mbar_avg,main,GQR
USA-MDA_water-level_SERC-dock,2021-02-08 19:06:00,barometric_pressure_mbar_avg,main,GQR
USA-MDA_water-level_SERC-dock,2021-02-08 19:12:00,barometric_pressure_mbar_avg,main,GQR
USA-MDA_water-level_SERC-dock,2021-02-08 19:18:00,barometric_pressure_mbar_avg,main,GQR
USA-MDA_water-level_SERC-dock,2021-02-08 19:24:00,barometric_pressure_mbar_avg,main,GQR
USA-MDA_water-level_SERC-dock,2021-02-08 19:30:00,barometric_pressure_mbar_avg,main,GQR
USA-MDA_water-level_SERC-dock,2021-02-08 19:36:00,barometric_pressure_mbar_avg,main,GQR
USA-MDA_water-level_SERC-dock,2021-02-08 19:42:00,barometric_pressure_mbar_avg,main,GQR
USA-MDA_water-level_SERC-dock,2021-02-08 19:48:00,barometric_pressure_mbar_avg,main,GQR
USA-MDA_water-level_SERC-dock,2021-02-08 19:54:00,barometric_pressure_mbar_avg,main,GQR
USA-MDA_water-level_SERC-dock,2021-02-08 20:00:00,barometric_pressure_mbar_avg,main,GQR
USA-MDA_water-level_SERC-dock,2021-02-08 20:06:00,barometric_pressure_mbar_avg,main,GQR
USA-MDA_water-level_SERC-dock,2021-02-08 20:12:00,barometric_pressure_mbar_avg,main,GQR
USA-MDA_water-level_SERC-dock,2021-02-08 20:18:00,barometric_pressure_mbar_avg,main,GQR
USA-MDA_water-level_SERC-dock,2021-02-08 20:24:00,barometric_pressure_mbar_avg,main,GQR
USA-MDA_water-level_SERC-dock,2021-02-08 20:30:00,barometric_pressure_mbar_avg,main,GQR
USA-MDA_water-level_SERC-dock,2021-02-08 20:36:00,barometric_pressure_mbar_avg,main,GQR
USA-MDA_water-level_SERC-dock,2021-02-08 20:42:00,barometric_pressure_mbar_avg,main,GQR
USA-MDA_water-level_SERC-dock,2021-02-08 20:48:00,barometric_pressure_mbar_avg,main,GQR
USA-MDA_water-level_SERC-dock,2021-02-08 20:54:00,barometric_pressure_mbar_avg,main,GQR
USA-MDA_water-level_SERC-dock,2021-02-08 21:00:00,barometric_pressure_mbar_avg,main,GQR
USA-MDA_water-level_SERC-dock,2021-02-08 21:06:00,barometric_pressure_mbar_avg,main,GQR
USA-MDA_water-level_SERC-dock,2021-02-08 21:12:00,barometric_pressure_mbar_avg,main,GQR
USA-MDA_water-level_SERC-dock,2021-02-08 21:18:00,barometric_pressure_mbar_avg,main,GQR
USA-MDA_water-level_SERC-dock,2021-02-08 21:24:00,barometric_pressure_mbar_avg,main,GQR
USA-MDA_water-level_SERC-dock,2021-02-08 21:30:00,barometric_pressure_mbar_avg,main,GQR
USA-MDA_water-level_SERC-dock,2021-02-08 21:36:00,barometric_pressure_mbar_avg,main,GQR
USA-MDA_water-level_SERC-dock,2021-02-08 21:42:00,barometric_pressure_mbar_avg,main,GQR
USA-MDA_water-level_SERC-dock,2021-02-08 21:48:00,barometric_pressure_mbar_avg,main,GQR
USA-MDA_water-level_SERC-dock,2021-02-08 21:54:00,barometric_pressure_mbar_avg,main,GQR
USA-MDA_water-level_SERC-dock,2021-02-08 22:00:00,barometric_pressure_mbar_avg,main,GQR
USA-MDA_water-level_SERC-dock,2021-02-08 22:06:00,barometric_pressure_mbar_avg,main,GQR
USA-MDA_water-level_SERC-dock,2021-02-08 22:12:00,barometric_pressure_mbar_avg,main,GQR
USA-MDA_water-level_SERC-dock,2021-02-08 22:18:00,barometric_pressure_mbar_avg,main,GQR
USA-MDA_water-level_SERC-dock,2021-02-08 22:24:00,barometric_pressure_mbar_avg,main,GQR
USA-MDA_water-level_SERC-dock,2021-02-08 22:30:00,barometric_pressure_mbar_avg,main,GQR
USA-MDA_water-level_SERC-dock,2021-02-08 22:36:00,barometric_pressure_mbar_avg,main,GQR
USA-MDA_water-level_SERC-dock,2021-02-08 22:42:00,barometric_pressure_mbar_avg,main,GQR
USA-MDA_water-level_SERC-dock,2021-02-08 22:48:00,barometric_pressure_mbar_avg,main,GQR
USA-MDA_water-level_SERC-dock,2021-02-08 22:54:00,barometric_pressure_mbar_avg,main,GQR
USA-MDA_water-level_SERC-dock,2021-02-08 23:00:00,barometric_pressure_mbar_avg,main,GQR
USA-MDA_water-level_SERC-dock,2021-02-08 23:06:00,barometric_pressure_mbar_avg,main,GQR
USA-MDA_water-level_SERC-dock,2021-02-08 23:12:00,barometric_pressure_mbar_avg,main,GQR
USA-MDA_water-level_SERC-dock,2021-02-08 23:18:00,barometric_pressure_mbar_avg,main,GQR
USA-MDA_water-level_SERC-dock,2021-02-08 23:24:00,barometric_pressure_mbar_avg,main,GQR
USA-MDA_water-level_SERC-dock,2021-02-08 23:30:00,barometric_pressure_mbar_avg,main,GQR
USA-MDA_water-level_SERC-dock,2021-02-08 23:36:00,barometric_pressure_mbar_avg,main,GQR
USA-MDA_water-level_SERC-dock,2021-02-08 23:42:00,barometric_pressure_mbar_avg,main,GQR
USA-MDA_water-level_SERC-dock,2021-02-08 23:48:00,barometric_pressure_mbar_avg,main,GQR
USA-MDA_water-level_SERC-dock,2021-02-08 23:54:00,barometric_pressure_mbar_avg,main,GQR
USA-MDA_water-level_SERC-dock,2021-02-09 00:00:00,barometric_pressure_mbar_avg,main,GQR
USA-MDA_water-level_SERC-dock,2021-02-09 00:06:00,barometric_pressure_mbar_avg,main,GQR
USA-MDA_water-level_SERC-dock,2021-02-09 00:12:00,barometric_pressure_mbar_avg,main,GQR
USA-MDA_water-level_SERC-dock,2021-02-09 00:18:00,barometric_pressure_mbar_avg,main,GQR
USA-MDA_water-level_SERC-dock,2021-02-09 00:24:00,barometric_pressure_mbar_avg,main,GQR
USA-MDA_water-level_SERC-dock,2021-02-09 00:30:00,barometric_pressure_mbar_avg,main,GQR
USA-MDA_water-level_SERC-dock,2021-02-09 00:36:00,barometric_pressure_mbar_avg,main,GQR
USA-MDA_water-level_SERC-dock,2021-02-09 00:42:00,barometric_pressure_mbar_avg,main,GQR
USA-MDA_water-level_SERC-dock,2021-02-09 00:48:00,barometric_pressure_mbar_avg,main,GQR
USA-MDA_water-level_SERC-dock,2021-02-09 00:54:00,barometric_pressure_mbar_avg,main,GQR
USA-MDA_water-level_SERC-dock,2021-02-09 01:00:00,barometric_pressure_mbar_avg,main,GQR
USA-MDA_water-level_SERC-dock,2021-02-09 01:06:00,barometric_pressure_mbar_avg,main,GQR
USA-MDA_water-level_SERC-dock,2021-02-09 01:12:00,barometric_pressure_mbar_avg,main,GQR
USA-MDA_water-level_SERC-dock,2021-02-09 01:18:00,barometric_pressure_mbar_avg,main,GQR
USA-MDA_water-level_SERC-dock,2021-02-09 01:24:00,barometric_pressure_mbar_avg,main,GQR
USA-MDA_water-level_SERC-dock,2021-02-09 01:30:00,barometric_pressure_mbar_avg,main,GQR
USA-MDA_water-level_SERC-dock,2021-02-09 01:36:00,barometric_pressure_mbar_avg,main,GQR
USA-MDA_water-level_SERC-dock,2021-02-09 01:42:00,barometric_pressure_mbar_avg,main,GQR
USA-MDA_water-level_SERC-dock,2021-02-09 01:48:00,barometric_pressure_mbar_avg,main,GQR
USA-MDA_water-level_SERC-dock,2021-02-09 01:54:00,barometric_pressure_mbar_avg,main,GQR
USA-MDA_water-level_SERC-dock,2021-02-09 02:00:00,barometric_pressure_mbar_avg,main,GQR
USA-MDA_water-level_SERC-dock,2021-02-09 02:06:00,barometric_pressure_mbar_avg,main,GQR
USA-MDA_water-level_SERC-dock,2021-02-09 02:12:00,barometric_pressure_mbar_avg,main,GQR
USA-MDA_water-level_SERC-dock,2021-02-09 02:18:00,barometric_pressure_mbar_avg,main,GQR
USA-MDA_water-level_SERC-dock,2021-02-09 02:24:00,barometric_pressure_mbar_avg,main,GQR
USA-MDA_water-level_SERC-dock,2021-02-09 02:30:00,barometric_pressure_mbar_avg,main,GQR
USA-MDA_water-level_SERC-dock,2021-02-09 02:36:00,barometric_pressure_mbar_avg,main,GQR
USA-MDA_water-level_SERC-dock,2021-02-09 02:42:00,barometric_pressure_mbar_avg,main,GQR
USA-MDA_water-level_SERC-dock,2021-02-09 02:48:00,barometric_pressure_mbar_avg,main,GQR
USA-MDA_water-level_SERC-dock,2021-02-09 02:54:00,barometric_pressure_mbar_avg,main,GQR
USA-MDA_water-level_SERC-dock,2021-02-09 03:00:00,barometric_pressure_mbar_avg,main,GQR
USA-MDA_water-level_SERC-dock,2021-02-09 03:06:00,barometric_pressure_mbar_avg,main,GQR
USA-MDA_water-level_SERC-dock,2021-02-09 03:12:00,barometric_pressure_mbar_avg,main,GQR
USA-MDA_water-level_SERC-dock,2021-02-09 03:18:00,barometric_pressure_mbar_avg,main,GQR
USA-MDA_water-level_SERC-dock,2021-02-09 03:24:00,barometric_pressure_mbar_avg,main,GQR
USA-MDA_water-level_SERC-dock,2021-02-09 03:30:00,barometric_pressure_mbar_avg,main,GQR
USA-MDA_water-level_SERC-dock,2021-02-09 03:36:00,barometric_pressure_mbar_avg,main,GQR
USA-MDA_water-level_SERC-dock,2021-02-09 03:42:00,barometric_pressure_mbar_avg,main,GQR
USA-MDA_water-level_SERC-dock,2021-02-09 03:48:00,barometric_pressure_mbar_avg,main,GQR
USA-MDA_water-level_SERC-dock,2021-02-09 03:54:00,barometric_pressure_mbar_avg,main,GQR
USA-MDA_water-level_SERC-dock,2021-02-09 04:00:00,barometric_pressure_mbar_avg,main,GQR
USA-MDA_water-level_SERC-dock,2021-02-09 04:06:00,barometric_pressure_mbar_avg,main,GQR
USA-MDA_water-level_SERC-dock,2021-02-09 04:12:00,barometric_pressure_mbar_avg,main,GQR
USA-MDA_water-level_SERC-dock,2021-02-09 04:18:00,barometric_pressure_mbar_avg,main,GQR
USA-MDA_water-level_SERC-dock,2021-02-09 04:24:00,barometric_pressure_mbar_avg,main,GQR
USA-MDA_water-level_SERC-dock,2021-02-09 04:30:00,barometric_pressure_mbar_avg,main,GQR
USA-MDA_water-level_SERC-dock,2021-02-09 04:36:00,barometric_pressure_mbar_avg,main,GQR
USA-MDA_water-level_SERC-dock,2021-02-09 04:42:00,barometric_pressure_mbar_avg,main,GQR
USA-MDA_water-level_SERC-dock,2021-02-09 04:48:00,barometric_pressure_mbar_avg,main,GQR
USA-MDA_water-level_SERC-dock,2021-02-09 04:54:00,barometric_pressure_mbar_avg,main,GQR
USA-MDA_water-level_SERC-dock,2021-02-09 05:00:00,barometric_pressure_mbar_avg,main,GQR
USA-MDA_water-level_SERC-dock,2021-02-09 05:06:00,barometric_pressure_mbar_avg,main,GQR
USA-MDA_water-level_SERC-dock,2021-02-09 05:12:00,barometric_pressure_mbar_avg,main,GQR
USA-MDA_water-level_SERC-dock,2021-02-09 05:18:00,barometric_pressure_mbar_avg,main,GQR
USA-MDA_water-level_SERC-dock,2021-02-09 05:24:00,barometric_pressure_mbar_avg,main,GQR
USA-MDA_water-level_SERC-dock,2021-02-09 05:30:00,barometric_pressure_mbar_avg,main,GQR
USA-MDA_water-level_SERC-dock,2021-02-09 05:36:00,barometric_pressure_mbar_avg,main,GQR
USA-MDA_water-level_SERC-dock,2021-02-09 05:42:00,barometric_pressure_mbar_avg,main,GQR
USA-MDA_water-level_SERC-dock,2021-02-09 05:48:00,barometric_pressure_mbar_avg,main,GQR
USA-MDA_water-level_SERC-dock,2021-02-09 05:54:00,barometric_pressure_mbar_avg,main,GQR
USA-MDA_water-level_SERC-dock,2021-02-09 06:00:00,barometric_pressure_mbar_avg,main,GQR
USA-MDA_water-level_SERC-dock,2021-02-09 06:06:00,barometric_pressure_mbar_avg,main,GQR
USA-MDA_water-level_SERC-dock,2021-02-09 06:12:00,barometric_pressure_mbar_avg,main,GQR
USA-MDA_water-level_SERC-dock,2021-02-09 06:18:00,barometric_pressure_mbar_avg,main,GQR
USA-MDA_water-level_SERC-dock,2021-02-09 06:24:00,barometric_pressure_mbar_avg,main,GQR
USA-MDA_water-level_SERC-dock,2021-02-09 06:30:00,barometric_pressure_mbar_avg,main,GQR
USA-MDA_water-level_SERC-dock,2021-02-09 06:36:00,barometric_pressure_mbar_avg,main,GQR
USA-MDA_water-level_SERC-dock,2021-02-09 06:42:00,barometric_pressure_mbar_avg,main,GQR
USA-MDA_water-level_SERC-dock,2021-02-09 06:48:00,barometric_pressure_mbar_avg,main,GQR
USA-MDA_water-level_SERC-dock,2021-02-09 06:54:00,barometric_pressure_mbar_avg,main,GQR
USA-MDA_water-level_SERC-dock,2021-02-09 07:00:00,barometric_pressure_mbar_avg,main,GQR
USA-MDA_water-level_SERC-dock,2021-02-09 07:06:00,barometric_pressure_mbar_avg,main,GQR
USA-MDA_water-level_SERC-dock,2021-02-09 07:12:00,barometric_pressure_mbar_avg,main,GQR
USA-MDA_water-level_SERC-dock,2021-02-09 07:18:00,barometric_pressure_mbar_avg,main,GQR
USA-MDA_water-level_SERC-dock,2021-02-09 07:24:00,barometric_pressure_mbar_avg,main,GQR
USA-MDA_water-level_SERC-dock,2021-02-09 07:30:00,barometric_pressure_mbar_avg,main,GQR
USA-MDA_water-level_SERC-dock,2021-02-09 07:36:00,barometric_pressure_mbar_avg,main,GQR
USA-MDA_water-level_SERC-dock,2021-02-09 07:42:00,barometric_pressure_mbar_avg,main,GQR
USA-MDA_water-level_SERC-dock,2021-02-09 07:48:00,barometric_pressure_mbar_avg,main,GQR
USA-MDA_water-level_SERC-dock,2021-02-09 07:54:00,barometric_pressure_mbar_avg,main,GQR
USA-MDA_water-level_SERC-dock,2021-02-09 08:00:00,barometric_pressure_mbar_avg,main,GQR
USA-MDA_water-level_SERC-dock,2021-02-09 08:06:00,barometric_pressure_mbar_avg,main,GQR
USA-MDA_water-level_SERC-dock,2021-02-09 08:12:00,barometric_pressure_mbar_avg,main,GQR
USA-MDA_water-level_SERC-dock,2021-02-09 08:18:00,barometric_pressure_mbar_avg,main,GQR
USA-MDA_water-level_SERC-dock,2021-02-09 08:24:00,barometric_pressure_mbar_avg,main,GQR
USA-MDA_water-level_SERC-dock,2021-02-09 08:30:00,barometric_pressure_mbar_avg,main,GQR
USA-MDA_water-level_SERC-dock,2021-02-09 08:36:00,barometric_pressure_mbar_avg,main,GQR
USA-MDA_water-level_SERC-dock,2021-02-09 08:42:00,barometric_pressure_mbar_avg,main,GQR
USA-MDA_water-level_SERC-dock,2021-02-09 08:48:00,barometric_pressure_mbar_avg,main,GQR
USA-MDA_water-level_SERC-dock,2021-02-09 08:54:00,barometric_pressure_mbar_avg,main,GQR
USA-MDA_water-level_SERC-dock,2021-02-09 09:00:00,barometric_pressure_mbar_avg,main,GQR
USA-MDA_water-level_SERC-dock,2021-02-09 09:06:00,barometric_pressure_mbar_avg,main,GQR
USA-MDA_water-level_SERC-dock,2021-02-09 09:12:00,barometric_pressure_mbar_avg,main,GQR
USA-MDA_water-level_SERC-dock,2021-02-09 09:18:00,barometric_pressure_mbar_avg,main,GQR
USA-MDA_water-level_SERC-dock,2021-02-09 09:24:00,barometric_pressure_mbar_avg,main,GQR
USA-MDA_water-level_SERC-dock,2021-02-09 09:30:00,barometric_pressure_mbar_avg,main,GQR
USA-MDA_water-level_SERC-dock,2021-02-09 09:36:00,barometric_pressure_mbar_avg,main,GQR
USA-MDA_water-level_SERC-dock,2021-02-09 09:42:00,barometric_pressure_mbar_avg,main,GQR
USA-MDA_water-level_SERC-dock,2021-02-09 09:48:00,barometric_pressure_mbar_avg,main,GQR
USA-MDA_water-level_SERC-dock,2021-02-09 09:54:00,barometric_pressure_mbar_avg,main,GQR
USA-MDA_water-level_SERC-dock,2021-02-09 10:00:00,barometric_pressure_mbar_avg,main,GQR
USA-MDA_water-level_SERC-dock,2021-02-09 10:06:00,barometric_pressure_mbar_avg,main,GQR
USA-MDA_water-level_SERC-dock,2021-02-09 10:12:00,barometric_pressure_mbar_avg,main,GQR
USA-MDA_water-level_SERC-dock,2021-02-09 10:18:00,barometric_pressure_mbar_avg,main,GQR
USA-MDA_water-level_SERC-dock,2021-02-09 10:24:00,barometric_pressure_mbar_avg,main,GQR
USA-MDA_water-level_SERC-dock,2021-02-09 10:30:00,barometric_pressure_mbar_avg,main,GQR
USA-MDA_water-level_SERC-dock,2021-02-09 10:36:00,barometric_pressure_mbar_avg,main,GQR
USA-MDA_water-level_SERC-dock,2021-02-09 10:42:00,barometric_pressure_mbar_avg,main,GQR
USA-MDA_water-level_SERC-dock,2021-02-09 10:48:00,barometric_pressure_mbar_avg,main,GQR
USA-MDA_water-level_SERC-dock,2021-02-09 10:54:00,barometric_pressure_mbar_avg,main,GQR
USA-MDA_water-level_SERC-dock,2021-02-09 11:00:00,barometric_pressure_mbar_avg,main,GQR
USA-MDA_water-level_SERC-dock,2021-02-09 11:06:00,barometric_pressure_mbar_avg,main,GQR
USA-MDA_water-level_SERC-dock,2021-02-09 11:12:00,barometric_pressure_mbar_avg,main,GQR
USA-MDA_water-level_SERC-dock,2021-02-09 11:18:00,barometric_pressure_mbar_avg,main,GQR
USA-MDA_water-level_SERC-dock,2021-02-09 11:24:00,barometric_pressure_mbar_avg,main,GQR
USA-MDA_water-level_SERC-dock,2021-02-09 11:30:00,barometric_pressure_mbar_avg,main,GQR
USA-MDA_water-level_SERC-dock,2021-02-09 11:36:00,barometric_pressure_mbar_avg,main,GQR
USA-MDA_water-level_SERC-dock,2021-02-09 11:42:00,barometric_pressure_mbar_avg,main,GQR
USA-MDA_water-level_SERC-dock,2021-02-09 11:48:00,barometric_pressure_mbar_avg,main,GQR
USA-MDA_water-level_SERC-dock,2021-02-09 11:54:00,barometric_pressure_mbar_avg,main,GQR
USA-MDA_water-level_SERC-dock,2021-02-09 12:00:00,barometric_pressure_mbar_avg,main,GQR
USA-MDA_water-level_SERC-dock,2021-02-09 12:06:00,barometric_pressure_mbar_avg,main,GQR
USA-MDA_water-level_SERC-dock,2021-02-09 12:12:00,barometric_pressure_mbar_avg,main,GQR
USA-MDA_water-level_SERC-dock,2021-02-09 12:18:00,barometric_pressure_mbar_avg,main,GQR
USA-MDA_water-level_SERC-dock,2021-02-09 12:24:00,barometric_pressure_mbar_avg,main,GQR
USA-MDA_water-level_SERC-dock,2021-02-09 12:30:00,barometric_pressure_mbar_avg,main,GQR
USA-MDA_water-level_SERC-dock,2021-02-09 12:36:00,barometric_pressure_mbar_avg,main,GQR
USA-MDA_water-level_SERC-dock,2021-02-09 12:42:00,barometric_pressure_mbar_avg,main,GQR
USA-MDA_water-level_SERC-dock,2021-02-09 12:48:00,barometric_pressure_mbar_avg,main,GQR
USA-MDA_water-level_SERC-dock,2021-02-09 12:54:00,barometric_pressure_mbar_avg,main,GQR
USA-MDA_water-level_SERC-dock,2021-02-09 13:00:00,barometric_pressure_mbar_avg,main,GQR
USA-MDA_water-level_SERC-dock,2021-02-09 13:06:00,barometric_pressure_mbar_avg,main,GQR
USA-MDA_water-level_SERC-dock,2021-02-09 13:12:00,barometric_pressure_mbar_avg,main,GQR
USA-MDA_water-level_SERC-dock,2021-02-09 13:18:00,barometric_pressure_mbar_avg,main,GQR
USA-MDA_water-level_SERC-dock,2021-02-09 13:24:00,barometric_pressure_mbar_avg,main,GQR
USA-MDA_water-level_SERC-dock,2021-02-09 13:30:00,barometric_pressure_mbar_avg,main,GQR
USA-MDA_water-level_SERC-dock,2021-02-09 13:36:00,barometric_pressure_mbar_avg,main,GQR
USA-MDA_water-level_SERC-dock,2021-02-09 13:42:00,barometric_pressure_mbar_avg,main,GQR
USA-MDA_water-level_SERC-dock,2021-02-09 13:48:00,barometric_pressure_mbar_avg,main,GQR
USA-MDA_water-level_SERC-dock,2021-02-09 13:54:00,barometric_pressure_mbar_avg,main,GQR
USA-MDA_water-level_SERC-dock,2021-02-09 14:00:00,barometric_pressure_mbar_avg,main,GQR
USA-MDA_water-level_SERC-dock,2021-02-09 14:06:00,barometric_pressure_mbar_avg,main,GQR
USA-MDA_water-level_SERC-dock,2021-02-09 14:12:00,barometric_pressure_mbar_avg,main,GQR
USA-MDA_water-level_SERC-dock,2021-02-09 14:18:00,barometric_pressure_mbar_avg,main,GQR
USA-MDA_water-level_SERC-dock,2021-02-09 14:24:00,barometric_pressure_mbar_avg,main,GQR
USA-MDA_water-level_SERC-dock,2021-02-09 14:30:00,barometric_pressure_mbar_avg,main,GQR
USA-MDA_water-level_SERC-dock,2021-02-09 14:36:00,barometric_pressure_mbar_avg,main,GQR
USA-MDA_water-level_SERC-dock,2021-02-09 14:42:00,barometric_pressure_mbar_avg,main,GQR
USA-MDA_water-level_SERC-dock,2021-02-09 14:48:00,barometric_pressure_mbar_avg,main,GQR
USA-MDA_water-level_SERC-dock,2021-02-09 14:54:00,barometric_pressure_mbar_avg,main,GQR
USA-MDA_water-level_SERC-dock,2021-02-09 15:00:00,barometric_pressure_mbar_avg,main,GQR
USA-MDA_water-level_SERC-dock,2021-02-09 15:06:00,barometric_pressure_mbar_avg,main,GQR
USA-MDA_water-level_SERC-dock,2021-02-09 15:12:00,barometric_pressure_mbar_avg,main,GQR
USA-MDA_water-level_SERC-dock,2021-02-09 15:18:00,barometric_pressure_mbar_avg,main,GQR
USA-MDA_water-level_SERC-dock,2021-02-09 15:24:00,barometric_pressure_mbar_avg,main,GQR
USA-MDA_water-level_SERC-dock,2021-02-09 15:30:00,barometric_pressure_mbar_avg,main,GQR
USA-MDA_water-level_SERC-dock,2021-02-09 15:36:00,barometric_pressure_mbar_avg,main,GQR
USA-MDA_water-level_SERC-dock,2021-02-09 15:42:00,barometric_pressure_mbar_avg,main,GQR
USA-MDA_water-level_SERC-dock,2021-02-09 15:48:00,barometric_pressure_mbar_avg,main,GQR
USA-MDA_water-level_SERC-dock,2021-02-09 15:54:00,barometric_pressure_mbar_avg,main,GQR
USA-MDA_water-level_SERC-dock,2021-02-09 16:00:00,barometric_pressure_mbar_avg,main,GQR
USA-MDA_water-level_SERC-dock,2021-02-09 16:06:00,barometric_pressure_mbar_avg,main,GQR
USA-MDA_water-level_SERC-dock,2021-02-09 16:12:00,barometric_pressure_mbar_avg,main,GQR
USA-MDA_water-level_SERC-dock,2021-02-09 16:18:00,barometric_pressure_mbar_avg,main,GQR
USA-MDA_water-level_SERC-dock,2021-02-09 16:24:00,barometric_pressure_mbar_avg,main,GQR
USA-MDA_water-level_SERC-dock,2021-02-09 16:30:00,barometric_pressure_mbar_avg,main,GQR
USA-MDA_water-level_SERC-dock,2021-02-09 16:36:00,barometric_pressure_mbar_avg,main,GQR
USA-MDA_water-level_SERC-dock,2021-02-09 16:42:00,barometric_pressure_mbar_avg,main,GQR
USA-MDA_water-level_SERC-dock,2021-02-09 16:48:00,barometric_pressure_mbar_avg,main,GQR
USA-MDA_water-level_SERC-dock,2021-02-09 16:54:00,barometric_pressure_mbar_avg,main,GQR
USA-MDA_water-level_SERC-dock,2021-02-09 17:00:00,barometric_pressure_mbar_avg,main,GQR
USA-MDA_water-level_SERC-dock,2021-02-09 17:06:00,barometric_pressure_mbar_avg,main,GQR
USA-MDA_water-level_SERC-dock,2021-02-09 17:12:00,barometric_pressure_mbar_avg,main,GQR
USA-MDA_water-level_SERC-dock,2021-02-09 17:18:00,barometric_pressure_mbar_avg,main,GQR
USA-MDA_water-level_SERC-dock,2021-02-09 17:24:00,barometric_pressure_mbar_avg,main,GQR
USA-MDA_water-level_SERC-dock,2021-02-09 17:30:00,barometric_pressure_mbar_avg,main,GQR
USA-MDA_water-level_SERC-dock,2021-02-09 17:36:00,barometric_pressure_mbar_avg,main,GQR
USA-MDA_water-level_SERC-dock,2021-02-09 17:42:00,barometric_pressure_mbar_avg,main,GQR
USA-MDA_water-level_SERC-dock,2021-02-09 17:48:00,barometric_pressure_mbar_avg,main,GQR
USA-MDA_water-level_SERC-dock,2021-02-09 17:54:00,barometric_pressure_mbar_avg,main,GQR
USA-MDA_water-level_SERC-dock,2021-02-09 18:00:00,barometric_pressure_mbar_avg,main,GQR
USA-MDA_water-level_SERC-dock,2021-02-09 18:06:00,barometric_pressure_mbar_avg,main,GQR
USA-MDA_water-level_SERC-dock,2021-02-09 18:12:00,barometric_pressure_mbar_avg,main,GQR
USA-MDA_water-level_SERC-dock,2021-02-09 18:18:00,barometric_pressure_mbar_avg,main,GQR
USA-MDA_water-level_SERC-dock,2021-02-09 18:24:00,barometric_pressure_mbar_avg,main,GQR
USA-MDA_water-level_SERC-dock,2021-02-09 18:30:00,barometric_pressure_mbar_avg,main,GQR
USA-MDA_water-level_SERC-dock,2021-02-09 18:36:00,barometric_pressure_mbar_avg,main,GQR
USA-MDA_water-level_SERC-dock,2021-02-09 18:42:00,barometric_pressure_mbar_avg,main,GQR
USA-MDA_water-level_SERC-dock,2021-02-09 18:48:00,barometric_pressure_mbar_avg,main,GQR
USA-MDA_water-level_SERC-dock,2021-02-09 18:54:00,barometric_pressure_mbar_avg,main,GQR
USA-MDA_water-level_SERC-dock,2021-02-09 19:00:00,barometric_pressure_mbar_avg,main,GQR
USA-MDA_water-level_SERC-dock,2021-02-09 19:06:00,barometric_pressure_mbar_avg,main,GQR
USA-MDA_water-level_SERC-dock,2021-02-09 19:12:00,barometric_pressure_mbar_avg,main,GQR
USA-MDA_water-level_SERC-dock,2021-02-09 19:18:00,barometric_pressure_mbar_avg,main,GQR
USA-MDA_water-level_SERC-dock,2021-02-09 19:24:00,barometric_pressure_mbar_avg,main,GQR
USA-MDA_water-level_SERC-dock,2021-02-09 19:30:00,barometric_pressure_mbar_avg,main,GQR
USA-MDA_water-level_SERC-dock,2021-02-09 19:36:00,barometric_pressure_mbar_avg,main,GQR
USA-MDA_water-level_SERC-dock,2021-02-09 19:42:00,barometric_pressure_mbar_avg,main,GQR
USA-MDA_water-level_SERC-dock,2021-02-09 19:48:00,barometric_pressure_mbar_avg,main,GQR
USA-MDA_water-level_SERC-dock,2021-02-09 19:54:00,barometric_pressure_mbar_avg,main,GQR
USA-MDA_water-level_SERC-dock,2021-02-09 20:00:00,barometric_pressure_mbar_avg,main,GQR
USA-MDA_water-level_SERC-dock,2021-02-09 20:06:00,barometric_pressure_mbar_avg,main,GQR
USA-MDA_water-level_SERC-dock,2021-02-09 20:12:00,barometric_pressure_mbar_avg,main,GQR
USA-MDA_water-level_SERC-dock,2021-02-09 20:18:00,barometric_pressure_mbar_avg,main,GQR
USA-MDA_water-level_SERC-dock,2021-02-09 20:24:00,barometric_pressure_mbar_avg,main,GQR
USA-MDA_water-level_SERC-dock,2021-02-09 20:30:00,barometric_pressure_mbar_avg,main,GQR
USA-MDA_water-level_SERC-dock,2021-02-09 20:36:00,barometric_pressure_mbar_avg,main,GQR
USA-MDA_water-level_SERC-dock,2021-02-09 20:42:00,barometric_pressure_mbar_avg,main,GQR
USA-MDA_water-level_SERC-dock,2021-02-09 20:48:00,barometric_pressure_mbar_avg,main,GQR
USA-MDA_water-level_SERC-dock,2021-02-09 20:54:00,barometric_pressure_mbar_avg,main,GQR
USA-MDA_water-level_SERC-dock,2021-02-09 21:00:00,barometric_pressure_mbar_avg,main,GQR
USA-MDA_water-level_SERC-dock,2021-02-09 21:06:00,barometric_pressure_mbar_avg,main,GQR
USA-MDA_water-level_SERC-dock,2021-02-09 21:12:00,barometric_pressure_mbar_avg,main,GQR
USA-MDA_water-level_SERC-dock,2021-02-09 21:18:00,barometric_pressure_mbar_avg,main,GQR
USA-MDA_water-level_SERC-dock,2021-02-09 21:24:00,barometric_pressure_mbar_avg,main,GQR
USA-MDA_water-level_SERC-dock,2021-02-09 21:30:00,barometric_pressure_mbar_avg,main,GQR
USA-MDA_water-level_SERC-dock,2021-02-09 21:36:00,barometric_pressure_mbar_avg,main,GQR
USA-MDA_water-level_SERC-dock,2021-02-09 21:42:00,barometric_pressure_mbar_avg,main,GQR
USA-MDA_water-level_SERC-dock,2021-02-09 21:48:00,barometric_pressure_mbar_avg,main,GQR
USA-MDA_water-level_SERC-dock,2021-02-09 21:54:00,barometric_pressure_mbar_avg,main,GQR
USA-MDA_water-level_SERC-dock,2021-02-09 22:00:00,barometric_pressure_mbar_avg,main,GQR
USA-MDA_water-level_SERC-dock,2021-02-09 22:06:00,barometric_pressure_mbar_avg,main,GQR
USA-MDA_water-level_SERC-dock,2021-02-09 22:12:00,barometric_pressure_mbar_avg,main,GQR
USA-MDA_water-level_SERC-dock,2021-02-09 22:18:00,barometric_pressure_mbar_avg,main,GQR
USA-MDA_water-level_SERC-dock,2021-02-09 22:24:00,barometric_pressure_mbar_avg,main,GQR
USA-MDA_water-level_SERC-dock,2021-02-09 22:30:00,barometric_pressure_mbar_avg,main,GQR
USA-MDA_water-level_SERC-dock,2021-02-09 22:36:00,barometric_pressure_mbar_avg,main,GQR
USA-MDA_water-level_SERC-dock,2021-02-09 22:42:00,barometric_pressure_mbar_avg,main,GQR
USA-MDA_water-level_SERC-dock,2021-02-09 22:48:00,barometric_pressure_mbar_avg,main,GQR
USA-MDA_water-level_SERC-dock,2021-02-09 22:54:00,barometric_pressure_mbar_avg,main,GQR
USA-MDA_water-level_SERC-dock,2021-02-09 23:00:00,barometric_pressure_mbar_avg,main,GQR
USA-MDA_water-level_SERC-dock,2021-02-09 23:06:00,barometric_pressure_mbar_avg,main,GQR
USA-MDA_water-level_SERC-dock,2021-02-09 23:12:00,barometric_pressure_mbar_avg,main,GQR
USA-MDA_water-level_SERC-dock,2021-02-09 23:18:00,barometric_pressure_mbar_avg,main,GQR
USA-MDA_water-level_SERC-dock,2021-02-09 23:24:00,barometric_pressure_mbar_avg,main,GQR
USA-MDA_water-level_SERC-dock,2021-02-09 23:30:00,barometric_pressure_mbar_avg,main,GQR
USA-MDA_water-level_SERC-dock,2021-02-09 23:36:00,barometric_pressure_mbar_avg,main,GQR
USA-MDA_water-level_SERC-dock,2021-02-09 23:42:00,barometric_pressure_mbar_avg,main,GQR
USA-MDA_water-level_SERC-dock,2021-02-09 23:48:00,barometric_pressure_mbar_avg,main,GQR
USA-MDA_water-level_SERC-dock,2021-02-09 23:54:00,barometric_pressure_mbar_avg,main,GQR
USA-MDA_water-level_SERC-dock,2021-02-10 00:00:00,barometric_pressure_mbar_avg,main,GQR
USA-MDA_water-level_SERC-dock,2021-02-10 00:06:00,barometric_pressure_mbar_avg,main,GQR
USA-MDA_water-level_SERC-dock,2021-02-10 00:12:00,barometric_pressure_mbar_avg,main,GQR
USA-MDA_water-level_SERC-dock,2021-02-10 00:18:00,barometric_pressure_mbar_avg,main,GQR
USA-MDA_water-level_SERC-dock,2021-02-10 00:24:00,barometric_pressure_mbar_avg,main,GQR
USA-MDA_water-level_SERC-dock,2021-02-10 00:30:00,barometric_pressure_mbar_avg,main,GQR
USA-MDA_water-level_SERC-dock,2021-02-10 00:36:00,barometric_pressure_mbar_avg,main,GQR
USA-MDA_water-level_SERC-dock,2021-02-10 00:42:00,barometric_pressure_mbar_avg,main,GQR
USA-MDA_water-level_SERC-dock,2021-02-10 00:48:00,barometric_pressure_mbar_avg,main,GQR
USA-MDA_water-level_SERC-dock,2021-02-10 00:54:00,barometric_pressure_mbar_avg,main,GQR
USA-MDA_water-level_SERC-dock,2021-02-10 01:00:00,barometric_pressure_mbar_avg,main,GQR
USA-MDA_water-level_SERC-dock,2021-02-10 01:06:00,barometric_pressure_mbar_avg,main,GQR
USA-MDA_water-level_SERC-dock,2021-02-10 01:12:00,barometric_pressure_mbar_avg,main,GQR
USA-MDA_water-level_SERC-dock,2021-02-10 01:18:00,barometric_pressure_mbar_avg,main,GQR
USA-MDA_water-level_SERC-dock,2021-02-10 01:24:00,barometric_pressure_mbar_avg,main,GQR
USA-MDA_water-level_SERC-dock,2021-02-10 01:30:00,barometric_pressure_mbar_avg,main,GQR
USA-MDA_water-level_SERC-dock,2021-02-10 01:36:00,barometric_pressure_mbar_avg,main,GQR
USA-MDA_water-level_SERC-dock,2021-02-10 01:42:00,barometric_pressure_mbar_avg,main,GQR
USA-MDA_water-level_SERC-dock,2021-02-10 01:48:00,barometric_pressure_mbar_avg,main,GQR
USA-MDA_water-level_SERC-dock,2021-02-10 01:54:00,barometric_pressure_mbar_avg,main,GQR
USA-MDA_water-level_SERC-dock,2021-02-10 02:00:00,barometric_pressure_mbar_avg,main,GQR
USA-MDA_water-level_SERC-dock,2021-02-10 02:06:00,barometric_pressure_mbar_avg,main,GQR
USA-MDA_water-level_SERC-dock,2021-02-10 02:12:00,barometric_pressure_mbar_avg,main,GQR
USA-MDA_water-level_SERC-dock,2021-02-10 02:18:00,barometric_pressure_mbar_avg,main,GQR
USA-MDA_water-level_SERC-dock,2021-02-10 02:24:00,barometric_pressure_mbar_avg,main,GQR
USA-MDA_water-level_SERC-dock,2021-02-10 02:30:00,barometric_pressure_mbar_avg,main,GQR
USA-MDA_water-level_SERC-dock,2021-02-10 02:36:00,barometric_pressure_mbar_avg,main,GQR
USA-MDA_water-level_SERC-dock,2021-02-10 02:42:00,barometric_pressure_mbar_avg,main,GQR
USA-MDA_water-level_SERC-dock,2021-02-10 02:48:00,barometric_pressure_mbar_avg,main,GQR
USA-MDA_water-level_SERC-dock,2021-02-10 02:54:00,barometric_pressure_mbar_avg,main,GQR
USA-MDA_water-level_SERC-dock,2021-02-10 03:00:00,barometric_pressure_mbar_avg,main,GQR
USA-MDA_water-level_SERC-dock,2021-02-10 03:06:00,barometric_pressure_mbar_avg,main,GQR
USA-MDA_water-level_SERC-dock,2021-02-10 03:12:00,barometric_pressure_mbar_avg,main,GQR
USA-MDA_water-level_SERC-dock,2021-02-10 03:18:00,barometric_pressure_mbar_avg,main,GQR
USA-MDA_water-level_SERC-dock,2021-02-10 03:24:00,barometric_pressure_mbar_avg,main,GQR
USA-MDA_water-level_SERC-dock,2021-02-10 03:30:00,barometric_pressure_mbar_avg,main,GQR
USA-MDA_water-level_SERC-dock,2021-02-10 03:36:00,barometric_pressure_mbar_avg,main,GQR
USA-MDA_water-level_SERC-dock,2021-02-10 03:42:00,barometric_pressure_mbar_avg,main,GQR
USA-MDA_water-level_SERC-dock,2021-02-10 03:48:00,barometric_pressure_mbar_avg,main,GQR
USA-MDA_water-level_SERC-dock,2021-02-10 03:54:00,barometric_pressure_mbar_avg,main,GQR
USA-MDA_water-level_SERC-dock,2021-02-10 04:00:00,barometric_pressure_mbar_avg,main,GQR
USA-MDA_water-level_SERC-dock,2021-02-10 04:06:00,barometric_pressure_mbar_avg,main,GQR
USA-MDA_water-level_SERC-dock,2021-02-10 04:12:00,barometric_pressure_mbar_avg,main,GQR
USA-MDA_water-level_SERC-dock,2021-02-10 04:18:00,barometric_pressure_mbar_avg,main,GQR
USA-MDA_water-level_SERC-dock,2021-02-10 04:24:00,barometric_pressure_mbar_avg,main,GQR
USA-MDA_water-level_SERC-dock,2021-02-10 04:30:00,barometric_pressure_mbar_avg,main,GQR
USA-MDA_water-level_SERC-dock,2021-02-10 04:36:00,barometric_pressure_mbar_avg,main,GQR
USA-MDA_water-level_SERC-dock,2021-02-10 04:42:00,barometric_pressure_mbar_avg,main,GQR
USA-MDA_water-level_SERC-dock,2021-02-10 04:48:00,barometric_pressure_mbar_avg,main,GQR
USA-MDA_water-level_SERC-dock,2021-02-10 04:54:00,barometric_pressure_mbar_avg,main,GQR
USA-MDA_water-level_SERC-dock,2021-02-10 05:00:00,barometric_pressure_mbar_avg,main,GQR
USA-MDA_water-level_SERC-dock,2021-02-10 05:06:00,barometric_pressure_mbar_avg,main,GQR
USA-MDA_water-level_SERC-dock,2021-02-10 05:12:00,barometric_pressure_mbar_avg,main,GQR
USA-MDA_water-level_SERC-dock,2021-02-10 05:18:00,barometric_pressure_mbar_avg,main,GQR
USA-MDA_water-level_SERC-dock,2021-02-10 05:24:00,barometric_pressure_mbar_avg,main,GQR
USA-MDA_water-level_SERC-dock,2021-02-10 05:30:00,barometric_pressure_mbar_avg,main,GQR
USA-MDA_water-level_SERC-dock,2021-02-10 05:36:00,barometric_pressure_mbar_avg,main,GQR
USA-MDA_water-level_SERC-dock,2021-02-10 05:42:00,barometric_pressure_mbar_avg,main,GQR
USA-MDA_water-level_SERC-dock,2021-02-10 05:48:00,barometric_pressure_mbar_avg,main,GQR
USA-MDA_water-level_SERC-dock,2021-02-10 05:54:00,barometric_pressure_mbar_avg,main,GQR
USA-MDA_water-level_SERC-dock,2021-02-10 06:00:00,barometric_pressure_mbar_avg,main,GQR
USA-MDA_water-level_SERC-dock,2021-02-10 06:06:00,barometric_pressure_mbar_avg,main,GQR
USA-MDA_water-level_SERC-dock,2021-02-10 06:12:00,barometric_pressure_mbar_avg,main,GQR
USA-MDA_water-level_SERC-dock,2021-02-10 06:18:00,barometric_pressure_mbar_avg,main,GQR
USA-MDA_water-level_SERC-dock,2021-02-10 06:24:00,barometric_pressure_mbar_avg,main,GQR
USA-MDA_water-level_SERC-dock,2021-02-10 06:30:00,barometric_pressure_mbar_avg,main,GQR
USA-MDA_water-level_SERC-dock,2021-02-10 06:36:00,barometric_pressure_mbar_avg,main,GQR
USA-MDA_water-level_SERC-dock,2021-02-10 06:42:00,barometric_pressure_mbar_avg,main,GQR
USA-MDA_water-level_SERC-dock,2021-02-10 06:48:00,barometric_pressure_mbar_avg,main,GQR
USA-MDA_water-level_SERC-dock,2021-02-10 06:54:00,barometric_pressure_mbar_avg,main,GQR
USA-MDA_water-level_SERC-dock,2021-02-10 07:00:00,barometric_pressure_mbar_avg,main,GQR
USA-MDA_water-level_SERC-dock,2021-02-10 07:06:00,barometric_pressure_mbar_avg,main,GQR
USA-MDA_water-level_SERC-dock,2021-02-10 07:12:00,barometric_pressure_mbar_avg,main,GQR
USA-MDA_water-level_SERC-dock,2021-02-10 07:18:00,barometric_pressure_mbar_avg,main,GQR
USA-MDA_water-level_SERC-dock,2021-02-10 07:24:00,barometric_pressure_mbar_avg,main,GQR
USA-MDA_water-level_SERC-dock,2021-02-10 07:30:00,barometric_pressure_mbar_avg,main,GQR
USA-MDA_water-level_SERC-dock,2021-02-10 07:36:00,barometric_pressure_mbar_avg,main,GQR
USA-MDA_water-level_SERC-dock,2021-02-10 07:42:00,barometric_pressure_mbar_avg,main,GQR
USA-MDA_water-level_SERC-dock,2021-02-10 07:48:00,barometric_pressure_mbar_avg,main,GQR
USA-MDA_water-level_SERC-dock,2021-02-10 07:54:00,barometric_pressure_mbar_avg,main,GQR
USA-MDA_water-level_SERC-dock,2021-02-10 08:00:00,barometric_pressure_mbar_avg,main,GQR
USA-MDA_water-level_SERC-dock,2021-02-10 08:06:00,barometric_pressure_mbar_avg,main,GQR
USA-MDA_water-level_SERC-dock,2021-02-10 08:12:00,barometric_pressure_mbar_avg,main,GQR
USA-MDA_water-level_SERC-dock,2021-02-10 08:18:00,barometric_pressure_mbar_avg,main,GQR
USA-MDA_water-level_SERC-dock,2021-02-10 08:24:00,barometric_pressure_mbar_avg,main,GQR
USA-MDA_water-level_SERC-dock,2021-02-10 08:30:00,barometric_pressure_mbar_avg,main,GQR
USA-MDA_water-level_SERC-dock,2021-02-10 08:36:00,barometric_pressure_mbar_avg,main,GQR
USA-MDA_water-level_SERC-dock,2021-02-10 08:42:00,barometric_pressure_mbar_avg,main,GQR
USA-MDA_water-level_SERC-dock,2021-02-10 08:48:00,barometric_pressure_mbar_avg,main,GQR
USA-MDA_water-level_SERC-dock,2021-02-10 08:54:00,barometric_pressure_mbar_avg,main,GQR
USA-MDA_water-level_SERC-dock,2021-02-10 09:00:00,barometric_pressure_mbar_avg,main,GQR
USA-MDA_water-level_SERC-dock,2021-02-10 09:06:00,barometric_pressure_mbar_avg,main,GQR
USA-MDA_water-level_SERC-dock,2021-02-10 09:12:00,barometric_pressure_mbar_avg,main,GQR
USA-MDA_water-level_SERC-dock,2021-02-10 09:18:00,barometric_pressure_mbar_avg,main,GQR
USA-MDA_water-level_SERC-dock,2021-02-10 09:24:00,barometric_pressure_mbar_avg,main,GQR
USA-MDA_water-level_SERC-dock,2021-02-10 09:30:00,barometric_pressure_mbar_avg,main,GQR
USA-MDA_water-level_SERC-dock,2021-02-10 09:36:00,barometric_pressure_mbar_avg,main,GQR
USA-MDA_water-level_SERC-dock,2021-02-10 09:42:00,barometric_pressure_mbar_avg,main,GQR
USA-MDA_water-level_SERC-dock,2021-02-10 09:48:00,barometric_pressure_mbar_avg,main,GQR
USA-MDA_water-level_SERC-dock,2021-02-10 09:54:00,barometric_pressure_mbar_avg,main,GQR
USA-MDA_water-level_SERC-dock,2021-02-10 10:00:00,barometric_pressure_mbar_avg,main,GQR
USA-MDA_water-level_SERC-dock,2021-02-10 10:06:00,barometric_pressure_mbar_avg,main,GQR
USA-MDA_water-level_SERC-dock,2021-02-10 10:12:00,barometric_pressure_mbar_avg,main,GQR
USA-MDA_water-level_SERC-dock,2021-02-10 10:18:00,barometric_pressure_mbar_avg,main,GQR
USA-MDA_water-level_SERC-dock,2021-02-10 10:24:00,barometric_pressure_mbar_avg,main,GQR
USA-MDA_water-level_SERC-dock,2021-02-10 10:30:00,barometric_pressure_mbar_avg,main,GQR
USA-MDA_water-level_SERC-dock,2021-02-10 10:36:00,barometric_pressure_mbar_avg,main,GQR
USA-MDA_water-level_SERC-dock,2021-02-10 10:42:00,barometric_pressure_mbar_avg,main,GQR
USA-MDA_water-level_SERC-dock,2021-02-10 10:48:00,barometric_pressure_mbar_avg,main,GQR
USA-MDA_water-level_SERC-dock,2021-02-10 10:54:00,barometric_pressure_mbar_avg,main,GQR
USA-MDA_water-level_SERC-dock,2021-02-10 11:00:00,barometric_pressure_mbar_avg,main,GQR
USA-MDA_water-level_SERC-dock,2021-02-10 11:06:00,barometric_pressure_mbar_avg,main,GQR
USA-MDA_water-level_SERC-dock,2021-02-10 11:12:00,barometric_pressure_mbar_avg,main,GQR
USA-MDA_water-level_SERC-dock,2021-02-10 11:18:00,barometric_pressure_mbar_avg,main,GQR
USA-MDA_water-level_SERC-dock,2021-02-10 11:24:00,barometric_pressure_mbar_avg,main,GQR
USA-MDA_water-level_SERC-dock,2021-02-10 11:30:00,barometric_pressure_mbar_avg,main,GQR
USA-MDA_water-level_SERC-dock,2021-02-10 11:36:00,barometric_pressure_mbar_avg,main,GQR
USA-MDA_water-level_SERC-dock,2021-02-10 11:42:00,barometric_pressure_mbar_avg,main,GQR
USA-MDA_water-level_SERC-dock,2021-02-10 11:48:00,barometric_pressure_mbar_avg,main,GQR
USA-MDA_water-level_SERC-dock,2021-02-10 11:54:00,barometric_pressure_mbar_avg,main,GQR
USA-MDA_water-level_SERC-dock,2021-02-10 12:00:00,barometric_pressure_mbar_avg,main,GQR
USA-MDA_water-level_SERC-dock,2021-02-10 12:06:00,barometric_pressure_mbar_avg,main,GQR
USA-MDA_water-level_SERC-dock,2021-02-10 12:12:00,barometric_pressure_mbar_avg,main,GQR
USA-MDA_water-level_SERC-dock,2021-02-10 12:18:00,barometric_pressure_mbar_avg,main,GQR
USA-MDA_water-level_SERC-dock,2021-02-10 12:24:00,barometric_pressure_mbar_avg,main,GQR
USA-MDA_water-level_SERC-dock,2021-02-10 12:30:00,barometric_pressure_mbar_avg,main,GQR
USA-MDA_water-level_SERC-dock,2021-02-10 12:36:00,barometric_pressure_mbar_avg,main,GQR
USA-MDA_water-level_SERC-dock,2021-02-10 12:42:00,barometric_pressure_mbar_avg,main,GQR
USA-MDA_water-level_SERC-dock,2021-02-10 12:48:00,barometric_pressure_mbar_avg,main,GQR
USA-MDA_water-level_SERC-dock,2021-02-10 12:54:00,barometric_pressure_mbar_avg,main,GQR
USA-MDA_water-level_SERC-dock,2021-02-10 13:00:00,barometric_pressure_mbar_avg,main,GQR
USA-MDA_water-level_SERC-dock,2021-02-10 13:06:00,barometric_pressure_mbar_avg,main,GQR
USA-MDA_water-level_SERC-dock,2021-02-10 13:12:00,barometric_pressure_mbar_avg,main,GQR
USA-MDA_water-level_SERC-dock,2021-02-10 13:18:00,barometric_pressure_mbar_avg,main,GQR
USA-MDA_water-level_SERC-dock,2021-02-10 13:24:00,barometric_pressure_mbar_avg,main,GQR
USA-MDA_water-level_SERC-dock,2021-02-10 13:30:00,barometric_pressure_mbar_avg,main,GQR
USA-MDA_water-level_SERC-dock,2021-02-10 13:36:00,barometric_pressure_mbar_avg,main,GQR
USA-MDA_water-level_SERC-dock,2021-02-10 13:42:00,barometric_pressure_mbar_avg,main,GQR
USA-MDA_water-level_SERC-dock,2021-02-10 13:48:00,barometric_pressure_mbar_avg,main,GQR
USA-MDA_water-level_SERC-dock,2021-02-10 13:54:00,barometric_pressure_mbar_avg,main,GQR
USA-MDA_water-level_SERC-dock,2021-02-10 14:00:00,barometric_pressure_mbar_avg,main,GQR
USA-MDA_water-level_SERC-dock,2021-02-10 14:06:00,barometric_pressure_mbar_avg,main,GQR
USA-MDA_water-level_SERC-dock,2021-02-10 14:12:00,barometric_pressure_mbar_avg,main,GQR
USA-MDA_water-level_SERC-dock,2021-02-10 14:18:00,barometric_pressure_mbar_avg,main,GQR
USA-MDA_water-level_SERC-dock,2021-02-10 14:24:00,barometric_pressure_mbar_avg,main,GQR
USA-MDA_water-level_SERC-dock,2021-02-10 14:30:00,barometric_pressure_mbar_avg,main,GQR
USA-MDA_water-level_SERC-dock,2021-02-10 14:36:00,barometric_pressure_mbar_avg,main,GQR
USA-MDA_water-level_SERC-dock,2021-02-10 14:42:00,barometric_pressure_mbar_avg,main,GQR
USA-MDA_water-level_SERC-dock,2021-02-10 14:48:00,barometric_pressure_mbar_avg,main,GQR
USA-MDA_water-level_SERC-dock,2021-02-10 14:54:00,barometric_pressure_mbar_avg,main,GQR
USA-MDA_water-level_SERC-dock,2021-02-10 15:00:00,barometric_pressure_mbar_avg,main,GQR
USA-MDA_water-level_SERC-dock,2021-02-10 15:06:00,barometric_pressure_mbar_avg,main,GQR
USA-MDA_water-level_SERC-dock,2021-02-10 15:12:00,barometric_pressure_mbar_avg,main,GQR
USA-MDA_water-level_SERC-dock,2021-02-10 15:18:00,barometric_pressure_mbar_avg,main,GQR
USA-MDA_water-level_SERC-dock,2021-02-10 15:24:00,barometric_pressure_mbar_avg,main,GQR
USA-MDA_water-level_SERC-dock,2021-02-10 15:30:00,barometric_pressure_mbar_avg,main,GQR
USA-MDA_water-level_SERC-dock,2021-02-10 15:36:00,barometric_pressure_mbar_avg,main,GQR
USA-MDA_water-level_SERC-dock,2021-02-10 15:42:00,barometric_pressure_mbar_avg,main,GQR
USA-MDA_water-level_SERC-dock,2021-02-10 15:48:00,barometric_pressure_mbar_avg,main,GQR
USA-MDA_water-level_SERC-dock,2021-02-10 15:54:00,barometric_pressure_mbar_avg,main,GQR
USA-MDA_water-level_SERC-dock,2021-02-10 16:00:00,barometric_pressure_mbar_avg,main,GQR
USA-MDA_water-level_SERC-dock,2021-02-10 16:06:00,barometric_pressure_mbar_avg,main,GQR
USA-MDA_water-level_SERC-dock,2021-02-10 16:12:00,barometric_pressure_mbar_avg,main,GQR
USA-MDA_water-level_SERC-dock,2021-02-10 16:18:00,barometric_pressure_mbar_avg,main,GQR
USA-MDA_water-level_SERC-dock,2021-02-10 16:24:00,barometric_pressure_mbar_avg,main,GQR
USA-MDA_water-level_SERC-dock,2021-02-10 16:30:00,barometric_pressure_mbar_avg,main,GQR
USA-MDA_water-level_SERC-dock,2021-02-10 16:36:00,barometric_pressure_mbar_avg,main,GQR
USA-MDA_water-level_SERC-dock,2021-02-10 16:42:00,barometric_pressure_mbar_avg,main,GQR
USA-MDA_water-level_SERC-dock,2021-02-10 16:48:00,barometric_pressure_mbar_avg,main,GQR
USA-MDA_water-level_SERC-dock,2021-02-10 16:54:00,barometric_pressure_mbar_avg,main,GQR
USA-MDA_water-level_SERC-dock,2021-02-10 17:00:00,barometric_pressure_mbar_avg,main,GQR
USA-MDA_water-level_SERC-dock,2021-02-10 17:06:00,barometric_pressure_mbar_avg,main,GQR
USA-MDA_water-level_SERC-dock,2021-02-10 17:12:00,barometric_pressure_mbar_avg,main,GQR
USA-MDA_water-level_SERC-dock,2021-02-10 17:18:00,barometric_pressure_mbar_avg,main,GQR
USA-MDA_water-level_SERC-dock,2021-02-10 17:24:00,barometric_pressure_mbar_avg,main,GQR
USA-MDA_water-level_SERC-dock,2021-02-10 17:30:00,barometric_pressure_mbar_avg,main,GQR
USA-MDA_water-level_SERC-dock,2021-02-10 17:36:00,barometric_pressure_mbar_avg,main,GQR
USA-MDA_water-level_SERC-dock,2021-02-10 17:42:00,barometric_pressure_mbar_avg,main,GQR
USA-MDA_water-level_SERC-dock,2021-02-10 17:48:00,barometric_pressure_mbar_avg,main,GQR
USA-MDA_water-level_SERC-dock,2021-02-10 17:54:00,barometric_pressure_mbar_avg,main,GQR
USA-MDA_water-level_SERC-dock,2021-02-10 18:00:00,barometric_pressure_mbar_avg,main,GQR
USA-MDA_water-level_SERC-dock,2021-02-10 18:06:00,barometric_pressure_mbar_avg,main,GQR
USA-MDA_water-level_SERC-dock,2021-02-10 18:12:00,barometric_pressure_mbar_avg,main,GQR
USA-MDA_water-level_SERC-dock,2021-02-10 18:18:00,barometric_pressure_mbar_avg,main,GQR
USA-MDA_water-level_SERC-dock,2021-02-10 18:24:00,barometric_pressure_mbar_avg,main,GQR
USA-MDA_water-level_SERC-dock,2021-02-10 18:30:00,barometric_pressure_mbar_avg,main,GQR
USA-MDA_water-level_SERC-dock,2021-02-10 18:36:00,barometric_pressure_mbar_avg,main,GQR
USA-MDA_water-level_SERC-dock,2021-02-10 18:42:00,barometric_pressure_mbar_avg,main,GQR
USA-MDA_water-level_SERC-dock,2021-02-10 18:48:00,barometric_pressure_mbar_avg,main,GQR
USA-MDA_water-level_SERC-dock,2021-02-10 18:54:00,barometric_pressure_mbar_avg,main,GQR
USA-MDA_water-level_SERC-dock,2021-02-10 19:00:00,barometric_pressure_mbar_avg,main,GQR
USA-MDA_water-level_SERC-dock,2021-02-10 19:06:00,barometric_pressure_mbar_avg,main,GQR
USA-MDA_water-level_SERC-dock,2021-02-10 19:12:00,barometric_pressure_mbar_avg,main,GQR
USA-MDA_water-level_SERC-dock,2021-02-10 19:18:00,barometric_pressure_mbar_avg,main,GQR
USA-MDA_water-level_SERC-dock,2021-02-10 19:24:00,barometric_pressure_mbar_avg,main,GQR
USA-MDA_water-level_SERC-dock,2021-02-10 19:30:00,barometric_pressure_mbar_avg,main,GQR
USA-MDA_water-level_SERC-dock,2021-02-10 19:36:00,barometric_pressure_mbar_avg,main,GQR
USA-MDA_water-level_SERC-dock,2021-02-10 19:42:00,barometric_pressure_mbar_avg,main,GQR
USA-MDA_water-level_SERC-dock,2021-02-10 19:48:00,barometric_pressure_mbar_avg,main,GQR
USA-MDA_water-level_SERC-dock,2021-02-10 19:54:00,barometric_pressure_mbar_avg,main,GQR
USA-MDA_water-level_SERC-dock,2021-02-10 20:00:00,barometric_pressure_mbar_avg,main,GQR
USA-MDA_water-level_SERC-dock,2021-02-10 20:06:00,barometric_pressure_mbar_avg,main,GQR
USA-MDA_water-level_SERC-dock,2021-02-10 20:12:00,barometric_pressure_mbar_avg,main,GQR
USA-MDA_water-level_SERC-dock,2021-02-10 20:18:00,barometric_pressure_mbar_avg,main,GQR
USA-MDA_water-level_SERC-dock,2021-02-10 20:24:00,barometric_pressure_mbar_avg,main,GQR
USA-MDA_water-level_SERC-dock,2021-02-10 20:30:00,barometric_pressure_mbar_avg,main,GQR
USA-MDA_water-level_SERC-dock,2021-02-10 20:36:00,barometric_pressure_mbar_avg,main,GQR
USA-MDA_water-level_SERC-dock,2021-02-10 20:42:00,barometric_pressure_mbar_avg,main,GQR
USA-MDA_water-level_SERC-dock,2021-02-10 20:48:00,barometric_pressure_mbar_avg,main,GQR
USA-MDA_water-level_SERC-dock,2021-02-10 20:54:00,barometric_pressure_mbar_avg,main,GQR
USA-MDA_water-level_SERC-dock,2021-02-10 21:00:00,barometric_pressure_mbar_avg,main,GQR
USA-MDA_water-level_SERC-dock,2021-02-10 21:06:00,barometric_pressure_mbar_avg,main,GQR
USA-MDA_water-level_SERC-dock,2021-02-10 21:12:00,barometric_pressure_mbar_avg,main,GQR
USA-MDA_water-level_SERC-dock,2021-02-10 21:18:00,barometric_pressure_mbar_avg,main,GQR
USA-MDA_water-level_SERC-dock,2021-02-10 21:24:00,barometric_pressure_mbar_avg,main,GQR
USA-MDA_water-level_SERC-dock,2021-02-10 21:30:00,barometric_pressure_mbar_avg,main,GQR
USA-MDA_water-level_SERC-dock,2021-02-10 21:36:00,barometric_pressure_mbar_avg,main,GQR
USA-MDA_water-level_SERC-dock,2021-02-10 21:42:00,barometric_pressure_mbar_avg,main,GQR
USA-MDA_water-level_SERC-dock,2021-02-10 21:48:00,barometric_pressure_mbar_avg,main,GQR
USA-MDA_water-level_SERC-dock,2021-02-10 21:54:00,barometric_pressure_mbar_avg,main,GQR
USA-MDA_water-level_SERC-dock,2021-02-10 22:00:00,barometric_pressure_mbar_avg,main,GQR
USA-MDA_water-level_SERC-dock,2021-02-10 22:06:00,barometric_pressure_mbar_avg,main,GQR
USA-MDA_water-level_SERC-dock,2021-02-10 22:12:00,barometric_pressure_mbar_avg,main,GQR
USA-MDA_water-level_SERC-dock,2021-02-10 22:18:00,barometric_pressure_mbar_avg,main,GQR
USA-MDA_water-level_SERC-dock,2021-02-10 22:24:00,barometric_pressure_mbar_avg,main,GQR
USA-MDA_water-level_SERC-dock,2021-02-10 22:30:00,barometric_pressure_mbar_avg,main,GQR
USA-MDA_water-level_SERC-dock,2021-02-10 22:36:00,barometric_pressure_mbar_avg,main,GQR
USA-MDA_water-level_SERC-dock,2021-02-10 22:42:00,barometric_pressure_mbar_avg,main,GQR
USA-MDA_water-level_SERC-dock,2021-02-10 22:48:00,barometric_pressure_mbar_avg,main,GQR
USA-MDA_water-level_SERC-dock,2021-02-10 22:54:00,barometric_pressure_mbar_avg,main,GQR
USA-MDA_water-level_SERC-dock,2021-02-10 23:00:00,barometric_pressure_mbar_avg,main,GQR
USA-MDA_water-level_SERC-dock,2021-02-10 23:06:00,barometric_pressure_mbar_avg,main,GQR
USA-MDA_water-level_SERC-dock,2021-02-10 23:12:00,barometric_pressure_mbar_avg,main,GQR
USA-MDA_water-level_SERC-dock,2021-02-10 23:18:00,barometric_pressure_mbar_avg,main,GQR
USA-MDA_water-level_SERC-dock,2021-02-10 23:24:00,barometric_pressure_mbar_avg,main,GQR
USA-MDA_water-level_SERC-dock,2021-02-10 23:30:00,barometric_pressure_mbar_avg,main,GQR
USA-MDA_water-level_SERC-dock,2021-02-10 23:36:00,barometric_pressure_mbar_avg,main,GQR
USA-MDA_water-level_SERC-dock,2021-02-10 23:42:00,barometric_pressure_mbar_avg,main,GQR
USA-MDA_water-level_SERC-dock,2021-02-10 23:48:00,barometric_pressure_mbar_avg,main,GQR
USA-MDA_water-level_SERC-dock,2021-02-10 23:54:00,barometric_pressure_mbar_avg,main,GQR
USA-MDA_water-level_SERC-dock,2021-02-11 00:00:00,barometric_pressure_mbar_avg,main,GQR
USA-MDA_water-level_SERC-dock,2021-02-11 00:06:00,barometric_pressure_mbar_avg,main,GQR
USA-MDA_water-level_SERC-dock,2021-02-11 00:12:00,barometric_pressure_mbar_avg,main,GQR
USA-MDA_water-level_SERC-dock,2021-02-11 00:18:00,barometric_pressure_mbar_avg,main,GQR
USA-MDA_water-level_SERC-dock,2021-02-11 00:24:00,barometric_pressure_mbar_avg,main,GQR
USA-MDA_water-level_SERC-dock,2021-02-11 00:30:00,barometric_pressure_mbar_avg,main,GQR
USA-MDA_water-level_SERC-dock,2021-02-11 00:36:00,barometric_pressure_mbar_avg,main,GQR
USA-MDA_water-level_SERC-dock,2021-02-11 00:42:00,barometric_pressure_mbar_avg,main,GQR
USA-MDA_water-level_SERC-dock,2021-02-11 00:48:00,barometric_pressure_mbar_avg,main,GQR
USA-MDA_water-level_SERC-dock,2021-02-11 00:54:00,barometric_pressure_mbar_avg,main,GQR
USA-MDA_water-level_SERC-dock,2021-02-11 01:00:00,barometric_pressure_mbar_avg,main,GQR
USA-MDA_water-level_SERC-dock,2021-02-11 01:06:00,barometric_pressure_mbar_avg,main,GQR
USA-MDA_water-level_SERC-dock,2021-02-11 01:12:00,barometric_pressure_mbar_avg,main,GQR
USA-MDA_water-level_SERC-dock,2021-02-11 01:18:00,barometric_pressure_mbar_avg,main,GQR
USA-MDA_water-level_SERC-dock,2021-02-11 01:24:00,barometric_pressure_mbar_avg,main,GQR
USA-MDA_water-level_SERC-dock,2021-02-11 01:30:00,barometric_pressure_mbar_avg,main,GQR
USA-MDA_water-level_SERC-dock,2021-02-11 01:36:00,barometric_pressure_mbar_avg,main,GQR
USA-MDA_water-level_SERC-dock,2021-02-11 01:42:00,barometric_pressure_mbar_avg,main,GQR
USA-MDA_water-level_SERC-dock,2021-02-11 01:48:00,barometric_pressure_mbar_avg,main,GQR
USA-MDA_water-level_SERC-dock,2021-02-11 01:54:00,barometric_pressure_mbar_avg,main,GQR
USA-MDA_water-level_SERC-dock,2021-02-11 02:00:00,barometric_pressure_mbar_avg,main,GQR
USA-MDA_water-level_SERC-dock,2021-02-11 02:06:00,barometric_pressure_mbar_avg,main,GQR
USA-MDA_water-level_SERC-dock,2021-02-11 02:12:00,barometric_pressure_mbar_avg,main,GQR
USA-MDA_water-level_SERC-dock,2021-02-11 02:18:00,barometric_pressure_mbar_avg,main,GQR
USA-MDA_water-level_SERC-dock,2021-02-11 02:24:00,barometric_pressure_mbar_avg,main,GQR
USA-MDA_water-level_SERC-dock,2021-02-11 02:30:00,barometric_pressure_mbar_avg,main,GQR
USA-MDA_water-level_SERC-dock,2021-02-11 02:36:00,barometric_pressure_mbar_avg,main,GQR
USA-MDA_water-level_SERC-dock,2021-02-11 02:42:00,barometric_pressure_mbar_avg,main,GQR
USA-MDA_water-level_SERC-dock,2021-02-11 02:48:00,barometric_pressure_mbar_avg,main,GQR
USA-MDA_water-level_SERC-dock,2021-02-11 02:54:00,barometric_pressure_mbar_avg,main,GQR
USA-MDA_water-level_SERC-dock,2021-02-11 03:00:00,barometric_pressure_mbar_avg,main,GQR
USA-MDA_water-level_SERC-dock,2021-02-11 03:06:00,barometric_pressure_mbar_avg,main,GQR
USA-MDA_water-level_SERC-dock,2021-02-11 03:12:00,barometric_pressure_mbar_avg,main,GQR
USA-MDA_water-level_SERC-dock,2021-02-11 03:18:00,barometric_pressure_mbar_avg,main,GQR
USA-MDA_water-level_SERC-dock,2021-02-11 03:24:00,barometric_pressure_mbar_avg,main,GQR
USA-MDA_water-level_SERC-dock,2021-02-11 03:30:00,barometric_pressure_mbar_avg,main,GQR
USA-MDA_water-level_SERC-dock,2021-02-11 03:36:00,barometric_pressure_mbar_avg,main,GQR
USA-MDA_water-level_SERC-dock,2021-02-11 03:42:00,barometric_pressure_mbar_avg,main,GQR
USA-MDA_water-level_SERC-dock,2021-02-11 03:48:00,barometric_pressure_mbar_avg,main,GQR
USA-MDA_water-level_SERC-dock,2021-02-11 03:54:00,barometric_pressure_mbar_avg,main,GQR
USA-MDA_water-level_SERC-dock,2021-02-11 04:00:00,barometric_pressure_mbar_avg,main,GQR
USA-MDA_water-level_SERC-dock,2021-02-11 04:06:00,barometric_pressure_mbar_avg,main,GQR
USA-MDA_water-level_SERC-dock,2021-02-11 04:12:00,barometric_pressure_mbar_avg,main,GQR
USA-MDA_water-level_SERC-dock,2021-02-11 04:18:00,barometric_pressure_mbar_avg,main,GQR
USA-MDA_water-level_SERC-dock,2021-02-11 04:24:00,barometric_pressure_mbar_avg,main,GQR
USA-MDA_water-level_SERC-dock,2021-02-11 04:30:00,barometric_pressure_mbar_avg,main,GQR
USA-MDA_water-level_SERC-dock,2021-02-11 04:36:00,barometric_pressure_mbar_avg,main,GQR
USA-MDA_water-level_SERC-dock,2021-02-11 04:42:00,barometric_pressure_mbar_avg,main,GQR
USA-MDA_water-level_SERC-dock,2021-02-11 04:48:00,barometric_pressure_mbar_avg,main,GQR
USA-MDA_water-level_SERC-dock,2021-02-11 04:54:00,barometric_pressure_mbar_avg,main,GQR
USA-MDA_water-level_SERC-dock,2021-02-11 05:00:00,barometric_pressure_mbar_avg,main,GQR
USA-MDA_water-level_SERC-dock,2021-02-11 05:06:00,barometric_pressure_mbar_avg,main,GQR
USA-MDA_water-level_SERC-dock,2021-02-11 05:12:00,barometric_pressure_mbar_avg,main,GQR
USA-MDA_water-level_SERC-dock,2021-02-11 05:18:00,barometric_pressure_mbar_avg,main,GQR
USA-MDA_water-level_SERC-dock,2021-02-11 05:24:00,barometric_pressure_mbar_avg,main,GQR
USA-MDA_water-level_SERC-dock,2021-02-11 05:30:00,barometric_pressure_mbar_avg,main,GQR
USA-MDA_water-level_SERC-dock,2021-02-11 05:36:00,barometric_pressure_mbar_avg,main,GQR
USA-MDA_water-level_SERC-dock,2021-02-11 05:42:00,barometric_pressure_mbar_avg,main,GQR
USA-MDA_water-level_SERC-dock,2021-02-11 05:48:00,barometric_pressure_mbar_avg,main,GQR
USA-MDA_water-level_SERC-dock,2021-02-11 05:54:00,barometric_pressure_mbar_avg,main,GQR
USA-MDA_water-level_SERC-dock,2021-02-11 06:00:00,barometric_pressure_mbar_avg,main,GQR
USA-MDA_water-level_SERC-dock,2021-02-11 06:06:00,barometric_pressure_mbar_avg,main,GQR
USA-MDA_water-level_SERC-dock,2021-02-11 06:12:00,barometric_pressure_mbar_avg,main,GQR
USA-MDA_water-level_SERC-dock,2021-02-11 06:18:00,barometric_pressure_mbar_avg,main,GQR
USA-MDA_water-level_SERC-dock,2021-02-11 06:24:00,barometric_pressure_mbar_avg,main,GQR
USA-MDA_water-level_SERC-dock,2021-02-11 06:30:00,barometric_pressure_mbar_avg,main,GQR
USA-MDA_water-level_SERC-dock,2021-02-11 06:36:00,barometric_pressure_mbar_avg,main,GQR
USA-MDA_water-level_SERC-dock,2021-02-11 06:42:00,barometric_pressure_mbar_avg,main,GQR
USA-MDA_water-level_SERC-dock,2021-02-11 06:48:00,barometric_pressure_mbar_avg,main,GQR
USA-MDA_water-level_SERC-dock,2021-02-11 06:54:00,barometric_pressure_mbar_avg,main,GQR
USA-MDA_water-level_SERC-dock,2021-02-11 07:00:00,barometric_pressure_mbar_avg,main,GQR
USA-MDA_water-level_SERC-dock,2021-02-11 07:06:00,barometric_pressure_mbar_avg,main,GQR
USA-MDA_water-level_SERC-dock,2021-02-11 07:12:00,barometric_pressure_mbar_avg,main,GQR
USA-MDA_water-level_SERC-dock,2021-02-11 07:18:00,barometric_pressure_mbar_avg,main,GQR
USA-MDA_water-level_SERC-dock,2021-02-11 07:24:00,barometric_pressure_mbar_avg,main,GQR
USA-MDA_water-level_SERC-dock,2021-02-11 07:30:00,barometric_pressure_mbar_avg,main,GQR
USA-MDA_water-level_SERC-dock,2021-02-11 07:36:00,barometric_pressure_mbar_avg,main,GQR
USA-MDA_water-level_SERC-dock,2021-02-11 07:42:00,barometric_pressure_mbar_avg,main,GQR
USA-MDA_water-level_SERC-dock,2021-02-11 07:48:00,barometric_pressure_mbar_avg,main,GQR
USA-MDA_water-level_SERC-dock,2021-02-11 07:54:00,barometric_pressure_mbar_avg,main,GQR
USA-MDA_water-level_SERC-dock,2021-02-11 08:00:00,barometric_pressure_mbar_avg,main,GQR
USA-MDA_water-level_SERC-dock,2021-02-11 08:06:00,barometric_pressure_mbar_avg,main,GQR
USA-MDA_water-level_SERC-dock,2021-02-11 08:12:00,barometric_pressure_mbar_avg,main,GQR
USA-MDA_water-level_SERC-dock,2021-02-11 08:18:00,barometric_pressure_mbar_avg,main,GQR
USA-MDA_water-level_SERC-dock,2021-02-11 08:24:00,barometric_pressure_mbar_avg,main,GQR
USA-MDA_water-level_SERC-dock,2021-02-11 08:30:00,barometric_pressure_mbar_avg,main,GQR
USA-MDA_water-level_SERC-dock,2021-02-11 08:36:00,barometric_pressure_mbar_avg,main,GQR
USA-MDA_water-level_SERC-dock,2021-02-11 08:42:00,barometric_pressure_mbar_avg,main,GQR
USA-MDA_water-level_SERC-dock,2021-02-11 08:48:00,barometric_pressure_mbar_avg,main,GQR
USA-MDA_water-level_SERC-dock,2021-02-11 08:54:00,barometric_pressure_mbar_avg,main,GQR
USA-MDA_water-level_SERC-dock,2021-02-11 09:00:00,barometric_pressure_mbar_avg,main,GQR
USA-MDA_water-level_SERC-dock,2021-02-11 09:06:00,barometric_pressure_mbar_avg,main,GQR
USA-MDA_water-level_SERC-dock,2021-02-11 09:12:00,barometric_pressure_mbar_avg,main,GQR
USA-MDA_water-level_SERC-dock,2021-02-11 09:18:00,barometric_pressure_mbar_avg,main,GQR
USA-MDA_water-level_SERC-dock,2021-02-11 09:24:00,barometric_pressure_mbar_avg,main,GQR
USA-MDA_water-level_SERC-dock,2021-02-11 09:30:00,barometric_pressure_mbar_avg,main,GQR
USA-MDA_water-level_SERC-dock,2021-02-11 09:36:00,barometric_pressure_mbar_avg,main,GQR
USA-MDA_water-level_SERC-dock,2021-02-11 09:42:00,barometric_pressure_mbar_avg,main,GQR
USA-MDA_water-level_SERC-dock,2021-02-11 09:48:00,barometric_pressure_mbar_avg,main,GQR
USA-MDA_water-level_SERC-dock,2021-02-11 09:54:00,barometric_pressure_mbar_avg,main,GQR
USA-MDA_water-level_SERC-dock,2021-02-11 10:00:00,barometric_pressure_mbar_avg,main,GQR
USA-MDA_water-level_SERC-dock,2021-02-11 10:06:00,barometric_pressure_mbar_avg,main,GQR
USA-MDA_water-level_SERC-dock,2021-02-11 10:12:00,barometric_pressure_mbar_avg,main,GQR
USA-MDA_water-level_SERC-dock,2021-02-11 10:18:00,barometric_pressure_mbar_avg,main,GQR
USA-MDA_water-level_SERC-dock,2021-02-11 10:24:00,barometric_pressure_mbar_avg,main,GQR
USA-MDA_water-level_SERC-dock,2021-02-11 10:30:00,barometric_pressure_mbar_avg,main,GQR
USA-MDA_water-level_SERC-dock,2021-02-11 10:36:00,barometric_pressure_mbar_avg,main,GQR
USA-MDA_water-level_SERC-dock,2021-02-11 10:42:00,barometric_pressure_mbar_avg,main,GQR
USA-MDA_water-level_SERC-dock,2021-02-11 10:48:00,barometric_pressure_mbar_avg,main,GQR
USA-MDA_water-level_SERC-dock,2021-02-11 10:54:00,barometric_pressure_mbar_avg,main,GQR
USA-MDA_water-level_SERC-dock,2021-02-11 11:00:00,barometric_pressure_mbar_avg,main,GQR
USA-MDA_water-level_SERC-dock,2021-02-11 11:06:00,barometric_pressure_mbar_avg,main,GQR
USA-MDA_water-level_SERC-dock,2021-02-11 11:12:00,barometric_pressure_mbar_avg,main,GQR
USA-MDA_water-level_SERC-dock,2021-02-11 11:18:00,barometric_pressure_mbar_avg,main,GQR
USA-MDA_water-level_SERC-dock,2021-02-11 11:24:00,barometric_pressure_mbar_avg,main,GQR
USA-MDA_water-level_SERC-dock,2021-02-11 11:30:00,barometric_pressure_mbar_avg,main,GQR
USA-MDA_water-level_SERC-dock,2021-02-11 11:36:00,barometric_pressure_mbar_avg,main,GQR
USA-MDA_water-level_SERC-dock,2021-02-11 11:42:00,barometric_pressure_mbar_avg,main,GQR
USA-MDA_water-level_SERC-dock,2021-02-11 11:48:00,barometric_pressure_mbar_avg,main,GQR
USA-MDA_water-level_SERC-dock,2021-02-11 11:54:00,barometric_pressure_mbar_avg,main,GQR
USA-MDA_water-level_SERC-dock,2021-02-11 12:00:00,barometric_pressure_mbar_avg,main,GQR
USA-MDA_water-level_SERC-dock,2021-02-11 12:06:00,barometric_pressure_mbar_avg,main,GQR
USA-MDA_water-level_SERC-dock,2021-02-11 12:12:00,barometric_pressure_mbar_avg,main,GQR
USA-MDA_water-level_SERC-dock,2021-02-11 12:18:00,barometric_pressure_mbar_avg,main,GQR
USA-MDA_water-level_SERC-dock,2021-02-11 12:24:00,barometric_pressure_mbar_avg,main,GQR
USA-MDA_water-level_SERC-dock,2021-02-11 12:30:00,barometric_pressure_mbar_avg,main,GQR
USA-MDA_water-level_SERC-dock,2021-02-11 12:36:00,barometric_pressure_mbar_avg,main,GQR
USA-MDA_water-level_SERC-dock,2021-02-11 12:42:00,barometric_pressure_mbar_avg,main,GQR
USA-MDA_water-level_SERC-dock,2021-02-11 12:48:00,barometric_pressure_mbar_avg,main,GQR
USA-MDA_water-level_SERC-dock,2021-02-11 12:54:00,barometric_pressure_mbar_avg,main,GQR
USA-MDA_water-level_SERC-dock,2021-02-11 13:00:00,barometric_pressure_mbar_avg,main,GQR
USA-MDA_water-level_SERC-dock,2021-02-11 13:06:00,barometric_pressure_mbar_avg,main,GQR
USA-MDA_water-level_SERC-dock,2021-02-11 13:12:00,barometric_pressure_mbar_avg,main,GQR
USA-MDA_water-level_SERC-dock,2021-02-11 13:18:00,barometric_pressure_mbar_avg,main,GQR
USA-MDA_water-level_SERC-dock,2021-02-11 13:24:00,barometric_pressure_mbar_avg,main,GQR
USA-MDA_water-level_SERC-dock,2021-02-11 13:30:00,barometric_pressure_mbar_avg,main,GQR
USA-MDA_water-level_SERC-dock,2021-02-11 13:36:00,barometric_pressure_mbar_avg,main,GQR
USA-MDA_water-level_SERC-dock,2021-02-11 13:42:00,barometric_pressure_mbar_avg,main,GQR
USA-MDA_water-level_SERC-dock,2021-02-11 13:48:00,barometric_pressure_mbar_avg,main,GQR
USA-MDA_water-level_SERC-dock,2021-02-11 13:54:00,barometric_pressure_mbar_avg,main,GQR
USA-MDA_water-level_SERC-dock,2021-02-11 14:00:00,barometric_pressure_mbar_avg,main,GQR
USA-MDA_water-level_SERC-dock,2021-02-11 14:06:00,barometric_pressure_mbar_avg,main,GQR
USA-MDA_water-level_SERC-dock,2021-02-11 14:12:00,barometric_pressure_mbar_avg,main,GQR
USA-MDA_water-level_SERC-dock,2021-02-11 14:18:00,barometric_pressure_mbar_avg,main,GQR
USA-MDA_water-level_SERC-dock,2021-02-11 14:24:00,barometric_pressure_mbar_avg,main,GQR
USA-MDA_water-level_SERC-dock,2021-02-11 14:30:00,barometric_pressure_mbar_avg,main,GQR
USA-MDA_water-level_SERC-dock,2021-02-11 14:36:00,barometric_pressure_mbar_avg,main,GQR
USA-MDA_water-level_SERC-dock,2021-02-11 14:42:00,barometric_pressure_mbar_avg,main,GQR
USA-MDA_water-level_SERC-dock,2021-02-11 14:48:00,barometric_pressure_mbar_avg,main,GQR
USA-MDA_water-level_SERC-dock,2021-02-11 14:54:00,barometric_pressure_mbar_avg,main,GQR
USA-MDA_water-level_SERC-dock,2021-02-11 15:00:00,barometric_pressure_mbar_avg,main,GQR
USA-MDA_water-level_SERC-dock,2021-02-11 15:06:00,barometric_pressure_mbar_avg,main,GQR
USA-MDA_water-level_SERC-dock,2021-02-11 15:12:00,barometric_pressure_mbar_avg,main,GQR
USA-MDA_water-level_SERC-dock,2021-02-11 15:18:00,barometric_pressure_mbar_avg,main,GQR
USA-MDA_water-level_SERC-dock,2021-02-11 15:24:00,barometric_pressure_mbar_avg,main,GQR
USA-MDA_water-level_SERC-dock,2021-02-11 15:30:00,barometric_pressure_mbar_avg,main,GQR
USA-MDA_water-level_SERC-dock,2021-02-11 15:36:00,barometric_pressure_mbar_avg,main,GQR
USA-MDA_water-level_SERC-dock,2021-02-11 15:42:00,barometric_pressure_mbar_avg,main,GQR
USA-MDA_water-level_SERC-dock,2021-02-11 15:48:00,barometric_pressure_mbar_avg,main,GQR
USA-MDA_water-level_SERC-dock,2021-02-11 15:54:00,barometric_pressure_mbar_avg,main,GQR
USA-MDA_water-level_SERC-dock,2021-02-11 16:00:00,barometric_pressure_mbar_avg,main,GQR
USA-MDA_water-level_SERC-dock,2021-02-11 16:06:00,barometric_pressure_mbar_avg,main,GQR
USA-MDA_water-level_SERC-dock,2021-02-11 16:12:00,barometric_pressure_mbar_avg,main,GQR
USA-MDA_water-level_SERC-dock,2021-02-11 16:18:00,barometric_pressure_mbar_avg,main,GQR
USA-MDA_water-level_SERC-dock,2021-02-11 16:24:00,barometric_pressure_mbar_avg,main,GQR
USA-MDA_water-level_SERC-dock,2021-02-11 16:30:00,barometric_pressure_mbar_avg,main,GQR
USA-MDA_water-level_SERC-dock,2021-02-11 16:36:00,barometric_pressure_mbar_avg,main,GQR
USA-MDA_water-level_SERC-dock,2021-02-11 16:42:00,barometric_pressure_mbar_avg,main,GQR
USA-MDA_water-level_SERC-dock,2021-02-11 16:48:00,barometric_pressure_mbar_avg,main,GQR
USA-MDA_water-level_SERC-dock,2021-02-11 16:54:00,barometric_pressure_mbar_avg,main,GQR
USA-MDA_water-level_SERC-dock,2021-02-11 17:00:00,barometric_pressure_mbar_avg,main,GQR
USA-MDA_water-level_SERC-dock,2021-02-11 17:06:00,barometric_pressure_mbar_avg,main,GQR
USA-MDA_water-level_SERC-dock,2021-02-11 17:12:00,barometric_pressure_mbar_avg,main,GQR
USA-MDA_water-level_SERC-dock,2021-02-11 17:18:00,barometric_pressure_mbar_avg,main,GQR
USA-MDA_water-level_SERC-dock,2021-02-11 17:24:00,barometric_pressure_mbar_avg,main,GQR
USA-MDA_water-level_SERC-dock,2021-02-11 17:30:00,barometric_pressure_mbar_avg,main,GQR
USA-MDA_water-level_SERC-dock,2021-02-11 17:36:00,barometric_pressure_mbar_avg,main,GQR
USA-MDA_water-level_SERC-dock,2021-02-11 17:42:00,barometric_pressure_mbar_avg,main,GQR
USA-MDA_water-level_SERC-dock,2021-02-11 17:48:00,barometric_pressure_mbar_avg,main,GQR
USA-MDA_water-level_SERC-dock,2021-02-11 17:54:00,barometric_pressure_mbar_avg,main,GQR
USA-MDA_water-level_SERC-dock,2021-02-11 18:00:00,barometric_pressure_mbar_avg,main,GQR
USA-MDA_water-level_SERC-dock,2021-02-11 18:06:00,barometric_pressure_mbar_avg,main,GQR
USA-MDA_water-level_SERC-dock,2021-02-11 18:12:00,barometric_pressure_mbar_avg,main,GQR
USA-MDA_water-level_SERC-dock,2021-02-11 18:18:00,barometric_pressure_mbar_avg,main,GQR
USA-MDA_water-level_SERC-dock,2021-02-11 18:24:00,barometric_pressure_mbar_avg,main,GQR
USA-MDA_water-level_SERC-dock,2021-02-11 18:30:00,barometric_pressure_mbar_avg,main,GQR
USA-MDA_water-level_SERC-dock,2021-02-11 18:36:00,barometric_pressure_mbar_avg,main,GQR
USA-MDA_water-level_SERC-dock,2021-02-11 18:42:00,barometric_pressure_mbar_avg,main,GQR
USA-MDA_water-level_SERC-dock,2021-02-11 18:48:00,barometric_pressure_mbar_avg,main,GQR
USA-MDA_water-level_SERC-dock,2021-02-11 18:54:00,barometric_pressure_mbar_avg,main,GQR
USA-MDA_water-level_SERC-dock,2021-02-11 19:00:00,barometric_pressure_mbar_avg,main,GQR
USA-MDA_water-level_SERC-dock,2021-02-11 19:06:00,barometric_pressure_mbar_avg,main,GQR
USA-MDA_water-level_SERC-dock,2021-02-11 19:12:00,barometric_pressure_mbar_avg,main,GQR
USA-MDA_water-level_SERC-dock,2021-02-11 19:18:00,barometric_pressure_mbar_avg,main,GQR
USA-MDA_water-level_SERC-dock,2021-02-11 19:24:00,barometric_pressure_mbar_avg,main,GQR
USA-MDA_water-level_SERC-dock,2021-02-11 19:30:00,barometric_pressure_mbar_avg,main,GQR
USA-MDA_water-level_SERC-dock,2021-02-11 19:36:00,barometric_pressure_mbar_avg,main,GQR
USA-MDA_water-level_SERC-dock,2021-02-11 19:42:00,barometric_pressure_mbar_avg,main,GQR
USA-MDA_water-level_SERC-dock,2021-02-11 19:48:00,barometric_pressure_mbar_avg,main,GQR
USA-MDA_water-level_SERC-dock,2021-02-11 19:54:00,barometric_pressure_mbar_avg,main,GQR
USA-MDA_water-level_SERC-dock,2021-02-11 20:00:00,barometric_pressure_mbar_avg,main,GQR
USA-MDA_water-level_SERC-dock,2021-02-11 20:06:00,barometric_pressure_mbar_avg,main,GQR
USA-MDA_water-level_SERC-dock,2021-02-11 20:12:00,barometric_pressure_mbar_avg,main,GQR
USA-MDA_water-level_SERC-dock,2021-02-11 20:18:00,barometric_pressure_mbar_avg,main,GQR
USA-MDA_water-level_SERC-dock,2021-02-11 20:24:00,barometric_pressure_mbar_avg,main,GQR
USA-MDA_water-level_SERC-dock,2021-02-11 20:30:00,barometric_pressure_mbar_avg,main,GQR
USA-MDA_water-level_SERC-dock,2021-02-11 20:36:00,barometric_pressure_mbar_avg,main,GQR
USA-MDA_water-level_SERC-dock,2021-02-11 20:42:00,barometric_pressure_mbar_avg,main,GQR
USA-MDA_water-level_SERC-dock,2021-02-11 20:48:00,barometric_pressure_mbar_avg,main,GQR
USA-MDA_water-level_SERC-dock,2021-02-11 20:54:00,barometric_pressure_mbar_avg,main,GQR
USA-MDA_water-level_SERC-dock,2021-02-11 21:00:00,barometric_pressure_mbar_avg,main,GQR
USA-MDA_water-level_SERC-dock,2021-02-11 21:06:00,barometric_pressure_mbar_avg,main,GQR
USA-MDA_water-level_SERC-dock,2021-02-11 21:12:00,barometric_pressure_mbar_avg,main,GQR
USA-MDA_water-level_SERC-dock,2021-02-11 21:18:00,barometric_pressure_mbar_avg,main,GQR
USA-MDA_water-level_SERC-dock,2021-02-11 21:24:00,barometric_pressure_mbar_avg,main,GQR
USA-MDA_water-level_SERC-dock,2021-02-11 21:30:00,barometric_pressure_mbar_avg,main,GQR
USA-MDA_water-level_SERC-dock,2021-02-11 21:36:00,barometric_pressure_mbar_avg,main,GQR
USA-MDA_water-level_SERC-dock,2021-02-11 21:42:00,barometric_pressure_mbar_avg,main,GQR
USA-MDA_water-level_SERC-dock,2021-02-11 21:48:00,barometric_pressure_mbar_avg,main,GQR
USA-MDA_water-level_SERC-dock,2021-02-11 21:54:00,barometric_pressure_mbar_avg,main,GQR
USA-MDA_water-level_SERC-dock,2021-02-11 22:00:00,barometric_pressure_mbar_avg,main,GQR
USA-MDA_water-level_SERC-dock,2021-02-11 22:06:00,barometric_pressure_mbar_avg,main,GQR
USA-MDA_water-level_SERC-dock,2021-02-11 22:12:00,barometric_pressure_mbar_avg,main,GQR
USA-MDA_water-level_SERC-dock,2021-02-11 22:18:00,barometric_pressure_mbar_avg,main,GQR
USA-MDA_water-level_SERC-dock,2021-02-11 22:24:00,barometric_pressure_mbar_avg,main,GQR
USA-MDA_water-level_SERC-dock,2021-02-11 22:30:00,barometric_pressure_mbar_avg,main,GQR
USA-MDA_water-level_SERC-dock,2021-02-11 22:36:00,barometric_pressure_mbar_avg,main,GQR
USA-MDA_water-level_SERC-dock,2021-02-11 22:42:00,barometric_pressure_mbar_avg,main,GQR
USA-MDA_water-level_SERC-dock,2021-02-11 22:48:00,barometric_pressure_mbar_avg,main,GQR
USA-MDA_water-level_SERC-dock,2021-02-11 22:54:00,barometric_pressure_mbar_avg,main,GQR
USA-MDA_water-level_SERC-dock,2021-02-11 23:00:00,barometric_pressure_mbar_avg,main,GQR
USA-MDA_water-level_SERC-dock,2021-02-11 23:06:00,barometric_pressure_mbar_avg,main,GQR
USA-MDA_water-level_SERC-dock,2021-02-11 23:12:00,barometric_pressure_mbar_avg,main,GQR
USA-MDA_water-level_SERC-dock,2021-02-11 23:18:00,barometric_pressure_mbar_avg,main,GQR
USA-MDA_water-level_SERC-dock,2021-02-11 23:24:00,barometric_pressure_mbar_avg,main,GQR
USA-MDA_water-level_SERC-dock,2021-02-11 23:30:00,barometric_pressure_mbar_avg,main,GQR
USA-MDA_water-level_SERC-dock,2021-02-11 23:36:00,barometric_pressure_mbar_avg,main,GQR
USA-MDA_water-level_SERC-dock,2021-02-11 23:42:00,barometric_pressure_mbar_avg,main,GQR
USA-MDA_water-level_SERC-dock,2021-02-11 23:48:00,barometric_pressure_mbar_avg,main,GQR
USA-MDA_water-level_SERC-dock,2021-02-11 23:54:00,barometric_pressure_mbar_avg,main,GQR
USA-MDA_water-level_SERC-dock,2021-02-12 00:00:00,barometric_pressure_mbar_avg,main,GQR
USA-MDA_water-level_SERC-dock,2021-02-12 00:06:00,barometric_pressure_mbar_avg,main,GQR
USA-MDA_water-level_SERC-dock,2021-02-12 00:12:00,barometric_pressure_mbar_avg,main,GQR
USA-MDA_water-level_SERC-dock,2021-02-12 00:18:00,barometric_pressure_mbar_avg,main,GQR
USA-MDA_water-level_SERC-dock,2021-02-12 00:24:00,barometric_pressure_mbar_avg,main,GQR
USA-MDA_water-level_SERC-dock,2021-02-12 00:30:00,barometric_pressure_mbar_avg,main,GQR
USA-MDA_water-level_SERC-dock,2021-02-12 00:36:00,barometric_pressure_mbar_avg,main,GQR
USA-MDA_water-level_SERC-dock,2021-02-12 00:42:00,barometric_pressure_mbar_avg,main,GQR
USA-MDA_water-level_SERC-dock,2021-02-12 00:48:00,barometric_pressure_mbar_avg,main,GQR
USA-MDA_water-level_SERC-dock,2021-02-12 00:54:00,barometric_pressure_mbar_avg,main,GQR
USA-MDA_water-level_SERC-dock,2021-02-12 01:00:00,barometric_pressure_mbar_avg,main,GQR
USA-MDA_water-level_SERC-dock,2021-02-12 01:06:00,barometric_pressure_mbar_avg,main,GQR
USA-MDA_water-level_SERC-dock,2021-02-12 01:12:00,barometric_pressure_mbar_avg,main,GQR
USA-MDA_water-level_SERC-dock,2021-02-12 01:18:00,barometric_pressure_mbar_avg,main,GQR
USA-MDA_water-level_SERC-dock,2021-02-12 01:24:00,barometric_pressure_mbar_avg,main,GQR
USA-MDA_water-level_SERC-dock,2021-02-12 01:30:00,barometric_pressure_mbar_avg,main,GQR
USA-MDA_water-level_SERC-dock,2021-02-12 01:36:00,barometric_pressure_mbar_avg,main,GQR
USA-MDA_water-level_SERC-dock,2021-02-12 01:42:00,barometric_pressure_mbar_avg,main,GQR
USA-MDA_water-level_SERC-dock,2021-02-12 01:48:00,barometric_pressure_mbar_avg,main,GQR
USA-MDA_water-level_SERC-dock,2021-02-12 01:54:00,barometric_pressure_mbar_avg,main,GQR
USA-MDA_water-level_SERC-dock,2021-02-12 02:00:00,barometric_pressure_mbar_avg,main,GQR
USA-MDA_water-level_SERC-dock,2021-02-12 02:06:00,barometric_pressure_mbar_avg,main,GQR
USA-MDA_water-level_SERC-dock,2021-02-12 02:12:00,barometric_pressure_mbar_avg,main,GQR
USA-MDA_water-level_SERC-dock,2021-02-12 02:18:00,barometric_pressure_mbar_avg,main,GQR
USA-MDA_water-level_SERC-dock,2021-02-12 02:24:00,barometric_pressure_mbar_avg,main,GQR
USA-MDA_water-level_SERC-dock,2021-02-12 02:30:00,barometric_pressure_mbar_avg,main,GQR
USA-MDA_water-level_SERC-dock,2021-02-12 02:36:00,barometric_pressure_mbar_avg,main,GQR
USA-MDA_water-level_SERC-dock,2021-02-12 02:42:00,barometric_pressure_mbar_avg,main,GQR
USA-MDA_water-level_SERC-dock,2021-02-12 02:48:00,barometric_pressure_mbar_avg,main,GQR
USA-MDA_water-level_SERC-dock,2021-02-12 02:54:00,barometric_pressure_mbar_avg,main,GQR
USA-MDA_water-level_SERC-dock,2021-02-12 03:00:00,barometric_pressure_mbar_avg,main,GQR
USA-MDA_water-level_SERC-dock,2021-02-12 03:06:00,barometric_pressure_mbar_avg,main,GQR
USA-MDA_water-level_SERC-dock,2021-02-12 03:12:00,barometric_pressure_mbar_avg,main,GQR
USA-MDA_water-level_SERC-dock,2021-02-12 03:18:00,barometric_pressure_mbar_avg,main,GQR
USA-MDA_water-level_SERC-dock,2021-02-12 03:24:00,barometric_pressure_mbar_avg,main,GQR
USA-MDA_water-level_SERC-dock,2021-02-12 03:30:00,barometric_pressure_mbar_avg,main,GQR
USA-MDA_water-level_SERC-dock,2021-02-12 03:36:00,barometric_pressure_mbar_avg,main,GQR
USA-MDA_water-level_SERC-dock,2021-02-12 03:42:00,barometric_pressure_mbar_avg,main,GQR
USA-MDA_water-level_SERC-dock,2021-02-12 03:48:00,barometric_pressure_mbar_avg,main,GQR
USA-MDA_water-level_SERC-dock,2021-02-12 03:54:00,barometric_pressure_mbar_avg,main,GQR
USA-MDA_water-level_SERC-dock,2021-02-12 04:00:00,barometric_pressure_mbar_avg,main,GQR
USA-MDA_water-level_SERC-dock,2021-02-12 04:06:00,barometric_pressure_mbar_avg,main,GQR
USA-MDA_water-level_SERC-dock,2021-02-12 04:12:00,barometric_pressure_mbar_avg,main,GQR
USA-MDA_water-level_SERC-dock,2021-02-12 04:18:00,barometric_pressure_mbar_avg,main,GQR
USA-MDA_water-level_SERC-dock,2021-02-12 04:24:00,barometric_pressure_mbar_avg,main,GQR
USA-MDA_water-level_SERC-dock,2021-02-12 04:30:00,barometric_pressure_mbar_avg,main,GQR
USA-MDA_water-level_SERC-dock,2021-02-12 04:36:00,barometric_pressure_mbar_avg,main,GQR
USA-MDA_water-level_SERC-dock,2021-02-12 04:42:00,barometric_pressure_mbar_avg,main,GQR
USA-MDA_water-level_SERC-dock,2021-02-12 04:48:00,barometric_pressure_mbar_avg,main,GQR
USA-MDA_water-level_SERC-dock,2021-02-12 04:54:00,barometric_pressure_mbar_avg,main,GQR
USA-MDA_water-level_SERC-dock,2021-02-12 05:00:00,barometric_pressure_mbar_avg,main,GQR
USA-MDA_water-level_SERC-dock,2021-02-12 05:06:00,barometric_pressure_mbar_avg,main,GQR
USA-MDA_water-level_SERC-dock,2021-02-12 05:12:00,barometric_pressure_mbar_avg,main,GQR
USA-MDA_water-level_SERC-dock,2021-02-12 05:18:00,barometric_pressure_mbar_avg,main,GQR
USA-MDA_water-level_SERC-dock,2021-02-12 05:24:00,barometric_pressure_mbar_avg,main,GQR
USA-MDA_water-level_SERC-dock,2021-02-12 05:30:00,barometric_pressure_mbar_avg,main,GQR
USA-MDA_water-level_SERC-dock,2021-02-12 05:36:00,barometric_pressure_mbar_avg,main,GQR
USA-MDA_water-level_SERC-dock,2021-02-12 05:42:00,barometric_pressure_mbar_avg,main,GQR
USA-MDA_water-level_SERC-dock,2021-02-12 05:48:00,barometric_pressure_mbar_avg,main,GQR
USA-MDA_water-level_SERC-dock,2021-02-12 05:54:00,barometric_pressure_mbar_avg,main,GQR
USA-MDA_water-level_SERC-dock,2021-02-12 06:00:00,barometric_pressure_mbar_avg,main,GQR
USA-MDA_water-level_SERC-dock,2021-02-12 06:06:00,barometric_pressure_mbar_avg,main,GQR
USA-MDA_water-level_SERC-dock,2021-02-12 06:12:00,barometric_pressure_mbar_avg,main,GQR
USA-MDA_water-level_SERC-dock,2021-02-12 06:18:00,barometric_pressure_mbar_avg,main,GQR
USA-MDA_water-level_SERC-dock,2021-02-12 06:24:00,barometric_pressure_mbar_avg,main,GQR
USA-MDA_water-level_SERC-dock,2021-02-12 06:30:00,barometric_pressure_mbar_avg,main,GQR
USA-MDA_water-level_SERC-dock,2021-02-12 06:36:00,barometric_pressure_mbar_avg,main,GQR
USA-MDA_water-level_SERC-dock,2021-02-12 06:42:00,barometric_pressure_mbar_avg,main,GQR
USA-MDA_water-level_SERC-dock,2021-02-12 06:48:00,barometric_pressure_mbar_avg,main,GQR
USA-MDA_water-level_SERC-dock,2021-02-12 06:54:00,barometric_pressure_mbar_avg,main,GQR
USA-MDA_water-level_SERC-dock,2021-02-12 07:00:00,barometric_pressure_mbar_avg,main,GQR
USA-MDA_water-level_SERC-dock,2021-02-12 07:06:00,barometric_pressure_mbar_avg,main,GQR
USA-MDA_water-level_SERC-dock,2021-02-12 07:12:00,barometric_pressure_mbar_avg,main,GQR
USA-MDA_water-level_SERC-dock,2021-02-12 07:18:00,barometric_pressure_mbar_avg,main,GQR
USA-MDA_water-level_SERC-dock,2021-02-12 07:24:00,barometric_pressure_mbar_avg,main,GQR
USA-MDA_water-level_SERC-dock,2021-02-12 07:30:00,barometric_pressure_mbar_avg,main,GQR
USA-MDA_water-level_SERC-dock,2021-02-12 07:36:00,barometric_pressure_mbar_avg,main,GQR
USA-MDA_water-level_SERC-dock,2021-02-12 07:42:00,barometric_pressure_mbar_avg,main,GQR
USA-MDA_water-level_SERC-dock,2021-02-12 07:48:00,barometric_pressure_mbar_avg,main,GQR
USA-MDA_water-level_SERC-dock,2021-02-12 07:54:00,barometric_pressure_mbar_avg,main,GQR
USA-MDA_water-level_SERC-dock,2021-02-12 08:00:00,barometric_pressure_mbar_avg,main,GQR
USA-MDA_water-level_SERC-dock,2021-02-12 08:06:00,barometric_pressure_mbar_avg,main,GQR
USA-MDA_water-level_SERC-dock,2021-02-12 08:12:00,barometric_pressure_mbar_avg,main,GQR
USA-MDA_water-level_SERC-dock,2021-02-12 08:18:00,barometric_pressure_mbar_avg,main,GQR
USA-MDA_water-level_SERC-dock,2021-02-12 08:24:00,barometric_pressure_mbar_avg,main,GQR
USA-MDA_water-level_SERC-dock,2021-02-12 08:30:00,barometric_pressure_mbar_avg,main,GQR
USA-MDA_water-level_SERC-dock,2021-02-12 08:36:00,barometric_pressure_mbar_avg,main,GQR
USA-MDA_water-level_SERC-dock,2021-02-12 08:42:00,barometric_pressure_mbar_avg,main,GQR
USA-MDA_water-level_SERC-dock,2021-02-12 08:48:00,barometric_pressure_mbar_avg,main,GQR
USA-MDA_water-level_SERC-dock,2021-02-12 08:54:00,barometric_pressure_mbar_avg,main,GQR
USA-MDA_water-level_SERC-dock,2021-02-12 09:00:00,barometric_pressure_mbar_avg,main,GQR
USA-MDA_water-level_SERC-dock,2021-02-12 09:06:00,barometric_pressure_mbar_avg,main,GQR
USA-MDA_water-level_SERC-dock,2021-02-12 09:12:00,barometric_pressure_mbar_avg,main,GQR
USA-MDA_water-level_SERC-dock,2021-02-12 09:18:00,barometric_pressure_mbar_avg,main,GQR
USA-MDA_water-level_SERC-dock,2021-02-12 09:24:00,barometric_pressure_mbar_avg,main,GQR
USA-MDA_water-level_SERC-dock,2021-02-12 09:30:00,barometric_pressure_mbar_avg,main,GQR
USA-MDA_water-level_SERC-dock,2021-02-12 09:36:00,barometric_pressure_mbar_avg,main,GQR
USA-MDA_water-level_SERC-dock,2021-02-12 09:42:00,barometric_pressure_mbar_avg,main,GQR
USA-MDA_water-level_SERC-dock,2021-02-12 09:48:00,barometric_pressure_mbar_avg,main,GQR
USA-MDA_water-level_SERC-dock,2021-02-12 09:54:00,barometric_pressure_mbar_avg,main,GQR
USA-MDA_water-level_SERC-dock,2021-02-12 10:00:00,barometric_pressure_mbar_avg,main,GQR
USA-MDA_water-level_SERC-dock,2021-02-12 10:06:00,barometric_pressure_mbar_avg,main,GQR
USA-MDA_water-level_SERC-dock,2021-02-12 10:12:00,barometric_pressure_mbar_avg,main,GQR
USA-MDA_water-level_SERC-dock,2021-02-12 10:18:00,barometric_pressure_mbar_avg,main,GQR
USA-MDA_water-level_SERC-dock,2021-02-12 10:24:00,barometric_pressure_mbar_avg,main,GQR
USA-MDA_water-level_SERC-dock,2021-02-12 10:30:00,barometric_pressure_mbar_avg,main,GQR
USA-MDA_water-level_SERC-dock,2021-02-12 10:36:00,barometric_pressure_mbar_avg,main,GQR
USA-MDA_water-level_SERC-dock,2021-02-12 10:42:00,barometric_pressure_mbar_avg,main,GQR
USA-MDA_water-level_SERC-dock,2021-02-12 10:48:00,barometric_pressure_mbar_avg,main,GQR
USA-MDA_water-level_SERC-dock,2021-02-12 10:54:00,barometric_pressure_mbar_avg,main,GQR
USA-MDA_water-level_SERC-dock,2021-02-12 11:00:00,barometric_pressure_mbar_avg,main,GQR
USA-MDA_water-level_SERC-dock,2021-02-12 11:06:00,barometric_pressure_mbar_avg,main,GQR
USA-MDA_water-level_SERC-dock,2021-02-12 11:12:00,barometric_pressure_mbar_avg,main,GQR
USA-MDA_water-level_SERC-dock,2021-02-12 11:18:00,barometric_pressure_mbar_avg,main,GQR
USA-MDA_water-level_SERC-dock,2021-02-12 11:24:00,barometric_pressure_mbar_avg,main,GQR
USA-MDA_water-level_SERC-dock,2021-02-12 11:30:00,barometric_pressure_mbar_avg,main,GQR
USA-MDA_water-level_SERC-dock,2021-02-12 11:36:00,barometric_pressure_mbar_avg,main,GQR
USA-MDA_water-level_SERC-dock,2021-02-12 11:42:00,barometric_pressure_mbar_avg,main,GQR
USA-MDA_water-level_SERC-dock,2021-02-12 11:48:00,barometric_pressure_mbar_avg,main,GQR
USA-MDA_water-level_SERC-dock,2021-02-12 11:54:00,barometric_pressure_mbar_avg,main,GQR
USA-MDA_water-level_SERC-dock,2021-02-12 12:00:00,barometric_pressure_mbar_avg,main,GQR
USA-MDA_water-level_SERC-dock,2021-02-12 12:06:00,barometric_pressure_mbar_avg,main,GQR
USA-MDA_water-level_SERC-dock,2021-02-12 12:12:00,barometric_pressure_mbar_avg,main,GQR
USA-MDA_water-level_SERC-dock,2021-02-12 12:18:00,barometric_pressure_mbar_avg,main,GQR
USA-MDA_water-level_SERC-dock,2021-02-12 12:24:00,barometric_pressure_mbar_avg,main,GQR
USA-MDA_water-level_SERC-dock,2021-02-12 12:30:00,barometric_pressure_mbar_avg,main,GQR
USA-MDA_water-level_SERC-dock,2021-02-12 12:36:00,barometric_pressure_mbar_avg,main,GQR
USA-MDA_water-level_SERC-dock,2021-02-12 12:42:00,barometric_pressure_mbar_avg,main,GQR
USA-MDA_water-level_SERC-dock,2021-02-12 12:48:00,barometric_pressure_mbar_avg,main,GQR
USA-MDA_water-level_SERC-dock,2021-02-12 12:54:00,barometric_pressure_mbar_avg,main,GQR
USA-MDA_water-level_SERC-dock,2021-02-12 13:00:00,barometric_pressure_mbar_avg,main,GQR
USA-MDA_water-level_SERC-dock,2021-02-12 13:06:00,barometric_pressure_mbar_avg,main,GQR
USA-MDA_water-level_SERC-dock,2021-02-12 13:12:00,barometric_pressure_mbar_avg,main,GQR
USA-MDA_water-level_SERC-dock,2021-02-12 13:18:00,barometric_pressure_mbar_avg,main,GQR
USA-MDA_water-level_SERC-dock,2021-02-12 13:24:00,barometric_pressure_mbar_avg,main,GQR
USA-MDA_water-level_SERC-dock,2021-02-12 13:30:00,barometric_pressure_mbar_avg,main,GQR
USA-MDA_water-level_SERC-dock,2021-02-12 13:36:00,barometric_pressure_mbar_avg,main,GQR
USA-MDA_water-level_SERC-dock,2021-02-12 13:42:00,barometric_pressure_mbar_avg,main,GQR
USA-MDA_water-level_SERC-dock,2021-02-12 13:48:00,barometric_pressure_mbar_avg,main,GQR
USA-MDA_water-level_SERC-dock,2021-02-12 13:54:00,barometric_pressure_mbar_avg,main,GQR
USA-MDA_water-level_SERC-dock,2021-02-12 14:00:00,barometric_pressure_mbar_avg,main,GQR
USA-MDA_water-level_SERC-dock,2021-02-12 14:06:00,barometric_pressure_mbar_avg,main,GQR
USA-MDA_water-level_SERC-dock,2021-02-12 14:12:00,barometric_pressure_mbar_avg,main,GQR
USA-MDA_water-level_SERC-dock,2021-02-12 14:18:00,barometric_pressure_mbar_avg,main,GQR
USA-MDA_water-level_SERC-dock,2021-02-12 14:24:00,barometric_pressure_mbar_avg,main,GQR
USA-MDA_water-level_SERC-dock,2021-02-12 14:30:00,barometric_pressure_mbar_avg,main,GQR
USA-MDA_water-level_SERC-dock,2021-02-12 14:36:00,barometric_pressure_mbar_avg,main,GQR
USA-MDA_water-level_SERC-dock,2021-02-12 14:42:00,barometric_pressure_mbar_avg,main,GQR
USA-MDA_water-level_SERC-dock,2021-02-12 14:48:00,barometric_pressure_mbar_avg,main,GQR
USA-MDA_water-level_SERC-dock,2021-02-12 14:54:00,barometric_pressure_mbar_avg,main,GQR
USA-MDA_water-level_SERC-dock,2021-02-12 15:00:00,barometric_pressure_mbar_avg,main,GQR
USA-MDA_water-level_SERC-dock,2021-02-12 15:06:00,barometric_pressure_mbar_avg,main,GQR
USA-MDA_water-level_SERC-dock,2021-02-12 15:12:00,barometric_pressure_mbar_avg,main,GQR
USA-MDA_water-level_SERC-dock,2021-02-12 15:18:00,barometric_pressure_mbar_avg,main,GQR
USA-MDA_water-level_SERC-dock,2021-02-12 15:24:00,barometric_pressure_mbar_avg,main,GQR
USA-MDA_water-level_SERC-dock,2021-02-12 15:30:00,barometric_pressure_mbar_avg,main,GQR
USA-MDA_water-level_SERC-dock,2021-02-12 15:36:00,barometric_pressure_mbar_avg,main,GQR
USA-MDA_water-level_SERC-dock,2021-02-12 15:42:00,barometric_pressure_mbar_avg,main,GQR
USA-MDA_water-level_SERC-dock,2021-02-12 15:48:00,barometric_pressure_mbar_avg,main,GQR
USA-MDA_water-level_SERC-dock,2021-02-12 15:54:00,barometric_pressure_mbar_avg,main,GQR
USA-MDA_water-level_SERC-dock,2021-02-12 16:00:00,barometric_pressure_mbar_avg,main,GQR
USA-MDA_water-level_SERC-dock,2021-02-12 16:06:00,barometric_pressure_mbar_avg,main,GQR
USA-MDA_water-level_SERC-dock,2021-02-12 16:12:00,barometric_pressure_mbar_avg,main,GQR
USA-MDA_water-level_SERC-dock,2021-02-12 16:18:00,barometric_pressure_mbar_avg,main,GQR
USA-MDA_water-level_SERC-dock,2021-02-12 16:24:00,barometric_pressure_mbar_avg,main,GQR
USA-MDA_water-level_SERC-dock,2021-02-12 16:30:00,barometric_pressure_mbar_avg,main,GQR
USA-MDA_water-level_SERC-dock,2021-02-12 16:36:00,barometric_pressure_mbar_avg,main,GQR
USA-MDA_water-level_SERC-dock,2021-02-12 16:42:00,barometric_pressure_mbar_avg,main,GQR
USA-MDA_water-level_SERC-dock,2021-02-12 16:48:00,barometric_pressure_mbar_avg,main,GQR
USA-MDA_water-level_SERC-dock,2021-02-12 16:54:00,barometric_pressure_mbar_avg,main,GQR
USA-MDA_water-level_SERC-dock,2021-02-12 17:00:00,barometric_pressure_mbar_avg,main,GQR
USA-MDA_water-level_SERC-dock,2021-02-12 17:06:00,barometric_pressure_mbar_avg,main,GQR
USA-MDA_water-level_SERC-dock,2021-02-12 17:12:00,barometric_pressure_mbar_avg,main,GQR
USA-MDA_water-level_SERC-dock,2021-02-12 17:18:00,barometric_pressure_mbar_avg,main,GQR
USA-MDA_water-level_SERC-dock,2021-02-12 17:24:00,barometric_pressure_mbar_avg,main,GQR
USA-MDA_water-level_SERC-dock,2021-02-12 17:30:00,barometric_pressure_mbar_avg,main,GQR
USA-MDA_water-level_SERC-dock,2021-02-12 17:36:00,barometric_pressure_mbar_avg,main,GQR
USA-MDA_water-level_SERC-dock,2021-02-12 17:42:00,barometric_pressure_mbar_avg,main,GQR
USA-MDA_water-level_SERC-dock,2021-02-12 17:48:00,barometric_pressure_mbar_avg,main,GQR
USA-MDA_water-level_SERC-dock,2021-02-12 17:54:00,barometric_pressure_mbar_avg,main,GQR
USA-MDA_water-level_SERC-dock,2021-02-12 18:00:00,barometric_pressure_mbar_avg,main,GQR
USA-MDA_water-level_SERC-dock,2021-02-12 18:06:00,barometric_pressure_mbar_avg,main,GQR
USA-MDA_water-level_SERC-dock,2021-02-12 18:12:00,barometric_pressure_mbar_avg,main,GQR
USA-MDA_water-level_SERC-dock,2021-02-12 18:18:00,barometric_pressure_mbar_avg,main,GQR
USA-MDA_water-level_SERC-dock,2021-02-12 18:24:00,barometric_pressure_mbar_avg,main,GQR
USA-MDA_water-level_SERC-dock,2021-02-12 18:30:00,barometric_pressure_mbar_avg,main,GQR
USA-MDA_water-level_SERC-dock,2021-02-12 18:36:00,barometric_pressure_mbar_avg,main,GQR
USA-MDA_water-level_SERC-dock,2021-02-12 18:42:00,barometric_pressure_mbar_avg,main,GQR
USA-MDA_water-level_SERC-dock,2021-02-12 18:48:00,barometric_pressure_mbar_avg,main,GQR
USA-MDA_water-level_SERC-dock,2021-02-12 18:54:00,barometric_pressure_mbar_avg,main,GQR
USA-MDA_water-level_SERC-dock,2021-02-12 19:00:00,barometric_pressure_mbar_avg,main,GQR
USA-MDA_water-level_SERC-dock,2021-02-12 19:06:00,barometric_pressure_mbar_avg,main,GQR
USA-MDA_water-level_SERC-dock,2021-02-12 19:12:00,barometric_pressure_mbar_avg,main,GQR
USA-MDA_water-level_SERC-dock,2021-02-12 19:18:00,barometric_pressure_mbar_avg,main,GQR
USA-MDA_water-level_SERC-dock,2021-02-12 19:24:00,barometric_pressure_mbar_avg,main,GQR
USA-MDA_water-level_SERC-dock,2021-02-12 19:30:00,barometric_pressure_mbar_avg,main,GQR
USA-MDA_water-level_SERC-dock,2021-02-12 19:36:00,barometric_pressure_mbar_avg,main,GQR
USA-MDA_water-level_SERC-dock,2021-02-12 19:42:00,barometric_pressure_mbar_avg,main,GQR
USA-MDA_water-level_SERC-dock,2021-02-12 19:48:00,barometric_pressure_mbar_avg,main,GQR
USA-MDA_water-level_SERC-dock,2021-02-12 19:54:00,barometric_pressure_mbar_avg,main,GQR
USA-MDA_water-level_SERC-dock,2021-02-12 20:00:00,barometric_pressure_mbar_avg,main,GQR
USA-MDA_water-level_SERC-dock,2021-02-12 20:06:00,barometric_pressure_mbar_avg,main,GQR
USA-MDA_water-level_SERC-dock,2021-02-12 20:12:00,barometric_pressure_mbar_avg,main,GQR
USA-MDA_water-level_SERC-dock,2021-02-12 20:18:00,barometric_pressure_mbar_avg,main,GQR
USA-MDA_water-level_SERC-dock,2021-02-12 20:24:00,barometric_pressure_mbar_avg,main,GQR
USA-MDA_water-level_SERC-dock,2021-02-12 20:30:00,barometric_pressure_mbar_avg,main,GQR
USA-MDA_water-level_SERC-dock,2021-02-12 20:36:00,barometric_pressure_mbar_avg,main,GQR
USA-MDA_water-level_SERC-dock,2021-02-12 20:42:00,barometric_pressure_mbar_avg,main,GQR
USA-MDA_water-level_SERC-dock,2021-02-12 20:48:00,barometric_pressure_mbar_avg,main,GQR
USA-MDA_water-level_SERC-dock,2021-02-12 20:54:00,barometric_pressure_mbar_avg,main,GQR
USA-MDA_water-level_SERC-dock,2021-02-12 21:00:00,barometric_pressure_mbar_avg,main,GQR
USA-MDA_water-level_SERC-dock,2021-02-12 21:06:00,barometric_pressure_mbar_avg,main,GQR
USA-MDA_water-level_SERC-dock,2021-02-12 21:12:00,barometric_pressure_mbar_avg,main,GQR
USA-MDA_water-level_SERC-dock,2021-02-12 21:18:00,barometric_pressure_mbar_avg,main,GQR
USA-MDA_water-level_SERC-dock,2021-02-12 21:24:00,barometric_pressure_mbar_avg,main,GQR
USA-MDA_water-level_SERC-dock,2021-02-12 21:30:00,barometric_pressure_mbar_avg,main,GQR
USA-MDA_water-level_SERC-dock,2021-02-12 21:36:00,barometric_pressure_mbar_avg,main,GQR
USA-MDA_water-level_SERC-dock,2021-02-12 21:42:00,barometric_pressure_mbar_avg,main,GQR
USA-MDA_water-level_SERC-dock,2021-02-12 21:48:00,barometric_pressure_mbar_avg,main,GQR
USA-MDA_water-level_SERC-dock,2021-02-12 21:54:00,barometric_pressure_mbar_avg,main,GQR
USA-MDA_water-level_SERC-dock,2021-02-12 22:00:00,barometric_pressure_mbar_avg,main,GQR
USA-MDA_water-level_SERC-dock,2021-02-12 22:06:00,barometric_pressure_mbar_avg,main,GQR
USA-MDA_water-level_SERC-dock,2021-02-12 22:12:00,barometric_pressure_mbar_avg,main,GQR
USA-MDA_water-level_SERC-dock,2021-02-12 22:18:00,barometric_pressure_mbar_avg,main,GQR
USA-MDA_water-level_SERC-dock,2021-02-12 22:24:00,barometric_pressure_mbar_avg,main,GQR
USA-MDA_water-level_SERC-dock,2021-02-12 22:30:00,barometric_pressure_mbar_avg,main,GQR
USA-MDA_water-level_SERC-dock,2021-02-12 22:36:00,barometric_pressure_mbar_avg,main,GQR
USA-MDA_water-level_SERC-dock,2021-02-12 22:42:00,barometric_pressure_mbar_avg,main,GQR
USA-MDA_water-level_SERC-dock,2021-02-12 22:48:00,barometric_pressure_mbar_avg,main,GQR
USA-MDA_water-level_SERC-dock,2021-02-12 22:54:00,barometric_pressure_mbar_avg,main,GQR
USA-MDA_water-level_SERC-dock,2021-02-12 23:00:00,barometric_pressure_mbar_avg,main,GQR
USA-MDA_water-level_SERC-dock,2021-02-12 23:06:00,barometric_pressure_mbar_avg,main,GQR
USA-MDA_water-level_SERC-dock,2021-02-12 23:12:00,barometric_pressure_mbar_avg,main,GQR
USA-MDA_water-level_SERC-dock,2021-02-12 23:18:00,barometric_pressure_mbar_avg,main,GQR
USA-MDA_water-level_SERC-dock,2021-02-12 23:24:00,barometric_pressure_mbar_avg,main,GQR
USA-MDA_water-level_SERC-dock,2021-02-12 23:30:00,barometric_pressure_mbar_avg,main,GQR
USA-MDA_water-level_SERC-dock,2021-02-12 23:36:00,barometric_pressure_mbar_avg,main,GQR
USA-MDA_water-level_SERC-dock,2021-02-12 23:42:00,barometric_pressure_mbar_avg,main,GQR
USA-MDA_water-level_SERC-dock,2021-02-12 23:48:00,barometric_pressure_mbar_avg,main,GQR
USA-MDA_water-level_SERC-dock,2021-02-12 23:54:00,barometric_pressure_mbar_avg,main,GQR
USA-MDA_water-level_SERC-dock,2021-02-13 00:00:00,barometric_pressure_mbar_avg,main,GQR
USA-MDA_water-level_SERC-dock,2021-02-13 00:06:00,barometric_pressure_mbar_avg,main,GQR
USA-MDA_water-level_SERC-dock,2021-02-13 00:12:00,barometric_pressure_mbar_avg,main,GQR
USA-MDA_water-level_SERC-dock,2021-02-13 00:18:00,barometric_pressure_mbar_avg,main,GQR
USA-MDA_water-level_SERC-dock,2021-02-13 00:24:00,barometric_pressure_mbar_avg,main,GQR
USA-MDA_water-level_SERC-dock,2021-02-13 00:30:00,barometric_pressure_mbar_avg,main,GQR
USA-MDA_water-level_SERC-dock,2021-02-13 00:36:00,barometric_pressure_mbar_avg,main,GQR
USA-MDA_water-level_SERC-dock,2021-02-13 00:42:00,barometric_pressure_mbar_avg,main,GQR
USA-MDA_water-level_SERC-dock,2021-02-13 00:48:00,barometric_pressure_mbar_avg,main,GQR
USA-MDA_water-level_SERC-dock,2021-02-13 00:54:00,barometric_pressure_mbar_avg,main,GQR
USA-MDA_water-level_SERC-dock,2021-02-13 01:00:00,barometric_pressure_mbar_avg,main,GQR
USA-MDA_water-level_SERC-dock,2021-02-13 01:06:00,barometric_pressure_mbar_avg,main,GQR
USA-MDA_water-level_SERC-dock,2021-02-13 01:12:00,barometric_pressure_mbar_avg,main,GQR
USA-MDA_water-level_SERC-dock,2021-02-13 01:18:00,barometric_pressure_mbar_avg,main,GQR
USA-MDA_water-level_SERC-dock,2021-02-13 01:24:00,barometric_pressure_mbar_avg,main,GQR
USA-MDA_water-level_SERC-dock,2021-02-13 01:30:00,barometric_pressure_mbar_avg,main,GQR
USA-MDA_water-level_SERC-dock,2021-02-13 01:36:00,barometric_pressure_mbar_avg,main,GQR
USA-MDA_water-level_SERC-dock,2021-02-13 01:42:00,barometric_pressure_mbar_avg,main,GQR
USA-MDA_water-level_SERC-dock,2021-02-13 01:48:00,barometric_pressure_mbar_avg,main,GQR
USA-MDA_water-level_SERC-dock,2021-02-13 01:54:00,barometric_pressure_mbar_avg,main,GQR
USA-MDA_water-level_SERC-dock,2021-02-13 02:00:00,barometric_pressure_mbar_avg,main,GQR
USA-MDA_water-level_SERC-dock,2021-02-13 02:06:00,barometric_pressure_mbar_avg,main,GQR
USA-MDA_water-level_SERC-dock,2021-02-13 02:12:00,barometric_pressure_mbar_avg,main,GQR
USA-MDA_water-level_SERC-dock,2021-02-13 02:18:00,barometric_pressure_mbar_avg,main,GQR
USA-MDA_water-level_SERC-dock,2021-02-13 02:24:00,barometric_pressure_mbar_avg,main,GQR
USA-MDA_water-level_SERC-dock,2021-02-13 02:30:00,barometric_pressure_mbar_avg,main,GQR
USA-MDA_water-level_SERC-dock,2021-02-13 02:36:00,barometric_pressure_mbar_avg,main,GQR
USA-MDA_water-level_SERC-dock,2021-02-13 02:42:00,barometric_pressure_mbar_avg,main,GQR
USA-MDA_water-level_SERC-dock,2021-02-13 02:48:00,barometric_pressure_mbar_avg,main,GQR
USA-MDA_water-level_SERC-dock,2021-02-13 02:54:00,barometric_pressure_mbar_avg,main,GQR
USA-MDA_water-level_SERC-dock,2021-02-13 03:00:00,barometric_pressure_mbar_avg,main,GQR
USA-MDA_water-level_SERC-dock,2021-02-13 03:06:00,barometric_pressure_mbar_avg,main,GQR
USA-MDA_water-level_SERC-dock,2021-02-13 03:12:00,barometric_pressure_mbar_avg,main,GQR
USA-MDA_water-level_SERC-dock,2021-02-13 03:18:00,barometric_pressure_mbar_avg,main,GQR
USA-MDA_water-level_SERC-dock,2021-02-13 03:24:00,barometric_pressure_mbar_avg,main,GQR
USA-MDA_water-level_SERC-dock,2021-02-13 03:30:00,barometric_pressure_mbar_avg,main,GQR
USA-MDA_water-level_SERC-dock,2021-02-13 03:36:00,barometric_pressure_mbar_avg,main,GQR
USA-MDA_water-level_SERC-dock,2021-02-13 03:42:00,barometric_pressure_mbar_avg,main,GQR
USA-MDA_water-level_SERC-dock,2021-02-13 03:48:00,barometric_pressure_mbar_avg,main,GQR
USA-MDA_water-level_SERC-dock,2021-02-13 03:54:00,barometric_pressure_mbar_avg,main,GQR
USA-MDA_water-level_SERC-dock,2021-02-13 04:00:00,barometric_pressure_mbar_avg,main,GQR
USA-MDA_water-level_SERC-dock,2021-02-13 04:06:00,barometric_pressure_mbar_avg,main,GQR
USA-MDA_water-level_SERC-dock,2021-02-13 04:12:00,barometric_pressure_mbar_avg,main,GQR
USA-MDA_water-level_SERC-dock,2021-02-13 04:18:00,barometric_pressure_mbar_avg,main,GQR
USA-MDA_water-level_SERC-dock,2021-02-13 04:24:00,barometric_pressure_mbar_avg,main,GQR
USA-MDA_water-level_SERC-dock,2021-02-13 04:30:00,barometric_pressure_mbar_avg,main,GQR
USA-MDA_water-level_SERC-dock,2021-02-13 04:36:00,barometric_pressure_mbar_avg,main,GQR
USA-MDA_water-level_SERC-dock,2021-02-13 04:42:00,barometric_pressure_mbar_avg,main,GQR
USA-MDA_water-level_SERC-dock,2021-02-13 04:48:00,barometric_pressure_mbar_avg,main,GQR
USA-MDA_water-level_SERC-dock,2021-02-13 04:54:00,barometric_pressure_mbar_avg,main,GQR
USA-MDA_water-level_SERC-dock,2021-02-13 05:00:00,barometric_pressure_mbar_avg,main,GQR
USA-MDA_water-level_SERC-dock,2021-02-13 05:06:00,barometric_pressure_mbar_avg,main,GQR
USA-MDA_water-level_SERC-dock,2021-02-13 05:12:00,barometric_pressure_mbar_avg,main,GQR
USA-MDA_water-level_SERC-dock,2021-02-13 05:18:00,barometric_pressure_mbar_avg,main,GQR
USA-MDA_water-level_SERC-dock,2021-02-13 05:24:00,barometric_pressure_mbar_avg,main,GQR
USA-MDA_water-level_SERC-dock,2021-02-13 05:30:00,barometric_pressure_mbar_avg,main,GQR
USA-MDA_water-level_SERC-dock,2021-02-13 05:36:00,barometric_pressure_mbar_avg,main,GQR
USA-MDA_water-level_SERC-dock,2021-02-13 05:42:00,barometric_pressure_mbar_avg,main,GQR
USA-MDA_water-level_SERC-dock,2021-02-13 05:48:00,barometric_pressure_mbar_avg,main,GQR
USA-MDA_water-level_SERC-dock,2021-02-13 05:54:00,barometric_pressure_mbar_avg,main,GQR
USA-MDA_water-level_SERC-dock,2021-02-13 06:00:00,barometric_pressure_mbar_avg,main,GQR
USA-MDA_water-level_SERC-dock,2021-02-13 06:06:00,barometric_pressure_mbar_avg,main,GQR
USA-MDA_water-level_SERC-dock,2021-02-13 06:12:00,barometric_pressure_mbar_avg,main,GQR
USA-MDA_water-level_SERC-dock,2021-02-13 06:18:00,barometric_pressure_mbar_avg,main,GQR
USA-MDA_water-level_SERC-dock,2021-02-13 06:24:00,barometric_pressure_mbar_avg,main,GQR
USA-MDA_water-level_SERC-dock,2021-02-13 06:30:00,barometric_pressure_mbar_avg,main,GQR
USA-MDA_water-level_SERC-dock,2021-02-13 06:36:00,barometric_pressure_mbar_avg,main,GQR
USA-MDA_water-level_SERC-dock,2021-02-13 06:42:00,barometric_pressure_mbar_avg,main,GQR
USA-MDA_water-level_SERC-dock,2021-02-13 06:48:00,barometric_pressure_mbar_avg,main,GQR
USA-MDA_water-level_SERC-dock,2021-02-13 06:54:00,barometric_pressure_mbar_avg,main,GQR
USA-MDA_water-level_SERC-dock,2021-02-13 07:00:00,barometric_pressure_mbar_avg,main,GQR
USA-MDA_water-level_SERC-dock,2021-02-13 07:06:00,barometric_pressure_mbar_avg,main,GQR
USA-MDA_water-level_SERC-dock,2021-02-13 07:12:00,barometric_pressure_mbar_avg,main,GQR
USA-MDA_water-level_SERC-dock,2021-02-13 07:18:00,barometric_pressure_mbar_avg,main,GQR
USA-MDA_water-level_SERC-dock,2021-02-13 07:24:00,barometric_pressure_mbar_avg,main,GQR
USA-MDA_water-level_SERC-dock,2021-02-13 07:30:00,barometric_pressure_mbar_avg,main,GQR
USA-MDA_water-level_SERC-dock,2021-02-13 07:36:00,barometric_pressure_mbar_avg,main,GQR
USA-MDA_water-level_SERC-dock,2021-02-13 07:42:00,barometric_pressure_mbar_avg,main,GQR
USA-MDA_water-level_SERC-dock,2021-02-13 07:48:00,barometric_pressure_mbar_avg,main,GQR
USA-MDA_water-level_SERC-dock,2021-02-13 07:54:00,barometric_pressure_mbar_avg,main,GQR
USA-MDA_water-level_SERC-dock,2021-02-13 08:00:00,barometric_pressure_mbar_avg,main,GQR
USA-MDA_water-level_SERC-dock,2021-02-13 08:06:00,barometric_pressure_mbar_avg,main,GQR
USA-MDA_water-level_SERC-dock,2021-02-13 08:12:00,barometric_pressure_mbar_avg,main,GQR
USA-MDA_water-level_SERC-dock,2021-02-13 08:18:00,barometric_pressure_mbar_avg,main,GQR
USA-MDA_water-level_SERC-dock,2021-02-13 08:24:00,barometric_pressure_mbar_avg,main,GQR
USA-MDA_water-level_SERC-dock,2021-02-13 08:30:00,barometric_pressure_mbar_avg,main,GQR
USA-MDA_water-level_SERC-dock,2021-02-13 08:36:00,barometric_pressure_mbar_avg,main,GQR
USA-MDA_water-level_SERC-dock,2021-02-13 08:42:00,barometric_pressure_mbar_avg,main,GQR
USA-MDA_water-level_SERC-dock,2021-02-13 08:48:00,barometric_pressure_mbar_avg,main,GQR
USA-MDA_water-level_SERC-dock,2021-02-13 08:54:00,barometric_pressure_mbar_avg,main,GQR
USA-MDA_water-level_SERC-dock,2021-02-13 09:00:00,barometric_pressure_mbar_avg,main,GQR
USA-MDA_water-level_SERC-dock,2021-02-13 09:06:00,barometric_pressure_mbar_avg,main,GQR
USA-MDA_water-level_SERC-dock,2021-02-13 09:12:00,barometric_pressure_mbar_avg,main,GQR
USA-MDA_water-level_SERC-dock,2021-02-13 09:18:00,barometric_pressure_mbar_avg,main,GQR
USA-MDA_water-level_SERC-dock,2021-02-13 09:24:00,barometric_pressure_mbar_avg,main,GQR
USA-MDA_water-level_SERC-dock,2021-02-13 09:30:00,barometric_pressure_mbar_avg,main,GQR
USA-MDA_water-level_SERC-dock,2021-02-13 09:36:00,barometric_pressure_mbar_avg,main,GQR
USA-MDA_water-level_SERC-dock,2021-02-13 09:42:00,barometric_pressure_mbar_avg,main,GQR
USA-MDA_water-level_SERC-dock,2021-02-13 09:48:00,barometric_pressure_mbar_avg,main,GQR
USA-MDA_water-level_SERC-dock,2021-02-13 09:54:00,barometric_pressure_mbar_avg,main,GQR
USA-MDA_water-level_SERC-dock,2021-02-13 10:00:00,barometric_pressure_mbar_avg,main,GQR
USA-MDA_water-level_SERC-dock,2021-02-13 10:06:00,barometric_pressure_mbar_avg,main,GQR
USA-MDA_water-level_SERC-dock,2021-02-13 10:12:00,barometric_pressure_mbar_avg,main,GQR
USA-MDA_water-level_SERC-dock,2021-02-13 10:18:00,barometric_pressure_mbar_avg,main,GQR
USA-MDA_water-level_SERC-dock,2021-02-13 10:24:00,barometric_pressure_mbar_avg,main,GQR
USA-MDA_water-level_SERC-dock,2021-02-13 10:30:00,barometric_pressure_mbar_avg,main,GQR
USA-MDA_water-level_SERC-dock,2021-02-13 10:36:00,barometric_pressure_mbar_avg,main,GQR
USA-MDA_water-level_SERC-dock,2021-02-13 10:42:00,barometric_pressure_mbar_avg,main,GQR
USA-MDA_water-level_SERC-dock,2021-02-13 10:48:00,barometric_pressure_mbar_avg,main,GQR
USA-MDA_water-level_SERC-dock,2021-02-13 10:54:00,barometric_pressure_mbar_avg,main,GQR
USA-MDA_water-level_SERC-dock,2021-02-13 11:00:00,barometric_pressure_mbar_avg,main,GQR
USA-MDA_water-level_SERC-dock,2021-02-13 11:06:00,barometric_pressure_mbar_avg,main,GQR
USA-MDA_water-level_SERC-dock,2021-02-13 11:12:00,barometric_pressure_mbar_avg,main,GQR
USA-MDA_water-level_SERC-dock,2021-02-13 11:18:00,barometric_pressure_mbar_avg,main,GQR
USA-MDA_water-level_SERC-dock,2021-02-13 11:24:00,barometric_pressure_mbar_avg,main,GQR
USA-MDA_water-level_SERC-dock,2021-02-13 11:30:00,barometric_pressure_mbar_avg,main,GQR
USA-MDA_water-level_SERC-dock,2021-02-13 11:36:00,barometric_pressure_mbar_avg,main,GQR
USA-MDA_water-level_SERC-dock,2021-02-13 11:42:00,barometric_pressure_mbar_avg,main,GQR
USA-MDA_water-level_SERC-dock,2021-02-13 11:48:00,barometric_pressure_mbar_avg,main,GQR
USA-MDA_water-level_SERC-dock,2021-02-13 11:54:00,barometric_pressure_mbar_avg,main,GQR
USA-MDA_water-level_SERC-dock,2021-02-13 12:00:00,barometric_pressure_mbar_avg,main,GQR
USA-MDA_water-level_SERC-dock,2021-02-13 12:06:00,barometric_pressure_mbar_avg,main,GQR
USA-MDA_water-level_SERC-dock,2021-02-13 12:12:00,barometric_pressure_mbar_avg,main,GQR
USA-MDA_water-level_SERC-dock,2021-02-13 12:18:00,barometric_pressure_mbar_avg,main,GQR
USA-MDA_water-level_SERC-dock,2021-02-13 12:24:00,barometric_pressure_mbar_avg,main,GQR
USA-MDA_water-level_SERC-dock,2021-02-13 12:30:00,barometric_pressure_mbar_avg,main,GQR
USA-MDA_water-level_SERC-dock,2021-02-13 12:36:00,barometric_pressure_mbar_avg,main,GQR
USA-MDA_water-level_SERC-dock,2021-02-13 12:42:00,barometric_pressure_mbar_avg,main,GQR
USA-MDA_water-level_SERC-dock,2021-02-13 12:48:00,barometric_pressure_mbar_avg,main,GQR
USA-MDA_water-level_SERC-dock,2021-02-13 12:54:00,barometric_pressure_mbar_avg,main,GQR
USA-MDA_water-level_SERC-dock,2021-02-13 13:00:00,barometric_pressure_mbar_avg,main,GQR
USA-MDA_water-level_SERC-dock,2021-02-13 13:06:00,barometric_pressure_mbar_avg,main,GQR
USA-MDA_water-level_SERC-dock,2021-02-13 13:12:00,barometric_pressure_mbar_avg,main,GQR
USA-MDA_water-level_SERC-dock,2021-02-13 13:18:00,barometric_pressure_mbar_avg,main,GQR
USA-MDA_water-level_SERC-dock,2021-02-13 13:24:00,barometric_pressure_mbar_avg,main,GQR
USA-MDA_water-level_SERC-dock,2021-02-13 13:30:00,barometric_pressure_mbar_avg,main,GQR
USA-MDA_water-level_SERC-dock,2021-02-13 13:36:00,barometric_pressure_mbar_avg,main,GQR
USA-MDA_water-level_SERC-dock,2021-02-13 13:42:00,barometric_pressure_mbar_avg,main,GQR
USA-MDA_water-level_SERC-dock,2021-02-13 13:48:00,barometric_pressure_mbar_avg,main,GQR
USA-MDA_water-level_SERC-dock,2021-02-13 13:54:00,barometric_pressure_mbar_avg,main,GQR
USA-MDA_water-level_SERC-dock,2021-02-13 14:00:00,barometric_pressure_mbar_avg,main,GQR
USA-MDA_water-level_SERC-dock,2021-02-13 14:06:00,barometric_pressure_mbar_avg,main,GQR
USA-MDA_water-level_SERC-dock,2021-02-13 14:12:00,barometric_pressure_mbar_avg,main,GQR
USA-MDA_water-level_SERC-dock,2021-02-13 14:18:00,barometric_pressure_mbar_avg,main,GQR
USA-MDA_water-level_SERC-dock,2021-02-13 14:24:00,barometric_pressure_mbar_avg,main,GQR
USA-MDA_water-level_SERC-dock,2021-02-13 14:30:00,barometric_pressure_mbar_avg,main,GQR
USA-MDA_water-level_SERC-dock,2021-02-13 14:36:00,barometric_pressure_mbar_avg,main,GQR
USA-MDA_water-level_SERC-dock,2021-02-13 14:42:00,barometric_pressure_mbar_avg,main,GQR
USA-MDA_water-level_SERC-dock,2021-02-13 14:48:00,barometric_pressure_mbar_avg,main,GQR
USA-MDA_water-level_SERC-dock,2021-02-13 14:54:00,barometric_pressure_mbar_avg,main,GQR
USA-MDA_water-level_SERC-dock,2021-02-13 15:00:00,barometric_pressure_mbar_avg,main,GQR
USA-MDA_water-level_SERC-dock,2021-02-13 15:06:00,barometric_pressure_mbar_avg,main,GQR
USA-MDA_water-level_SERC-dock,2021-02-13 15:12:00,barometric_pressure_mbar_avg,main,GQR
USA-MDA_water-level_SERC-dock,2021-02-13 15:18:00,barometric_pressure_mbar_avg,main,GQR
USA-MDA_water-level_SERC-dock,2021-02-13 15:24:00,barometric_pressure_mbar_avg,main,GQR
USA-MDA_water-level_SERC-dock,2021-02-13 15:30:00,barometric_pressure_mbar_avg,main,GQR
USA-MDA_water-level_SERC-dock,2021-02-13 15:36:00,barometric_pressure_mbar_avg,main,GQR
USA-MDA_water-level_SERC-dock,2021-02-13 15:42:00,barometric_pressure_mbar_avg,main,GQR
USA-MDA_water-level_SERC-dock,2021-02-13 15:48:00,barometric_pressure_mbar_avg,main,GQR
USA-MDA_water-level_SERC-dock,2021-02-13 15:54:00,barometric_pressure_mbar_avg,main,GQR
USA-MDA_water-level_SERC-dock,2021-02-13 16:00:00,barometric_pressure_mbar_avg,main,GQR
USA-MDA_water-level_SERC-dock,2021-02-13 16:06:00,barometric_pressure_mbar_avg,main,GQR
USA-MDA_water-level_SERC-dock,2021-02-13 16:12:00,barometric_pressure_mbar_avg,main,GQR
USA-MDA_water-level_SERC-dock,2021-02-13 16:18:00,barometric_pressure_mbar_avg,main,GQR
USA-MDA_water-level_SERC-dock,2021-02-13 16:24:00,barometric_pressure_mbar_avg,main,GQR
USA-MDA_water-level_SERC-dock,2021-02-13 16:30:00,barometric_pressure_mbar_avg,main,GQR
USA-MDA_water-level_SERC-dock,2021-02-13 16:36:00,barometric_pressure_mbar_avg,main,GQR
USA-MDA_water-level_SERC-dock,2021-02-13 16:42:00,barometric_pressure_mbar_avg,main,GQR
USA-MDA_water-level_SERC-dock,2021-02-13 16:48:00,barometric_pressure_mbar_avg,main,GQR
USA-MDA_water-level_SERC-dock,2021-02-13 16:54:00,barometric_pressure_mbar_avg,main,GQR
USA-MDA_water-level_SERC-dock,2021-02-13 17:00:00,barometric_pressure_mbar_avg,main,GQR
USA-MDA_water-level_SERC-dock,2021-02-13 17:06:00,barometric_pressure_mbar_avg,main,GQR
USA-MDA_water-level_SERC-dock,2021-02-13 17:12:00,barometric_pressure_mbar_avg,main,GQR
USA-MDA_water-level_SERC-dock,2021-02-13 17:18:00,barometric_pressure_mbar_avg,main,GQR
USA-MDA_water-level_SERC-dock,2021-02-13 17:24:00,barometric_pressure_mbar_avg,main,GQR
USA-MDA_water-level_SERC-dock,2021-02-13 17:30:00,barometric_pressure_mbar_avg,main,GQR
USA-MDA_water-level_SERC-dock,2021-02-13 17:36:00,barometric_pressure_mbar_avg,main,GQR
USA-MDA_water-level_SERC-dock,2021-02-13 17:42:00,barometric_pressure_mbar_avg,main,GQR
USA-MDA_water-level_SERC-dock,2021-02-13 17:48:00,barometric_pressure_mbar_avg,main,GQR
USA-MDA_water-level_SERC-dock,2021-02-13 17:54:00,barometric_pressure_mbar_avg,main,GQR
USA-MDA_water-level_SERC-dock,2021-02-13 18:00:00,barometric_pressure_mbar_avg,main,GQR
USA-MDA_water-level_SERC-dock,2021-02-13 18:06:00,barometric_pressure_mbar_avg,main,GQR
USA-MDA_water-level_SERC-dock,2021-02-13 18:12:00,barometric_pressure_mbar_avg,main,GQR
USA-MDA_water-level_SERC-dock,2021-02-13 18:18:00,barometric_pressure_mbar_avg,main,GQR
USA-MDA_water-level_SERC-dock,2021-02-13 18:24:00,barometric_pressure_mbar_avg,main,GQR
USA-MDA_water-level_SERC-dock,2021-02-13 18:30:00,barometric_pressure_mbar_avg,main,GQR
USA-MDA_water-level_SERC-dock,2021-02-13 18:36:00,barometric_pressure_mbar_avg,main,GQR
USA-MDA_water-level_SERC-dock,2021-02-13 18:42:00,barometric_pressure_mbar_avg,main,GQR
USA-MDA_water-level_SERC-dock,2021-02-13 18:48:00,barometric_pressure_mbar_avg,main,GQR
USA-MDA_water-level_SERC-dock,2021-02-13 18:54:00,barometric_pressure_mbar_avg,main,GQR
USA-MDA_water-level_SERC-dock,2021-02-13 19:00:00,barometric_pressure_mbar_avg,main,GQR
USA-MDA_water-level_SERC-dock,2021-02-13 19:06:00,barometric_pressure_mbar_avg,main,GQR
USA-MDA_water-level_SERC-dock,2021-02-13 19:12:00,barometric_pressure_mbar_avg,main,GQR
USA-MDA_water-level_SERC-dock,2021-02-13 19:18:00,barometric_pressure_mbar_avg,main,GQR
USA-MDA_water-level_SERC-dock,2021-02-13 19:24:00,barometric_pressure_mbar_avg,main,GQR
USA-MDA_water-level_SERC-dock,2021-02-13 19:30:00,barometric_pressure_mbar_avg,main,GQR
USA-MDA_water-level_SERC-dock,2021-02-13 19:36:00,barometric_pressure_mbar_avg,main,GQR
USA-MDA_water-level_SERC-dock,2021-02-13 19:42:00,barometric_pressure_mbar_avg,main,GQR
USA-MDA_water-level_SERC-dock,2021-02-13 19:48:00,barometric_pressure_mbar_avg,main,GQR
USA-MDA_water-level_SERC-dock,2021-02-13 19:54:00,barometric_pressure_mbar_avg,main,GQR
USA-MDA_water-level_SERC-dock,2021-02-13 20:00:00,barometric_pressure_mbar_avg,main,GQR
USA-MDA_water-level_SERC-dock,2021-02-13 20:06:00,barometric_pressure_mbar_avg,main,GQR
USA-MDA_water-level_SERC-dock,2021-02-13 20:12:00,barometric_pressure_mbar_avg,main,GQR
USA-MDA_water-level_SERC-dock,2021-02-13 20:18:00,barometric_pressure_mbar_avg,main,GQR
USA-MDA_water-level_SERC-dock,2021-02-13 20:24:00,barometric_pressure_mbar_avg,main,GQR
USA-MDA_water-level_SERC-dock,2021-02-13 20:30:00,barometric_pressure_mbar_avg,main,GQR
USA-MDA_water-level_SERC-dock,2021-02-13 20:36:00,barometric_pressure_mbar_avg,main,GQR
USA-MDA_water-level_SERC-dock,2021-02-13 20:42:00,barometric_pressure_mbar_avg,main,GQR
USA-MDA_water-level_SERC-dock,2021-02-13 20:48:00,barometric_pressure_mbar_avg,main,GQR
USA-MDA_water-level_SERC-dock,2021-02-13 20:54:00,barometric_pressure_mbar_avg,main,GQR
USA-MDA_water-level_SERC-dock,2021-02-13 21:00:00,barometric_pressure_mbar_avg,main,GQR
USA-MDA_water-level_SERC-dock,2021-02-13 21:06:00,barometric_pressure_mbar_avg,main,GQR
USA-MDA_water-level_SERC-dock,2021-02-13 21:12:00,barometric_pressure_mbar_avg,main,GQR
USA-MDA_water-level_SERC-dock,2021-02-13 21:18:00,barometric_pressure_mbar_avg,main,GQR
USA-MDA_water-level_SERC-dock,2021-02-13 21:24:00,barometric_pressure_mbar_avg,main,GQR
USA-MDA_water-level_SERC-dock,2021-02-13 21:30:00,barometric_pressure_mbar_avg,main,GQR
USA-MDA_water-level_SERC-dock,2021-02-13 21:36:00,barometric_pressure_mbar_avg,main,GQR
USA-MDA_water-level_SERC-dock,2021-02-13 21:42:00,barometric_pressure_mbar_avg,main,GQR
USA-MDA_water-level_SERC-dock,2021-02-13 21:48:00,barometric_pressure_mbar_avg,main,GQR
USA-MDA_water-level_SERC-dock,2021-02-13 21:54:00,barometric_pressure_mbar_avg,main,GQR
USA-MDA_water-level_SERC-dock,2021-02-13 22:00:00,barometric_pressure_mbar_avg,main,GQR
USA-MDA_water-level_SERC-dock,2021-02-13 22:06:00,barometric_pressure_mbar_avg,main,GQR
USA-MDA_water-level_SERC-dock,2021-02-13 22:12:00,barometric_pressure_mbar_avg,main,GQR
USA-MDA_water-level_SERC-dock,2021-02-13 22:18:00,barometric_pressure_mbar_avg,main,GQR
USA-MDA_water-level_SERC-dock,2021-02-13 22:24:00,barometric_pressure_mbar_avg,main,GQR
USA-MDA_water-level_SERC-dock,2021-02-13 22:30:00,barometric_pressure_mbar_avg,main,GQR
USA-MDA_water-level_SERC-dock,2021-02-13 22:36:00,barometric_pressure_mbar_avg,main,GQR
USA-MDA_water-level_SERC-dock,2021-02-13 22:42:00,barometric_pressure_mbar_avg,main,GQR
USA-MDA_water-level_SERC-dock,2021-02-13 22:48:00,barometric_pressure_mbar_avg,main,GQR
USA-MDA_water-level_SERC-dock,2021-02-13 22:54:00,barometric_pressure_mbar_avg,main,GQR
USA-MDA_water-level_SERC-dock,2021-02-13 23:00:00,barometric_pressure_mbar_avg,main,GQR
USA-MDA_water-level_SERC-dock,2021-02-13 23:06:00,barometric_pressure_mbar_avg,main,GQR
USA-MDA_water-level_SERC-dock,2021-02-13 23:12:00,barometric_pressure_mbar_avg,main,GQR
USA-MDA_water-level_SERC-dock,2021-02-13 23:18:00,barometric_pressure_mbar_avg,main,GQR
USA-MDA_water-level_SERC-dock,2021-02-13 23:24:00,barometric_pressure_mbar_avg,main,GQR
USA-MDA_water-level_SERC-dock,2021-02-13 23:30:00,barometric_pressure_mbar_avg,main,GQR
USA-MDA_water-level_SERC-dock,2021-02-13 23:36:00,barometric_pressure_mbar_avg,main,GQR
USA-MDA_water-level_SERC-dock,2021-02-13 23:42:00,barometric_pressure_mbar_avg,main,GQR
USA-MDA_water-level_SERC-dock,2021-02-13 23:48:00,barometric_pressure_mbar_avg,main,GQR
USA-MDA_water-level_SERC-dock,2021-02-13 23:54:00,barometric_pressure_mbar_avg,main,GQR
USA-MDA_water-level_SERC-dock,2021-02-14 00:00:00,barometric_pressure_mbar_avg,main,GQR
USA-MDA_water-level_SERC-dock,2021-02-14 00:06:00,barometric_pressure_mbar_avg,main,GQR
USA-MDA_water-level_SERC-dock,2021-02-14 00:12:00,barometric_pressure_mbar_avg,main,GQR
USA-MDA_water-level_SERC-dock,2021-02-14 00:18:00,barometric_pressure_mbar_avg,main,GQR
USA-MDA_water-level_SERC-dock,2021-02-14 00:24:00,barometric_pressure_mbar_avg,main,GQR
USA-MDA_water-level_SERC-dock,2021-02-14 00:30:00,barometric_pressure_mbar_avg,main,GQR
USA-MDA_water-level_SERC-dock,2021-02-14 00:36:00,barometric_pressure_mbar_avg,main,GQR
USA-MDA_water-level_SERC-dock,2021-02-14 00:42:00,barometric_pressure_mbar_avg,main,GQR
USA-MDA_water-level_SERC-dock,2021-02-14 00:48:00,barometric_pressure_mbar_avg,main,GQR
USA-MDA_water-level_SERC-dock,2021-02-14 00:54:00,barometric_pressure_mbar_avg,main,GQR
USA-MDA_water-level_SERC-dock,2021-02-14 01:00:00,barometric_pressure_mbar_avg,main,GQR
USA-MDA_water-level_SERC-dock,2021-02-14 01:06:00,barometric_pressure_mbar_avg,main,GQR
USA-MDA_water-level_SERC-dock,2021-02-14 01:12:00,barometric_pressure_mbar_avg,main,GQR
USA-MDA_water-level_SERC-dock,2021-02-14 01:18:00,barometric_pressure_mbar_avg,main,GQR
USA-MDA_water-level_SERC-dock,2021-02-14 01:24:00,barometric_pressure_mbar_avg,main,GQR
USA-MDA_water-level_SERC-dock,2021-02-14 01:30:00,barometric_pressure_mbar_avg,main,GQR
USA-MDA_water-level_SERC-dock,2021-02-14 01:36:00,barometric_pressure_mbar_avg,main,GQR
USA-MDA_water-level_SERC-dock,2021-02-14 01:42:00,barometric_pressure_mbar_avg,main,GQR
USA-MDA_water-level_SERC-dock,2021-02-14 01:48:00,barometric_pressure_mbar_avg,main,GQR
USA-MDA_water-level_SERC-dock,2021-02-14 01:54:00,barometric_pressure_mbar_avg,main,GQR
USA-MDA_water-level_SERC-dock,2021-02-14 02:00:00,barometric_pressure_mbar_avg,main,GQR
USA-MDA_water-level_SERC-dock,2021-02-14 02:06:00,barometric_pressure_mbar_avg,main,GQR
USA-MDA_water-level_SERC-dock,2021-02-14 02:12:00,barometric_pressure_mbar_avg,main,GQR
USA-MDA_water-level_SERC-dock,2021-02-14 02:18:00,barometric_pressure_mbar_avg,main,GQR
USA-MDA_water-level_SERC-dock,2021-02-14 02:24:00,barometric_pressure_mbar_avg,main,GQR
USA-MDA_water-level_SERC-dock,2021-02-14 02:30:00,barometric_pressure_mbar_avg,main,GQR
USA-MDA_water-level_SERC-dock,2021-02-14 02:36:00,barometric_pressure_mbar_avg,main,GQR
USA-MDA_water-level_SERC-dock,2021-02-14 02:42:00,barometric_pressure_mbar_avg,main,GQR
USA-MDA_water-level_SERC-dock,2021-02-14 02:48:00,barometric_pressure_mbar_avg,main,GQR
USA-MDA_water-level_SERC-dock,2021-02-14 02:54:00,barometric_pressure_mbar_avg,main,GQR
USA-MDA_water-level_SERC-dock,2021-02-14 03:00:00,barometric_pressure_mbar_avg,main,GQR
USA-MDA_water-level_SERC-dock,2021-02-14 03:06:00,barometric_pressure_mbar_avg,main,GQR
USA-MDA_water-level_SERC-dock,2021-02-14 03:12:00,barometric_pressure_mbar_avg,main,GQR
USA-MDA_water-level_SERC-dock,2021-02-14 03:18:00,barometric_pressure_mbar_avg,main,GQR
USA-MDA_water-level_SERC-dock,2021-02-14 03:24:00,barometric_pressure_mbar_avg,main,GQR
USA-MDA_water-level_SERC-dock,2021-02-14 03:30:00,barometric_pressure_mbar_avg,main,GQR
USA-MDA_water-level_SERC-dock,2021-02-14 03:36:00,barometric_pressure_mbar_avg,main,GQR
USA-MDA_water-level_SERC-dock,2021-02-14 03:42:00,barometric_pressure_mbar_avg,main,GQR
USA-MDA_water-level_SERC-dock,2021-02-14 03:48:00,barometric_pressure_mbar_avg,main,GQR
USA-MDA_water-level_SERC-dock,2021-02-14 03:54:00,barometric_pressure_mbar_avg,main,GQR
USA-MDA_water-level_SERC-dock,2021-02-14 04:00:00,barometric_pressure_mbar_avg,main,GQR
USA-MDA_water-level_SERC-dock,2021-02-14 04:06:00,barometric_pressure_mbar_avg,main,GQR
USA-MDA_water-level_SERC-dock,2021-02-14 04:12:00,barometric_pressure_mbar_avg,main,GQR
USA-MDA_water-level_SERC-dock,2021-02-14 04:18:00,barometric_pressure_mbar_avg,main,GQR
USA-MDA_water-level_SERC-dock,2021-02-14 04:24:00,barometric_pressure_mbar_avg,main,GQR
USA-MDA_water-level_SERC-dock,2021-02-14 04:30:00,barometric_pressure_mbar_avg,main,GQR
USA-MDA_water-level_SERC-dock,2021-02-14 04:36:00,barometric_pressure_mbar_avg,main,GQR
USA-MDA_water-level_SERC-dock,2021-02-14 04:42:00,barometric_pressure_mbar_avg,main,GQR
USA-MDA_water-level_SERC-dock,2021-02-14 04:48:00,barometric_pressure_mbar_avg,main,GQR
USA-MDA_water-level_SERC-dock,2021-02-14 04:54:00,barometric_pressure_mbar_avg,main,GQR
USA-MDA_water-level_SERC-dock,2021-02-14 05:00:00,barometric_pressure_mbar_avg,main,GQR
USA-MDA_water-level_SERC-dock,2021-02-14 05:06:00,barometric_pressure_mbar_avg,main,GQR
USA-MDA_water-level_SERC-dock,2021-02-14 05:12:00,barometric_pressure_mbar_avg,main,GQR
USA-MDA_water-level_SERC-dock,2021-02-14 05:18:00,barometric_pressure_mbar_avg,main,GQR
USA-MDA_water-level_SERC-dock,2021-02-14 05:24:00,barometric_pressure_mbar_avg,main,GQR
USA-MDA_water-level_SERC-dock,2021-02-14 05:30:00,barometric_pressure_mbar_avg,main,GQR
USA-MDA_water-level_SERC-dock,2021-02-14 05:36:00,barometric_pressure_mbar_avg,main,GQR
USA-MDA_water-level_SERC-dock,2021-02-14 05:42:00,barometric_pressure_mbar_avg,main,GQR
USA-MDA_water-level_SERC-dock,2021-02-14 05:48:00,barometric_pressure_mbar_avg,main,GQR
USA-MDA_water-level_SERC-dock,2021-02-14 05:54:00,barometric_pressure_mbar_avg,main,GQR
USA-MDA_water-level_SERC-dock,2021-02-14 06:00:00,barometric_pressure_mbar_avg,main,GQR
USA-MDA_water-level_SERC-dock,2021-02-14 06:06:00,barometric_pressure_mbar_avg,main,GQR
USA-MDA_water-level_SERC-dock,2021-02-14 06:12:00,barometric_pressure_mbar_avg,main,GQR
USA-MDA_water-level_SERC-dock,2021-02-14 06:18:00,barometric_pressure_mbar_avg,main,GQR
USA-MDA_water-level_SERC-dock,2021-02-14 06:24:00,barometric_pressure_mbar_avg,main,GQR
USA-MDA_water-level_SERC-dock,2021-02-14 06:30:00,barometric_pressure_mbar_avg,main,GQR
USA-MDA_water-level_SERC-dock,2021-02-14 06:36:00,barometric_pressure_mbar_avg,main,GQR
USA-MDA_water-level_SERC-dock,2021-02-14 06:42:00,barometric_pressure_mbar_avg,main,GQR
USA-MDA_water-level_SERC-dock,2021-02-14 06:48:00,barometric_pressure_mbar_avg,main,GQR
USA-MDA_water-level_SERC-dock,2021-02-14 06:54:00,barometric_pressure_mbar_avg,main,GQR
USA-MDA_water-level_SERC-dock,2021-02-14 07:00:00,barometric_pressure_mbar_avg,main,GQR
USA-MDA_water-level_SERC-dock,2021-02-14 07:06:00,barometric_pressure_mbar_avg,main,GQR
USA-MDA_water-level_SERC-dock,2021-02-14 07:12:00,barometric_pressure_mbar_avg,main,GQR
USA-MDA_water-level_SERC-dock,2021-02-14 07:18:00,barometric_pressure_mbar_avg,main,GQR
USA-MDA_water-level_SERC-dock,2021-02-14 07:24:00,barometric_pressure_mbar_avg,main,GQR
USA-MDA_water-level_SERC-dock,2021-02-14 07:30:00,barometric_pressure_mbar_avg,main,GQR
USA-MDA_water-level_SERC-dock,2021-02-14 07:36:00,barometric_pressure_mbar_avg,main,GQR
USA-MDA_water-level_SERC-dock,2021-02-14 07:42:00,barometric_pressure_mbar_avg,main,GQR
USA-MDA_water-level_SERC-dock,2021-02-14 07:48:00,barometric_pressure_mbar_avg,main,GQR
USA-MDA_water-level_SERC-dock,2021-02-14 07:54:00,barometric_pressure_mbar_avg,main,GQR
USA-MDA_water-level_SERC-dock,2021-02-14 08:00:00,barometric_pressure_mbar_avg,main,GQR
USA-MDA_water-level_SERC-dock,2021-02-14 08:06:00,barometric_pressure_mbar_avg,main,GQR
USA-MDA_water-level_SERC-dock,2021-02-14 08:12:00,barometric_pressure_mbar_avg,main,GQR
USA-MDA_water-level_SERC-dock,2021-02-14 08:18:00,barometric_pressure_mbar_avg,main,GQR
USA-MDA_water-level_SERC-dock,2021-02-14 08:24:00,barometric_pressure_mbar_avg,main,GQR
USA-MDA_water-level_SERC-dock,2021-02-14 08:30:00,barometric_pressure_mbar_avg,main,GQR
USA-MDA_water-level_SERC-dock,2021-02-14 08:36:00,barometric_pressure_mbar_avg,main,GQR
USA-MDA_water-level_SERC-dock,2021-02-14 08:42:00,barometric_pressure_mbar_avg,main,GQR
USA-MDA_water-level_SERC-dock,2021-02-14 08:48:00,barometric_pressure_mbar_avg,main,GQR
USA-MDA_water-level_SERC-dock,2021-02-14 08:54:00,barometric_pressure_mbar_avg,main,GQR
USA-MDA_water-level_SERC-dock,2021-02-14 09:00:00,barometric_pressure_mbar_avg,main,GQR
USA-MDA_water-level_SERC-dock,2021-02-14 09:06:00,barometric_pressure_mbar_avg,main,GQR
USA-MDA_water-level_SERC-dock,2021-02-14 09:12:00,barometric_pressure_mbar_avg,main,GQR
USA-MDA_water-level_SERC-dock,2021-02-14 09:18:00,barometric_pressure_mbar_avg,main,GQR
USA-MDA_water-level_SERC-dock,2021-02-14 09:24:00,barometric_pressure_mbar_avg,main,GQR
USA-MDA_water-level_SERC-dock,2021-02-14 09:30:00,barometric_pressure_mbar_avg,main,GQR
USA-MDA_water-level_SERC-dock,2021-02-14 09:36:00,barometric_pressure_mbar_avg,main,GQR
USA-MDA_water-level_SERC-dock,2021-02-14 09:42:00,barometric_pressure_mbar_avg,main,GQR
USA-MDA_water-level_SERC-dock,2021-02-14 09:48:00,barometric_pressure_mbar_avg,main,GQR
USA-MDA_water-level_SERC-dock,2021-02-14 09:54:00,barometric_pressure_mbar_avg,main,GQR
USA-MDA_water-level_SERC-dock,2021-02-14 10:00:00,barometric_pressure_mbar_avg,main,GQR
USA-MDA_water-level_SERC-dock,2021-02-14 10:06:00,barometric_pressure_mbar_avg,main,GQR
USA-MDA_water-level_SERC-dock,2021-02-14 10:12:00,barometric_pressure_mbar_avg,main,GQR
USA-MDA_water-level_SERC-dock,2021-02-14 10:18:00,barometric_pressure_mbar_avg,main,GQR
USA-MDA_water-level_SERC-dock,2021-02-14 10:24:00,barometric_pressure_mbar_avg,main,GQR
USA-MDA_water-level_SERC-dock,2021-02-14 10:30:00,barometric_pressure_mbar_avg,main,GQR
USA-MDA_water-level_SERC-dock,2021-02-14 10:36:00,barometric_pressure_mbar_avg,main,GQR
USA-MDA_water-level_SERC-dock,2021-02-14 10:42:00,barometric_pressure_mbar_avg,main,GQR
USA-MDA_water-level_SERC-dock,2021-02-14 10:48:00,barometric_pressure_mbar_avg,main,GQR
USA-MDA_water-level_SERC-dock,2021-02-14 10:54:00,barometric_pressure_mbar_avg,main,GQR
USA-MDA_water-level_SERC-dock,2021-02-14 11:00:00,barometric_pressure_mbar_avg,main,GQR
USA-MDA_water-level_SERC-dock,2021-02-14 11:06:00,barometric_pressure_mbar_avg,main,GQR
USA-MDA_water-level_SERC-dock,2021-02-14 11:12:00,barometric_pressure_mbar_avg,main,GQR
USA-MDA_water-level_SERC-dock,2021-02-14 11:18:00,barometric_pressure_mbar_avg,main,GQR
USA-MDA_water-level_SERC-dock,2021-02-14 11:24:00,barometric_pressure_mbar_avg,main,GQR
USA-MDA_water-level_SERC-dock,2021-02-14 11:30:00,barometric_pressure_mbar_avg,main,GQR
USA-MDA_water-level_SERC-dock,2021-02-14 11:36:00,barometric_pressure_mbar_avg,main,GQR
USA-MDA_water-level_SERC-dock,2021-02-14 11:42:00,barometric_pressure_mbar_avg,main,GQR
USA-MDA_water-level_SERC-dock,2021-02-14 11:48:00,barometric_pressure_mbar_avg,main,GQR
USA-MDA_water-level_SERC-dock,2021-02-14 11:54:00,barometric_pressure_mbar_avg,main,GQR
USA-MDA_water-level_SERC-dock,2021-02-14 12:00:00,barometric_pressure_mbar_avg,main,GQR
USA-MDA_water-level_SERC-dock,2021-02-14 12:06:00,barometric_pressure_mbar_avg,main,GQR
USA-MDA_water-level_SERC-dock,2021-02-14 12:12:00,barometric_pressure_mbar_avg,main,GQR
USA-MDA_water-level_SERC-dock,2021-02-14 12:18:00,barometric_pressure_mbar_avg,main,GQR
USA-MDA_water-level_SERC-dock,2021-02-14 12:24:00,barometric_pressure_mbar_avg,main,GQR
USA-MDA_water-level_SERC-dock,2021-02-14 12:30:00,barometric_pressure_mbar_avg,main,GQR
USA-MDA_water-level_SERC-dock,2021-02-14 12:36:00,barometric_pressure_mbar_avg,main,GQR
USA-MDA_water-level_SERC-dock,2021-02-14 12:42:00,barometric_pressure_mbar_avg,main,GQR
USA-MDA_water-level_SERC-dock,2021-02-14 12:48:00,barometric_pressure_mbar_avg,main,GQR
USA-MDA_water-level_SERC-dock,2021-02-14 12:54:00,barometric_pressure_mbar_avg,main,GQR
USA-MDA_water-level_SERC-dock,2021-02-14 13:00:00,barometric_pressure_mbar_avg,main,GQR
USA-MDA_water-level_SERC-dock,2021-02-14 13:06:00,barometric_pressure_mbar_avg,main,GQR
USA-MDA_water-level_SERC-dock,2021-02-14 13:12:00,barometric_pressure_mbar_avg,main,GQR
USA-MDA_water-level_SERC-dock,2021-02-14 13:18:00,barometric_pressure_mbar_avg,main,GQR
USA-MDA_water-level_SERC-dock,2021-02-14 13:24:00,barometric_pressure_mbar_avg,main,GQR
USA-MDA_water-level_SERC-dock,2021-02-14 13:30:00,barometric_pressure_mbar_avg,main,GQR
USA-MDA_water-level_SERC-dock,2021-02-14 13:36:00,barometric_pressure_mbar_avg,main,GQR
USA-MDA_water-level_SERC-dock,2021-02-14 13:42:00,barometric_pressure_mbar_avg,main,GQR
USA-MDA_water-level_SERC-dock,2021-02-14 13:48:00,barometric_pressure_mbar_avg,main,GQR
USA-MDA_water-level_SERC-dock,2021-02-14 13:54:00,barometric_pressure_mbar_avg,main,GQR
USA-MDA_water-level_SERC-dock,2021-02-14 14:00:00,barometric_pressure_mbar_avg,main,GQR
USA-MDA_water-level_SERC-dock,2021-02-14 14:06:00,barometric_pressure_mbar_avg,main,GQR
USA-MDA_water-level_SERC-dock,2021-02-14 14:12:00,barometric_pressure_mbar_avg,main,GQR
USA-MDA_water-level_SERC-dock,2021-02-14 14:18:00,barometric_pressure_mbar_avg,main,GQR
USA-MDA_water-level_SERC-dock,2021-02-14 14:24:00,barometric_pressure_mbar_avg,main,GQR
USA-MDA_water-level_SERC-dock,2021-02-14 14:30:00,barometric_pressure_mbar_avg,main,GQR
USA-MDA_water-level_SERC-dock,2021-02-14 14:36:00,barometric_pressure_mbar_avg,main,GQR
USA-MDA_water-level_SERC-dock,2021-02-14 14:42:00,barometric_pressure_mbar_avg,main,GQR
USA-MDA_water-level_SERC-dock,2021-02-14 14:48:00,barometric_pressure_mbar_avg,main,GQR
USA-MDA_water-level_SERC-dock,2021-02-14 14:54:00,barometric_pressure_mbar_avg,main,GQR
USA-MDA_water-level_SERC-dock,2021-02-14 15:00:00,barometric_pressure_mbar_avg,main,GQR
USA-MDA_water-level_SERC-dock,2021-02-14 15:06:00,barometric_pressure_mbar_avg,main,GQR
USA-MDA_water-level_SERC-dock,2021-02-14 15:12:00,barometric_pressure_mbar_avg,main,GQR
USA-MDA_water-level_SERC-dock,2021-02-14 15:18:00,barometric_pressure_mbar_avg,main,GQR
USA-MDA_water-level_SERC-dock,2021-02-14 15:24:00,barometric_pressure_mbar_avg,main,GQR
USA-MDA_water-level_SERC-dock,2021-02-14 15:30:00,barometric_pressure_mbar_avg,main,GQR
USA-MDA_water-level_SERC-dock,2021-02-14 15:36:00,barometric_pressure_mbar_avg,main,GQR
USA-MDA_water-level_SERC-dock,2021-02-14 15:42:00,barometric_pressure_mbar_avg,main,GQR
USA-MDA_water-level_SERC-dock,2021-02-14 15:48:00,barometric_pressure_mbar_avg,main,GQR
USA-MDA_water-level_SERC-dock,2021-02-14 15:54:00,barometric_pressure_mbar_avg,main,GQR
USA-MDA_water-level_SERC-dock,2021-02-14 16:00:00,barometric_pressure_mbar_avg,main,GQR
USA-MDA_water-level_SERC-dock,2021-02-14 16:06:00,barometric_pressure_mbar_avg,main,GQR
USA-MDA_water-level_SERC-dock,2021-02-14 16:12:00,barometric_pressure_mbar_avg,main,GQR
USA-MDA_water-level_SERC-dock,2021-02-14 16:18:00,barometric_pressure_mbar_avg,main,GQR
USA-MDA_water-level_SERC-dock,2021-02-14 16:24:00,barometric_pressure_mbar_avg,main,GQR
USA-MDA_water-level_SERC-dock,2021-02-14 16:30:00,barometric_pressure_mbar_avg,main,GQR
USA-MDA_water-level_SERC-dock,2021-02-14 16:36:00,barometric_pressure_mbar_avg,main,GQR
USA-MDA_water-level_SERC-dock,2021-02-14 16:42:00,barometric_pressure_mbar_avg,main,GQR
USA-MDA_water-level_SERC-dock,2021-02-14 16:48:00,barometric_pressure_mbar_avg,main,GQR
USA-MDA_water-level_SERC-dock,2021-02-14 16:54:00,barometric_pressure_mbar_avg,main,GQR
USA-MDA_water-level_SERC-dock,2021-02-14 17:00:00,barometric_pressure_mbar_avg,main,GQR
USA-MDA_water-level_SERC-dock,2021-02-14 17:06:00,barometric_pressure_mbar_avg,main,GQR
USA-MDA_water-level_SERC-dock,2021-02-14 17:12:00,barometric_pressure_mbar_avg,main,GQR
USA-MDA_water-level_SERC-dock,2021-02-14 17:18:00,barometric_pressure_mbar_avg,main,GQR
USA-MDA_water-level_SERC-dock,2021-02-14 17:24:00,barometric_pressure_mbar_avg,main,GQR
USA-MDA_water-level_SERC-dock,2021-02-14 17:30:00,barometric_pressure_mbar_avg,main,GQR
USA-MDA_water-level_SERC-dock,2021-02-14 17:36:00,barometric_pressure_mbar_avg,main,GQR
USA-MDA_water-level_SERC-dock,2021-02-14 17:42:00,barometric_pressure_mbar_avg,main,GQR
USA-MDA_water-level_SERC-dock,2021-02-14 17:48:00,barometric_pressure_mbar_avg,main,GQR
USA-MDA_water-level_SERC-dock,2021-02-14 17:54:00,barometric_pressure_mbar_avg,main,GQR
USA-MDA_water-level_SERC-dock,2021-02-14 18:00:00,barometric_pressure_mbar_avg,main,GQR
USA-MDA_water-level_SERC-dock,2021-02-14 18:06:00,barometric_pressure_mbar_avg,main,GQR
USA-MDA_water-level_SERC-dock,2021-02-14 18:12:00,barometric_pressure_mbar_avg,main,GQR
USA-MDA_water-level_SERC-dock,2021-02-14 18:18:00,barometric_pressure_mbar_avg,main,GQR
USA-MDA_water-level_SERC-dock,2021-02-14 18:24:00,barometric_pressure_mbar_avg,main,GQR
USA-MDA_water-level_SERC-dock,2021-02-14 18:30:00,barometric_pressure_mbar_avg,main,GQR
USA-MDA_water-level_SERC-dock,2021-02-14 18:36:00,barometric_pressure_mbar_avg,main,GQR
USA-MDA_water-level_SERC-dock,2021-02-14 18:42:00,barometric_pressure_mbar_avg,main,GQR
USA-MDA_water-level_SERC-dock,2021-02-14 18:48:00,barometric_pressure_mbar_avg,main,GQR
USA-MDA_water-level_SERC-dock,2021-02-14 18:54:00,barometric_pressure_mbar_avg,main,GQR
USA-MDA_water-level_SERC-dock,2021-02-14 19:00:00,barometric_pressure_mbar_avg,main,GQR
USA-MDA_water-level_SERC-dock,2021-02-14 19:06:00,barometric_pressure_mbar_avg,main,GQR
USA-MDA_water-level_SERC-dock,2021-02-14 19:12:00,barometric_pressure_mbar_avg,main,GQR
USA-MDA_water-level_SERC-dock,2021-02-14 19:18:00,barometric_pressure_mbar_avg,main,GQR
USA-MDA_water-level_SERC-dock,2021-02-14 19:24:00,barometric_pressure_mbar_avg,main,GQR
USA-MDA_water-level_SERC-dock,2021-02-14 19:30:00,barometric_pressure_mbar_avg,main,GQR
USA-MDA_water-level_SERC-dock,2021-02-14 19:36:00,barometric_pressure_mbar_avg,main,GQR
USA-MDA_water-level_SERC-dock,2021-02-14 19:42:00,barometric_pressure_mbar_avg,main,GQR
USA-MDA_water-level_SERC-dock,2021-02-14 19:48:00,barometric_pressure_mbar_avg,main,GQR
USA-MDA_water-level_SERC-dock,2021-02-14 19:54:00,barometric_pressure_mbar_avg,main,GQR
USA-MDA_water-level_SERC-dock,2021-02-14 20:00:00,barometric_pressure_mbar_avg,main,GQR
USA-MDA_water-level_SERC-dock,2021-02-14 20:06:00,barometric_pressure_mbar_avg,main,GQR
USA-MDA_water-level_SERC-dock,2021-02-14 20:12:00,barometric_pressure_mbar_avg,main,GQR
USA-MDA_water-level_SERC-dock,2021-02-14 20:18:00,barometric_pressure_mbar_avg,main,GQR
USA-MDA_water-level_SERC-dock,2021-02-14 20:24:00,barometric_pressure_mbar_avg,main,GQR
USA-MDA_water-level_SERC-dock,2021-02-14 20:30:00,barometric_pressure_mbar_avg,main,GQR
USA-MDA_water-level_SERC-dock,2021-02-14 20:36:00,barometric_pressure_mbar_avg,main,GQR
USA-MDA_water-level_SERC-dock,2021-02-14 20:42:00,barometric_pressure_mbar_avg,main,GQR
USA-MDA_water-level_SERC-dock,2021-02-14 20:48:00,barometric_pressure_mbar_avg,main,GQR
USA-MDA_water-level_SERC-dock,2021-02-14 20:54:00,barometric_pressure_mbar_avg,main,GQR
USA-MDA_water-level_SERC-dock,2021-02-14 21:00:00,barometric_pressure_mbar_avg,main,GQR
USA-MDA_water-level_SERC-dock,2021-02-14 21:06:00,barometric_pressure_mbar_avg,main,GQR
USA-MDA_water-level_SERC-dock,2021-02-14 21:12:00,barometric_pressure_mbar_avg,main,GQR
USA-MDA_water-level_SERC-dock,2021-02-14 21:18:00,barometric_pressure_mbar_avg,main,GQR
USA-MDA_water-level_SERC-dock,2021-02-14 21:24:00,barometric_pressure_mbar_avg,main,GQR
USA-MDA_water-level_SERC-dock,2021-02-14 21:30:00,barometric_pressure_mbar_avg,main,GQR
USA-MDA_water-level_SERC-dock,2021-02-14 21:36:00,barometric_pressure_mbar_avg,main,GQR
USA-MDA_water-level_SERC-dock,2021-02-14 21:42:00,barometric_pressure_mbar_avg,main,GQR
USA-MDA_water-level_SERC-dock,2021-02-14 21:48:00,barometric_pressure_mbar_avg,main,GQR
USA-MDA_water-level_SERC-dock,2021-02-14 21:54:00,barometric_pressure_mbar_avg,main,GQR
USA-MDA_water-level_SERC-dock,2021-02-14 22:00:00,barometric_pressure_mbar_avg,main,GQR
USA-MDA_water-level_SERC-dock,2021-02-14 22:06:00,barometric_pressure_mbar_avg,main,GQR
USA-MDA_water-level_SERC-dock,2021-02-14 22:12:00,barometric_pressure_mbar_avg,main,GQR
USA-MDA_water-level_SERC-dock,2021-02-14 22:18:00,barometric_pressure_mbar_avg,main,GQR
USA-MDA_water-level_SERC-dock,2021-02-14 22:24:00,barometric_pressure_mbar_avg,main,GQR
USA-MDA_water-level_SERC-dock,2021-02-14 22:30:00,barometric_pressure_mbar_avg,main,GQR
USA-MDA_water-level_SERC-dock,2021-02-14 22:36:00,barometric_pressure_mbar_avg,main,GQR
USA-MDA_water-level_SERC-dock,2021-02-14 22:42:00,barometric_pressure_mbar_avg,main,GQR
USA-MDA_water-level_SERC-dock,2021-02-14 22:48:00,barometric_pressure_mbar_avg,main,GQR
USA-MDA_water-level_SERC-dock,2021-02-14 22:54:00,barometric_pressure_mbar_avg,main,GQR
USA-MDA_water-level_SERC-dock,2021-02-14 23:00:00,barometric_pressure_mbar_avg,main,GQR
USA-MDA_water-level_SERC-dock,2021-02-14 23:06:00,barometric_pressure_mbar_avg,main,GQR
USA-MDA_water-level_SERC-dock,2021-02-14 23:12:00,barometric_pressure_mbar_avg,main,GQR
USA-MDA_water-level_SERC-dock,2021-02-14 23:18:00,barometric_pressure_mbar_avg,main,GQR
USA-MDA_water-level_SERC-dock,2021-02-14 23:24:00,barometric_pressure_mbar_avg,main,GQR
USA-MDA_water-level_SERC-dock,2021-02-14 23:30:00,barometric_pressure_mbar_avg,main,GQR
USA-MDA_water-level_SERC-dock,2021-02-14 23:36:00,barometric_pressure_mbar_avg,main,GQR
USA-MDA_water-level_SERC-dock,2021-02-14 23:42:00,barometric_pressure_mbar_avg,main,GQR
USA-MDA_water-level_SERC-dock,2021-02-14 23:48:00,barometric_pressure_mbar_avg,main,GQR
USA-MDA_water-level_SERC-dock,2021-02-14 23:54:00,barometric_pressure_mbar_avg,main,GQR
USA-MDA_water-level_SERC-dock,2021-02-15 00:00:00,barometric_pressure_mbar_avg,main,GQR
USA-MDA_water-level_SERC-dock,2021-02-15 00:06:00,barometric_pressure_mbar_avg,main,GQR
USA-MDA_water-level_SERC-dock,2021-02-15 00:12:00,barometric_pressure_mbar_avg,main,GQR
USA-MDA_water-level_SERC-dock,2021-02-15 00:18:00,barometric_pressure_mbar_avg,main,GQR
USA-MDA_water-level_SERC-dock,2021-02-15 00:24:00,barometric_pressure_mbar_avg,main,GQR
USA-MDA_water-level_SERC-dock,2021-02-15 00:30:00,barometric_pressure_mbar_avg,main,GQR
USA-MDA_water-level_SERC-dock,2021-02-15 00:36:00,barometric_pressure_mbar_avg,main,GQR
USA-MDA_water-level_SERC-dock,2021-02-15 00:42:00,barometric_pressure_mbar_avg,main,GQR
USA-MDA_water-level_SERC-dock,2021-02-15 00:48:00,barometric_pressure_mbar_avg,main,GQR
USA-MDA_water-level_SERC-dock,2021-02-15 00:54:00,barometric_pressure_mbar_avg,main,GQR
USA-MDA_water-level_SERC-dock,2021-02-15 01:00:00,barometric_pressure_mbar_avg,main,GQR
USA-MDA_water-level_SERC-dock,2021-02-15 01:06:00,barometric_pressure_mbar_avg,main,GQR
USA-MDA_water-level_SERC-dock,2021-02-15 01:12:00,barometric_pressure_mbar_avg,main,GQR
USA-MDA_water-level_SERC-dock,2021-02-15 01:18:00,barometric_pressure_mbar_avg,main,GQR
USA-MDA_water-level_SERC-dock,2021-02-15 01:24:00,barometric_pressure_mbar_avg,main,GQR
USA-MDA_water-level_SERC-dock,2021-02-15 01:30:00,barometric_pressure_mbar_avg,main,GQR
USA-MDA_water-level_SERC-dock,2021-02-15 01:36:00,barometric_pressure_mbar_avg,main,GQR
USA-MDA_water-level_SERC-dock,2021-02-15 01:42:00,barometric_pressure_mbar_avg,main,GQR
USA-MDA_water-level_SERC-dock,2021-02-15 01:48:00,barometric_pressure_mbar_avg,main,GQR
USA-MDA_water-level_SERC-dock,2021-02-15 01:54:00,barometric_pressure_mbar_avg,main,GQR
USA-MDA_water-level_SERC-dock,2021-02-15 02:00:00,barometric_pressure_mbar_avg,main,GQR
USA-MDA_water-level_SERC-dock,2021-02-15 02:06:00,barometric_pressure_mbar_avg,main,GQR
USA-MDA_water-level_SERC-dock,2021-02-15 02:12:00,barometric_pressure_mbar_avg,main,GQR
USA-MDA_water-level_SERC-dock,2021-02-15 02:18:00,barometric_pressure_mbar_avg,main,GQR
USA-MDA_water-level_SERC-dock,2021-02-15 02:24:00,barometric_pressure_mbar_avg,main,GQR
USA-MDA_water-level_SERC-dock,2021-02-15 02:30:00,barometric_pressure_mbar_avg,main,GQR
USA-MDA_water-level_SERC-dock,2021-02-15 02:36:00,barometric_pressure_mbar_avg,main,GQR
USA-MDA_water-level_SERC-dock,2021-02-15 02:42:00,barometric_pressure_mbar_avg,main,GQR
USA-MDA_water-level_SERC-dock,2021-02-15 02:48:00,barometric_pressure_mbar_avg,main,GQR
USA-MDA_water-level_SERC-dock,2021-02-15 02:54:00,barometric_pressure_mbar_avg,main,GQR
USA-MDA_water-level_SERC-dock,2021-02-15 03:00:00,barometric_pressure_mbar_avg,main,GQR
USA-MDA_water-level_SERC-dock,2021-02-15 03:06:00,barometric_pressure_mbar_avg,main,GQR
USA-MDA_water-level_SERC-dock,2021-02-15 03:12:00,barometric_pressure_mbar_avg,main,GQR
USA-MDA_water-level_SERC-dock,2021-02-15 03:18:00,barometric_pressure_mbar_avg,main,GQR
USA-MDA_water-level_SERC-dock,2021-02-15 03:24:00,barometric_pressure_mbar_avg,main,GQR
USA-MDA_water-level_SERC-dock,2021-02-15 03:30:00,barometric_pressure_mbar_avg,main,GQR
USA-MDA_water-level_SERC-dock,2021-02-15 03:36:00,barometric_pressure_mbar_avg,main,GQR
USA-MDA_water-level_SERC-dock,2021-02-15 03:42:00,barometric_pressure_mbar_avg,main,GQR
USA-MDA_water-level_SERC-dock,2021-02-15 03:48:00,barometric_pressure_mbar_avg,main,GQR
USA-MDA_water-level_SERC-dock,2021-02-15 03:54:00,barometric_pressure_mbar_avg,main,GQR
USA-MDA_water-level_SERC-dock,2021-02-15 04:00:00,barometric_pressure_mbar_avg,main,GQR
USA-MDA_water-level_SERC-dock,2021-02-15 04:06:00,barometric_pressure_mbar_avg,main,GQR
USA-MDA_water-level_SERC-dock,2021-02-15 04:12:00,barometric_pressure_mbar_avg,main,GQR
USA-MDA_water-level_SERC-dock,2021-02-15 04:18:00,barometric_pressure_mbar_avg,main,GQR
USA-MDA_water-level_SERC-dock,2021-02-15 04:24:00,barometric_pressure_mbar_avg,main,GQR
USA-MDA_water-level_SERC-dock,2021-02-15 04:30:00,barometric_pressure_mbar_avg,main,GQR
USA-MDA_water-level_SERC-dock,2021-02-15 04:36:00,barometric_pressure_mbar_avg,main,GQR
USA-MDA_water-level_SERC-dock,2021-02-15 04:42:00,barometric_pressure_mbar_avg,main,GQR
USA-MDA_water-level_SERC-dock,2021-02-15 04:48:00,barometric_pressure_mbar_avg,main,GQR
USA-MDA_water-level_SERC-dock,2021-02-15 04:54:00,barometric_pressure_mbar_avg,main,GQR
USA-MDA_water-level_SERC-dock,2021-02-15 05:00:00,barometric_pressure_mbar_avg,main,GQR
USA-MDA_water-level_SERC-dock,2021-02-15 05:06:00,barometric_pressure_mbar_avg,main,GQR
USA-MDA_water-level_SERC-dock,2021-02-15 05:12:00,barometric_pressure_mbar_avg,main,GQR
USA-MDA_water-level_SERC-dock,2021-02-15 05:18:00,barometric_pressure_mbar_avg,main,GQR
USA-MDA_water-level_SERC-dock,2021-02-15 05:24:00,barometric_pressure_mbar_avg,main,GQR
USA-MDA_water-level_SERC-dock,2021-02-15 05:30:00,barometric_pressure_mbar_avg,main,GQR
USA-MDA_water-level_SERC-dock,2021-02-15 05:36:00,barometric_pressure_mbar_avg,main,GQR
USA-MDA_water-level_SERC-dock,2021-02-15 05:42:00,barometric_pressure_mbar_avg,main,GQR
USA-MDA_water-level_SERC-dock,2021-02-15 05:48:00,barometric_pressure_mbar_avg,main,GQR
USA-MDA_water-level_SERC-dock,2021-02-15 05:54:00,barometric_pressure_mbar_avg,main,GQR
USA-MDA_water-level_SERC-dock,2021-02-15 06:00:00,barometric_pressure_mbar_avg,main,GQR
USA-MDA_water-level_SERC-dock,2021-02-15 06:06:00,barometric_pressure_mbar_avg,main,GQR
USA-MDA_water-level_SERC-dock,2021-02-15 06:12:00,barometric_pressure_mbar_avg,main,GQR
USA-MDA_water-level_SERC-dock,2021-02-15 06:18:00,barometric_pressure_mbar_avg,main,GQR
USA-MDA_water-level_SERC-dock,2021-02-15 06:24:00,barometric_pressure_mbar_avg,main,GQR
USA-MDA_water-level_SERC-dock,2021-02-15 06:30:00,barometric_pressure_mbar_avg,main,GQR
USA-MDA_water-level_SERC-dock,2021-02-15 06:36:00,barometric_pressure_mbar_avg,main,GQR
USA-MDA_water-level_SERC-dock,2021-02-15 06:42:00,barometric_pressure_mbar_avg,main,GQR
USA-MDA_water-level_SERC-dock,2021-02-15 06:48:00,barometric_pressure_mbar_avg,main,GQR
USA-MDA_water-level_SERC-dock,2021-02-15 06:54:00,barometric_pressure_mbar_avg,main,GQR
USA-MDA_water-level_SERC-dock,2021-02-15 07:00:00,barometric_pressure_mbar_avg,main,GQR
USA-MDA_water-level_SERC-dock,2021-02-15 07:06:00,barometric_pressure_mbar_avg,main,GQR
USA-MDA_water-level_SERC-dock,2021-02-15 07:12:00,barometric_pressure_mbar_avg,main,GQR
USA-MDA_water-level_SERC-dock,2021-02-15 07:18:00,barometric_pressure_mbar_avg,main,GQR
USA-MDA_water-level_SERC-dock,2021-02-15 07:24:00,barometric_pressure_mbar_avg,main,GQR
USA-MDA_water-level_SERC-dock,2021-02-15 07:30:00,barometric_pressure_mbar_avg,main,GQR
USA-MDA_water-level_SERC-dock,2021-02-15 07:36:00,barometric_pressure_mbar_avg,main,GQR
USA-MDA_water-level_SERC-dock,2021-02-15 07:42:00,barometric_pressure_mbar_avg,main,GQR
USA-MDA_water-level_SERC-dock,2021-02-15 07:48:00,barometric_pressure_mbar_avg,main,GQR
USA-MDA_water-level_SERC-dock,2021-02-15 07:54:00,barometric_pressure_mbar_avg,main,GQR
USA-MDA_water-level_SERC-dock,2021-02-15 08:00:00,barometric_pressure_mbar_avg,main,GQR
USA-MDA_water-level_SERC-dock,2021-02-15 08:06:00,barometric_pressure_mbar_avg,main,GQR
USA-MDA_water-level_SERC-dock,2021-02-15 08:12:00,barometric_pressure_mbar_avg,main,GQR
USA-MDA_water-level_SERC-dock,2021-02-15 08:18:00,barometric_pressure_mbar_avg,main,GQR
USA-MDA_water-level_SERC-dock,2021-02-15 08:24:00,barometric_pressure_mbar_avg,main,GQR
USA-MDA_water-level_SERC-dock,2021-02-15 08:30:00,barometric_pressure_mbar_avg,main,GQR
USA-MDA_water-level_SERC-dock,2021-02-15 08:36:00,barometric_pressure_mbar_avg,main,GQR
USA-MDA_water-level_SERC-dock,2021-02-15 08:42:00,barometric_pressure_mbar_avg,main,GQR
USA-MDA_water-level_SERC-dock,2021-02-15 08:48:00,barometric_pressure_mbar_avg,main,GQR
USA-MDA_water-level_SERC-dock,2021-02-15 08:54:00,barometric_pressure_mbar_avg,main,GQR
USA-MDA_water-level_SERC-dock,2021-02-15 09:00:00,barometric_pressure_mbar_avg,main,GQR
USA-MDA_water-level_SERC-dock,2021-02-15 09:06:00,barometric_pressure_mbar_avg,main,GQR
USA-MDA_water-level_SERC-dock,2021-02-15 09:12:00,barometric_pressure_mbar_avg,main,GQR
USA-MDA_water-level_SERC-dock,2021-02-15 09:18:00,barometric_pressure_mbar_avg,main,GQR
USA-MDA_water-level_SERC-dock,2021-02-15 09:24:00,barometric_pressure_mbar_avg,main,GQR
USA-MDA_water-level_SERC-dock,2021-02-15 09:30:00,barometric_pressure_mbar_avg,main,GQR
USA-MDA_water-level_SERC-dock,2021-02-15 09:36:00,barometric_pressure_mbar_avg,main,GQR
USA-MDA_water-level_SERC-dock,2021-02-15 09:42:00,barometric_pressure_mbar_avg,main,GQR
USA-MDA_water-level_SERC-dock,2021-02-15 09:48:00,barometric_pressure_mbar_avg,main,GQR
USA-MDA_water-level_SERC-dock,2021-02-15 09:54:00,barometric_pressure_mbar_avg,main,GQR
USA-MDA_water-level_SERC-dock,2021-02-15 10:00:00,barometric_pressure_mbar_avg,main,GQR
USA-MDA_water-level_SERC-dock,2021-02-15 10:06:00,barometric_pressure_mbar_avg,main,GQR
USA-MDA_water-level_SERC-dock,2021-02-15 10:12:00,barometric_pressure_mbar_avg,main,GQR
USA-MDA_water-level_SERC-dock,2021-02-15 10:18:00,barometric_pressure_mbar_avg,main,GQR
USA-MDA_water-level_SERC-dock,2021-02-15 10:24:00,barometric_pressure_mbar_avg,main,GQR
USA-MDA_water-level_SERC-dock,2021-02-15 10:30:00,barometric_pressure_mbar_avg,main,GQR
USA-MDA_water-level_SERC-dock,2021-02-15 10:36:00,barometric_pressure_mbar_avg,main,GQR
USA-MDA_water-level_SERC-dock,2021-02-15 10:42:00,barometric_pressure_mbar_avg,main,GQR
USA-MDA_water-level_SERC-dock,2021-02-15 10:48:00,barometric_pressure_mbar_avg,main,GQR
USA-MDA_water-level_SERC-dock,2021-02-15 10:54:00,barometric_pressure_mbar_avg,main,GQR
USA-MDA_water-level_SERC-dock,2021-02-15 11:00:00,barometric_pressure_mbar_avg,main,GQR
USA-MDA_water-level_SERC-dock,2021-02-15 11:06:00,barometric_pressure_mbar_avg,main,GQR
USA-MDA_water-level_SERC-dock,2021-02-15 11:12:00,barometric_pressure_mbar_avg,main,GQR
USA-MDA_water-level_SERC-dock,2021-02-15 11:18:00,barometric_pressure_mbar_avg,main,GQR
USA-MDA_water-level_SERC-dock,2021-02-15 11:24:00,barometric_pressure_mbar_avg,main,GQR
USA-MDA_water-level_SERC-dock,2021-02-15 11:30:00,barometric_pressure_mbar_avg,main,GQR
USA-MDA_water-level_SERC-dock,2021-02-15 11:36:00,barometric_pressure_mbar_avg,main,GQR
USA-MDA_water-level_SERC-dock,2021-02-15 11:42:00,barometric_pressure_mbar_avg,main,GQR
USA-MDA_water-level_SERC-dock,2021-02-15 11:48:00,barometric_pressure_mbar_avg,main,GQR
USA-MDA_water-level_SERC-dock,2021-02-15 11:54:00,barometric_pressure_mbar_avg,main,GQR
USA-MDA_water-level_SERC-dock,2021-02-15 12:00:00,barometric_pressure_mbar_avg,main,GQR
USA-MDA_water-level_SERC-dock,2021-02-15 12:06:00,barometric_pressure_mbar_avg,main,GQR
USA-MDA_water-level_SERC-dock,2021-02-15 12:12:00,barometric_pressure_mbar_avg,main,GQR
USA-MDA_water-level_SERC-dock,2021-02-15 12:18:00,barometric_pressure_mbar_avg,main,GQR
USA-MDA_water-level_SERC-dock,2021-02-15 12:24:00,barometric_pressure_mbar_avg,main,GQR
USA-MDA_water-level_SERC-dock,2021-02-15 12:30:00,barometric_pressure_mbar_avg,main,GQR
USA-MDA_water-level_SERC-dock,2021-02-15 12:36:00,barometric_pressure_mbar_avg,main,GQR
USA-MDA_water-level_SERC-dock,2021-02-15 12:42:00,barometric_pressure_mbar_avg,main,GQR
USA-MDA_water-level_SERC-dock,2021-02-15 12:48:00,barometric_pressure_mbar_avg,main,GQR
USA-MDA_water-level_SERC-dock,2021-02-15 12:54:00,barometric_pressure_mbar_avg,main,GQR
USA-MDA_water-level_SERC-dock,2021-02-15 13:00:00,barometric_pressure_mbar_avg,main,GQR
USA-MDA_water-level_SERC-dock,2021-02-15 13:06:00,barometric_pressure_mbar_avg,main,GQR
USA-MDA_water-level_SERC-dock,2021-02-15 13:12:00,barometric_pressure_mbar_avg,main,GQR
USA-MDA_water-level_SERC-dock,2021-02-15 13:18:00,barometric_pressure_mbar_avg,main,GQR
USA-MDA_water-level_SERC-dock,2021-02-15 13:24:00,barometric_pressure_mbar_avg,main,GQR
USA-MDA_water-level_SERC-dock,2021-02-15 13:30:00,barometric_pressure_mbar_avg,main,GQR
USA-MDA_water-level_SERC-dock,2021-02-15 13:36:00,barometric_pressure_mbar_avg,main,GQR
USA-MDA_water-level_SERC-dock,2021-02-15 13:42:00,barometric_pressure_mbar_avg,main,GQR
USA-MDA_water-level_SERC-dock,2021-02-15 13:48:00,barometric_pressure_mbar_avg,main,GQR
USA-MDA_water-level_SERC-dock,2021-02-15 13:54:00,barometric_pressure_mbar_avg,main,GQR
USA-MDA_water-level_SERC-dock,2021-02-15 14:00:00,barometric_pressure_mbar_avg,main,GQR
USA-MDA_water-level_SERC-dock,2021-02-15 14:06:00,barometric_pressure_mbar_avg,main,GQR
USA-MDA_water-level_SERC-dock,2021-02-15 14:12:00,barometric_pressure_mbar_avg,main,GQR
USA-MDA_water-level_SERC-dock,2021-02-15 14:18:00,barometric_pressure_mbar_avg,main,GQR
USA-MDA_water-level_SERC-dock,2021-02-15 14:24:00,barometric_pressure_mbar_avg,main,GQR
USA-MDA_water-level_SERC-dock,2021-02-15 14:30:00,barometric_pressure_mbar_avg,main,GQR
USA-MDA_water-level_SERC-dock,2021-02-15 14:36:00,barometric_pressure_mbar_avg,main,GQR
USA-MDA_water-level_SERC-dock,2021-02-15 14:42:00,barometric_pressure_mbar_avg,main,GQR
USA-MDA_water-level_SERC-dock,2021-02-15 14:48:00,barometric_pressure_mbar_avg,main,GQR
USA-MDA_water-level_SERC-dock,2021-02-15 14:54:00,barometric_pressure_mbar_avg,main,GQR
USA-MDA_water-level_SERC-dock,2021-02-15 15:00:00,barometric_pressure_mbar_avg,main,GQR
USA-MDA_water-level_SERC-dock,2021-02-15 15:06:00,barometric_pressure_mbar_avg,main,GQR
USA-MDA_water-level_SERC-dock,2021-02-15 15:12:00,barometric_pressure_mbar_avg,main,GQR
USA-MDA_water-level_SERC-dock,2021-02-15 15:18:00,barometric_pressure_mbar_avg,main,GQR
USA-MDA_water-level_SERC-dock,2021-02-15 15:24:00,barometric_pressure_mbar_avg,main,GQR
USA-MDA_water-level_SERC-dock,2021-02-15 15:30:00,barometric_pressure_mbar_avg,main,GQR
USA-MDA_water-level_SERC-dock,2021-02-15 15:36:00,barometric_pressure_mbar_avg,main,GQR
USA-MDA_water-level_SERC-dock,2021-02-15 15:42:00,barometric_pressure_mbar_avg,main,GQR
USA-MDA_water-level_SERC-dock,2021-02-15 15:48:00,barometric_pressure_mbar_avg,main,GQR
USA-MDA_water-level_SERC-dock,2021-02-15 15:54:00,barometric_pressure_mbar_avg,main,GQR
USA-MDA_water-level_SERC-dock,2021-02-15 16:00:00,barometric_pressure_mbar_avg,main,GQR
USA-MDA_water-level_SERC-dock,2021-02-15 16:06:00,barometric_pressure_mbar_avg,main,GQR
USA-MDA_water-level_SERC-dock,2021-02-15 16:12:00,barometric_pressure_mbar_avg,main,GQR
USA-MDA_water-level_SERC-dock,2021-02-15 16:18:00,barometric_pressure_mbar_avg,main,GQR
USA-MDA_water-level_SERC-dock,2021-02-15 16:24:00,barometric_pressure_mbar_avg,main,GQR
USA-MDA_water-level_SERC-dock,2021-02-15 16:30:00,barometric_pressure_mbar_avg,main,GQR
USA-MDA_water-level_SERC-dock,2021-02-15 16:36:00,barometric_pressure_mbar_avg,main,GQR
USA-MDA_water-level_SERC-dock,2021-02-15 16:42:00,barometric_pressure_mbar_avg,main,GQR
USA-MDA_water-level_SERC-dock,2021-02-15 16:48:00,barometric_pressure_mbar_avg,main,GQR
USA-MDA_water-level_SERC-dock,2021-02-15 16:54:00,barometric_pressure_mbar_avg,main,GQR
USA-MDA_water-level_SERC-dock,2021-02-15 17:00:00,barometric_pressure_mbar_avg,main,GQR
USA-MDA_water-level_SERC-dock,2021-02-15 17:06:00,barometric_pressure_mbar_avg,main,GQR
USA-MDA_water-level_SERC-dock,2021-02-15 17:12:00,barometric_pressure_mbar_avg,main,GQR
USA-MDA_water-level_SERC-dock,2021-02-15 17:18:00,barometric_pressure_mbar_avg,main,GQR
USA-MDA_water-level_SERC-dock,2021-02-15 17:24:00,barometric_pressure_mbar_avg,main,GQR
USA-MDA_water-level_SERC-dock,2021-02-15 17:30:00,barometric_pressure_mbar_avg,main,GQR
USA-MDA_water-level_SERC-dock,2021-02-15 17:36:00,barometric_pressure_mbar_avg,main,GQR
USA-MDA_water-level_SERC-dock,2021-02-15 17:42:00,barometric_pressure_mbar_avg,main,GQR
USA-MDA_water-level_SERC-dock,2021-02-15 17:48:00,barometric_pressure_mbar_avg,main,GQR
USA-MDA_water-level_SERC-dock,2021-02-15 17:54:00,barometric_pressure_mbar_avg,main,GQR
USA-MDA_water-level_SERC-dock,2021-02-15 18:00:00,barometric_pressure_mbar_avg,main,GQR
USA-MDA_water-level_SERC-dock,2021-02-15 18:06:00,barometric_pressure_mbar_avg,main,GQR
USA-MDA_water-level_SERC-dock,2021-02-15 18:12:00,barometric_pressure_mbar_avg,main,GQR
USA-MDA_water-level_SERC-dock,2021-02-15 18:18:00,barometric_pressure_mbar_avg,main,GQR
USA-MDA_water-level_SERC-dock,2021-02-15 18:24:00,barometric_pressure_mbar_avg,main,GQR
USA-MDA_water-level_SERC-dock,2021-02-15 18:30:00,barometric_pressure_mbar_avg,main,GQR
USA-MDA_water-level_SERC-dock,2021-02-15 18:36:00,barometric_pressure_mbar_avg,main,GQR
USA-MDA_water-level_SERC-dock,2021-02-15 18:42:00,barometric_pressure_mbar_avg,main,GQR
USA-MDA_water-level_SERC-dock,2021-02-15 18:48:00,barometric_pressure_mbar_avg,main,GQR
USA-MDA_water-level_SERC-dock,2021-02-15 18:54:00,barometric_pressure_mbar_avg,main,GQR
USA-MDA_water-level_SERC-dock,2021-02-15 19:00:00,barometric_pressure_mbar_avg,main,GQR
USA-MDA_water-level_SERC-dock,2021-02-15 19:06:00,barometric_pressure_mbar_avg,main,GQR
USA-MDA_water-level_SERC-dock,2021-02-15 19:12:00,barometric_pressure_mbar_avg,main,GQR
USA-MDA_water-level_SERC-dock,2021-02-15 19:18:00,barometric_pressure_mbar_avg,main,GQR
USA-MDA_water-level_SERC-dock,2021-02-15 19:24:00,barometric_pressure_mbar_avg,main,GQR
USA-MDA_water-level_SERC-dock,2021-02-15 19:30:00,barometric_pressure_mbar_avg,main,GQR
USA-MDA_water-level_SERC-dock,2021-02-15 19:36:00,barometric_pressure_mbar_avg,main,GQR
USA-MDA_water-level_SERC-dock,2021-02-15 19:42:00,barometric_pressure_mbar_avg,main,GQR
USA-MDA_water-level_SERC-dock,2021-02-15 19:48:00,barometric_pressure_mbar_avg,main,GQR
USA-MDA_water-level_SERC-dock,2021-02-15 19:54:00,barometric_pressure_mbar_avg,main,GQR
USA-MDA_water-level_SERC-dock,2021-02-15 20:00:00,barometric_pressure_mbar_avg,main,GQR
USA-MDA_water-level_SERC-dock,2021-02-15 20:06:00,barometric_pressure_mbar_avg,main,GQR
USA-MDA_water-level_SERC-dock,2021-02-15 20:12:00,barometric_pressure_mbar_avg,main,GQR
USA-MDA_water-level_SERC-dock,2021-02-15 20:18:00,barometric_pressure_mbar_avg,main,GQR
USA-MDA_water-level_SERC-dock,2021-02-15 20:24:00,barometric_pressure_mbar_avg,main,GQR
USA-MDA_water-level_SERC-dock,2021-02-15 20:30:00,barometric_pressure_mbar_avg,main,GQR
USA-MDA_water-level_SERC-dock,2021-02-15 20:36:00,barometric_pressure_mbar_avg,main,GQR
USA-MDA_water-level_SERC-dock,2021-02-15 20:42:00,barometric_pressure_mbar_avg,main,GQR
USA-MDA_water-level_SERC-dock,2021-02-15 20:48:00,barometric_pressure_mbar_avg,main,GQR
USA-MDA_water-level_SERC-dock,2021-02-15 20:54:00,barometric_pressure_mbar_avg,main,GQR
USA-MDA_water-level_SERC-dock,2021-02-15 21:00:00,barometric_pressure_mbar_avg,main,GQR
USA-MDA_water-level_SERC-dock,2021-02-15 21:06:00,barometric_pressure_mbar_avg,main,GQR
USA-MDA_water-level_SERC-dock,2021-02-15 21:12:00,barometric_pressure_mbar_avg,main,GQR
USA-MDA_water-level_SERC-dock,2021-02-15 21:18:00,barometric_pressure_mbar_avg,main,GQR
USA-MDA_water-level_SERC-dock,2021-02-15 21:24:00,barometric_pressure_mbar_avg,main,GQR
USA-MDA_water-level_SERC-dock,2021-02-15 21:30:00,barometric_pressure_mbar_avg,main,GQR
USA-MDA_water-level_SERC-dock,2021-02-15 21:36:00,barometric_pressure_mbar_avg,main,GQR
USA-MDA_water-level_SERC-dock,2021-02-15 21:42:00,barometric_pressure_mbar_avg,main,GQR
USA-MDA_water-level_SERC-dock,2021-02-15 21:48:00,barometric_pressure_mbar_avg,main,GQR
USA-MDA_water-level_SERC-dock,2021-02-15 21:54:00,barometric_pressure_mbar_avg,main,GQR
USA-MDA_water-level_SERC-dock,2021-02-15 22:00:00,barometric_pressure_mbar_avg,main,GQR
USA-MDA_water-level_SERC-dock,2021-02-15 22:06:00,barometric_pressure_mbar_avg,main,GQR
USA-MDA_water-level_SERC-dock,2021-02-15 22:12:00,barometric_pressure_mbar_avg,main,GQR
USA-MDA_water-level_SERC-dock,2021-02-15 22:18:00,barometric_pressure_mbar_avg,main,GQR
USA-MDA_water-level_SERC-dock,2021-02-15 22:24:00,barometric_pressure_mbar_avg,main,GQR
USA-MDA_water-level_SERC-dock,2021-02-15 22:30:00,barometric_pressure_mbar_avg,main,GQR
USA-MDA_water-level_SERC-dock,2021-02-15 22:36:00,barometric_pressure_mbar_avg,main,GQR
USA-MDA_water-level_SERC-dock,2021-02-15 22:42:00,barometric_pressure_mbar_avg,main,GQR
USA-MDA_water-level_SERC-dock,2021-02-15 22:48:00,barometric_pressure_mbar_avg,main,GQR
USA-MDA_water-level_SERC-dock,2021-02-15 22:54:00,barometric_pressure_mbar_avg,main,GQR
USA-MDA_water-level_SERC-dock,2021-02-15 23:00:00,barometric_pressure_mbar_avg,main,GQR
USA-MDA_water-level_SERC-dock,2021-02-15 23:06:00,barometric_pressure_mbar_avg,main,GQR
USA-MDA_water-level_SERC-dock,2021-02-15 23:12:00,barometric_pressure_mbar_avg,main,GQR
USA-MDA_water-level_SERC-dock,2021-02-15 23:18:00,barometric_pressure_mbar_avg,main,GQR
USA-MDA_water-level_SERC-dock,2021-02-15 23:24:00,barometric_pressure_mbar_avg,main,GQR
USA-MDA_water-level_SERC-dock,2021-02-15 23:30:00,barometric_pressure_mbar_avg,main,GQR
USA-MDA_water-level_SERC-dock,2021-02-15 23:36:00,barometric_pressure_mbar_avg,main,GQR
USA-MDA_water-level_SERC-dock,2021-02-15 23:42:00,barometric_pressure_mbar_avg,main,GQR
USA-MDA_water-level_SERC-dock,2021-02-15 23:48:00,barometric_pressure_mbar_avg,main,GQR
USA-MDA_water-level_SERC-dock,2021-02-15 23:54:00,barometric_pressure_mbar_avg,main,GQR
USA-MDA_water-level_SERC-dock,2021-02-16 00:00:00,barometric_pressure_mbar_avg,main,GQR
USA-MDA_water-level_SERC-dock,2021-02-16 00:06:00,barometric_pressure_mbar_avg,main,GQR
USA-MDA_water-level_SERC-dock,2021-02-16 00:12:00,barometric_pressure_mbar_avg,main,GQR
USA-MDA_water-level_SERC-dock,2021-02-16 00:18:00,barometric_pressure_mbar_avg,main,GQR
USA-MDA_water-level_SERC-dock,2021-02-16 00:24:00,barometric_pressure_mbar_avg,main,GQR
USA-MDA_water-level_SERC-dock,2021-02-16 00:30:00,barometric_pressure_mbar_avg,main,GQR
USA-MDA_water-level_SERC-dock,2021-02-16 00:36:00,barometric_pressure_mbar_avg,main,GQR
USA-MDA_water-level_SERC-dock,2021-02-16 00:42:00,barometric_pressure_mbar_avg,main,GQR
USA-MDA_water-level_SERC-dock,2021-02-16 00:48:00,barometric_pressure_mbar_avg,main,GQR
USA-MDA_water-level_SERC-dock,2021-02-16 00:54:00,barometric_pressure_mbar_avg,main,GQR
USA-MDA_water-level_SERC-dock,2021-02-16 01:00:00,barometric_pressure_mbar_avg,main,GQR
USA-MDA_water-level_SERC-dock,2021-02-16 01:06:00,barometric_pressure_mbar_avg,main,GQR
USA-MDA_water-level_SERC-dock,2021-02-16 01:12:00,barometric_pressure_mbar_avg,main,GQR
USA-MDA_water-level_SERC-dock,2021-02-16 01:18:00,barometric_pressure_mbar_avg,main,GQR
USA-MDA_water-level_SERC-dock,2021-02-16 01:24:00,barometric_pressure_mbar_avg,main,GQR
USA-MDA_water-level_SERC-dock,2021-02-16 01:30:00,barometric_pressure_mbar_avg,main,GQR
USA-MDA_water-level_SERC-dock,2021-02-16 01:36:00,barometric_pressure_mbar_avg,main,GQR
USA-MDA_water-level_SERC-dock,2021-02-16 01:42:00,barometric_pressure_mbar_avg,main,GQR
USA-MDA_water-level_SERC-dock,2021-02-16 01:48:00,barometric_pressure_mbar_avg,main,GQR
USA-MDA_water-level_SERC-dock,2021-02-16 01:54:00,barometric_pressure_mbar_avg,main,GQR
USA-MDA_water-level_SERC-dock,2021-02-16 02:00:00,barometric_pressure_mbar_avg,main,GQR
USA-MDA_water-level_SERC-dock,2021-02-16 02:06:00,barometric_pressure_mbar_avg,main,GQR
USA-MDA_water-level_SERC-dock,2021-02-16 02:12:00,barometric_pressure_mbar_avg,main,GQR
USA-MDA_water-level_SERC-dock,2021-02-16 02:18:00,barometric_pressure_mbar_avg,main,GQR
USA-MDA_water-level_SERC-dock,2021-02-16 02:24:00,barometric_pressure_mbar_avg,main,GQR
USA-MDA_water-level_SERC-dock,2021-02-16 02:30:00,barometric_pressure_mbar_avg,main,GQR
USA-MDA_water-level_SERC-dock,2021-02-16 02:36:00,barometric_pressure_mbar_avg,main,GQR
USA-MDA_water-level_SERC-dock,2021-02-16 02:42:00,barometric_pressure_mbar_avg,main,GQR
USA-MDA_water-level_SERC-dock,2021-02-16 02:48:00,barometric_pressure_mbar_avg,main,GQR
USA-MDA_water-level_SERC-dock,2021-02-16 02:54:00,barometric_pressure_mbar_avg,main,GQR
USA-MDA_water-level_SERC-dock,2021-02-16 03:00:00,barometric_pressure_mbar_avg,main,GQR
USA-MDA_water-level_SERC-dock,2021-02-16 03:06:00,barometric_pressure_mbar_avg,main,GQR
USA-MDA_water-level_SERC-dock,2021-02-16 03:12:00,barometric_pressure_mbar_avg,main,GQR
USA-MDA_water-level_SERC-dock,2021-02-16 03:18:00,barometric_pressure_mbar_avg,main,GQR
USA-MDA_water-level_SERC-dock,2021-02-16 03:24:00,barometric_pressure_mbar_avg,main,GQR
USA-MDA_water-level_SERC-dock,2021-02-16 03:30:00,barometric_pressure_mbar_avg,main,GQR
USA-MDA_water-level_SERC-dock,2021-02-16 03:36:00,barometric_pressure_mbar_avg,main,GQR
USA-MDA_water-level_SERC-dock,2021-02-16 03:42:00,barometric_pressure_mbar_avg,main,GQR
USA-MDA_water-level_SERC-dock,2021-02-16 03:48:00,barometric_pressure_mbar_avg,main,GQR
USA-MDA_water-level_SERC-dock,2021-02-16 03:54:00,barometric_pressure_mbar_avg,main,GQR
USA-MDA_water-level_SERC-dock,2021-02-16 04:00:00,barometric_pressure_mbar_avg,main,GQR
USA-MDA_water-level_SERC-dock,2021-02-16 04:06:00,barometric_pressure_mbar_avg,main,GQR
USA-MDA_water-level_SERC-dock,2021-02-16 04:12:00,barometric_pressure_mbar_avg,main,GQR
USA-MDA_water-level_SERC-dock,2021-02-16 04:18:00,barometric_pressure_mbar_avg,main,GQR
USA-MDA_water-level_SERC-dock,2021-02-16 04:24:00,barometric_pressure_mbar_avg,main,GQR
USA-MDA_water-level_SERC-dock,2021-02-16 04:30:00,barometric_pressure_mbar_avg,main,GQR
USA-MDA_water-level_SERC-dock,2021-02-16 04:36:00,barometric_pressure_mbar_avg,main,GQR
USA-MDA_water-level_SERC-dock,2021-02-16 04:42:00,barometric_pressure_mbar_avg,main,GQR
USA-MDA_water-level_SERC-dock,2021-02-16 04:48:00,barometric_pressure_mbar_avg,main,GQR
USA-MDA_water-level_SERC-dock,2021-02-16 04:54:00,barometric_pressure_mbar_avg,main,GQR
USA-MDA_water-level_SERC-dock,2021-02-16 05:00:00,barometric_pressure_mbar_avg,main,GQR
USA-MDA_water-level_SERC-dock,2021-02-16 05:06:00,barometric_pressure_mbar_avg,main,GQR
USA-MDA_water-level_SERC-dock,2021-02-16 05:12:00,barometric_pressure_mbar_avg,main,GQR
USA-MDA_water-level_SERC-dock,2021-02-16 05:18:00,barometric_pressure_mbar_avg,main,GQR
USA-MDA_water-level_SERC-dock,2021-02-16 05:24:00,barometric_pressure_mbar_avg,main,GQR
USA-MDA_water-level_SERC-dock,2021-02-16 05:30:00,barometric_pressure_mbar_avg,main,GQR
USA-MDA_water-level_SERC-dock,2021-02-16 05:36:00,barometric_pressure_mbar_avg,main,GQR
USA-MDA_water-level_SERC-dock,2021-02-16 05:42:00,barometric_pressure_mbar_avg,main,GQR
USA-MDA_water-level_SERC-dock,2021-02-16 05:48:00,barometric_pressure_mbar_avg,main,GQR
USA-MDA_water-level_SERC-dock,2021-02-16 05:54:00,barometric_pressure_mbar_avg,main,GQR
USA-MDA_water-level_SERC-dock,2021-02-16 06:00:00,barometric_pressure_mbar_avg,main,GQR
USA-MDA_water-level_SERC-dock,2021-02-16 06:06:00,barometric_pressure_mbar_avg,main,GQR
USA-MDA_water-level_SERC-dock,2021-02-16 06:12:00,barometric_pressure_mbar_avg,main,GQR
USA-MDA_water-level_SERC-dock,2021-02-16 06:18:00,barometric_pressure_mbar_avg,main,GQR
USA-MDA_water-level_SERC-dock,2021-02-16 06:24:00,barometric_pressure_mbar_avg,main,GQR
USA-MDA_water-level_SERC-dock,2021-02-16 06:30:00,barometric_pressure_mbar_avg,main,GQR
USA-MDA_water-level_SERC-dock,2021-02-16 06:36:00,barometric_pressure_mbar_avg,main,GQR
USA-MDA_water-level_SERC-dock,2021-02-16 06:42:00,barometric_pressure_mbar_avg,main,GQR
USA-MDA_water-level_SERC-dock,2021-02-16 06:48:00,barometric_pressure_mbar_avg,main,GQR
USA-MDA_water-level_SERC-dock,2021-02-16 06:54:00,barometric_pressure_mbar_avg,main,GQR
USA-MDA_water-level_SERC-dock,2021-02-16 07:00:00,barometric_pressure_mbar_avg,main,GQR
USA-MDA_water-level_SERC-dock,2021-02-16 07:06:00,barometric_pressure_mbar_avg,main,GQR
USA-MDA_water-level_SERC-dock,2021-02-16 07:12:00,barometric_pressure_mbar_avg,main,GQR
USA-MDA_water-level_SERC-dock,2021-02-16 07:18:00,barometric_pressure_mbar_avg,main,GQR
USA-MDA_water-level_SERC-dock,2021-02-16 07:24:00,barometric_pressure_mbar_avg,main,GQR
USA-MDA_water-level_SERC-dock,2021-02-16 07:30:00,barometric_pressure_mbar_avg,main,GQR
USA-MDA_water-level_SERC-dock,2021-02-16 07:36:00,barometric_pressure_mbar_avg,main,GQR
USA-MDA_water-level_SERC-dock,2021-02-16 07:42:00,barometric_pressure_mbar_avg,main,GQR
USA-MDA_water-level_SERC-dock,2021-02-16 07:48:00,barometric_pressure_mbar_avg,main,GQR
USA-MDA_water-level_SERC-dock,2021-02-16 07:54:00,barometric_pressure_mbar_avg,main,GQR
USA-MDA_water-level_SERC-dock,2021-02-16 08:00:00,barometric_pressure_mbar_avg,main,GQR
USA-MDA_water-level_SERC-dock,2021-02-16 08:06:00,barometric_pressure_mbar_avg,main,GQR
USA-MDA_water-level_SERC-dock,2021-02-16 08:12:00,barometric_pressure_mbar_avg,main,GQR
USA-MDA_water-level_SERC-dock,2021-02-16 08:18:00,barometric_pressure_mbar_avg,main,GQR
USA-MDA_water-level_SERC-dock,2021-02-16 08:24:00,barometric_pressure_mbar_avg,main,GQR
USA-MDA_water-level_SERC-dock,2021-02-16 08:30:00,barometric_pressure_mbar_avg,main,GQR
USA-MDA_water-level_SERC-dock,2021-02-16 08:36:00,barometric_pressure_mbar_avg,main,GQR
USA-MDA_water-level_SERC-dock,2021-02-16 08:42:00,barometric_pressure_mbar_avg,main,GQR
USA-MDA_water-level_SERC-dock,2021-02-16 08:48:00,barometric_pressure_mbar_avg,main,GQR
USA-MDA_water-level_SERC-dock,2021-02-16 08:54:00,barometric_pressure_mbar_avg,main,GQR
USA-MDA_water-level_SERC-dock,2021-02-16 09:00:00,barometric_pressure_mbar_avg,main,GQR
USA-MDA_water-level_SERC-dock,2021-02-16 09:06:00,barometric_pressure_mbar_avg,main,GQR
USA-MDA_water-level_SERC-dock,2021-02-16 09:12:00,barometric_pressure_mbar_avg,main,GQR
USA-MDA_water-level_SERC-dock,2021-02-16 09:18:00,barometric_pressure_mbar_avg,main,GQR
USA-MDA_water-level_SERC-dock,2021-02-16 09:24:00,barometric_pressure_mbar_avg,main,GQR
USA-MDA_water-level_SERC-dock,2021-02-16 09:30:00,barometric_pressure_mbar_avg,main,GQR
USA-MDA_water-level_SERC-dock,2021-02-16 09:36:00,barometric_pressure_mbar_avg,main,GQR
USA-MDA_water-level_SERC-dock,2021-02-16 09:42:00,barometric_pressure_mbar_avg,main,GQR
USA-MDA_water-level_SERC-dock,2021-02-16 09:48:00,barometric_pressure_mbar_avg,main,GQR
USA-MDA_water-level_SERC-dock,2021-02-16 09:54:00,barometric_pressure_mbar_avg,main,GQR
USA-MDA_water-level_SERC-dock,2021-02-16 10:00:00,barometric_pressure_mbar_avg,main,GQR
USA-MDA_water-level_SERC-dock,2021-02-16 10:06:00,barometric_pressure_mbar_avg,main,GQR
USA-MDA_water-level_SERC-dock,2021-02-16 10:12:00,barometric_pressure_mbar_avg,main,GQR
USA-MDA_water-level_SERC-dock,2021-02-16 10:18:00,barometric_pressure_mbar_avg,main,GQR
USA-MDA_water-level_SERC-dock,2021-02-16 10:24:00,barometric_pressure_mbar_avg,main,GQR
USA-MDA_water-level_SERC-dock,2021-02-16 10:30:00,barometric_pressure_mbar_avg,main,GQR
USA-MDA_water-level_SERC-dock,2021-02-16 10:36:00,barometric_pressure_mbar_avg,main,GQR
USA-MDA_water-level_SERC-dock,2021-02-16 10:42:00,barometric_pressure_mbar_avg,main,GQR
USA-MDA_water-level_SERC-dock,2021-02-16 10:48:00,barometric_pressure_mbar_avg,main,GQR
USA-MDA_water-level_SERC-dock,2021-02-16 10:54:00,barometric_pressure_mbar_avg,main,GQR
USA-MDA_water-level_SERC-dock,2021-02-16 11:00:00,barometric_pressure_mbar_avg,main,GQR
USA-MDA_water-level_SERC-dock,2021-02-16 11:06:00,barometric_pressure_mbar_avg,main,GQR
USA-MDA_water-level_SERC-dock,2021-02-16 11:12:00,barometric_pressure_mbar_avg,main,GQR
USA-MDA_water-level_SERC-dock,2021-02-16 11:18:00,barometric_pressure_mbar_avg,main,GQR
USA-MDA_water-level_SERC-dock,2021-02-16 11:24:00,barometric_pressure_mbar_avg,main,GQR
USA-MDA_water-level_SERC-dock,2021-02-16 11:30:00,barometric_pressure_mbar_avg,main,GQR
USA-MDA_water-level_SERC-dock,2021-02-16 11:36:00,barometric_pressure_mbar_avg,main,GQR
USA-MDA_water-level_SERC-dock,2021-02-16 11:42:00,barometric_pressure_mbar_avg,main,GQR
USA-MDA_water-level_SERC-dock,2021-02-16 11:48:00,barometric_pressure_mbar_avg,main,GQR
USA-MDA_water-level_SERC-dock,2021-02-16 11:54:00,barometric_pressure_mbar_avg,main,GQR
USA-MDA_water-level_SERC-dock,2021-02-16 12:00:00,barometric_pressure_mbar_avg,main,GQR
USA-MDA_water-level_SERC-dock,2021-02-16 12:06:00,barometric_pressure_mbar_avg,main,GQR
USA-MDA_water-level_SERC-dock,2021-02-16 12:12:00,barometric_pressure_mbar_avg,main,GQR
USA-MDA_water-level_SERC-dock,2021-02-16 12:18:00,barometric_pressure_mbar_avg,main,GQR
USA-MDA_water-level_SERC-dock,2021-02-16 12:24:00,barometric_pressure_mbar_avg,main,GQR
USA-MDA_water-level_SERC-dock,2021-02-16 12:30:00,barometric_pressure_mbar_avg,main,GQR
USA-MDA_water-level_SERC-dock,2021-02-16 12:36:00,barometric_pressure_mbar_avg,main,GQR
USA-MDA_water-level_SERC-dock,2021-02-16 12:42:00,barometric_pressure_mbar_avg,main,GQR
USA-MDA_water-level_SERC-dock,2021-02-16 12:48:00,barometric_pressure_mbar_avg,main,GQR
USA-MDA_water-level_SERC-dock,2021-02-16 12:54:00,barometric_pressure_mbar_avg,main,GQR
USA-MDA_water-level_SERC-dock,2021-02-16 13:00:00,barometric_pressure_mbar_avg,main,GQR
USA-MDA_water-level_SERC-dock,2021-02-16 13:06:00,barometric_pressure_mbar_avg,main,GQR
USA-MDA_water-level_SERC-dock,2021-02-16 13:12:00,barometric_pressure_mbar_avg,main,GQR
USA-MDA_water-level_SERC-dock,2021-02-16 13:18:00,barometric_pressure_mbar_avg,main,GQR
USA-MDA_water-level_SERC-dock,2021-02-16 13:24:00,barometric_pressure_mbar_avg,main,GQR
USA-MDA_water-level_SERC-dock,2021-02-16 13:30:00,barometric_pressure_mbar_avg,main,GQR
USA-MDA_water-level_SERC-dock,2021-02-16 13:36:00,barometric_pressure_mbar_avg,main,GQR
USA-MDA_water-level_SERC-dock,2021-02-16 13:42:00,barometric_pressure_mbar_avg,main,GQR
USA-MDA_water-level_SERC-dock,2021-02-16 13:48:00,barometric_pressure_mbar_avg,main,GQR
USA-MDA_water-level_SERC-dock,2021-02-16 13:54:00,barometric_pressure_mbar_avg,main,GQR
USA-MDA_water-level_SERC-dock,2021-02-16 14:00:00,barometric_pressure_mbar_avg,main,GQR
USA-MDA_water-level_SERC-dock,2021-02-16 14:06:00,barometric_pressure_mbar_avg,main,GQR
USA-MDA_water-level_SERC-dock,2021-02-16 14:12:00,barometric_pressure_mbar_avg,main,GQR
USA-MDA_water-level_SERC-dock,2021-02-16 14:18:00,barometric_pressure_mbar_avg,main,GQR
USA-MDA_water-level_SERC-dock,2021-02-16 14:24:00,barometric_pressure_mbar_avg,main,GQR
USA-MDA_water-level_SERC-dock,2021-02-16 14:30:00,barometric_pressure_mbar_avg,main,GQR
USA-MDA_water-level_SERC-dock,2021-08-07 08:24:00,barometric_pressure_mbar_avg,main,GQR
USA-MDA_water-level_SERC-dock,2021-08-07 08:24:00,level_m_cbs,main,GQR
USA-MDA_water-level_SERC-dock,2021-08-07 08:24:00,status_cbs,main,GQR
USA-MDA_water-level_SERC-dock,2021-08-07 08:24:00,temperature_cbs_c,main,GQR
USA-MDA_water-level_SERC-dock,2021-09-27 12:54:00,barometric_pressure_mbar_avg,main,GQR
USA-MDA_water-level_SERC-dock,2021-09-27 12:54:00,level_m_cbs,main,GQR
USA-MDA_water-level_SERC-dock,2021-09-27 12:54:00,status_cbs,main,GQR
USA-MDA_water-level_SERC-dock,2021-09-27 12:54:00,temperature_cbs_c,main,GQR
USA-MDA_water-level_SERC-dock,2021-09-27 13:00:00,barometric_pressure_mbar_avg,main,GQR
USA-MDA_water-level_SERC-dock,2021-09-27 13:00:00,level_m_cbs,main,GQR
USA-MDA_water-level_SERC-dock,2021-09-27 13:00:00,status_cbs,main,GQR
USA-MDA_water-level_SERC-dock,2021-09-27 13:00:00,temperature_cbs_c,main,GQR
USA-MDA_water-level_SERC-dock,2021-09-27 13:12:00,barometric_pressure_mbar_avg,main,GQR
USA-MDA_water-level_SERC-dock,2021-09-27 13:12:00,level_m_cbs,main,GQR
USA-MDA_water-level_SERC-dock,2021-09-27 13:12:00,status_cbs,main,GQR
USA-MDA_water-level_SERC-dock,2021-09-27 13:12:00,temperature_cbs_c,main,GQR
USA-MDA_water-level_SERC-dock,2021-09-27 13:18:00,barometric_pressure_mbar_avg,main,GQR
USA-MDA_water-level_SERC-dock,2021-09-27 13:18:00,level_m_cbs,main,GQR
USA-MDA_water-level_SERC-dock,2021-09-27 13:18:00,status_cbs,main,GQR
USA-MDA_water-level_SERC-dock,2021-09-27 13:18:00,temperature_cbs_c,main,GQR
USA-MDA_water-level_SERC-dock,2021-10-06 15:00:00,barometric_pressure_mbar_avg,main,GQR
USA-MDA_water-level_SERC-dock,2021-10-06 15:00:00,level_m_cbs,main,GQR
USA-MDA_water-level_SERC-dock,2021-10-06 15:00:00,status_cbs,main,GQR
USA-MDA_water-level_SERC-dock,2021-10-06 15:00:00,temperature_cbs_c,main,GQR
USA-MDA_water-level_SERC-dock,2021-10-06 15:06:00,barometric_pressure_mbar_avg,main,GQR
USA-MDA_water-level_SERC-dock,2021-10-06 15:06:00,level_m_cbs,main,GQR
USA-MDA_water-level_SERC-dock,2021-10-06 15:06:00,status_cbs,main,GQR
USA-MDA_water-level_SERC-dock,2021-10-06 15:06:00,temperature_cbs_c,main,GQR
USA-MDA_water-level_SERC-dock,2021-10-07 11:54:00,barometric_pressure_mbar_avg,main,GQR
USA-MDA_water-level_SERC-dock,2021-10-07 11:54:00,level_m_cbs,main,GQR
USA-MDA_water-level_SERC-dock,2021-10-07 11:54:00,status_cbs,main,GQR
USA-MDA_water-level_SERC-dock,2021-10-07 11:54:00,temperature_cbs_c,main,GQR
USA-MDA_water-level_SERC-dock,2021-10-18 02:42:00,barometric_pressure_mbar_avg,main,GQR
USA-MDA_water-level_SERC-dock,2021-10-18 02:42:00,level_m_cbs,main,GQR
USA-MDA_water-level_SERC-dock,2021-10-18 02:42:00,status_cbs,main,GQR
USA-MDA_water-level_SERC-dock,2021-10-18 02:42:00,temperature_cbs_c,main,GQR
USA-MDA_water-level_SERC-dock,2021-10-18 03:12:00,barometric_pressure_mbar_avg,main,GQR
USA-MDA_water-level_SERC-dock,2021-10-18 03:12:00,level_m_cbs,main,GQR
USA-MDA_water-level_SERC-dock,2021-10-18 03:12:00,status_cbs,main,GQR
USA-MDA_water-level_SERC-dock,2021-10-18 03:12:00,temperature_cbs_c,main,GQR
USA-MDA_water-level_SERC-dock,2021-10-18 03:18:00,barometric_pressure_mbar_avg,main,GQR
USA-MDA_water-level_SERC-dock,2021-10-18 03:18:00,level_m_cbs,main,GQR
USA-MDA_water-level_SERC-dock,2021-10-18 03:18:00,status_cbs,main,GQR
USA-MDA_water-level_SERC-dock,2021-10-18 03:18:00,temperature_cbs_c,main,GQR
USA-MDA_water-level_SERC-dock,2021-10-18 03:42:00,barometric_pressure_mbar_avg,main,GQR
USA-MDA_water-level_SERC-dock,2021-10-18 03:42:00,level_m_cbs,main,GQR
USA-MDA_water-level_SERC-dock,2021-10-18 03:42:00,status_cbs,main,GQR
USA-MDA_water-level_SERC-dock,2021-10-18 03:42:00,temperature_cbs_c,main,GQR
USA-MDA_water-level_SERC-dock,2021-10-18 03:48:00,barometric_pressure_mbar_avg,main,GQR
USA-MDA_water-level_SERC-dock,2021-10-18 03:48:00,level_m_cbs,main,GQR
USA-MDA_water-level_SERC-dock,2021-10-18 03:48:00,status_cbs,main,GQR
USA-MDA_water-level_SERC-dock,2021-10-18 03:48:00,temperature_cbs_c,main,GQR
USA-MDA_water-level_SERC-dock,2021-10-18 03:54:00,barometric_pressure_mbar_avg,main,GQR
USA-MDA_water-level_SERC-dock,2021-10-18 03:54:00,level_m_cbs,main,GQR
USA-MDA_water-level_SERC-dock,2021-10-18 03:54:00,status_cbs,main,GQR
USA-MDA_water-level_SERC-dock,2021-10-18 03:54:00,temperature_cbs_c,main,GQR
USA-MDA_water-level_SERC-dock,2021-10-18 04:06:00,barometric_pressure_mbar_avg,main,GQR
USA-MDA_water-level_SERC-dock,2021-10-18 04:06:00,level_m_cbs,main,GQR
USA-MDA_water-level_SERC-dock,2021-10-18 04:06:00,status_cbs,main,GQR
USA-MDA_water-level_SERC-dock,2021-10-18 04:06:00,temperature_cbs_c,main,GQR
USA-MDA_water-level_SERC-dock,2021-10-18 04:12:00,barometric_pressure_mbar_avg,main,GQR
USA-MDA_water-level_SERC-dock,2021-10-18 04:12:00,level_m_cbs,main,GQR
USA-MDA_water-level_SERC-dock,2021-10-18 04:12:00,status_cbs,main,GQR
USA-MDA_water-level_SERC-dock,2021-10-18 04:12:00,temperature_cbs_c,main,GQR
USA-MDA_water-level_SERC-dock,2021-10-18 04:24:00,barometric_pressure_mbar_avg,main,GQR
USA-MDA_water-level_SERC-dock,2021-10-18 04:24:00,level_m_cbs,main,GQR
USA-MDA_water-level_SERC-dock,2021-10-18 04:24:00,status_cbs,main,GQR
USA-MDA_water-level_SERC-dock,2021-10-18 04:24:00,temperature_cbs_c,main,GQR
USA-MDA_water-level_SERC-dock,2021-10-18 05:06:00,barometric_pressure_mbar_avg,main,GQR
USA-MDA_water-level_SERC-dock,2021-10-18 05:06:00,level_m_cbs,main,GQR
USA-MDA_water-level_SERC-dock,2021-10-18 05:06:00,status_cbs,main,GQR
USA-MDA_water-level_SERC-dock,2021-10-18 05:06:00,temperature_cbs_c,main,GQR
USA-MDA_water-level_SERC-dock,2021-10-18 05:24:00,barometric_pressure_mbar_avg,main,GQR
USA-MDA_water-level_SERC-dock,2021-10-18 05:24:00,level_m_cbs,main,GQR
USA-MDA_water-level_SERC-dock,2021-10-18 05:24:00,status_cbs,main,GQR
USA-MDA_water-level_SERC-dock,2021-10-18 05:24:00,temperature_cbs_c,main,GQR
USA-MDA_water-level_SERC-dock,2021-10-18 05:36:00,barometric_pressure_mbar_avg,main,GQR
USA-MDA_water-level_SERC-dock,2021-10-18 05:36:00,level_m_cbs,main,GQR
USA-MDA_water-level_SERC-dock,2021-10-18 05:36:00,status_cbs,main,GQR
USA-MDA_water-level_SERC-dock,2021-10-18 05:36:00,temperature_cbs_c,main,GQR
USA-MDA_water-level_SERC-dock,2021-10-18 05:48:00,barometric_pressure_mbar_avg,main,GQR
USA-MDA_water-level_SERC-dock,2021-10-18 05:48:00,level_m_cbs,main,GQR
USA-MDA_water-level_SERC-dock,2021-10-18 05:48:00,status_cbs,main,GQR
USA-MDA_water-level_SERC-dock,2021-10-18 05:48:00,temperature_cbs_c,main,GQR
USA-MDA_water-level_SERC-dock,2021-10-18 05:54:00,barometric_pressure_mbar_avg,main,GQR
USA-MDA_water-level_SERC-dock,2021-10-18 05:54:00,level_m_cbs,main,GQR
USA-MDA_water-level_SERC-dock,2021-10-18 05:54:00,status_cbs,main,GQR
USA-MDA_water-level_SERC-dock,2021-10-18 05:54:00,temperature_cbs_c,main,GQR
USA-MDA_water-level_SERC-dock,2021-10-18 06:00:00,barometric_pressure_mbar_avg,main,GQR
USA-MDA_water-level_SERC-dock,2021-10-18 06:00:00,level_m_cbs,main,GQR
USA-MDA_water-level_SERC-dock,2021-10-18 06:00:00,status_cbs,main,GQR
USA-MDA_water-level_SERC-dock,2021-10-18 06:00:00,temperature_cbs_c,main,GQR
USA-MDA_water-level_SERC-dock,2021-10-18 06:06:00,barometric_pressure_mbar_avg,main,GQR
USA-MDA_water-level_SERC-dock,2021-10-18 06:06:00,level_m_cbs,main,GQR
USA-MDA_water-level_SERC-dock,2021-10-18 06:06:00,status_cbs,main,GQR
USA-MDA_water-level_SERC-dock,2021-10-18 06:06:00,temperature_cbs_c,main,GQR
USA-MDA_water-level_SERC-dock,2021-10-18 06:18:00,barometric_pressure_mbar_avg,main,GQR
USA-MDA_water-level_SERC-dock,2021-10-18 06:18:00,level_m_cbs,main,GQR
USA-MDA_water-level_SERC-dock,2021-10-18 06:18:00,status_cbs,main,GQR
USA-MDA_water-level_SERC-dock,2021-10-18 06:18:00,temperature_cbs_c,main,GQR
USA-MDA_water-level_SERC-dock,2021-10-18 06:24:00,barometric_pressure_mbar_avg,main,GQR
USA-MDA_water-level_SERC-dock,2021-10-18 06:24:00,level_m_cbs,main,GQR
USA-MDA_water-level_SERC-dock,2021-10-18 06:24:00,status_cbs,main,GQR
USA-MDA_water-level_SERC-dock,2021-10-18 06:24:00,temperature_cbs_c,main,GQR
USA-MDA_water-level_SERC-dock,2021-10-18 06:54:00,barometric_pressure_mbar_avg,main,GQR
USA-MDA_water-level_SERC-dock,2021-10-18 06:54:00,level_m_cbs,main,GQR
USA-MDA_water-level_SERC-dock,2021-10-18 06:54:00,status_cbs,main,GQR
USA-MDA_water-level_SERC-dock,2021-10-18 06:54:00,temperature_cbs_c,main,GQR
USA-MDA_water-level_SERC-dock,2021-10-18 07:06:00,barometric_pressure_mbar_avg,main,GQR
USA-MDA_water-level_SERC-dock,2021-10-18 07:06:00,level_m_cbs,main,GQR
USA-MDA_water-level_SERC-dock,2021-10-18 07:06:00,status_cbs,main,GQR
USA-MDA_water-level_SERC-dock,2021-10-18 07:06:00,temperature_cbs_c,main,GQR
USA-MDA_water-level_SERC-dock,2021-10-18 07:18:00,barometric_pressure_mbar_avg,main,GQR
USA-MDA_water-level_SERC-dock,2021-10-18 07:18:00,level_m_cbs,main,GQR
USA-MDA_water-level_SERC-dock,2021-10-18 07:18:00,status_cbs,main,GQR
USA-MDA_water-level_SERC-dock,2021-10-18 07:18:00,temperature_cbs_c,main,GQR
USA-MDA_water-level_SERC-dock,2021-10-18 07:24:00,barometric_pressure_mbar_avg,main,GQR
USA-MDA_water-level_SERC-dock,2021-10-18 07:24:00,level_m_cbs,main,GQR
USA-MDA_water-level_SERC-dock,2021-10-18 07:24:00,status_cbs,main,GQR
USA-MDA_water-level_SERC-dock,2021-10-18 07:24:00,temperature_cbs_c,main,GQR
USA-MDA_water-level_SERC-dock,2021-10-18 07:30:00,barometric_pressure_mbar_avg,main,GQR
USA-MDA_water-level_SERC-dock,2021-10-18 07:30:00,level_m_cbs,main,GQR
USA-MDA_water-level_SERC-dock,2021-10-18 07:30:00,status_cbs,main,GQR
USA-MDA_water-level_SERC-dock,2021-10-18 07:30:00,temperature_cbs_c,main,GQR
USA-MDA_water-level_SERC-dock,2021-10-18 07:54:00,barometric_pressure_mbar_avg,main,GQR
USA-MDA_water-level_SERC-dock,2021-10-18 07:54:00,level_m_cbs,main,GQR
USA-MDA_water-level_SERC-dock,2021-10-18 07:54:00,status_cbs,main,GQR
USA-MDA_water-level_SERC-dock,2021-10-18 07:54:00,temperature_cbs_c,main,GQR
USA-MDA_water-level_SERC-dock,2021-10-19 00:54:00,barometric_pressure_mbar_avg,main,GQR
USA-MDA_water-level_SERC-dock,2021-10-19 00:54:00,level_m_cbs,main,GQR
USA-MDA_water-level_SERC-dock,2021-10-19 00:54:00,status_cbs,main,GQR
USA-MDA_water-level_SERC-dock,2021-10-19 00:54:00,temperature_cbs_c,main,GQR
USA-MDA_water-level_SERC-dock,2021-10-19 01:00:00,barometric_pressure_mbar_avg,main,GQR
USA-MDA_water-level_SERC-dock,2021-10-19 01:00:00,level_m_cbs,main,GQR
USA-MDA_water-level_SERC-dock,2021-10-19 01:00:00,status_cbs,main,GQR
USA-MDA_water-level_SERC-dock,2021-10-19 01:00:00,temperature_cbs_c,main,GQR
USA-MDA_water-level_SERC-dock,2021-10-19 01:18:00,barometric_pressure_mbar_avg,main,GQR
USA-MDA_water-level_SERC-dock,2021-10-19 01:18:00,level_m_cbs,main,GQR
USA-MDA_water-level_SERC-dock,2021-10-19 01:18:00,status_cbs,main,GQR
USA-MDA_water-level_SERC-dock,2021-10-19 01:18:00,temperature_cbs_c,main,GQR
USA-MDA_water-level_SERC-dock,2021-10-19 01:24:00,barometric_pressure_mbar_avg,main,GQR
USA-MDA_water-level_SERC-dock,2021-10-19 01:24:00,level_m_cbs,main,GQR
USA-MDA_water-level_SERC-dock,2021-10-19 01:24:00,status_cbs,main,GQR
USA-MDA_water-level_SERC-dock,2021-10-19 01:24:00,temperature_cbs_c,main,GQR
USA-MDA_water-level_SERC-dock,2021-10-19 01:36:00,barometric_pressure_mbar_avg,main,GQR
USA-MDA_water-level_SERC-dock,2021-10-19 01:36:00,level_m_cbs,main,GQR
USA-MDA_water-level_SERC-dock,2021-10-19 01:36:00,status_cbs,main,GQR
USA-MDA_water-level_SERC-dock,2021-10-19 01:36:00,temperature_cbs_c,main,GQR
USA-MDA_water-level_SERC-dock,2021-10-19 01:54:00,barometric_pressure_mbar_avg,main,GQR
USA-MDA_water-level_SERC-dock,2021-10-19 01:54:00,level_m_cbs,main,GQR
USA-MDA_water-level_SERC-dock,2021-10-19 01:54:00,status_cbs,main,GQR
USA-MDA_water-level_SERC-dock,2021-10-19 01:54:00,temperature_cbs_c,main,GQR
USA-MDA_water-level_SERC-dock,2021-10-19 02:00:00,barometric_pressure_mbar_avg,main,GQR
USA-MDA_water-level_SERC-dock,2021-10-19 02:00:00,level_m_cbs,main,GQR
USA-MDA_water-level_SERC-dock,2021-10-19 02:00:00,status_cbs,main,GQR
USA-MDA_water-level_SERC-dock,2021-10-19 02:00:00,temperature_cbs_c,main,GQR
USA-MDA_water-level_SERC-dock,2021-10-19 02:12:00,barometric_pressure_mbar_avg,main,GQR
USA-MDA_water-level_SERC-dock,2021-10-19 02:12:00,level_m_cbs,main,GQR
USA-MDA_water-level_SERC-dock,2021-10-19 02:12:00,status_cbs,main,GQR
USA-MDA_water-level_SERC-dock,2021-10-19 02:12:00,temperature_cbs_c,main,GQR
USA-MDA_water-level_SERC-dock,2021-10-19 02:18:00,barometric_pressure_mbar_avg,main,GQR
USA-MDA_water-level_SERC-dock,2021-10-19 02:18:00,level_m_cbs,main,GQR
USA-MDA_water-level_SERC-dock,2021-10-19 02:18:00,status_cbs,main,GQR
USA-MDA_water-level_SERC-dock,2021-10-19 02:18:00,temperature_cbs_c,main,GQR
USA-MDA_water-level_SERC-dock,2021-10-19 02:42:00,barometric_pressure_mbar_avg,main,GQR
USA-MDA_water-level_SERC-dock,2021-10-19 02:42:00,level_m_cbs,main,GQR
USA-MDA_water-level_SERC-dock,2021-10-19 02:42:00,status_cbs,main,GQR
USA-MDA_water-level_SERC-dock,2021-10-19 02:42:00,temperature_cbs_c,main,GQR
USA-MDA_water-level_SERC-dock,2021-10-19 02:48:00,barometric_pressure_mbar_avg,main,GQR
USA-MDA_water-level_SERC-dock,2021-10-19 02:48:00,level_m_cbs,main,GQR
USA-MDA_water-level_SERC-dock,2021-10-19 02:48:00,status_cbs,main,GQR
USA-MDA_water-level_SERC-dock,2021-10-19 02:48:00,temperature_cbs_c,main,GQR
USA-MDA_water-level_SERC-dock,2021-10-19 03:00:00,barometric_pressure_mbar_avg,main,GQR
USA-MDA_water-level_SERC-dock,2021-10-19 03:00:00,level_m_cbs,main,GQR
USA-MDA_water-level_SERC-dock,2021-10-19 03:00:00,status_cbs,main,GQR
USA-MDA_water-level_SERC-dock,2021-10-19 03:00:00,temperature_cbs_c,main,GQR
USA-MDA_water-level_SERC-dock,2021-10-19 03:06:00,barometric_pressure_mbar_avg,main,GQR
USA-MDA_water-level_SERC-dock,2021-10-19 03:06:00,level_m_cbs,main,GQR
USA-MDA_water-level_SERC-dock,2021-10-19 03:06:00,status_cbs,main,GQR
USA-MDA_water-level_SERC-dock,2021-10-19 03:06:00,temperature_cbs_c,main,GQR
USA-MDA_water-level_SERC-dock,2021-10-19 04:18:00,barometric_pressure_mbar_avg,main,GQR
USA-MDA_water-level_SERC-dock,2021-10-19 04:18:00,level_m_cbs,main,GQR
USA-MDA_water-level_SERC-dock,2021-10-19 04:18:00,status_cbs,main,GQR
USA-MDA_water-level_SERC-dock,2021-10-19 04:18:00,temperature_cbs_c,main,GQR
USA-MDA_water-level_SERC-dock,2021-10-19 04:24:00,barometric_pressure_mbar_avg,main,GQR
USA-MDA_water-level_SERC-dock,2021-10-19 04:24:00,level_m_cbs,main,GQR
USA-MDA_water-level_SERC-dock,2021-10-19 04:24:00,status_cbs,main,GQR
USA-MDA_water-level_SERC-dock,2021-10-19 04:24:00,temperature_cbs_c,main,GQR
USA-MDA_water-level_SERC-dock,2021-10-19 04:30:00,barometric_pressure_mbar_avg,main,GQR
USA-MDA_water-level_SERC-dock,2021-10-19 04:30:00,level_m_cbs,main,GQR
USA-MDA_water-level_SERC-dock,2021-10-19 04:30:00,status_cbs,main,GQR
USA-MDA_water-level_SERC-dock,2021-10-19 04:30:00,temperature_cbs_c,main,GQR
USA-MDA_water-level_SERC-dock,2021-10-19 04:36:00,barometric_pressure_mbar_avg,main,GQR
USA-MDA_water-level_SERC-dock,2021-10-19 04:36:00,level_m_cbs,main,GQR
USA-MDA_water-level_SERC-dock,2021-10-19 04:36:00,status_cbs,main,GQR
USA-MDA_water-level_SERC-dock,2021-10-19 04:36:00,temperature_cbs_c,main,GQR
USA-MDA_water-level_SERC-dock,2021-10-19 05:00:00,barometric_pressure_mbar_avg,main,GQR
USA-MDA_water-level_SERC-dock,2021-10-19 05:00:00,level_m_cbs,main,GQR
USA-MDA_water-level_SERC-dock,2021-10-19 05:00:00,status_cbs,main,GQR
USA-MDA_water-level_SERC-dock,2021-10-19 05:00:00,temperature_cbs_c,main,GQR
USA-MDA_water-level_SERC-dock,2021-10-19 05:06:00,barometric_pressure_mbar_avg,main,GQR
USA-MDA_water-level_SERC-dock,2021-10-19 05:06:00,level_m_cbs,main,GQR
USA-MDA_water-level_SERC-dock,2021-10-19 05:06:00,status_cbs,main,GQR
USA-MDA_water-level_SERC-dock,2021-10-19 05:06:00,temperature_cbs_c,main,GQR
USA-MDA_water-level_SERC-dock,2021-10-19 05:12:00,barometric_pressure_mbar_avg,main,GQR
USA-MDA_water-level_SERC-dock,2021-10-19 05:12:00,level_m_cbs,main,GQR
USA-MDA_water-level_SERC-dock,2021-10-19 05:12:00,status_cbs,main,GQR
USA-MDA_water-level_SERC-dock,2021-10-19 05:12:00,temperature_cbs_c,main,GQR
USA-MDA_water-level_SERC-dock,2021-10-19 05:18:00,barometric_pressure_mbar_avg,main,GQR
USA-MDA_water-level_SERC-dock,2021-10-19 05:18:00,level_m_cbs,main,GQR
USA-MDA_water-level_SERC-dock,2021-10-19 05:18:00,status_cbs,main,GQR
USA-MDA_water-level_SERC-dock,2021-10-19 05:18:00,temperature_cbs_c,main,GQR
USA-MDA_water-level_SERC-dock,2021-10-19 05:24:00,barometric_pressure_mbar_avg,main,GQR
USA-MDA_water-level_SERC-dock,2021-10-19 05:24:00,level_m_cbs,main,GQR
USA-MDA_water-level_SERC-dock,2021-10-19 05:24:00,status_cbs,main,GQR
USA-MDA_water-level_SERC-dock,2021-10-19 05:24:00,temperature_cbs_c,main,GQR
USA-MDA_water-level_SERC-dock,2021-10-19 05:30:00,barometric_pressure_mbar_avg,main,GQR
USA-MDA_water-level_SERC-dock,2021-10-19 05:30:00,level_m_cbs,main,GQR
USA-MDA_water-level_SERC-dock,2021-10-19 05:30:00,status_cbs,main,GQR
USA-MDA_water-level_SERC-dock,2021-10-19 05:30:00,temperature_cbs_c,main,GQR
USA-MDA_water-level_SERC-dock,2021-10-19 05:36:00,barometric_pressure_mbar_avg,main,GQR
USA-MDA_water-level_SERC-dock,2021-10-19 05:36:00,level_m_cbs,main,GQR
USA-MDA_water-level_SERC-dock,2021-10-19 05:36:00,status_cbs,main,GQR
USA-MDA_water-level_SERC-dock,2021-10-19 05:36:00,temperature_cbs_c,main,GQR
USA-MDA_water-level_SERC-dock,2021-10-19 05:42:00,barometric_pressure_mbar_avg,main,GQR
USA-MDA_water-level_SERC-dock,2021-10-19 05:42:00,level_m_cbs,main,GQR
USA-MDA_water-level_SERC-dock,2021-10-19 05:42:00,status_cbs,main,GQR
USA-MDA_water-level_SERC-dock,2021-10-19 05:42:00,temperature_cbs_c,main,GQR
USA-MDA_water-level_SERC-dock,2021-10-19 05:48:00,barometric_pressure_mbar_avg,main,GQR
USA-MDA_water-level_SERC-dock,2021-10-19 05:48:00,level_m_cbs,main,GQR
USA-MDA_water-level_SERC-dock,2021-10-19 05:48:00,status_cbs,main,GQR
USA-MDA_water-level_SERC-dock,2021-10-19 05:48:00,temperature_cbs_c,main,GQR
USA-MDA_water-level_SERC-dock,2021-10-19 05:54:00,barometric_pressure_mbar_avg,main,GQR
USA-MDA_water-level_SERC-dock,2021-10-19 05:54:00,level_m_cbs,main,GQR
USA-MDA_water-level_SERC-dock,2021-10-19 05:54:00,status_cbs,main,GQR
USA-MDA_water-level_SERC-dock,2021-10-19 05:54:00,temperature_cbs_c,main,GQR
USA-MDA_water-level_SERC-dock,2021-10-19 06:00:00,barometric_pressure_mbar_avg,main,GQR
USA-MDA_water-level_SERC-dock,2021-10-19 06:00:00,level_m_cbs,main,GQR
USA-MDA_water-level_SERC-dock,2021-10-19 06:00:00,status_cbs,main,GQR
USA-MDA_water-level_SERC-dock,2021-10-19 06:00:00,temperature_cbs_c,main,GQR
USA-MDA_water-level_SERC-dock,2021-10-19 06:24:00,barometric_pressure_mbar_avg,main,GQR
USA-MDA_water-level_SERC-dock,2021-10-19 06:24:00,level_m_cbs,main,GQR
USA-MDA_water-level_SERC-dock,2021-10-19 06:24:00,status_cbs,main,GQR
USA-MDA_water-level_SERC-dock,2021-10-19 06:24:00,temperature_cbs_c,main,GQR
USA-MDA_water-level_SERC-dock,2021-10-19 06:36:00,barometric_pressure_mbar_avg,main,GQR
USA-MDA_water-level_SERC-dock,2021-10-19 06:36:00,level_m_cbs,main,GQR
USA-MDA_water-level_SERC-dock,2021-10-19 06:36:00,status_cbs,main,GQR
USA-MDA_water-level_SERC-dock,2021-10-19 06:36:00,temperature_cbs_c,main,GQR
USA-MDA_water-level_SERC-dock,2021-10-19 06:42:00,barometric_pressure_mbar_avg,main,GQR
USA-MDA_water-level_SERC-dock,2021-10-19 06:42:00,level_m_cbs,main,GQR
USA-MDA_water-level_SERC-dock,2021-10-19 06:42:00,status_cbs,main,GQR
USA-MDA_water-level_SERC-dock,2021-10-19 06:42:00,temperature_cbs_c,main,GQR
USA-MDA_water-level_SERC-dock,2021-10-19 06:48:00,barometric_pressure_mbar_avg,main,GQR
USA-MDA_water-level_SERC-dock,2021-10-19 06:48:00,level_m_cbs,main,GQR
USA-MDA_water-level_SERC-dock,2021-10-19 06:48:00,status_cbs,main,GQR
USA-MDA_water-level_SERC-dock,2021-10-19 06:48:00,temperature_cbs_c,main,GQR
USA-MDA_water-level_SERC-dock,2021-10-19 06:54:00,barometric_pressure_mbar_avg,main,GQR
USA-MDA_water-level_SERC-dock,2021-10-19 06:54:00,level_m_cbs,main,GQR
USA-MDA_water-level_SERC-dock,2021-10-19 06:54:00,status_cbs,main,GQR
USA-MDA_water-level_SERC-dock,2021-10-19 06:54:00,temperature_cbs_c,main,GQR
USA-MDA_water-level_SERC-dock,2021-10-19 07:00:00,barometric_pressure_mbar_avg,main,GQR
USA-MDA_water-level_SERC-dock,2021-10-19 07:00:00,level_m_cbs,main,GQR
USA-MDA_water-level_SERC-dock,2021-10-19 07:00:00,status_cbs,main,GQR
USA-MDA_water-level_SERC-dock,2021-10-19 07:00:00,temperature_cbs_c,main,GQR
USA-MDA_water-level_SERC-dock,2021-10-19 07:06:00,barometric_pressure_mbar_avg,main,GQR
USA-MDA_water-level_SERC-dock,2021-10-19 07:06:00,level_m_cbs,main,GQR
USA-MDA_water-level_SERC-dock,2021-10-19 07:06:00,status_cbs,main,GQR
USA-MDA_water-level_SERC-dock,2021-10-19 07:06:00,temperature_cbs_c,main,GQR
USA-MDA_water-level_SERC-dock,2021-10-19 07:12:00,barometric_pressure_mbar_avg,main,GQR
USA-MDA_water-level_SERC-dock,2021-10-19 07:12:00,level_m_cbs,main,GQR
USA-MDA_water-level_SERC-dock,2021-10-19 07:12:00,status_cbs,main,GQR
USA-MDA_water-level_SERC-dock,2021-10-19 07:12:00,temperature_cbs_c,main,GQR
USA-MDA_water-level_SERC-dock,2021-10-19 07:18:00,barometric_pressure_mbar_avg,main,GQR
USA-MDA_water-level_SERC-dock,2021-10-19 07:18:00,level_m_cbs,main,GQR
USA-MDA_water-level_SERC-dock,2021-10-19 07:18:00,status_cbs,main,GQR
USA-MDA_water-level_SERC-dock,2021-10-19 07:18:00,temperature_cbs_c,main,GQR
USA-MDA_water-level_SERC-dock,2021-10-19 07:24:00,barometric_pressure_mbar_avg,main,GQR
USA-MDA_water-level_SERC-dock,2021-10-19 07:24:00,level_m_cbs,main,GQR
USA-MDA_water-level_SERC-dock,2021-10-19 07:24:00,status_cbs,main,GQR
USA-MDA_water-level_SERC-dock,2021-10-19 07:24:00,temperature_cbs_c,main,GQR
USA-MDA_water-level_SERC-dock,2021-10-19 07:30:00,barometric_pressure_mbar_avg,main,GQR
USA-MDA_water-level_SERC-dock,2021-10-19 07:30:00,level_m_cbs,main,GQR
USA-MDA_water-level_SERC-dock,2021-10-19 07:30:00,status_cbs,main,GQR
USA-MDA_water-level_SERC-dock,2021-10-19 07:30:00,temperature_cbs_c,main,GQR
USA-MDA_water-level_SERC-dock,2021-10-19 07:36:00,barometric_pressure_mbar_avg,main,GQR
USA-MDA_water-level_SERC-dock,2021-10-19 07:36:00,level_m_cbs,main,GQR
USA-MDA_water-level_SERC-dock,2021-10-19 07:36:00,status_cbs,main,GQR
USA-MDA_water-level_SERC-dock,2021-10-19 07:36:00,temperature_cbs_c,main,GQR
USA-MDA_water-level_SERC-dock,2021-10-19 07:42:00,barometric_pressure_mbar_avg,main,GQR
USA-MDA_water-level_SERC-dock,2021-10-19 07:42:00,level_m_cbs,main,GQR
USA-MDA_water-level_SERC-dock,2021-10-19 07:42:00,status_cbs,main,GQR
USA-MDA_water-level_SERC-dock,2021-10-19 07:42:00,temperature_cbs_c,main,GQR
USA-MDA_water-level_SERC-dock,2021-10-19 08:00:00,barometric_pressure_mbar_avg,main,GQR
USA-MDA_water-level_SERC-dock,2021-10-19 08:00:00,level_m_cbs,main,GQR
USA-MDA_water-level_SERC-dock,2021-10-19 08:00:00,status_cbs,main,GQR
USA-MDA_water-level_SERC-dock,2021-10-19 08:00:00,temperature_cbs_c,main,GQR
USA-MDA_water-level_SERC-dock,2021-10-27 08:54:00,barometric_pressure_mbar_avg,main,GQR
USA-MDA_water-level_SERC-dock,2021-10-27 08:54:00,level_m_cbs,main,GQR
USA-MDA_water-level_SERC-dock,2021-10-27 08:54:00,status_cbs,main,GQR
USA-MDA_water-level_SERC-dock,2021-10-27 08:54:00,temperature_cbs_c,main,GQR
USA-MDA_water-level_SERC-dock,2021-10-29 09:42:00,barometric_pressure_mbar_avg,main,GQR
USA-MDA_water-level_SERC-dock,2021-10-29 09:42:00,level_m_cbs,main,GQR
USA-MDA_water-level_SERC-dock,2021-10-29 09:42:00,status_cbs,main,GQR
USA-MDA_water-level_SERC-dock,2021-10-29 09:42:00,temperature_cbs_c,main,GQR
USA-MDA_water-level_SERC-dock,2021-10-29 09:48:00,barometric_pressure_mbar_avg,main,GQR
USA-MDA_water-level_SERC-dock,2021-10-29 09:48:00,level_m_cbs,main,GQR
USA-MDA_water-level_SERC-dock,2021-10-29 09:48:00,status_cbs,main,GQR
USA-MDA_water-level_SERC-dock,2021-10-29 09:48:00,temperature_cbs_c,main,GQR
USA-MDA_water-level_SERC-dock,2021-10-29 13:06:00,barometric_pressure_mbar_avg,main,GQR
USA-MDA_water-level_SERC-dock,2021-10-29 13:06:00,level_m_cbs,main,GQR
USA-MDA_water-level_SERC-dock,2021-10-29 13:06:00,status_cbs,main,GQR
USA-MDA_water-level_SERC-dock,2021-10-29 13:06:00,temperature_cbs_c,main,GQR
USA-MDA_water-level_SERC-dock,2021-10-29 13:12:00,barometric_pressure_mbar_avg,main,GQR
USA-MDA_water-level_SERC-dock,2021-10-29 13:12:00,level_m_cbs,main,GQR
USA-MDA_water-level_SERC-dock,2021-10-29 13:12:00,status_cbs,main,GQR
USA-MDA_water-level_SERC-dock,2021-10-29 13:12:00,temperature_cbs_c,main,GQR
USA-MDA_water-level_SERC-dock,2021-11-01 15:18:00,barometric_pressure_mbar_avg,main,GQR
USA-MDA_water-level_SERC-dock,2021-11-01 15:18:00,level_m_cbs,main,GQR
USA-MDA_water-level_SERC-dock,2021-11-01 15:18:00,status_cbs,main,GQR
USA-MDA_water-level_SERC-dock,2021-11-01 15:18:00,temperature_cbs_c,main,GQR
USA-MDA_water-level_SERC-dock,2021-11-01 15:24:00,barometric_pressure_mbar_avg,main,GQR
USA-MDA_water-level_SERC-dock,2021-11-01 15:24:00,level_m_cbs,main,GQR
USA-MDA_water-level_SERC-dock,2021-11-01 15:24:00,status_cbs,main,GQR
USA-MDA_water-level_SERC-dock,2021-11-01 15:24:00,temperature_cbs_c,main,GQR
USA-MDA_water-level_SERC-dock,2021-11-01 17:48:00,barometric_pressure_mbar_avg,main,GQR
USA-MDA_water-level_SERC-dock,2021-11-01 17:48:00,level_m_cbs,main,GQR
USA-MDA_water-level_SERC-dock,2021-11-01 17:48:00,status_cbs,main,GQR
USA-MDA_water-level_SERC-dock,2021-11-01 17:48:00,temperature_cbs_c,main,GQR
USA-MDA_water-level_SERC-dock,2021-11-01 17:54:00,barometric_pressure_mbar_avg,main,GQR
USA-MDA_water-level_SERC-dock,2021-11-01 17:54:00,level_m_cbs,main,GQR
USA-MDA_water-level_SERC-dock,2021-11-01 17:54:00,status_cbs,main,GQR
USA-MDA_water-level_SERC-dock,2021-11-01 17:54:00,temperature_cbs_c,main,GQR
USA-MDA_water-level_SERC-dock,2021-11-02 05:18:00,barometric_pressure_mbar_avg,main,GQR
USA-MDA_water-level_SERC-dock,2021-11-02 05:18:00,level_m_cbs,main,GQR
USA-MDA_water-level_SERC-dock,2021-11-02 05:18:00,status_cbs,main,GQR
USA-MDA_water-level_SERC-dock,2021-11-02 05:18:00,temperature_cbs_c,main,GQR
USA-MDA_water-level_SERC-dock,2021-11-02 08:36:00,barometric_pressure_mbar_avg,main,GQR
USA-MDA_water-level_SERC-dock,2021-11-02 08:36:00,level_m_cbs,main,GQR
USA-MDA_water-level_SERC-dock,2021-11-02 08:36:00,status_cbs,main,GQR
USA-MDA_water-level_SERC-dock,2021-11-02 08:36:00,temperature_cbs_c,main,GQR
USA-MDA_water-level_SERC-dock,2021-11-03 08:24:00,barometric_pressure_mbar_avg,main,GQR
USA-MDA_water-level_SERC-dock,2021-11-03 08:24:00,level_m_cbs,main,GQR
USA-MDA_water-level_SERC-dock,2021-11-03 08:24:00,status_cbs,main,GQR
USA-MDA_water-level_SERC-dock,2021-11-03 08:24:00,temperature_cbs_c,main,GQR
USA-MDA_water-level_SERC-dock,2021-11-03 08:42:00,barometric_pressure_mbar_avg,main,GQR
USA-MDA_water-level_SERC-dock,2021-11-03 08:42:00,level_m_cbs,main,GQR
USA-MDA_water-level_SERC-dock,2021-11-03 08:42:00,status_cbs,main,GQR
USA-MDA_water-level_SERC-dock,2021-11-03 08:42:00,temperature_cbs_c,main,GQR
USA-MDA_water-level_SERC-dock,2021-11-03 08:48:00,barometric_pressure_mbar_avg,main,GQR
USA-MDA_water-level_SERC-dock,2021-11-03 08:48:00,level_m_cbs,main,GQR
USA-MDA_water-level_SERC-dock,2021-11-03 08:48:00,status_cbs,main,GQR
USA-MDA_water-level_SERC-dock,2021-11-03 08:48:00,temperature_cbs_c,main,GQR
USA-MDA_water-level_SERC-dock,2021-11-03 08:54:00,barometric_pressure_mbar_avg,main,GQR
USA-MDA_water-level_SERC-dock,2021-11-03 08:54:00,level_m_cbs,main,GQR
USA-MDA_water-level_SERC-dock,2021-11-03 08:54:00,status_cbs,main,GQR
USA-MDA_water-level_SERC-dock,2021-11-03 08:54:00,temperature_cbs_c,main,GQR
USA-MDA_water-level_SERC-dock,2021-11-05 11:18:00,barometric_pressure_mbar_avg,main,GQR
USA-MDA_water-level_SERC-dock,2021-11-05 11:18:00,level_m_cbs,main,GQR
USA-MDA_water-level_SERC-dock,2021-11-05 11:18:00,status_cbs,main,GQR
USA-MDA_water-level_SERC-dock,2021-11-05 11:18:00,temperature_cbs_c,main,GQR
USA-MDA_water-level_SERC-dock,2021-11-05 12:54:00,barometric_pressure_mbar_avg,main,GQR
USA-MDA_water-level_SERC-dock,2021-11-05 12:54:00,level_m_cbs,main,GQR
USA-MDA_water-level_SERC-dock,2021-11-05 12:54:00,status_cbs,main,GQR
USA-MDA_water-level_SERC-dock,2021-11-05 12:54:00,temperature_cbs_c,main,GQR
USA-MDA_water-level_SERC-dock,2021-11-05 13:00:00,barometric_pressure_mbar_avg,main,GQR
USA-MDA_water-level_SERC-dock,2021-11-05 13:00:00,level_m_cbs,main,GQR
USA-MDA_water-level_SERC-dock,2021-11-05 13:00:00,status_cbs,main,GQR
USA-MDA_water-level_SERC-dock,2021-11-05 13:00:00,temperature_cbs_c,main,GQR
USA-MDA_water-level_SERC-dock,2021-11-14 08:42:00,barometric_pressure_mbar_avg,main,GQR
USA-MDA_water-level_SERC-dock,2021-11-14 08:42:00,level_m_cbs,main,GQR
USA-MDA_water-level_SERC-dock,2021-11-14 08:42:00,status_cbs,main,GQR
USA-MDA_water-level_SERC-dock,2021-11-14 08:42:00,temperature_cbs_c,main,GQR
USA-MDA_water-level_SERC-dock,2021-11-14 09:06:00,barometric_pressure_mbar_avg,main,GQR
USA-MDA_water-level_SERC-dock,2021-11-14 09:06:00,level_m_cbs,main,GQR
USA-MDA_water-level_SERC-dock,2021-11-14 09:06:00,status_cbs,main,GQR
USA-MDA_water-level_SERC-dock,2021-11-14 09:06:00,temperature_cbs_c,main,GQR
USA-MDA_water-level_SERC-dock,2021-11-14 09:24:00,barometric_pressure_mbar_avg,main,GQR
USA-MDA_water-level_SERC-dock,2021-11-14 09:24:00,level_m_cbs,main,GQR
USA-MDA_water-level_SERC-dock,2021-11-14 09:24:00,status_cbs,main,GQR
USA-MDA_water-level_SERC-dock,2021-11-14 09:24:00,temperature_cbs_c,main,GQR
USA-MDA_water-level_SERC-dock,2021-11-14 09:30:00,barometric_pressure_mbar_avg,main,GQR
USA-MDA_water-level_SERC-dock,2021-11-14 09:30:00,level_m_cbs,main,GQR
USA-MDA_water-level_SERC-dock,2021-11-14 09:30:00,status_cbs,main,GQR
USA-MDA_water-level_SERC-dock,2021-11-14 09:30:00,temperature_cbs_c,main,GQR
USA-MDA_water-level_SERC-dock,2021-11-14 09:42:00,barometric_pressure_mbar_avg,main,GQR
USA-MDA_water-level_SERC-dock,2021-11-14 09:42:00,level_m_cbs,main,GQR
USA-MDA_water-level_SERC-dock,2021-11-14 09:42:00,status_cbs,main,GQR
USA-MDA_water-level_SERC-dock,2021-11-14 09:42:00,temperature_cbs_c,main,GQR
USA-MDA_water-level_SERC-dock,2021-11-14 10:00:00,barometric_pressure_mbar_avg,main,GQR
USA-MDA_water-level_SERC-dock,2021-11-14 10:00:00,level_m_cbs,main,GQR
USA-MDA_water-level_SERC-dock,2021-11-14 10:00:00,status_cbs,main,GQR
USA-MDA_water-level_SERC-dock,2021-11-14 10:00:00,temperature_cbs_c,main,GQR
USA-MDA_water-level_SERC-dock,2021-11-15 09:30:00,barometric_pressure_mbar_avg,main,GQR
USA-MDA_water-level_SERC-dock,2021-11-15 09:30:00,level_m_cbs,main,GQR
USA-MDA_water-level_SERC-dock,2021-11-15 09:30:00,status_cbs,main,GQR
USA-MDA_water-level_SERC-dock,2021-11-15 09:30:00,temperature_cbs_c,main,GQR
USA-MDA_water-level_SERC-dock,2021-11-15 09:36:00,barometric_pressure_mbar_avg,main,GQR
USA-MDA_water-level_SERC-dock,2021-11-15 09:36:00,level_m_cbs,main,GQR
USA-MDA_water-level_SERC-dock,2021-11-15 09:36:00,status_cbs,main,GQR
USA-MDA_water-level_SERC-dock,2021-11-15 09:36:00,temperature_cbs_c,main,GQR
USA-MDA_water-level_SERC-dock,2021-11-15 09:42:00,barometric_pressure_mbar_avg,main,GQR
USA-MDA_water-level_SERC-dock,2021-11-15 09:42:00,level_m_cbs,main,GQR
USA-MDA_water-level_SERC-dock,2021-11-15 09:42:00,status_cbs,main,GQR
USA-MDA_water-level_SERC-dock,2021-11-15 09:42:00,temperature_cbs_c,main,GQR
USA-MDA_water-level_SERC-dock,2021-11-15 10:42:00,barometric_pressure_mbar_avg,main,GQR
USA-MDA_water-level_SERC-dock,2021-11-15 10:42:00,level_m_cbs,main,GQR
USA-MDA_water-level_SERC-dock,2021-11-15 10:42:00,status_cbs,main,GQR
USA-MDA_water-level_SERC-dock,2021-11-15 10:42:00,temperature_cbs_c,main,GQR
USA-MDA_water-level_SERC-dock,2021-11-15 10:48:00,barometric_pressure_mbar_avg,main,GQR
USA-MDA_water-level_SERC-dock,2021-11-15 10:48:00,level_m_cbs,main,GQR
USA-MDA_water-level_SERC-dock,2021-11-15 10:48:00,status_cbs,main,GQR
USA-MDA_water-level_SERC-dock,2021-11-15 10:48:00,temperature_cbs_c,main,GQR
USA-MDA_water-level_SERC-dock,2021-11-15 12:12:00,barometric_pressure_mbar_avg,main,GQR
USA-MDA_water-level_SERC-dock,2021-11-15 12:12:00,level_m_cbs,main,GQR
USA-MDA_water-level_SERC-dock,2021-11-15 12:12:00,status_cbs,main,GQR
USA-MDA_water-level_SERC-dock,2021-11-15 12:12:00,temperature_cbs_c,main,GQR
USA-MDA_water-level_SERC-dock,2021-11-17 10:42:00,barometric_pressure_mbar_avg,main,GQR
USA-MDA_water-level_SERC-dock,2021-11-17 10:42:00,level_m_cbs,main,GQR
USA-MDA_water-level_SERC-dock,2021-11-17 10:42:00,status_cbs,main,GQR
USA-MDA_water-level_SERC-dock,2021-11-17 10:42:00,temperature_cbs_c,main,GQR
USA-MDA_water-level_SERC-dock,2021-11-17 10:48:00,barometric_pressure_mbar_avg,main,GQR
USA-MDA_water-level_SERC-dock,2021-11-17 10:48:00,level_m_cbs,main,GQR
USA-MDA_water-level_SERC-dock,2021-11-17 10:48:00,status_cbs,main,GQR
USA-MDA_water-level_SERC-dock,2021-11-17 10:48:00,temperature_cbs_c,main,GQR
USA-MDA_water-level_SERC-dock,2021-11-17 14:42:00,barometric_pressure_mbar_avg,main,GQR
USA-MDA_water-level_SERC-dock,2021-11-17 14:42:00,level_m_cbs,main,GQR
USA-MDA_water-level_SERC-dock,2021-11-17 14:42:00,status_cbs,main,GQR
USA-MDA_water-level_SERC-dock,2021-11-17 14:42:00,temperature_cbs_c,main,GQR
USA-MDA_water-level_SERC-dock,2021-11-17 14:48:00,barometric_pressure_mbar_avg,main,GQR
USA-MDA_water-level_SERC-dock,2021-11-17 14:48:00,level_m_cbs,main,GQR
USA-MDA_water-level_SERC-dock,2021-11-17 14:48:00,status_cbs,main,GQR
USA-MDA_water-level_SERC-dock,2021-11-17 14:48:00,temperature_cbs_c,main,GQR
USA-MDA_water-level_SERC-dock,2021-11-18 10:06:00,barometric_pressure_mbar_avg,main,GQR
USA-MDA_water-level_SERC-dock,2021-11-18 10:06:00,level_m_cbs,main,GQR
USA-MDA_water-level_SERC-dock,2021-11-18 10:06:00,status_cbs,main,GQR
USA-MDA_water-level_SERC-dock,2021-11-18 10:06:00,temperature_cbs_c,main,GQR
USA-MDA_water-level_SERC-dock,2021-11-18 10:12:00,barometric_pressure_mbar_avg,main,GQR
USA-MDA_water-level_SERC-dock,2021-11-18 10:12:00,level_m_cbs,main,GQR
USA-MDA_water-level_SERC-dock,2021-11-18 10:12:00,status_cbs,main,GQR
USA-MDA_water-level_SERC-dock,2021-11-18 10:12:00,temperature_cbs_c,main,GQR
USA-MDA_water-level_SERC-dock,2021-12-08 11:24:00,barometric_pressure_mbar_avg,main,GQR
USA-MDA_water-level_SERC-dock,2021-12-08 11:24:00,level_m_cbs,main,GQR
USA-MDA_water-level_SERC-dock,2021-12-08 11:24:00,status_cbs,main,GQR
USA-MDA_water-level_SERC-dock,2021-12-08 11:24:00,temperature_cbs_c,main,GQR
USA-MDA_water-level_SERC-dock,2021-12-08 11:36:00,barometric_pressure_mbar_avg,main,GQR
USA-MDA_water-level_SERC-dock,2021-12-08 11:36:00,level_m_cbs,main,GQR
USA-MDA_water-level_SERC-dock,2021-12-08 11:36:00,status_cbs,main,GQR
USA-MDA_water-level_SERC-dock,2021-12-08 11:36:00,temperature_cbs_c,main,GQR
USA-MDA_water-level_SERC-dock,2021-12-08 11:42:00,barometric_pressure_mbar_avg,main,GQR
USA-MDA_water-level_SERC-dock,2021-12-08 11:42:00,level_m_cbs,main,GQR
USA-MDA_water-level_SERC-dock,2021-12-08 11:42:00,status_cbs,main,GQR
USA-MDA_water-level_SERC-dock,2021-12-08 11:42:00,temperature_cbs_c,main,GQR
USA-MDA_water-level_SERC-dock,2021-02-08 14:48:00,level_m_cbs,main,GQR
USA-MDA_water-level_SERC-dock,2021-02-08 14:54:00,level_m_cbs,main,GQR
USA-MDA_water-level_SERC-dock,2021-02-08 15:00:00,level_m_cbs,main,GQR
USA-MDA_water-level_SERC-dock,2021-02-08 15:06:00,level_m_cbs,main,GQR
USA-MDA_water-level_SERC-dock,2021-02-08 15:12:00,level_m_cbs,main,GQR
USA-MDA_water-level_SERC-dock,2021-02-08 15:18:00,level_m_cbs,main,GQR
USA-MDA_water-level_SERC-dock,2021-02-08 15:24:00,level_m_cbs,main,GQR
USA-MDA_water-level_SERC-dock,2021-02-08 15:30:00,level_m_cbs,main,GQR
USA-MDA_water-level_SERC-dock,2021-02-08 15:36:00,level_m_cbs,main,GQR
USA-MDA_water-level_SERC-dock,2021-02-08 15:42:00,level_m_cbs,main,GQR
USA-MDA_water-level_SERC-dock,2021-02-08 15:48:00,level_m_cbs,main,GQR
USA-MDA_water-level_SERC-dock,2021-02-08 15:54:00,level_m_cbs,main,GQR
USA-MDA_water-level_SERC-dock,2021-02-08 16:00:00,level_m_cbs,main,GQR
USA-MDA_water-level_SERC-dock,2021-02-08 16:06:00,level_m_cbs,main,GQR
USA-MDA_water-level_SERC-dock,2021-02-08 16:12:00,level_m_cbs,main,GQR
USA-MDA_water-level_SERC-dock,2021-02-08 16:18:00,level_m_cbs,main,GQR
USA-MDA_water-level_SERC-dock,2021-02-08 16:24:00,level_m_cbs,main,GQR
USA-MDA_water-level_SERC-dock,2021-02-08 16:30:00,level_m_cbs,main,GQR
USA-MDA_water-level_SERC-dock,2021-02-08 16:36:00,level_m_cbs,main,GQR
USA-MDA_water-level_SERC-dock,2021-02-08 16:42:00,level_m_cbs,main,GQR
USA-MDA_water-level_SERC-dock,2021-02-08 16:48:00,level_m_cbs,main,GQR
USA-MDA_water-level_SERC-dock,2021-02-08 16:54:00,level_m_cbs,main,GQR
USA-MDA_water-level_SERC-dock,2021-02-08 17:00:00,level_m_cbs,main,GQR
USA-MDA_water-level_SERC-dock,2021-02-08 17:06:00,level_m_cbs,main,GQR
USA-MDA_water-level_SERC-dock,2021-02-08 17:12:00,level_m_cbs,main,GQR
USA-MDA_water-level_SERC-dock,2021-02-08 17:18:00,level_m_cbs,main,GQR
USA-MDA_water-level_SERC-dock,2021-02-08 17:24:00,level_m_cbs,main,GQR
USA-MDA_water-level_SERC-dock,2021-02-08 17:30:00,level_m_cbs,main,GQR
USA-MDA_water-level_SERC-dock,2021-02-08 17:36:00,level_m_cbs,main,GQR
USA-MDA_water-level_SERC-dock,2021-02-08 17:42:00,level_m_cbs,main,GQR
USA-MDA_water-level_SERC-dock,2021-02-08 17:48:00,level_m_cbs,main,GQR
USA-MDA_water-level_SERC-dock,2021-02-08 17:54:00,level_m_cbs,main,GQR
USA-MDA_water-level_SERC-dock,2021-02-08 18:00:00,level_m_cbs,main,GQR
USA-MDA_water-level_SERC-dock,2021-02-08 18:06:00,level_m_cbs,main,GQR
USA-MDA_water-level_SERC-dock,2021-02-08 18:12:00,level_m_cbs,main,GQR
USA-MDA_water-level_SERC-dock,2021-02-08 18:18:00,level_m_cbs,main,GQR
USA-MDA_water-level_SERC-dock,2021-02-08 18:24:00,level_m_cbs,main,GQR
USA-MDA_water-level_SERC-dock,2021-02-08 18:30:00,level_m_cbs,main,GQR
USA-MDA_water-level_SERC-dock,2021-02-08 18:36:00,level_m_cbs,main,GQR
USA-MDA_water-level_SERC-dock,2021-02-08 18:42:00,level_m_cbs,main,GQR
USA-MDA_water-level_SERC-dock,2021-02-08 18:48:00,level_m_cbs,main,GQR
USA-MDA_water-level_SERC-dock,2021-02-08 18:54:00,level_m_cbs,main,GQR
USA-MDA_water-level_SERC-dock,2021-02-08 19:00:00,level_m_cbs,main,GQR
USA-MDA_water-level_SERC-dock,2021-02-08 19:06:00,level_m_cbs,main,GQR
USA-MDA_water-level_SERC-dock,2021-02-08 19:12:00,level_m_cbs,main,GQR
USA-MDA_water-level_SERC-dock,2021-02-08 19:18:00,level_m_cbs,main,GQR
USA-MDA_water-level_SERC-dock,2021-02-08 19:24:00,level_m_cbs,main,GQR
USA-MDA_water-level_SERC-dock,2021-02-08 19:30:00,level_m_cbs,main,GQR
USA-MDA_water-level_SERC-dock,2021-02-08 19:36:00,level_m_cbs,main,GQR
USA-MDA_water-level_SERC-dock,2021-02-08 19:42:00,level_m_cbs,main,GQR
USA-MDA_water-level_SERC-dock,2021-02-08 19:48:00,level_m_cbs,main,GQR
USA-MDA_water-level_SERC-dock,2021-02-08 19:54:00,level_m_cbs,main,GQR
USA-MDA_water-level_SERC-dock,2021-02-08 20:00:00,level_m_cbs,main,GQR
USA-MDA_water-level_SERC-dock,2021-02-08 20:06:00,level_m_cbs,main,GQR
USA-MDA_water-level_SERC-dock,2021-02-08 20:12:00,level_m_cbs,main,GQR
USA-MDA_water-level_SERC-dock,2021-02-08 20:18:00,level_m_cbs,main,GQR
USA-MDA_water-level_SERC-dock,2021-02-08 20:24:00,level_m_cbs,main,GQR
USA-MDA_water-level_SERC-dock,2021-02-08 20:30:00,level_m_cbs,main,GQR
USA-MDA_water-level_SERC-dock,2021-02-08 20:36:00,level_m_cbs,main,GQR
USA-MDA_water-level_SERC-dock,2021-02-08 20:42:00,level_m_cbs,main,GQR
USA-MDA_water-level_SERC-dock,2021-02-08 20:48:00,level_m_cbs,main,GQR
USA-MDA_water-level_SERC-dock,2021-02-08 20:54:00,level_m_cbs,main,GQR
USA-MDA_water-level_SERC-dock,2021-02-08 21:00:00,level_m_cbs,main,GQR
USA-MDA_water-level_SERC-dock,2021-02-08 21:06:00,level_m_cbs,main,GQR
USA-MDA_water-level_SERC-dock,2021-02-08 21:12:00,level_m_cbs,main,GQR
USA-MDA_water-level_SERC-dock,2021-02-08 21:18:00,level_m_cbs,main,GQR
USA-MDA_water-level_SERC-dock,2021-02-08 21:24:00,level_m_cbs,main,GQR
USA-MDA_water-level_SERC-dock,2021-02-08 21:30:00,level_m_cbs,main,GQR
USA-MDA_water-level_SERC-dock,2021-02-08 21:36:00,level_m_cbs,main,GQR
USA-MDA_water-level_SERC-dock,2021-02-08 21:42:00,level_m_cbs,main,GQR
USA-MDA_water-level_SERC-dock,2021-02-08 21:48:00,level_m_cbs,main,GQR
USA-MDA_water-level_SERC-dock,2021-02-08 21:54:00,level_m_cbs,main,GQR
USA-MDA_water-level_SERC-dock,2021-02-08 22:00:00,level_m_cbs,main,GQR
USA-MDA_water-level_SERC-dock,2021-02-08 22:06:00,level_m_cbs,main,GQR
USA-MDA_water-level_SERC-dock,2021-02-08 22:12:00,level_m_cbs,main,GQR
USA-MDA_water-level_SERC-dock,2021-02-08 22:18:00,level_m_cbs,main,GQR
USA-MDA_water-level_SERC-dock,2021-02-08 22:24:00,level_m_cbs,main,GQR
USA-MDA_water-level_SERC-dock,2021-02-08 22:30:00,level_m_cbs,main,GQR
USA-MDA_water-level_SERC-dock,2021-02-08 22:36:00,level_m_cbs,main,GQR
USA-MDA_water-level_SERC-dock,2021-02-08 22:42:00,level_m_cbs,main,GQR
USA-MDA_water-level_SERC-dock,2021-02-08 22:48:00,level_m_cbs,main,GQR
USA-MDA_water-level_SERC-dock,2021-02-08 22:54:00,level_m_cbs,main,GQR
USA-MDA_water-level_SERC-dock,2021-02-08 23:00:00,level_m_cbs,main,GQR
USA-MDA_water-level_SERC-dock,2021-02-08 23:06:00,level_m_cbs,main,GQR
USA-MDA_water-level_SERC-dock,2021-02-08 23:12:00,level_m_cbs,main,GQR
USA-MDA_water-level_SERC-dock,2021-02-08 23:18:00,level_m_cbs,main,GQR
USA-MDA_water-level_SERC-dock,2021-02-08 23:24:00,level_m_cbs,main,GQR
USA-MDA_water-level_SERC-dock,2021-02-08 23:30:00,level_m_cbs,main,GQR
USA-MDA_water-level_SERC-dock,2021-02-08 23:36:00,level_m_cbs,main,GQR
USA-MDA_water-level_SERC-dock,2021-02-08 23:42:00,level_m_cbs,main,GQR
USA-MDA_water-level_SERC-dock,2021-02-08 23:48:00,level_m_cbs,main,GQR
USA-MDA_water-level_SERC-dock,2021-02-08 23:54:00,level_m_cbs,main,GQR
USA-MDA_water-level_SERC-dock,2021-02-09 00:00:00,level_m_cbs,main,GQR
USA-MDA_water-level_SERC-dock,2021-02-09 00:06:00,level_m_cbs,main,GQR
USA-MDA_water-level_SERC-dock,2021-02-09 00:12:00,level_m_cbs,main,GQR
USA-MDA_water-level_SERC-dock,2021-02-09 00:18:00,level_m_cbs,main,GQR
USA-MDA_water-level_SERC-dock,2021-02-09 00:24:00,level_m_cbs,main,GQR
USA-MDA_water-level_SERC-dock,2021-02-09 00:30:00,level_m_cbs,main,GQR
USA-MDA_water-level_SERC-dock,2021-02-09 00:36:00,level_m_cbs,main,GQR
USA-MDA_water-level_SERC-dock,2021-02-09 00:42:00,level_m_cbs,main,GQR
USA-MDA_water-level_SERC-dock,2021-02-09 00:48:00,level_m_cbs,main,GQR
USA-MDA_water-level_SERC-dock,2021-02-09 00:54:00,level_m_cbs,main,GQR
USA-MDA_water-level_SERC-dock,2021-02-09 01:00:00,level_m_cbs,main,GQR
USA-MDA_water-level_SERC-dock,2021-02-09 01:06:00,level_m_cbs,main,GQR
USA-MDA_water-level_SERC-dock,2021-02-09 01:12:00,level_m_cbs,main,GQR
USA-MDA_water-level_SERC-dock,2021-02-09 01:18:00,level_m_cbs,main,GQR
USA-MDA_water-level_SERC-dock,2021-02-09 01:24:00,level_m_cbs,main,GQR
USA-MDA_water-level_SERC-dock,2021-02-09 01:30:00,level_m_cbs,main,GQR
USA-MDA_water-level_SERC-dock,2021-02-09 01:36:00,level_m_cbs,main,GQR
USA-MDA_water-level_SERC-dock,2021-02-09 01:42:00,level_m_cbs,main,GQR
USA-MDA_water-level_SERC-dock,2021-02-09 01:48:00,level_m_cbs,main,GQR
USA-MDA_water-level_SERC-dock,2021-02-09 01:54:00,level_m_cbs,main,GQR
USA-MDA_water-level_SERC-dock,2021-02-09 02:00:00,level_m_cbs,main,GQR
USA-MDA_water-level_SERC-dock,2021-02-09 02:06:00,level_m_cbs,main,GQR
USA-MDA_water-level_SERC-dock,2021-02-09 02:12:00,level_m_cbs,main,GQR
USA-MDA_water-level_SERC-dock,2021-02-09 02:18:00,level_m_cbs,main,GQR
USA-MDA_water-level_SERC-dock,2021-02-09 02:24:00,level_m_cbs,main,GQR
USA-MDA_water-level_SERC-dock,2021-02-09 02:30:00,level_m_cbs,main,GQR
USA-MDA_water-level_SERC-dock,2021-02-09 02:36:00,level_m_cbs,main,GQR
USA-MDA_water-level_SERC-dock,2021-02-09 02:42:00,level_m_cbs,main,GQR
USA-MDA_water-level_SERC-dock,2021-02-09 02:48:00,level_m_cbs,main,GQR
USA-MDA_water-level_SERC-dock,2021-02-09 02:54:00,level_m_cbs,main,GQR
USA-MDA_water-level_SERC-dock,2021-02-09 03:00:00,level_m_cbs,main,GQR
USA-MDA_water-level_SERC-dock,2021-02-09 03:06:00,level_m_cbs,main,GQR
USA-MDA_water-level_SERC-dock,2021-02-09 03:12:00,level_m_cbs,main,GQR
USA-MDA_water-level_SERC-dock,2021-02-09 03:18:00,level_m_cbs,main,GQR
USA-MDA_water-level_SERC-dock,2021-02-09 03:24:00,level_m_cbs,main,GQR
USA-MDA_water-level_SERC-dock,2021-02-09 03:30:00,level_m_cbs,main,GQR
USA-MDA_water-level_SERC-dock,2021-02-09 03:36:00,level_m_cbs,main,GQR
USA-MDA_water-level_SERC-dock,2021-02-09 03:42:00,level_m_cbs,main,GQR
USA-MDA_water-level_SERC-dock,2021-02-09 03:48:00,level_m_cbs,main,GQR
USA-MDA_water-level_SERC-dock,2021-02-09 03:54:00,level_m_cbs,main,GQR
USA-MDA_water-level_SERC-dock,2021-02-09 04:00:00,level_m_cbs,main,GQR
USA-MDA_water-level_SERC-dock,2021-02-09 04:06:00,level_m_cbs,main,GQR
USA-MDA_water-level_SERC-dock,2021-02-09 04:12:00,level_m_cbs,main,GQR
USA-MDA_water-level_SERC-dock,2021-02-09 04:18:00,level_m_cbs,main,GQR
USA-MDA_water-level_SERC-dock,2021-02-09 04:24:00,level_m_cbs,main,GQR
USA-MDA_water-level_SERC-dock,2021-02-09 04:30:00,level_m_cbs,main,GQR
USA-MDA_water-level_SERC-dock,2021-02-09 04:36:00,level_m_cbs,main,GQR
USA-MDA_water-level_SERC-dock,2021-02-09 04:42:00,level_m_cbs,main,GQR
USA-MDA_water-level_SERC-dock,2021-02-09 04:48:00,level_m_cbs,main,GQR
USA-MDA_water-level_SERC-dock,2021-02-09 04:54:00,level_m_cbs,main,GQR
USA-MDA_water-level_SERC-dock,2021-02-09 05:00:00,level_m_cbs,main,GQR
USA-MDA_water-level_SERC-dock,2021-02-09 05:06:00,level_m_cbs,main,GQR
USA-MDA_water-level_SERC-dock,2021-02-09 05:12:00,level_m_cbs,main,GQR
USA-MDA_water-level_SERC-dock,2021-02-09 05:18:00,level_m_cbs,main,GQR
USA-MDA_water-level_SERC-dock,2021-02-09 05:24:00,level_m_cbs,main,GQR
USA-MDA_water-level_SERC-dock,2021-02-09 05:30:00,level_m_cbs,main,GQR
USA-MDA_water-level_SERC-dock,2021-02-09 05:36:00,level_m_cbs,main,GQR
USA-MDA_water-level_SERC-dock,2021-02-09 05:42:00,level_m_cbs,main,GQR
USA-MDA_water-level_SERC-dock,2021-02-09 05:48:00,level_m_cbs,main,GQR
USA-MDA_water-level_SERC-dock,2021-02-09 05:54:00,level_m_cbs,main,GQR
USA-MDA_water-level_SERC-dock,2021-02-09 06:00:00,level_m_cbs,main,GQR
USA-MDA_water-level_SERC-dock,2021-02-09 06:06:00,level_m_cbs,main,GQR
USA-MDA_water-level_SERC-dock,2021-02-09 06:12:00,level_m_cbs,main,GQR
USA-MDA_water-level_SERC-dock,2021-02-09 06:18:00,level_m_cbs,main,GQR
USA-MDA_water-level_SERC-dock,2021-02-09 06:24:00,level_m_cbs,main,GQR
USA-MDA_water-level_SERC-dock,2021-02-09 06:30:00,level_m_cbs,main,GQR
USA-MDA_water-level_SERC-dock,2021-02-09 06:36:00,level_m_cbs,main,GQR
USA-MDA_water-level_SERC-dock,2021-02-09 06:42:00,level_m_cbs,main,GQR
USA-MDA_water-level_SERC-dock,2021-02-09 06:48:00,level_m_cbs,main,GQR
USA-MDA_water-level_SERC-dock,2021-02-09 06:54:00,level_m_cbs,main,GQR
USA-MDA_water-level_SERC-dock,2021-02-09 07:00:00,level_m_cbs,main,GQR
USA-MDA_water-level_SERC-dock,2021-02-09 07:06:00,level_m_cbs,main,GQR
USA-MDA_water-level_SERC-dock,2021-02-09 07:12:00,level_m_cbs,main,GQR
USA-MDA_water-level_SERC-dock,2021-02-09 07:18:00,level_m_cbs,main,GQR
USA-MDA_water-level_SERC-dock,2021-02-09 07:24:00,level_m_cbs,main,GQR
USA-MDA_water-level_SERC-dock,2021-02-09 07:30:00,level_m_cbs,main,GQR
USA-MDA_water-level_SERC-dock,2021-02-09 07:36:00,level_m_cbs,main,GQR
USA-MDA_water-level_SERC-dock,2021-02-09 07:42:00,level_m_cbs,main,GQR
USA-MDA_water-level_SERC-dock,2021-02-09 07:48:00,level_m_cbs,main,GQR
USA-MDA_water-level_SERC-dock,2021-02-09 07:54:00,level_m_cbs,main,GQR
USA-MDA_water-level_SERC-dock,2021-02-09 08:00:00,level_m_cbs,main,GQR
USA-MDA_water-level_SERC-dock,2021-02-09 08:06:00,level_m_cbs,main,GQR
USA-MDA_water-level_SERC-dock,2021-02-09 08:12:00,level_m_cbs,main,GQR
USA-MDA_water-level_SERC-dock,2021-02-09 08:18:00,level_m_cbs,main,GQR
USA-MDA_water-level_SERC-dock,2021-02-09 08:24:00,level_m_cbs,main,GQR
USA-MDA_water-level_SERC-dock,2021-02-09 08:30:00,level_m_cbs,main,GQR
USA-MDA_water-level_SERC-dock,2021-02-09 08:36:00,level_m_cbs,main,GQR
USA-MDA_water-level_SERC-dock,2021-02-09 08:42:00,level_m_cbs,main,GQR
USA-MDA_water-level_SERC-dock,2021-02-09 08:48:00,level_m_cbs,main,GQR
USA-MDA_water-level_SERC-dock,2021-02-09 08:54:00,level_m_cbs,main,GQR
USA-MDA_water-level_SERC-dock,2021-02-09 09:00:00,level_m_cbs,main,GQR
USA-MDA_water-level_SERC-dock,2021-02-09 09:06:00,level_m_cbs,main,GQR
USA-MDA_water-level_SERC-dock,2021-02-09 09:12:00,level_m_cbs,main,GQR
USA-MDA_water-level_SERC-dock,2021-02-09 09:18:00,level_m_cbs,main,GQR
USA-MDA_water-level_SERC-dock,2021-02-09 09:24:00,level_m_cbs,main,GQR
USA-MDA_water-level_SERC-dock,2021-02-09 09:30:00,level_m_cbs,main,GQR
USA-MDA_water-level_SERC-dock,2021-02-09 09:36:00,level_m_cbs,main,GQR
USA-MDA_water-level_SERC-dock,2021-02-09 09:42:00,level_m_cbs,main,GQR
USA-MDA_water-level_SERC-dock,2021-02-09 09:48:00,level_m_cbs,main,GQR
USA-MDA_water-level_SERC-dock,2021-02-09 09:54:00,level_m_cbs,main,GQR
USA-MDA_water-level_SERC-dock,2021-02-09 10:00:00,level_m_cbs,main,GQR
USA-MDA_water-level_SERC-dock,2021-02-09 10:06:00,level_m_cbs,main,GQR
USA-MDA_water-level_SERC-dock,2021-02-09 10:12:00,level_m_cbs,main,GQR
USA-MDA_water-level_SERC-dock,2021-02-09 10:18:00,level_m_cbs,main,GQR
USA-MDA_water-level_SERC-dock,2021-02-09 10:24:00,level_m_cbs,main,GQR
USA-MDA_water-level_SERC-dock,2021-02-09 10:30:00,level_m_cbs,main,GQR
USA-MDA_water-level_SERC-dock,2021-02-09 10:36:00,level_m_cbs,main,GQR
USA-MDA_water-level_SERC-dock,2021-02-09 10:42:00,level_m_cbs,main,GQR
USA-MDA_water-level_SERC-dock,2021-02-09 10:48:00,level_m_cbs,main,GQR
USA-MDA_water-level_SERC-dock,2021-02-09 10:54:00,level_m_cbs,main,GQR
USA-MDA_water-level_SERC-dock,2021-02-09 11:00:00,level_m_cbs,main,GQR
USA-MDA_water-level_SERC-dock,2021-02-09 11:06:00,level_m_cbs,main,GQR
USA-MDA_water-level_SERC-dock,2021-02-09 11:12:00,level_m_cbs,main,GQR
USA-MDA_water-level_SERC-dock,2021-02-09 11:18:00,level_m_cbs,main,GQR
USA-MDA_water-level_SERC-dock,2021-02-09 11:24:00,level_m_cbs,main,GQR
USA-MDA_water-level_SERC-dock,2021-02-09 11:30:00,level_m_cbs,main,GQR
USA-MDA_water-level_SERC-dock,2021-02-09 11:36:00,level_m_cbs,main,GQR
USA-MDA_water-level_SERC-dock,2021-02-09 11:42:00,level_m_cbs,main,GQR
USA-MDA_water-level_SERC-dock,2021-02-09 11:48:00,level_m_cbs,main,GQR
USA-MDA_water-level_SERC-dock,2021-02-09 11:54:00,level_m_cbs,main,GQR
USA-MDA_water-level_SERC-dock,2021-02-09 12:00:00,level_m_cbs,main,GQR
USA-MDA_water-level_SERC-dock,2021-02-09 12:06:00,level_m_cbs,main,GQR
USA-MDA_water-level_SERC-dock,2021-02-09 12:12:00,level_m_cbs,main,GQR
USA-MDA_water-level_SERC-dock,2021-02-09 12:18:00,level_m_cbs,main,GQR
USA-MDA_water-level_SERC-dock,2021-02-09 12:24:00,level_m_cbs,main,GQR
USA-MDA_water-level_SERC-dock,2021-02-09 12:30:00,level_m_cbs,main,GQR
USA-MDA_water-level_SERC-dock,2021-02-09 12:36:00,level_m_cbs,main,GQR
USA-MDA_water-level_SERC-dock,2021-02-09 12:42:00,level_m_cbs,main,GQR
USA-MDA_water-level_SERC-dock,2021-02-09 12:48:00,level_m_cbs,main,GQR
USA-MDA_water-level_SERC-dock,2021-02-09 12:54:00,level_m_cbs,main,GQR
USA-MDA_water-level_SERC-dock,2021-02-09 13:00:00,level_m_cbs,main,GQR
USA-MDA_water-level_SERC-dock,2021-02-09 13:06:00,level_m_cbs,main,GQR
USA-MDA_water-level_SERC-dock,2021-02-09 13:12:00,level_m_cbs,main,GQR
USA-MDA_water-level_SERC-dock,2021-02-09 13:18:00,level_m_cbs,main,GQR
USA-MDA_water-level_SERC-dock,2021-02-09 13:24:00,level_m_cbs,main,GQR
USA-MDA_water-level_SERC-dock,2021-02-09 13:30:00,level_m_cbs,main,GQR
USA-MDA_water-level_SERC-dock,2021-02-09 13:36:00,level_m_cbs,main,GQR
USA-MDA_water-level_SERC-dock,2021-02-09 13:42:00,level_m_cbs,main,GQR
USA-MDA_water-level_SERC-dock,2021-02-09 13:48:00,level_m_cbs,main,GQR
USA-MDA_water-level_SERC-dock,2021-02-09 13:54:00,level_m_cbs,main,GQR
USA-MDA_water-level_SERC-dock,2021-02-09 14:00:00,level_m_cbs,main,GQR
USA-MDA_water-level_SERC-dock,2021-02-09 14:06:00,level_m_cbs,main,GQR
USA-MDA_water-level_SERC-dock,2021-02-09 14:12:00,level_m_cbs,main,GQR
USA-MDA_water-level_SERC-dock,2021-02-09 14:18:00,level_m_cbs,main,GQR
USA-MDA_water-level_SERC-dock,2021-02-09 14:24:00,level_m_cbs,main,GQR
USA-MDA_water-level_SERC-dock,2021-02-09 14:30:00,level_m_cbs,main,GQR
USA-MDA_water-level_SERC-dock,2021-02-09 14:36:00,level_m_cbs,main,GQR
USA-MDA_water-level_SERC-dock,2021-02-09 14:42:00,level_m_cbs,main,GQR
USA-MDA_water-level_SERC-dock,2021-02-09 14:48:00,level_m_cbs,main,GQR
USA-MDA_water-level_SERC-dock,2021-02-09 14:54:00,level_m_cbs,main,GQR
USA-MDA_water-level_SERC-dock,2021-02-09 15:00:00,level_m_cbs,main,GQR
USA-MDA_water-level_SERC-dock,2021-02-09 15:06:00,level_m_cbs,main,GQR
USA-MDA_water-level_SERC-dock,2021-02-09 15:12:00,level_m_cbs,main,GQR
USA-MDA_water-level_SERC-dock,2021-02-09 15:18:00,level_m_cbs,main,GQR
USA-MDA_water-level_SERC-dock,2021-02-09 15:24:00,level_m_cbs,main,GQR
USA-MDA_water-level_SERC-dock,2021-02-09 15:30:00,level_m_cbs,main,GQR
USA-MDA_water-level_SERC-dock,2021-02-09 15:36:00,level_m_cbs,main,GQR
USA-MDA_water-level_SERC-dock,2021-02-09 15:42:00,level_m_cbs,main,GQR
USA-MDA_water-level_SERC-dock,2021-02-09 15:48:00,level_m_cbs,main,GQR
USA-MDA_water-level_SERC-dock,2021-02-09 15:54:00,level_m_cbs,main,GQR
USA-MDA_water-level_SERC-dock,2021-02-09 16:00:00,level_m_cbs,main,GQR
USA-MDA_water-level_SERC-dock,2021-02-09 16:06:00,level_m_cbs,main,GQR
USA-MDA_water-level_SERC-dock,2021-02-09 16:12:00,level_m_cbs,main,GQR
USA-MDA_water-level_SERC-dock,2021-02-09 16:18:00,level_m_cbs,main,GQR
USA-MDA_water-level_SERC-dock,2021-02-09 16:24:00,level_m_cbs,main,GQR
USA-MDA_water-level_SERC-dock,2021-02-09 16:30:00,level_m_cbs,main,GQR
USA-MDA_water-level_SERC-dock,2021-02-09 16:36:00,level_m_cbs,main,GQR
USA-MDA_water-level_SERC-dock,2021-02-09 16:42:00,level_m_cbs,main,GQR
USA-MDA_water-level_SERC-dock,2021-02-09 16:48:00,level_m_cbs,main,GQR
USA-MDA_water-level_SERC-dock,2021-02-09 16:54:00,level_m_cbs,main,GQR
USA-MDA_water-level_SERC-dock,2021-02-09 17:00:00,level_m_cbs,main,GQR
USA-MDA_water-level_SERC-dock,2021-02-09 17:06:00,level_m_cbs,main,GQR
USA-MDA_water-level_SERC-dock,2021-02-09 17:12:00,level_m_cbs,main,GQR
USA-MDA_water-level_SERC-dock,2021-02-09 17:18:00,level_m_cbs,main,GQR
USA-MDA_water-level_SERC-dock,2021-02-09 17:24:00,level_m_cbs,main,GQR
USA-MDA_water-level_SERC-dock,2021-02-09 17:30:00,level_m_cbs,main,GQR
USA-MDA_water-level_SERC-dock,2021-02-09 17:36:00,level_m_cbs,main,GQR
USA-MDA_water-level_SERC-dock,2021-02-09 17:42:00,level_m_cbs,main,GQR
USA-MDA_water-level_SERC-dock,2021-02-09 17:48:00,level_m_cbs,main,GQR
USA-MDA_water-level_SERC-dock,2021-02-09 17:54:00,level_m_cbs,main,GQR
USA-MDA_water-level_SERC-dock,2021-02-09 18:00:00,level_m_cbs,main,GQR
USA-MDA_water-level_SERC-dock,2021-02-09 18:06:00,level_m_cbs,main,GQR
USA-MDA_water-level_SERC-dock,2021-02-09 18:12:00,level_m_cbs,main,GQR
USA-MDA_water-level_SERC-dock,2021-02-09 18:18:00,level_m_cbs,main,GQR
USA-MDA_water-level_SERC-dock,2021-02-09 18:24:00,level_m_cbs,main,GQR
USA-MDA_water-level_SERC-dock,2021-02-09 18:30:00,level_m_cbs,main,GQR
USA-MDA_water-level_SERC-dock,2021-02-09 18:36:00,level_m_cbs,main,GQR
USA-MDA_water-level_SERC-dock,2021-02-09 18:42:00,level_m_cbs,main,GQR
USA-MDA_water-level_SERC-dock,2021-02-09 18:48:00,level_m_cbs,main,GQR
USA-MDA_water-level_SERC-dock,2021-02-09 18:54:00,level_m_cbs,main,GQR
USA-MDA_water-level_SERC-dock,2021-02-09 19:00:00,level_m_cbs,main,GQR
USA-MDA_water-level_SERC-dock,2021-02-09 19:06:00,level_m_cbs,main,GQR
USA-MDA_water-level_SERC-dock,2021-02-09 19:12:00,level_m_cbs,main,GQR
USA-MDA_water-level_SERC-dock,2021-02-09 19:18:00,level_m_cbs,main,GQR
USA-MDA_water-level_SERC-dock,2021-02-09 19:24:00,level_m_cbs,main,GQR
USA-MDA_water-level_SERC-dock,2021-02-09 19:30:00,level_m_cbs,main,GQR
USA-MDA_water-level_SERC-dock,2021-02-09 19:36:00,level_m_cbs,main,GQR
USA-MDA_water-level_SERC-dock,2021-02-09 19:42:00,level_m_cbs,main,GQR
USA-MDA_water-level_SERC-dock,2021-02-09 19:48:00,level_m_cbs,main,GQR
USA-MDA_water-level_SERC-dock,2021-02-09 19:54:00,level_m_cbs,main,GQR
USA-MDA_water-level_SERC-dock,2021-02-09 20:00:00,level_m_cbs,main,GQR
USA-MDA_water-level_SERC-dock,2021-02-09 20:06:00,level_m_cbs,main,GQR
USA-MDA_water-level_SERC-dock,2021-02-09 20:12:00,level_m_cbs,main,GQR
USA-MDA_water-level_SERC-dock,2021-02-09 20:18:00,level_m_cbs,main,GQR
USA-MDA_water-level_SERC-dock,2021-02-09 20:24:00,level_m_cbs,main,GQR
USA-MDA_water-level_SERC-dock,2021-02-09 20:30:00,level_m_cbs,main,GQR
USA-MDA_water-level_SERC-dock,2021-02-09 20:36:00,level_m_cbs,main,GQR
USA-MDA_water-level_SERC-dock,2021-02-09 20:42:00,level_m_cbs,main,GQR
USA-MDA_water-level_SERC-dock,2021-02-09 20:48:00,level_m_cbs,main,GQR
USA-MDA_water-level_SERC-dock,2021-02-09 20:54:00,level_m_cbs,main,GQR
USA-MDA_water-level_SERC-dock,2021-02-09 21:00:00,level_m_cbs,main,GQR
USA-MDA_water-level_SERC-dock,2021-02-09 21:06:00,level_m_cbs,main,GQR
USA-MDA_water-level_SERC-dock,2021-02-09 21:12:00,level_m_cbs,main,GQR
USA-MDA_water-level_SERC-dock,2021-02-09 21:18:00,level_m_cbs,main,GQR
USA-MDA_water-level_SERC-dock,2021-02-09 21:24:00,level_m_cbs,main,GQR
USA-MDA_water-level_SERC-dock,2021-02-09 21:30:00,level_m_cbs,main,GQR
USA-MDA_water-level_SERC-dock,2021-02-09 21:36:00,level_m_cbs,main,GQR
USA-MDA_water-level_SERC-dock,2021-02-09 21:42:00,level_m_cbs,main,GQR
USA-MDA_water-level_SERC-dock,2021-02-09 21:48:00,level_m_cbs,main,GQR
USA-MDA_water-level_SERC-dock,2021-02-09 21:54:00,level_m_cbs,main,GQR
USA-MDA_water-level_SERC-dock,2021-02-09 22:00:00,level_m_cbs,main,GQR
USA-MDA_water-level_SERC-dock,2021-02-09 22:06:00,level_m_cbs,main,GQR
USA-MDA_water-level_SERC-dock,2021-02-09 22:12:00,level_m_cbs,main,GQR
USA-MDA_water-level_SERC-dock,2021-02-09 22:18:00,level_m_cbs,main,GQR
USA-MDA_water-level_SERC-dock,2021-02-09 22:24:00,level_m_cbs,main,GQR
USA-MDA_water-level_SERC-dock,2021-02-09 22:30:00,level_m_cbs,main,GQR
USA-MDA_water-level_SERC-dock,2021-02-09 22:36:00,level_m_cbs,main,GQR
USA-MDA_water-level_SERC-dock,2021-02-09 22:42:00,level_m_cbs,main,GQR
USA-MDA_water-level_SERC-dock,2021-02-09 22:48:00,level_m_cbs,main,GQR
USA-MDA_water-level_SERC-dock,2021-02-09 22:54:00,level_m_cbs,main,GQR
USA-MDA_water-level_SERC-dock,2021-02-09 23:00:00,level_m_cbs,main,GQR
USA-MDA_water-level_SERC-dock,2021-02-09 23:06:00,level_m_cbs,main,GQR
USA-MDA_water-level_SERC-dock,2021-02-09 23:12:00,level_m_cbs,main,GQR
USA-MDA_water-level_SERC-dock,2021-02-09 23:18:00,level_m_cbs,main,GQR
USA-MDA_water-level_SERC-dock,2021-02-09 23:24:00,level_m_cbs,main,GQR
USA-MDA_water-level_SERC-dock,2021-02-09 23:30:00,level_m_cbs,main,GQR
USA-MDA_water-level_SERC-dock,2021-02-09 23:36:00,level_m_cbs,main,GQR
USA-MDA_water-level_SERC-dock,2021-02-09 23:42:00,level_m_cbs,main,GQR
USA-MDA_water-level_SERC-dock,2021-02-09 23:48:00,level_m_cbs,main,GQR
USA-MDA_water-level_SERC-dock,2021-02-09 23:54:00,level_m_cbs,main,GQR
USA-MDA_water-level_SERC-dock,2021-02-10 00:00:00,level_m_cbs,main,GQR
USA-MDA_water-level_SERC-dock,2021-02-10 00:06:00,level_m_cbs,main,GQR
USA-MDA_water-level_SERC-dock,2021-02-10 00:12:00,level_m_cbs,main,GQR
USA-MDA_water-level_SERC-dock,2021-02-10 00:18:00,level_m_cbs,main,GQR
USA-MDA_water-level_SERC-dock,2021-02-10 00:24:00,level_m_cbs,main,GQR
USA-MDA_water-level_SERC-dock,2021-02-10 00:30:00,level_m_cbs,main,GQR
USA-MDA_water-level_SERC-dock,2021-02-10 00:36:00,level_m_cbs,main,GQR
USA-MDA_water-level_SERC-dock,2021-02-10 00:42:00,level_m_cbs,main,GQR
USA-MDA_water-level_SERC-dock,2021-02-10 00:48:00,level_m_cbs,main,GQR
USA-MDA_water-level_SERC-dock,2021-02-10 00:54:00,level_m_cbs,main,GQR
USA-MDA_water-level_SERC-dock,2021-02-10 01:00:00,level_m_cbs,main,GQR
USA-MDA_water-level_SERC-dock,2021-02-10 01:06:00,level_m_cbs,main,GQR
USA-MDA_water-level_SERC-dock,2021-02-10 01:12:00,level_m_cbs,main,GQR
USA-MDA_water-level_SERC-dock,2021-02-10 01:18:00,level_m_cbs,main,GQR
USA-MDA_water-level_SERC-dock,2021-02-10 01:24:00,level_m_cbs,main,GQR
USA-MDA_water-level_SERC-dock,2021-02-10 01:30:00,level_m_cbs,main,GQR
USA-MDA_water-level_SERC-dock,2021-02-10 01:36:00,level_m_cbs,main,GQR
USA-MDA_water-level_SERC-dock,2021-02-10 01:42:00,level_m_cbs,main,GQR
USA-MDA_water-level_SERC-dock,2021-02-10 01:48:00,level_m_cbs,main,GQR
USA-MDA_water-level_SERC-dock,2021-02-10 01:54:00,level_m_cbs,main,GQR
USA-MDA_water-level_SERC-dock,2021-02-10 02:00:00,level_m_cbs,main,GQR
USA-MDA_water-level_SERC-dock,2021-02-10 02:06:00,level_m_cbs,main,GQR
USA-MDA_water-level_SERC-dock,2021-02-10 02:12:00,level_m_cbs,main,GQR
USA-MDA_water-level_SERC-dock,2021-02-10 02:18:00,level_m_cbs,main,GQR
USA-MDA_water-level_SERC-dock,2021-02-10 02:24:00,level_m_cbs,main,GQR
USA-MDA_water-level_SERC-dock,2021-02-10 02:30:00,level_m_cbs,main,GQR
USA-MDA_water-level_SERC-dock,2021-02-10 02:36:00,level_m_cbs,main,GQR
USA-MDA_water-level_SERC-dock,2021-02-10 02:42:00,level_m_cbs,main,GQR
USA-MDA_water-level_SERC-dock,2021-02-10 02:48:00,level_m_cbs,main,GQR
USA-MDA_water-level_SERC-dock,2021-02-10 02:54:00,level_m_cbs,main,GQR
USA-MDA_water-level_SERC-dock,2021-02-10 03:00:00,level_m_cbs,main,GQR
USA-MDA_water-level_SERC-dock,2021-02-10 03:06:00,level_m_cbs,main,GQR
USA-MDA_water-level_SERC-dock,2021-02-10 03:12:00,level_m_cbs,main,GQR
USA-MDA_water-level_SERC-dock,2021-02-10 03:18:00,level_m_cbs,main,GQR
USA-MDA_water-level_SERC-dock,2021-02-10 03:24:00,level_m_cbs,main,GQR
USA-MDA_water-level_SERC-dock,2021-02-10 03:30:00,level_m_cbs,main,GQR
USA-MDA_water-level_SERC-dock,2021-02-10 03:36:00,level_m_cbs,main,GQR
USA-MDA_water-level_SERC-dock,2021-02-10 03:42:00,level_m_cbs,main,GQR
USA-MDA_water-level_SERC-dock,2021-02-10 03:48:00,level_m_cbs,main,GQR
USA-MDA_water-level_SERC-dock,2021-02-10 03:54:00,level_m_cbs,main,GQR
USA-MDA_water-level_SERC-dock,2021-02-10 04:00:00,level_m_cbs,main,GQR
USA-MDA_water-level_SERC-dock,2021-02-10 04:06:00,level_m_cbs,main,GQR
USA-MDA_water-level_SERC-dock,2021-02-10 04:12:00,level_m_cbs,main,GQR
USA-MDA_water-level_SERC-dock,2021-02-10 04:18:00,level_m_cbs,main,GQR
USA-MDA_water-level_SERC-dock,2021-02-10 04:24:00,level_m_cbs,main,GQR
USA-MDA_water-level_SERC-dock,2021-02-10 04:30:00,level_m_cbs,main,GQR
USA-MDA_water-level_SERC-dock,2021-02-10 04:36:00,level_m_cbs,main,GQR
USA-MDA_water-level_SERC-dock,2021-02-10 04:42:00,level_m_cbs,main,GQR
USA-MDA_water-level_SERC-dock,2021-02-10 04:48:00,level_m_cbs,main,GQR
USA-MDA_water-level_SERC-dock,2021-02-10 04:54:00,level_m_cbs,main,GQR
USA-MDA_water-level_SERC-dock,2021-02-10 05:00:00,level_m_cbs,main,GQR
USA-MDA_water-level_SERC-dock,2021-02-10 05:06:00,level_m_cbs,main,GQR
USA-MDA_water-level_SERC-dock,2021-02-10 05:12:00,level_m_cbs,main,GQR
USA-MDA_water-level_SERC-dock,2021-02-10 05:18:00,level_m_cbs,main,GQR
USA-MDA_water-level_SERC-dock,2021-02-10 05:24:00,level_m_cbs,main,GQR
USA-MDA_water-level_SERC-dock,2021-02-10 05:30:00,level_m_cbs,main,GQR
USA-MDA_water-level_SERC-dock,2021-02-10 05:36:00,level_m_cbs,main,GQR
USA-MDA_water-level_SERC-dock,2021-02-10 05:42:00,level_m_cbs,main,GQR
USA-MDA_water-level_SERC-dock,2021-02-10 05:48:00,level_m_cbs,main,GQR
USA-MDA_water-level_SERC-dock,2021-02-10 05:54:00,level_m_cbs,main,GQR
USA-MDA_water-level_SERC-dock,2021-02-10 06:00:00,level_m_cbs,main,GQR
USA-MDA_water-level_SERC-dock,2021-02-10 06:06:00,level_m_cbs,main,GQR
USA-MDA_water-level_SERC-dock,2021-02-10 06:12:00,level_m_cbs,main,GQR
USA-MDA_water-level_SERC-dock,2021-02-10 06:18:00,level_m_cbs,main,GQR
USA-MDA_water-level_SERC-dock,2021-02-10 06:24:00,level_m_cbs,main,GQR
USA-MDA_water-level_SERC-dock,2021-02-10 06:30:00,level_m_cbs,main,GQR
USA-MDA_water-level_SERC-dock,2021-02-10 06:36:00,level_m_cbs,main,GQR
USA-MDA_water-level_SERC-dock,2021-02-10 06:42:00,level_m_cbs,main,GQR
USA-MDA_water-level_SERC-dock,2021-02-10 06:48:00,level_m_cbs,main,GQR
USA-MDA_water-level_SERC-dock,2021-02-10 06:54:00,level_m_cbs,main,GQR
USA-MDA_water-level_SERC-dock,2021-02-10 07:00:00,level_m_cbs,main,GQR
USA-MDA_water-level_SERC-dock,2021-02-10 07:06:00,level_m_cbs,main,GQR
USA-MDA_water-level_SERC-dock,2021-02-10 07:12:00,level_m_cbs,main,GQR
USA-MDA_water-level_SERC-dock,2021-02-10 07:18:00,level_m_cbs,main,GQR
USA-MDA_water-level_SERC-dock,2021-02-10 07:24:00,level_m_cbs,main,GQR
USA-MDA_water-level_SERC-dock,2021-02-10 07:30:00,level_m_cbs,main,GQR
USA-MDA_water-level_SERC-dock,2021-02-10 07:36:00,level_m_cbs,main,GQR
USA-MDA_water-level_SERC-dock,2021-02-10 07:42:00,level_m_cbs,main,GQR
USA-MDA_water-level_SERC-dock,2021-02-10 07:48:00,level_m_cbs,main,GQR
USA-MDA_water-level_SERC-dock,2021-02-10 07:54:00,level_m_cbs,main,GQR
USA-MDA_water-level_SERC-dock,2021-02-10 08:00:00,level_m_cbs,main,GQR
USA-MDA_water-level_SERC-dock,2021-02-10 08:06:00,level_m_cbs,main,GQR
USA-MDA_water-level_SERC-dock,2021-02-10 08:12:00,level_m_cbs,main,GQR
USA-MDA_water-level_SERC-dock,2021-02-10 08:18:00,level_m_cbs,main,GQR
USA-MDA_water-level_SERC-dock,2021-02-10 08:24:00,level_m_cbs,main,GQR
USA-MDA_water-level_SERC-dock,2021-02-10 08:30:00,level_m_cbs,main,GQR
USA-MDA_water-level_SERC-dock,2021-02-10 08:36:00,level_m_cbs,main,GQR
USA-MDA_water-level_SERC-dock,2021-02-10 08:42:00,level_m_cbs,main,GQR
USA-MDA_water-level_SERC-dock,2021-02-10 08:48:00,level_m_cbs,main,GQR
USA-MDA_water-level_SERC-dock,2021-02-10 08:54:00,level_m_cbs,main,GQR
USA-MDA_water-level_SERC-dock,2021-02-10 09:00:00,level_m_cbs,main,GQR
USA-MDA_water-level_SERC-dock,2021-02-10 09:06:00,level_m_cbs,main,GQR
USA-MDA_water-level_SERC-dock,2021-02-10 09:12:00,level_m_cbs,main,GQR
USA-MDA_water-level_SERC-dock,2021-02-10 09:18:00,level_m_cbs,main,GQR
USA-MDA_water-level_SERC-dock,2021-02-10 09:24:00,level_m_cbs,main,GQR
USA-MDA_water-level_SERC-dock,2021-02-10 09:30:00,level_m_cbs,main,GQR
USA-MDA_water-level_SERC-dock,2021-02-10 09:36:00,level_m_cbs,main,GQR
USA-MDA_water-level_SERC-dock,2021-02-10 09:42:00,level_m_cbs,main,GQR
USA-MDA_water-level_SERC-dock,2021-02-10 09:48:00,level_m_cbs,main,GQR
USA-MDA_water-level_SERC-dock,2021-02-10 09:54:00,level_m_cbs,main,GQR
USA-MDA_water-level_SERC-dock,2021-02-10 10:00:00,level_m_cbs,main,GQR
USA-MDA_water-level_SERC-dock,2021-02-10 10:06:00,level_m_cbs,main,GQR
USA-MDA_water-level_SERC-dock,2021-02-10 10:12:00,level_m_cbs,main,GQR
USA-MDA_water-level_SERC-dock,2021-02-10 10:18:00,level_m_cbs,main,GQR
USA-MDA_water-level_SERC-dock,2021-02-10 10:24:00,level_m_cbs,main,GQR
USA-MDA_water-level_SERC-dock,2021-02-10 10:30:00,level_m_cbs,main,GQR
USA-MDA_water-level_SERC-dock,2021-02-10 10:36:00,level_m_cbs,main,GQR
USA-MDA_water-level_SERC-dock,2021-02-10 10:42:00,level_m_cbs,main,GQR
USA-MDA_water-level_SERC-dock,2021-02-10 10:48:00,level_m_cbs,main,GQR
USA-MDA_water-level_SERC-dock,2021-02-10 10:54:00,level_m_cbs,main,GQR
USA-MDA_water-level_SERC-dock,2021-02-10 11:00:00,level_m_cbs,main,GQR
USA-MDA_water-level_SERC-dock,2021-02-10 11:06:00,level_m_cbs,main,GQR
USA-MDA_water-level_SERC-dock,2021-02-10 11:12:00,level_m_cbs,main,GQR
USA-MDA_water-level_SERC-dock,2021-02-10 11:18:00,level_m_cbs,main,GQR
USA-MDA_water-level_SERC-dock,2021-02-10 11:24:00,level_m_cbs,main,GQR
USA-MDA_water-level_SERC-dock,2021-02-10 11:30:00,level_m_cbs,main,GQR
USA-MDA_water-level_SERC-dock,2021-02-10 11:36:00,level_m_cbs,main,GQR
USA-MDA_water-level_SERC-dock,2021-02-10 11:42:00,level_m_cbs,main,GQR
USA-MDA_water-level_SERC-dock,2021-02-10 11:48:00,level_m_cbs,main,GQR
USA-MDA_water-level_SERC-dock,2021-02-10 11:54:00,level_m_cbs,main,GQR
USA-MDA_water-level_SERC-dock,2021-02-10 12:00:00,level_m_cbs,main,GQR
USA-MDA_water-level_SERC-dock,2021-02-10 12:06:00,level_m_cbs,main,GQR
USA-MDA_water-level_SERC-dock,2021-02-10 12:12:00,level_m_cbs,main,GQR
USA-MDA_water-level_SERC-dock,2021-02-10 12:18:00,level_m_cbs,main,GQR
USA-MDA_water-level_SERC-dock,2021-02-10 12:24:00,level_m_cbs,main,GQR
USA-MDA_water-level_SERC-dock,2021-02-10 12:30:00,level_m_cbs,main,GQR
USA-MDA_water-level_SERC-dock,2021-02-10 12:36:00,level_m_cbs,main,GQR
USA-MDA_water-level_SERC-dock,2021-02-10 12:42:00,level_m_cbs,main,GQR
USA-MDA_water-level_SERC-dock,2021-02-10 12:48:00,level_m_cbs,main,GQR
USA-MDA_water-level_SERC-dock,2021-02-10 12:54:00,level_m_cbs,main,GQR
USA-MDA_water-level_SERC-dock,2021-02-10 13:00:00,level_m_cbs,main,GQR
USA-MDA_water-level_SERC-dock,2021-02-10 13:06:00,level_m_cbs,main,GQR
USA-MDA_water-level_SERC-dock,2021-02-10 13:12:00,level_m_cbs,main,GQR
USA-MDA_water-level_SERC-dock,2021-02-10 13:18:00,level_m_cbs,main,GQR
USA-MDA_water-level_SERC-dock,2021-02-10 13:24:00,level_m_cbs,main,GQR
USA-MDA_water-level_SERC-dock,2021-02-10 13:30:00,level_m_cbs,main,GQR
USA-MDA_water-level_SERC-dock,2021-02-10 13:36:00,level_m_cbs,main,GQR
USA-MDA_water-level_SERC-dock,2021-02-10 13:42:00,level_m_cbs,main,GQR
USA-MDA_water-level_SERC-dock,2021-02-10 13:48:00,level_m_cbs,main,GQR
USA-MDA_water-level_SERC-dock,2021-02-10 13:54:00,level_m_cbs,main,GQR
USA-MDA_water-level_SERC-dock,2021-02-10 14:00:00,level_m_cbs,main,GQR
USA-MDA_water-level_SERC-dock,2021-02-10 14:06:00,level_m_cbs,main,GQR
USA-MDA_water-level_SERC-dock,2021-02-10 14:12:00,level_m_cbs,main,GQR
USA-MDA_water-level_SERC-dock,2021-02-10 14:18:00,level_m_cbs,main,GQR
USA-MDA_water-level_SERC-dock,2021-02-10 14:24:00,level_m_cbs,main,GQR
USA-MDA_water-level_SERC-dock,2021-02-10 14:30:00,level_m_cbs,main,GQR
USA-MDA_water-level_SERC-dock,2021-02-10 14:36:00,level_m_cbs,main,GQR
USA-MDA_water-level_SERC-dock,2021-02-10 14:42:00,level_m_cbs,main,GQR
USA-MDA_water-level_SERC-dock,2021-02-10 14:48:00,level_m_cbs,main,GQR
USA-MDA_water-level_SERC-dock,2021-02-10 14:54:00,level_m_cbs,main,GQR
USA-MDA_water-level_SERC-dock,2021-02-10 15:00:00,level_m_cbs,main,GQR
USA-MDA_water-level_SERC-dock,2021-02-10 15:06:00,level_m_cbs,main,GQR
USA-MDA_water-level_SERC-dock,2021-02-10 15:12:00,level_m_cbs,main,GQR
USA-MDA_water-level_SERC-dock,2021-02-10 15:18:00,level_m_cbs,main,GQR
USA-MDA_water-level_SERC-dock,2021-02-10 15:24:00,level_m_cbs,main,GQR
USA-MDA_water-level_SERC-dock,2021-02-10 15:30:00,level_m_cbs,main,GQR
USA-MDA_water-level_SERC-dock,2021-02-10 15:36:00,level_m_cbs,main,GQR
USA-MDA_water-level_SERC-dock,2021-02-10 15:42:00,level_m_cbs,main,GQR
USA-MDA_water-level_SERC-dock,2021-02-10 15:48:00,level_m_cbs,main,GQR
USA-MDA_water-level_SERC-dock,2021-02-10 15:54:00,level_m_cbs,main,GQR
USA-MDA_water-level_SERC-dock,2021-02-10 16:00:00,level_m_cbs,main,GQR
USA-MDA_water-level_SERC-dock,2021-02-10 16:06:00,level_m_cbs,main,GQR
USA-MDA_water-level_SERC-dock,2021-02-10 16:12:00,level_m_cbs,main,GQR
USA-MDA_water-level_SERC-dock,2021-02-10 16:18:00,level_m_cbs,main,GQR
USA-MDA_water-level_SERC-dock,2021-02-10 16:24:00,level_m_cbs,main,GQR
USA-MDA_water-level_SERC-dock,2021-02-10 16:30:00,level_m_cbs,main,GQR
USA-MDA_water-level_SERC-dock,2021-02-10 16:36:00,level_m_cbs,main,GQR
USA-MDA_water-level_SERC-dock,2021-02-10 16:42:00,level_m_cbs,main,GQR
USA-MDA_water-level_SERC-dock,2021-02-10 16:48:00,level_m_cbs,main,GQR
USA-MDA_water-level_SERC-dock,2021-02-10 16:54:00,level_m_cbs,main,GQR
USA-MDA_water-level_SERC-dock,2021-02-10 17:00:00,level_m_cbs,main,GQR
USA-MDA_water-level_SERC-dock,2021-02-10 17:06:00,level_m_cbs,main,GQR
USA-MDA_water-level_SERC-dock,2021-02-10 17:12:00,level_m_cbs,main,GQR
USA-MDA_water-level_SERC-dock,2021-02-10 17:18:00,level_m_cbs,main,GQR
USA-MDA_water-level_SERC-dock,2021-02-10 17:24:00,level_m_cbs,main,GQR
USA-MDA_water-level_SERC-dock,2021-02-10 17:30:00,level_m_cbs,main,GQR
USA-MDA_water-level_SERC-dock,2021-02-10 17:36:00,level_m_cbs,main,GQR
USA-MDA_water-level_SERC-dock,2021-02-10 17:42:00,level_m_cbs,main,GQR
USA-MDA_water-level_SERC-dock,2021-02-10 17:48:00,level_m_cbs,main,GQR
USA-MDA_water-level_SERC-dock,2021-02-10 17:54:00,level_m_cbs,main,GQR
USA-MDA_water-level_SERC-dock,2021-02-10 18:00:00,level_m_cbs,main,GQR
USA-MDA_water-level_SERC-dock,2021-02-10 18:06:00,level_m_cbs,main,GQR
USA-MDA_water-level_SERC-dock,2021-02-10 18:12:00,level_m_cbs,main,GQR
USA-MDA_water-level_SERC-dock,2021-02-10 18:18:00,level_m_cbs,main,GQR
USA-MDA_water-level_SERC-dock,2021-02-10 18:24:00,level_m_cbs,main,GQR
USA-MDA_water-level_SERC-dock,2021-02-10 18:30:00,level_m_cbs,main,GQR
USA-MDA_water-level_SERC-dock,2021-02-10 18:36:00,level_m_cbs,main,GQR
USA-MDA_water-level_SERC-dock,2021-02-10 18:42:00,level_m_cbs,main,GQR
USA-MDA_water-level_SERC-dock,2021-02-10 18:48:00,level_m_cbs,main,GQR
USA-MDA_water-level_SERC-dock,2021-02-10 18:54:00,level_m_cbs,main,GQR
USA-MDA_water-level_SERC-dock,2021-02-10 19:00:00,level_m_cbs,main,GQR
USA-MDA_water-level_SERC-dock,2021-02-10 19:06:00,level_m_cbs,main,GQR
USA-MDA_water-level_SERC-dock,2021-02-10 19:12:00,level_m_cbs,main,GQR
USA-MDA_water-level_SERC-dock,2021-02-10 19:18:00,level_m_cbs,main,GQR
USA-MDA_water-level_SERC-dock,2021-02-10 19:24:00,level_m_cbs,main,GQR
USA-MDA_water-level_SERC-dock,2021-02-10 19:30:00,level_m_cbs,main,GQR
USA-MDA_water-level_SERC-dock,2021-02-10 19:36:00,level_m_cbs,main,GQR
USA-MDA_water-level_SERC-dock,2021-02-10 19:42:00,level_m_cbs,main,GQR
USA-MDA_water-level_SERC-dock,2021-02-10 19:48:00,level_m_cbs,main,GQR
USA-MDA_water-level_SERC-dock,2021-02-10 19:54:00,level_m_cbs,main,GQR
USA-MDA_water-level_SERC-dock,2021-02-10 20:00:00,level_m_cbs,main,GQR
USA-MDA_water-level_SERC-dock,2021-02-10 20:06:00,level_m_cbs,main,GQR
USA-MDA_water-level_SERC-dock,2021-02-10 20:12:00,level_m_cbs,main,GQR
USA-MDA_water-level_SERC-dock,2021-02-10 20:18:00,level_m_cbs,main,GQR
USA-MDA_water-level_SERC-dock,2021-02-10 20:24:00,level_m_cbs,main,GQR
USA-MDA_water-level_SERC-dock,2021-02-10 20:30:00,level_m_cbs,main,GQR
USA-MDA_water-level_SERC-dock,2021-02-10 20:36:00,level_m_cbs,main,GQR
USA-MDA_water-level_SERC-dock,2021-02-10 20:42:00,level_m_cbs,main,GQR
USA-MDA_water-level_SERC-dock,2021-02-10 20:48:00,level_m_cbs,main,GQR
USA-MDA_water-level_SERC-dock,2021-02-10 20:54:00,level_m_cbs,main,GQR
USA-MDA_water-level_SERC-dock,2021-02-10 21:00:00,level_m_cbs,main,GQR
USA-MDA_water-level_SERC-dock,2021-02-10 21:06:00,level_m_cbs,main,GQR
USA-MDA_water-level_SERC-dock,2021-02-10 21:12:00,level_m_cbs,main,GQR
USA-MDA_water-level_SERC-dock,2021-02-10 21:18:00,level_m_cbs,main,GQR
USA-MDA_water-level_SERC-dock,2021-02-10 21:24:00,level_m_cbs,main,GQR
USA-MDA_water-level_SERC-dock,2021-02-10 21:30:00,level_m_cbs,main,GQR
USA-MDA_water-level_SERC-dock,2021-02-10 21:36:00,level_m_cbs,main,GQR
USA-MDA_water-level_SERC-dock,2021-02-10 21:42:00,level_m_cbs,main,GQR
USA-MDA_water-level_SERC-dock,2021-02-10 21:48:00,level_m_cbs,main,GQR
USA-MDA_water-level_SERC-dock,2021-02-10 21:54:00,level_m_cbs,main,GQR
USA-MDA_water-level_SERC-dock,2021-02-10 22:00:00,level_m_cbs,main,GQR
USA-MDA_water-level_SERC-dock,2021-02-10 22:06:00,level_m_cbs,main,GQR
USA-MDA_water-level_SERC-dock,2021-02-10 22:12:00,level_m_cbs,main,GQR
USA-MDA_water-level_SERC-dock,2021-02-10 22:18:00,level_m_cbs,main,GQR
USA-MDA_water-level_SERC-dock,2021-02-10 22:24:00,level_m_cbs,main,GQR
USA-MDA_water-level_SERC-dock,2021-02-10 22:30:00,level_m_cbs,main,GQR
USA-MDA_water-level_SERC-dock,2021-02-10 22:36:00,level_m_cbs,main,GQR
USA-MDA_water-level_SERC-dock,2021-02-10 22:42:00,level_m_cbs,main,GQR
USA-MDA_water-level_SERC-dock,2021-02-10 22:48:00,level_m_cbs,main,GQR
USA-MDA_water-level_SERC-dock,2021-02-10 22:54:00,level_m_cbs,main,GQR
USA-MDA_water-level_SERC-dock,2021-02-10 23:00:00,level_m_cbs,main,GQR
USA-MDA_water-level_SERC-dock,2021-02-10 23:06:00,level_m_cbs,main,GQR
USA-MDA_water-level_SERC-dock,2021-02-10 23:12:00,level_m_cbs,main,GQR
USA-MDA_water-level_SERC-dock,2021-02-10 23:18:00,level_m_cbs,main,GQR
USA-MDA_water-level_SERC-dock,2021-02-10 23:24:00,level_m_cbs,main,GQR
USA-MDA_water-level_SERC-dock,2021-02-10 23:30:00,level_m_cbs,main,GQR
USA-MDA_water-level_SERC-dock,2021-02-10 23:36:00,level_m_cbs,main,GQR
USA-MDA_water-level_SERC-dock,2021-02-10 23:42:00,level_m_cbs,main,GQR
USA-MDA_water-level_SERC-dock,2021-02-10 23:48:00,level_m_cbs,main,GQR
USA-MDA_water-level_SERC-dock,2021-02-10 23:54:00,level_m_cbs,main,GQR
USA-MDA_water-level_SERC-dock,2021-02-11 00:00:00,level_m_cbs,main,GQR
USA-MDA_water-level_SERC-dock,2021-02-11 00:06:00,level_m_cbs,main,GQR
USA-MDA_water-level_SERC-dock,2021-02-11 00:12:00,level_m_cbs,main,GQR
USA-MDA_water-level_SERC-dock,2021-02-11 00:18:00,level_m_cbs,main,GQR
USA-MDA_water-level_SERC-dock,2021-02-11 00:24:00,level_m_cbs,main,GQR
USA-MDA_water-level_SERC-dock,2021-02-11 00:30:00,level_m_cbs,main,GQR
USA-MDA_water-level_SERC-dock,2021-02-11 00:36:00,level_m_cbs,main,GQR
USA-MDA_water-level_SERC-dock,2021-02-11 00:42:00,level_m_cbs,main,GQR
USA-MDA_water-level_SERC-dock,2021-02-11 00:48:00,level_m_cbs,main,GQR
USA-MDA_water-level_SERC-dock,2021-02-11 00:54:00,level_m_cbs,main,GQR
USA-MDA_water-level_SERC-dock,2021-02-11 01:00:00,level_m_cbs,main,GQR
USA-MDA_water-level_SERC-dock,2021-02-11 01:06:00,level_m_cbs,main,GQR
USA-MDA_water-level_SERC-dock,2021-02-11 01:12:00,level_m_cbs,main,GQR
USA-MDA_water-level_SERC-dock,2021-02-11 01:18:00,level_m_cbs,main,GQR
USA-MDA_water-level_SERC-dock,2021-02-11 01:24:00,level_m_cbs,main,GQR
USA-MDA_water-level_SERC-dock,2021-02-11 01:30:00,level_m_cbs,main,GQR
USA-MDA_water-level_SERC-dock,2021-02-11 01:36:00,level_m_cbs,main,GQR
USA-MDA_water-level_SERC-dock,2021-02-11 01:42:00,level_m_cbs,main,GQR
USA-MDA_water-level_SERC-dock,2021-02-11 01:48:00,level_m_cbs,main,GQR
USA-MDA_water-level_SERC-dock,2021-02-11 01:54:00,level_m_cbs,main,GQR
USA-MDA_water-level_SERC-dock,2021-02-11 02:00:00,level_m_cbs,main,GQR
USA-MDA_water-level_SERC-dock,2021-02-11 02:06:00,level_m_cbs,main,GQR
USA-MDA_water-level_SERC-dock,2021-02-11 02:12:00,level_m_cbs,main,GQR
USA-MDA_water-level_SERC-dock,2021-02-11 02:18:00,level_m_cbs,main,GQR
USA-MDA_water-level_SERC-dock,2021-02-11 02:24:00,level_m_cbs,main,GQR
USA-MDA_water-level_SERC-dock,2021-02-11 02:30:00,level_m_cbs,main,GQR
USA-MDA_water-level_SERC-dock,2021-02-11 02:36:00,level_m_cbs,main,GQR
USA-MDA_water-level_SERC-dock,2021-02-11 02:42:00,level_m_cbs,main,GQR
USA-MDA_water-level_SERC-dock,2021-02-11 02:48:00,level_m_cbs,main,GQR
USA-MDA_water-level_SERC-dock,2021-02-11 02:54:00,level_m_cbs,main,GQR
USA-MDA_water-level_SERC-dock,2021-02-11 03:00:00,level_m_cbs,main,GQR
USA-MDA_water-level_SERC-dock,2021-02-11 03:06:00,level_m_cbs,main,GQR
USA-MDA_water-level_SERC-dock,2021-02-11 03:12:00,level_m_cbs,main,GQR
USA-MDA_water-level_SERC-dock,2021-02-11 03:18:00,level_m_cbs,main,GQR
USA-MDA_water-level_SERC-dock,2021-02-11 03:24:00,level_m_cbs,main,GQR
USA-MDA_water-level_SERC-dock,2021-02-11 03:30:00,level_m_cbs,main,GQR
USA-MDA_water-level_SERC-dock,2021-02-11 03:36:00,level_m_cbs,main,GQR
USA-MDA_water-level_SERC-dock,2021-02-11 03:42:00,level_m_cbs,main,GQR
USA-MDA_water-level_SERC-dock,2021-02-11 03:48:00,level_m_cbs,main,GQR
USA-MDA_water-level_SERC-dock,2021-02-11 03:54:00,level_m_cbs,main,GQR
USA-MDA_water-level_SERC-dock,2021-02-11 04:00:00,level_m_cbs,main,GQR
USA-MDA_water-level_SERC-dock,2021-02-11 04:06:00,level_m_cbs,main,GQR
USA-MDA_water-level_SERC-dock,2021-02-11 04:12:00,level_m_cbs,main,GQR
USA-MDA_water-level_SERC-dock,2021-02-11 04:18:00,level_m_cbs,main,GQR
USA-MDA_water-level_SERC-dock,2021-02-11 04:24:00,level_m_cbs,main,GQR
USA-MDA_water-level_SERC-dock,2021-02-11 04:30:00,level_m_cbs,main,GQR
USA-MDA_water-level_SERC-dock,2021-02-11 04:36:00,level_m_cbs,main,GQR
USA-MDA_water-level_SERC-dock,2021-02-11 04:42:00,level_m_cbs,main,GQR
USA-MDA_water-level_SERC-dock,2021-02-11 04:48:00,level_m_cbs,main,GQR
USA-MDA_water-level_SERC-dock,2021-02-11 04:54:00,level_m_cbs,main,GQR
USA-MDA_water-level_SERC-dock,2021-02-11 05:00:00,level_m_cbs,main,GQR
USA-MDA_water-level_SERC-dock,2021-02-11 05:06:00,level_m_cbs,main,GQR
USA-MDA_water-level_SERC-dock,2021-02-11 05:12:00,level_m_cbs,main,GQR
USA-MDA_water-level_SERC-dock,2021-02-11 05:18:00,level_m_cbs,main,GQR
USA-MDA_water-level_SERC-dock,2021-02-11 05:24:00,level_m_cbs,main,GQR
USA-MDA_water-level_SERC-dock,2021-02-11 05:30:00,level_m_cbs,main,GQR
USA-MDA_water-level_SERC-dock,2021-02-11 05:36:00,level_m_cbs,main,GQR
USA-MDA_water-level_SERC-dock,2021-02-11 05:42:00,level_m_cbs,main,GQR
USA-MDA_water-level_SERC-dock,2021-02-11 05:48:00,level_m_cbs,main,GQR
USA-MDA_water-level_SERC-dock,2021-02-11 05:54:00,level_m_cbs,main,GQR
USA-MDA_water-level_SERC-dock,2021-02-11 06:00:00,level_m_cbs,main,GQR
USA-MDA_water-level_SERC-dock,2021-02-11 06:06:00,level_m_cbs,main,GQR
USA-MDA_water-level_SERC-dock,2021-02-11 06:12:00,level_m_cbs,main,GQR
USA-MDA_water-level_SERC-dock,2021-02-11 06:18:00,level_m_cbs,main,GQR
USA-MDA_water-level_SERC-dock,2021-02-11 06:24:00,level_m_cbs,main,GQR
USA-MDA_water-level_SERC-dock,2021-02-11 06:30:00,level_m_cbs,main,GQR
USA-MDA_water-level_SERC-dock,2021-02-11 06:36:00,level_m_cbs,main,GQR
USA-MDA_water-level_SERC-dock,2021-02-11 06:42:00,level_m_cbs,main,GQR
USA-MDA_water-level_SERC-dock,2021-02-11 06:48:00,level_m_cbs,main,GQR
USA-MDA_water-level_SERC-dock,2021-02-11 06:54:00,level_m_cbs,main,GQR
USA-MDA_water-level_SERC-dock,2021-02-11 07:00:00,level_m_cbs,main,GQR
USA-MDA_water-level_SERC-dock,2021-02-11 07:06:00,level_m_cbs,main,GQR
USA-MDA_water-level_SERC-dock,2021-02-11 07:12:00,level_m_cbs,main,GQR
USA-MDA_water-level_SERC-dock,2021-02-11 07:18:00,level_m_cbs,main,GQR
USA-MDA_water-level_SERC-dock,2021-02-11 07:24:00,level_m_cbs,main,GQR
USA-MDA_water-level_SERC-dock,2021-02-11 07:30:00,level_m_cbs,main,GQR
USA-MDA_water-level_SERC-dock,2021-02-11 07:36:00,level_m_cbs,main,GQR
USA-MDA_water-level_SERC-dock,2021-02-11 07:42:00,level_m_cbs,main,GQR
USA-MDA_water-level_SERC-dock,2021-02-11 07:48:00,level_m_cbs,main,GQR
USA-MDA_water-level_SERC-dock,2021-02-11 07:54:00,level_m_cbs,main,GQR
USA-MDA_water-level_SERC-dock,2021-02-11 08:00:00,level_m_cbs,main,GQR
USA-MDA_water-level_SERC-dock,2021-02-11 08:06:00,level_m_cbs,main,GQR
USA-MDA_water-level_SERC-dock,2021-02-11 08:12:00,level_m_cbs,main,GQR
USA-MDA_water-level_SERC-dock,2021-02-11 08:18:00,level_m_cbs,main,GQR
USA-MDA_water-level_SERC-dock,2021-02-11 08:24:00,level_m_cbs,main,GQR
USA-MDA_water-level_SERC-dock,2021-02-11 08:30:00,level_m_cbs,main,GQR
USA-MDA_water-level_SERC-dock,2021-02-11 08:36:00,level_m_cbs,main,GQR
USA-MDA_water-level_SERC-dock,2021-02-11 08:42:00,level_m_cbs,main,GQR
USA-MDA_water-level_SERC-dock,2021-02-11 08:48:00,level_m_cbs,main,GQR
USA-MDA_water-level_SERC-dock,2021-02-11 08:54:00,level_m_cbs,main,GQR
USA-MDA_water-level_SERC-dock,2021-02-11 09:00:00,level_m_cbs,main,GQR
USA-MDA_water-level_SERC-dock,2021-02-11 09:06:00,level_m_cbs,main,GQR
USA-MDA_water-level_SERC-dock,2021-02-11 09:12:00,level_m_cbs,main,GQR
USA-MDA_water-level_SERC-dock,2021-02-11 09:18:00,level_m_cbs,main,GQR
USA-MDA_water-level_SERC-dock,2021-02-11 09:24:00,level_m_cbs,main,GQR
USA-MDA_water-level_SERC-dock,2021-02-11 09:30:00,level_m_cbs,main,GQR
USA-MDA_water-level_SERC-dock,2021-02-11 09:36:00,level_m_cbs,main,GQR
USA-MDA_water-level_SERC-dock,2021-02-11 09:42:00,level_m_cbs,main,GQR
USA-MDA_water-level_SERC-dock,2021-02-11 09:48:00,level_m_cbs,main,GQR
USA-MDA_water-level_SERC-dock,2021-02-11 09:54:00,level_m_cbs,main,GQR
USA-MDA_water-level_SERC-dock,2021-02-11 10:00:00,level_m_cbs,main,GQR
USA-MDA_water-level_SERC-dock,2021-02-11 10:06:00,level_m_cbs,main,GQR
USA-MDA_water-level_SERC-dock,2021-02-11 10:12:00,level_m_cbs,main,GQR
USA-MDA_water-level_SERC-dock,2021-02-11 10:18:00,level_m_cbs,main,GQR
USA-MDA_water-level_SERC-dock,2021-02-11 10:24:00,level_m_cbs,main,GQR
USA-MDA_water-level_SERC-dock,2021-02-11 10:30:00,level_m_cbs,main,GQR
USA-MDA_water-level_SERC-dock,2021-02-11 10:36:00,level_m_cbs,main,GQR
USA-MDA_water-level_SERC-dock,2021-02-11 10:42:00,level_m_cbs,main,GQR
USA-MDA_water-level_SERC-dock,2021-02-11 10:48:00,level_m_cbs,main,GQR
USA-MDA_water-level_SERC-dock,2021-02-11 10:54:00,level_m_cbs,main,GQR
USA-MDA_water-level_SERC-dock,2021-02-11 11:00:00,level_m_cbs,main,GQR
USA-MDA_water-level_SERC-dock,2021-02-11 11:06:00,level_m_cbs,main,GQR
USA-MDA_water-level_SERC-dock,2021-02-11 11:12:00,level_m_cbs,main,GQR
USA-MDA_water-level_SERC-dock,2021-02-11 11:18:00,level_m_cbs,main,GQR
USA-MDA_water-level_SERC-dock,2021-02-11 11:24:00,level_m_cbs,main,GQR
USA-MDA_water-level_SERC-dock,2021-02-11 11:30:00,level_m_cbs,main,GQR
USA-MDA_water-level_SERC-dock,2021-02-11 11:36:00,level_m_cbs,main,GQR
USA-MDA_water-level_SERC-dock,2021-02-11 11:42:00,level_m_cbs,main,GQR
USA-MDA_water-level_SERC-dock,2021-02-11 11:48:00,level_m_cbs,main,GQR
USA-MDA_water-level_SERC-dock,2021-02-11 11:54:00,level_m_cbs,main,GQR
USA-MDA_water-level_SERC-dock,2021-02-11 12:00:00,level_m_cbs,main,GQR
USA-MDA_water-level_SERC-dock,2021-02-11 12:06:00,level_m_cbs,main,GQR
USA-MDA_water-level_SERC-dock,2021-02-11 12:12:00,level_m_cbs,main,GQR
USA-MDA_water-level_SERC-dock,2021-02-11 12:18:00,level_m_cbs,main,GQR
USA-MDA_water-level_SERC-dock,2021-02-11 12:24:00,level_m_cbs,main,GQR
USA-MDA_water-level_SERC-dock,2021-02-11 12:30:00,level_m_cbs,main,GQR
USA-MDA_water-level_SERC-dock,2021-02-11 12:36:00,level_m_cbs,main,GQR
USA-MDA_water-level_SERC-dock,2021-02-11 12:42:00,level_m_cbs,main,GQR
USA-MDA_water-level_SERC-dock,2021-02-11 12:48:00,level_m_cbs,main,GQR
USA-MDA_water-level_SERC-dock,2021-02-11 12:54:00,level_m_cbs,main,GQR
USA-MDA_water-level_SERC-dock,2021-02-11 13:00:00,level_m_cbs,main,GQR
USA-MDA_water-level_SERC-dock,2021-02-11 13:06:00,level_m_cbs,main,GQR
USA-MDA_water-level_SERC-dock,2021-02-11 13:12:00,level_m_cbs,main,GQR
USA-MDA_water-level_SERC-dock,2021-02-11 13:18:00,level_m_cbs,main,GQR
USA-MDA_water-level_SERC-dock,2021-02-11 13:24:00,level_m_cbs,main,GQR
USA-MDA_water-level_SERC-dock,2021-02-11 13:30:00,level_m_cbs,main,GQR
USA-MDA_water-level_SERC-dock,2021-02-11 13:36:00,level_m_cbs,main,GQR
USA-MDA_water-level_SERC-dock,2021-02-11 13:42:00,level_m_cbs,main,GQR
USA-MDA_water-level_SERC-dock,2021-02-11 13:48:00,level_m_cbs,main,GQR
USA-MDA_water-level_SERC-dock,2021-02-11 13:54:00,level_m_cbs,main,GQR
USA-MDA_water-level_SERC-dock,2021-02-11 14:00:00,level_m_cbs,main,GQR
USA-MDA_water-level_SERC-dock,2021-02-11 14:06:00,level_m_cbs,main,GQR
USA-MDA_water-level_SERC-dock,2021-02-11 14:12:00,level_m_cbs,main,GQR
USA-MDA_water-level_SERC-dock,2021-02-11 14:18:00,level_m_cbs,main,GQR
USA-MDA_water-level_SERC-dock,2021-02-11 14:24:00,level_m_cbs,main,GQR
USA-MDA_water-level_SERC-dock,2021-02-11 14:30:00,level_m_cbs,main,GQR
USA-MDA_water-level_SERC-dock,2021-02-11 14:36:00,level_m_cbs,main,GQR
USA-MDA_water-level_SERC-dock,2021-02-11 14:42:00,level_m_cbs,main,GQR
USA-MDA_water-level_SERC-dock,2021-02-11 14:48:00,level_m_cbs,main,GQR
USA-MDA_water-level_SERC-dock,2021-02-11 14:54:00,level_m_cbs,main,GQR
USA-MDA_water-level_SERC-dock,2021-02-11 15:00:00,level_m_cbs,main,GQR
USA-MDA_water-level_SERC-dock,2021-02-11 15:06:00,level_m_cbs,main,GQR
USA-MDA_water-level_SERC-dock,2021-02-11 15:12:00,level_m_cbs,main,GQR
USA-MDA_water-level_SERC-dock,2021-02-11 15:18:00,level_m_cbs,main,GQR
USA-MDA_water-level_SERC-dock,2021-02-11 15:24:00,level_m_cbs,main,GQR
USA-MDA_water-level_SERC-dock,2021-02-11 15:30:00,level_m_cbs,main,GQR
USA-MDA_water-level_SERC-dock,2021-02-11 15:36:00,level_m_cbs,main,GQR
USA-MDA_water-level_SERC-dock,2021-02-11 15:42:00,level_m_cbs,main,GQR
USA-MDA_water-level_SERC-dock,2021-02-11 15:48:00,level_m_cbs,main,GQR
USA-MDA_water-level_SERC-dock,2021-02-11 15:54:00,level_m_cbs,main,GQR
USA-MDA_water-level_SERC-dock,2021-02-11 16:00:00,level_m_cbs,main,GQR
USA-MDA_water-level_SERC-dock,2021-02-11 16:06:00,level_m_cbs,main,GQR
USA-MDA_water-level_SERC-dock,2021-02-11 16:12:00,level_m_cbs,main,GQR
USA-MDA_water-level_SERC-dock,2021-02-11 16:18:00,level_m_cbs,main,GQR
USA-MDA_water-level_SERC-dock,2021-02-11 16:24:00,level_m_cbs,main,GQR
USA-MDA_water-level_SERC-dock,2021-02-11 16:30:00,level_m_cbs,main,GQR
USA-MDA_water-level_SERC-dock,2021-02-11 16:36:00,level_m_cbs,main,GQR
USA-MDA_water-level_SERC-dock,2021-02-11 16:42:00,level_m_cbs,main,GQR
USA-MDA_water-level_SERC-dock,2021-02-11 16:48:00,level_m_cbs,main,GQR
USA-MDA_water-level_SERC-dock,2021-02-11 16:54:00,level_m_cbs,main,GQR
USA-MDA_water-level_SERC-dock,2021-02-11 17:00:00,level_m_cbs,main,GQR
USA-MDA_water-level_SERC-dock,2021-02-11 17:06:00,level_m_cbs,main,GQR
USA-MDA_water-level_SERC-dock,2021-02-11 17:12:00,level_m_cbs,main,GQR
USA-MDA_water-level_SERC-dock,2021-02-11 17:18:00,level_m_cbs,main,GQR
USA-MDA_water-level_SERC-dock,2021-02-11 17:24:00,level_m_cbs,main,GQR
USA-MDA_water-level_SERC-dock,2021-02-11 17:30:00,level_m_cbs,main,GQR
USA-MDA_water-level_SERC-dock,2021-02-11 17:36:00,level_m_cbs,main,GQR
USA-MDA_water-level_SERC-dock,2021-02-11 17:42:00,level_m_cbs,main,GQR
USA-MDA_water-level_SERC-dock,2021-02-11 17:48:00,level_m_cbs,main,GQR
USA-MDA_water-level_SERC-dock,2021-02-11 17:54:00,level_m_cbs,main,GQR
USA-MDA_water-level_SERC-dock,2021-02-11 18:00:00,level_m_cbs,main,GQR
USA-MDA_water-level_SERC-dock,2021-02-11 18:06:00,level_m_cbs,main,GQR
USA-MDA_water-level_SERC-dock,2021-02-11 18:12:00,level_m_cbs,main,GQR
USA-MDA_water-level_SERC-dock,2021-02-11 18:18:00,level_m_cbs,main,GQR
USA-MDA_water-level_SERC-dock,2021-02-11 18:24:00,level_m_cbs,main,GQR
USA-MDA_water-level_SERC-dock,2021-02-11 18:30:00,level_m_cbs,main,GQR
USA-MDA_water-level_SERC-dock,2021-02-11 18:36:00,level_m_cbs,main,GQR
USA-MDA_water-level_SERC-dock,2021-02-11 18:42:00,level_m_cbs,main,GQR
USA-MDA_water-level_SERC-dock,2021-02-11 18:48:00,level_m_cbs,main,GQR
USA-MDA_water-level_SERC-dock,2021-02-11 18:54:00,level_m_cbs,main,GQR
USA-MDA_water-level_SERC-dock,2021-02-11 19:00:00,level_m_cbs,main,GQR
USA-MDA_water-level_SERC-dock,2021-02-11 19:06:00,level_m_cbs,main,GQR
USA-MDA_water-level_SERC-dock,2021-02-11 19:12:00,level_m_cbs,main,GQR
USA-MDA_water-level_SERC-dock,2021-02-11 19:18:00,level_m_cbs,main,GQR
USA-MDA_water-level_SERC-dock,2021-02-11 19:24:00,level_m_cbs,main,GQR
USA-MDA_water-level_SERC-dock,2021-02-11 19:30:00,level_m_cbs,main,GQR
USA-MDA_water-level_SERC-dock,2021-02-11 19:36:00,level_m_cbs,main,GQR
USA-MDA_water-level_SERC-dock,2021-02-11 19:42:00,level_m_cbs,main,GQR
USA-MDA_water-level_SERC-dock,2021-02-11 19:48:00,level_m_cbs,main,GQR
USA-MDA_water-level_SERC-dock,2021-02-11 19:54:00,level_m_cbs,main,GQR
USA-MDA_water-level_SERC-dock,2021-02-11 20:00:00,level_m_cbs,main,GQR
USA-MDA_water-level_SERC-dock,2021-02-11 20:06:00,level_m_cbs,main,GQR
USA-MDA_water-level_SERC-dock,2021-02-11 20:12:00,level_m_cbs,main,GQR
USA-MDA_water-level_SERC-dock,2021-02-11 20:18:00,level_m_cbs,main,GQR
USA-MDA_water-level_SERC-dock,2021-02-11 20:24:00,level_m_cbs,main,GQR
USA-MDA_water-level_SERC-dock,2021-02-11 20:30:00,level_m_cbs,main,GQR
USA-MDA_water-level_SERC-dock,2021-02-11 20:36:00,level_m_cbs,main,GQR
USA-MDA_water-level_SERC-dock,2021-02-11 20:42:00,level_m_cbs,main,GQR
USA-MDA_water-level_SERC-dock,2021-02-11 20:48:00,level_m_cbs,main,GQR
USA-MDA_water-level_SERC-dock,2021-02-11 20:54:00,level_m_cbs,main,GQR
USA-MDA_water-level_SERC-dock,2021-02-11 21:00:00,level_m_cbs,main,GQR
USA-MDA_water-level_SERC-dock,2021-02-11 21:06:00,level_m_cbs,main,GQR
USA-MDA_water-level_SERC-dock,2021-02-11 21:12:00,level_m_cbs,main,GQR
USA-MDA_water-level_SERC-dock,2021-02-11 21:18:00,level_m_cbs,main,GQR
USA-MDA_water-level_SERC-dock,2021-02-11 21:24:00,level_m_cbs,main,GQR
USA-MDA_water-level_SERC-dock,2021-02-11 21:30:00,level_m_cbs,main,GQR
USA-MDA_water-level_SERC-dock,2021-02-11 21:36:00,level_m_cbs,main,GQR
USA-MDA_water-level_SERC-dock,2021-02-11 21:42:00,level_m_cbs,main,GQR
USA-MDA_water-level_SERC-dock,2021-02-11 21:48:00,level_m_cbs,main,GQR
USA-MDA_water-level_SERC-dock,2021-02-11 21:54:00,level_m_cbs,main,GQR
USA-MDA_water-level_SERC-dock,2021-02-11 22:00:00,level_m_cbs,main,GQR
USA-MDA_water-level_SERC-dock,2021-02-11 22:06:00,level_m_cbs,main,GQR
USA-MDA_water-level_SERC-dock,2021-02-11 22:12:00,level_m_cbs,main,GQR
USA-MDA_water-level_SERC-dock,2021-02-11 22:18:00,level_m_cbs,main,GQR
USA-MDA_water-level_SERC-dock,2021-02-11 22:24:00,level_m_cbs,main,GQR
USA-MDA_water-level_SERC-dock,2021-02-11 22:30:00,level_m_cbs,main,GQR
USA-MDA_water-level_SERC-dock,2021-02-11 22:36:00,level_m_cbs,main,GQR
USA-MDA_water-level_SERC-dock,2021-02-11 22:42:00,level_m_cbs,main,GQR
USA-MDA_water-level_SERC-dock,2021-02-11 22:48:00,level_m_cbs,main,GQR
USA-MDA_water-level_SERC-dock,2021-02-11 22:54:00,level_m_cbs,main,GQR
USA-MDA_water-level_SERC-dock,2021-02-11 23:00:00,level_m_cbs,main,GQR
USA-MDA_water-level_SERC-dock,2021-02-11 23:06:00,level_m_cbs,main,GQR
USA-MDA_water-level_SERC-dock,2021-02-11 23:12:00,level_m_cbs,main,GQR
USA-MDA_water-level_SERC-dock,2021-02-11 23:18:00,level_m_cbs,main,GQR
USA-MDA_water-level_SERC-dock,2021-02-11 23:24:00,level_m_cbs,main,GQR
USA-MDA_water-level_SERC-dock,2021-02-11 23:30:00,level_m_cbs,main,GQR
USA-MDA_water-level_SERC-dock,2021-02-11 23:36:00,level_m_cbs,main,GQR
USA-MDA_water-level_SERC-dock,2021-02-11 23:42:00,level_m_cbs,main,GQR
USA-MDA_water-level_SERC-dock,2021-02-11 23:48:00,level_m_cbs,main,GQR
USA-MDA_water-level_SERC-dock,2021-02-11 23:54:00,level_m_cbs,main,GQR
USA-MDA_water-level_SERC-dock,2021-02-12 00:00:00,level_m_cbs,main,GQR
USA-MDA_water-level_SERC-dock,2021-02-12 00:06:00,level_m_cbs,main,GQR
USA-MDA_water-level_SERC-dock,2021-02-12 00:12:00,level_m_cbs,main,GQR
USA-MDA_water-level_SERC-dock,2021-02-12 00:18:00,level_m_cbs,main,GQR
USA-MDA_water-level_SERC-dock,2021-02-12 00:24:00,level_m_cbs,main,GQR
USA-MDA_water-level_SERC-dock,2021-02-12 00:30:00,level_m_cbs,main,GQR
USA-MDA_water-level_SERC-dock,2021-02-12 00:36:00,level_m_cbs,main,GQR
USA-MDA_water-level_SERC-dock,2021-02-12 00:42:00,level_m_cbs,main,GQR
USA-MDA_water-level_SERC-dock,2021-02-12 00:48:00,level_m_cbs,main,GQR
USA-MDA_water-level_SERC-dock,2021-02-12 00:54:00,level_m_cbs,main,GQR
USA-MDA_water-level_SERC-dock,2021-02-12 01:00:00,level_m_cbs,main,GQR
USA-MDA_water-level_SERC-dock,2021-02-12 01:06:00,level_m_cbs,main,GQR
USA-MDA_water-level_SERC-dock,2021-02-12 01:12:00,level_m_cbs,main,GQR
USA-MDA_water-level_SERC-dock,2021-02-12 01:18:00,level_m_cbs,main,GQR
USA-MDA_water-level_SERC-dock,2021-02-12 01:24:00,level_m_cbs,main,GQR
USA-MDA_water-level_SERC-dock,2021-02-12 01:30:00,level_m_cbs,main,GQR
USA-MDA_water-level_SERC-dock,2021-02-12 01:36:00,level_m_cbs,main,GQR
USA-MDA_water-level_SERC-dock,2021-02-12 01:42:00,level_m_cbs,main,GQR
USA-MDA_water-level_SERC-dock,2021-02-12 01:48:00,level_m_cbs,main,GQR
USA-MDA_water-level_SERC-dock,2021-02-12 01:54:00,level_m_cbs,main,GQR
USA-MDA_water-level_SERC-dock,2021-02-12 02:00:00,level_m_cbs,main,GQR
USA-MDA_water-level_SERC-dock,2021-02-12 02:06:00,level_m_cbs,main,GQR
USA-MDA_water-level_SERC-dock,2021-02-12 02:12:00,level_m_cbs,main,GQR
USA-MDA_water-level_SERC-dock,2021-02-12 02:18:00,level_m_cbs,main,GQR
USA-MDA_water-level_SERC-dock,2021-02-12 02:24:00,level_m_cbs,main,GQR
USA-MDA_water-level_SERC-dock,2021-02-12 02:30:00,level_m_cbs,main,GQR
USA-MDA_water-level_SERC-dock,2021-02-12 02:36:00,level_m_cbs,main,GQR
USA-MDA_water-level_SERC-dock,2021-02-12 02:42:00,level_m_cbs,main,GQR
USA-MDA_water-level_SERC-dock,2021-02-12 02:48:00,level_m_cbs,main,GQR
USA-MDA_water-level_SERC-dock,2021-02-12 02:54:00,level_m_cbs,main,GQR
USA-MDA_water-level_SERC-dock,2021-02-12 03:00:00,level_m_cbs,main,GQR
USA-MDA_water-level_SERC-dock,2021-02-12 03:06:00,level_m_cbs,main,GQR
USA-MDA_water-level_SERC-dock,2021-02-12 03:12:00,level_m_cbs,main,GQR
USA-MDA_water-level_SERC-dock,2021-02-12 03:18:00,level_m_cbs,main,GQR
USA-MDA_water-level_SERC-dock,2021-02-12 03:24:00,level_m_cbs,main,GQR
USA-MDA_water-level_SERC-dock,2021-02-12 03:30:00,level_m_cbs,main,GQR
USA-MDA_water-level_SERC-dock,2021-02-12 03:36:00,level_m_cbs,main,GQR
USA-MDA_water-level_SERC-dock,2021-02-12 03:42:00,level_m_cbs,main,GQR
USA-MDA_water-level_SERC-dock,2021-02-12 03:48:00,level_m_cbs,main,GQR
USA-MDA_water-level_SERC-dock,2021-02-12 03:54:00,level_m_cbs,main,GQR
USA-MDA_water-level_SERC-dock,2021-02-12 04:00:00,level_m_cbs,main,GQR
USA-MDA_water-level_SERC-dock,2021-02-12 04:06:00,level_m_cbs,main,GQR
USA-MDA_water-level_SERC-dock,2021-02-12 04:12:00,level_m_cbs,main,GQR
USA-MDA_water-level_SERC-dock,2021-02-12 04:18:00,level_m_cbs,main,GQR
USA-MDA_water-level_SERC-dock,2021-02-12 04:24:00,level_m_cbs,main,GQR
USA-MDA_water-level_SERC-dock,2021-02-12 04:30:00,level_m_cbs,main,GQR
USA-MDA_water-level_SERC-dock,2021-02-12 04:36:00,level_m_cbs,main,GQR
USA-MDA_water-level_SERC-dock,2021-02-12 04:42:00,level_m_cbs,main,GQR
USA-MDA_water-level_SERC-dock,2021-02-12 04:48:00,level_m_cbs,main,GQR
USA-MDA_water-level_SERC-dock,2021-02-12 04:54:00,level_m_cbs,main,GQR
USA-MDA_water-level_SERC-dock,2021-02-12 05:00:00,level_m_cbs,main,GQR
USA-MDA_water-level_SERC-dock,2021-02-12 05:06:00,level_m_cbs,main,GQR
USA-MDA_water-level_SERC-dock,2021-02-12 05:12:00,level_m_cbs,main,GQR
USA-MDA_water-level_SERC-dock,2021-02-12 05:18:00,level_m_cbs,main,GQR
USA-MDA_water-level_SERC-dock,2021-02-12 05:24:00,level_m_cbs,main,GQR
USA-MDA_water-level_SERC-dock,2021-02-12 05:30:00,level_m_cbs,main,GQR
USA-MDA_water-level_SERC-dock,2021-02-12 05:36:00,level_m_cbs,main,GQR
USA-MDA_water-level_SERC-dock,2021-02-12 05:42:00,level_m_cbs,main,GQR
USA-MDA_water-level_SERC-dock,2021-02-12 05:48:00,level_m_cbs,main,GQR
USA-MDA_water-level_SERC-dock,2021-02-12 05:54:00,level_m_cbs,main,GQR
USA-MDA_water-level_SERC-dock,2021-02-12 06:00:00,level_m_cbs,main,GQR
USA-MDA_water-level_SERC-dock,2021-02-12 06:06:00,level_m_cbs,main,GQR
USA-MDA_water-level_SERC-dock,2021-02-12 06:12:00,level_m_cbs,main,GQR
USA-MDA_water-level_SERC-dock,2021-02-12 06:18:00,level_m_cbs,main,GQR
USA-MDA_water-level_SERC-dock,2021-02-12 06:24:00,level_m_cbs,main,GQR
USA-MDA_water-level_SERC-dock,2021-02-12 06:30:00,level_m_cbs,main,GQR
USA-MDA_water-level_SERC-dock,2021-02-12 06:36:00,level_m_cbs,main,GQR
USA-MDA_water-level_SERC-dock,2021-02-12 06:42:00,level_m_cbs,main,GQR
USA-MDA_water-level_SERC-dock,2021-02-12 06:48:00,level_m_cbs,main,GQR
USA-MDA_water-level_SERC-dock,2021-02-12 06:54:00,level_m_cbs,main,GQR
USA-MDA_water-level_SERC-dock,2021-02-12 07:00:00,level_m_cbs,main,GQR
USA-MDA_water-level_SERC-dock,2021-02-12 07:06:00,level_m_cbs,main,GQR
USA-MDA_water-level_SERC-dock,2021-02-12 07:12:00,level_m_cbs,main,GQR
USA-MDA_water-level_SERC-dock,2021-02-12 07:18:00,level_m_cbs,main,GQR
USA-MDA_water-level_SERC-dock,2021-02-12 07:24:00,level_m_cbs,main,GQR
USA-MDA_water-level_SERC-dock,2021-02-12 07:30:00,level_m_cbs,main,GQR
USA-MDA_water-level_SERC-dock,2021-02-12 07:36:00,level_m_cbs,main,GQR
USA-MDA_water-level_SERC-dock,2021-02-12 07:42:00,level_m_cbs,main,GQR
USA-MDA_water-level_SERC-dock,2021-02-12 07:48:00,level_m_cbs,main,GQR
USA-MDA_water-level_SERC-dock,2021-02-12 07:54:00,level_m_cbs,main,GQR
USA-MDA_water-level_SERC-dock,2021-02-12 08:00:00,level_m_cbs,main,GQR
USA-MDA_water-level_SERC-dock,2021-02-12 08:06:00,level_m_cbs,main,GQR
USA-MDA_water-level_SERC-dock,2021-02-12 08:12:00,level_m_cbs,main,GQR
USA-MDA_water-level_SERC-dock,2021-02-12 08:18:00,level_m_cbs,main,GQR
USA-MDA_water-level_SERC-dock,2021-02-12 08:24:00,level_m_cbs,main,GQR
USA-MDA_water-level_SERC-dock,2021-02-12 08:30:00,level_m_cbs,main,GQR
USA-MDA_water-level_SERC-dock,2021-02-12 08:36:00,level_m_cbs,main,GQR
USA-MDA_water-level_SERC-dock,2021-02-12 08:42:00,level_m_cbs,main,GQR
USA-MDA_water-level_SERC-dock,2021-02-12 08:48:00,level_m_cbs,main,GQR
USA-MDA_water-level_SERC-dock,2021-02-12 08:54:00,level_m_cbs,main,GQR
USA-MDA_water-level_SERC-dock,2021-02-12 09:00:00,level_m_cbs,main,GQR
USA-MDA_water-level_SERC-dock,2021-02-12 09:06:00,level_m_cbs,main,GQR
USA-MDA_water-level_SERC-dock,2021-02-12 09:12:00,level_m_cbs,main,GQR
USA-MDA_water-level_SERC-dock,2021-02-12 09:18:00,level_m_cbs,main,GQR
USA-MDA_water-level_SERC-dock,2021-02-12 09:24:00,level_m_cbs,main,GQR
USA-MDA_water-level_SERC-dock,2021-02-12 09:30:00,level_m_cbs,main,GQR
USA-MDA_water-level_SERC-dock,2021-02-12 09:36:00,level_m_cbs,main,GQR
USA-MDA_water-level_SERC-dock,2021-02-12 09:42:00,level_m_cbs,main,GQR
USA-MDA_water-level_SERC-dock,2021-02-12 09:48:00,level_m_cbs,main,GQR
USA-MDA_water-level_SERC-dock,2021-02-12 09:54:00,level_m_cbs,main,GQR
USA-MDA_water-level_SERC-dock,2021-02-12 10:00:00,level_m_cbs,main,GQR
USA-MDA_water-level_SERC-dock,2021-02-12 10:06:00,level_m_cbs,main,GQR
USA-MDA_water-level_SERC-dock,2021-02-12 10:12:00,level_m_cbs,main,GQR
USA-MDA_water-level_SERC-dock,2021-02-12 10:18:00,level_m_cbs,main,GQR
USA-MDA_water-level_SERC-dock,2021-02-12 10:24:00,level_m_cbs,main,GQR
USA-MDA_water-level_SERC-dock,2021-02-12 10:30:00,level_m_cbs,main,GQR
USA-MDA_water-level_SERC-dock,2021-02-12 10:36:00,level_m_cbs,main,GQR
USA-MDA_water-level_SERC-dock,2021-02-12 10:42:00,level_m_cbs,main,GQR
USA-MDA_water-level_SERC-dock,2021-02-12 10:48:00,level_m_cbs,main,GQR
USA-MDA_water-level_SERC-dock,2021-02-12 10:54:00,level_m_cbs,main,GQR
USA-MDA_water-level_SERC-dock,2021-02-12 11:00:00,level_m_cbs,main,GQR
USA-MDA_water-level_SERC-dock,2021-02-12 11:06:00,level_m_cbs,main,GQR
USA-MDA_water-level_SERC-dock,2021-02-12 11:12:00,level_m_cbs,main,GQR
USA-MDA_water-level_SERC-dock,2021-02-12 11:18:00,level_m_cbs,main,GQR
USA-MDA_water-level_SERC-dock,2021-02-12 11:24:00,level_m_cbs,main,GQR
USA-MDA_water-level_SERC-dock,2021-02-12 11:30:00,level_m_cbs,main,GQR
USA-MDA_water-level_SERC-dock,2021-02-12 11:36:00,level_m_cbs,main,GQR
USA-MDA_water-level_SERC-dock,2021-02-12 11:42:00,level_m_cbs,main,GQR
USA-MDA_water-level_SERC-dock,2021-02-12 11:48:00,level_m_cbs,main,GQR
USA-MDA_water-level_SERC-dock,2021-02-12 11:54:00,level_m_cbs,main,GQR
USA-MDA_water-level_SERC-dock,2021-02-12 12:00:00,level_m_cbs,main,GQR
USA-MDA_water-level_SERC-dock,2021-02-12 12:06:00,level_m_cbs,main,GQR
USA-MDA_water-level_SERC-dock,2021-02-12 12:12:00,level_m_cbs,main,GQR
USA-MDA_water-level_SERC-dock,2021-02-12 12:18:00,level_m_cbs,main,GQR
USA-MDA_water-level_SERC-dock,2021-02-12 12:24:00,level_m_cbs,main,GQR
USA-MDA_water-level_SERC-dock,2021-02-12 12:30:00,level_m_cbs,main,GQR
USA-MDA_water-level_SERC-dock,2021-02-12 12:36:00,level_m_cbs,main,GQR
USA-MDA_water-level_SERC-dock,2021-02-12 12:42:00,level_m_cbs,main,GQR
USA-MDA_water-level_SERC-dock,2021-02-12 12:48:00,level_m_cbs,main,GQR
USA-MDA_water-level_SERC-dock,2021-02-12 12:54:00,level_m_cbs,main,GQR
USA-MDA_water-level_SERC-dock,2021-02-12 13:00:00,level_m_cbs,main,GQR
USA-MDA_water-level_SERC-dock,2021-02-12 13:06:00,level_m_cbs,main,GQR
USA-MDA_water-level_SERC-dock,2021-02-12 13:12:00,level_m_cbs,main,GQR
USA-MDA_water-level_SERC-dock,2021-02-12 13:18:00,level_m_cbs,main,GQR
USA-MDA_water-level_SERC-dock,2021-02-12 13:24:00,level_m_cbs,main,GQR
USA-MDA_water-level_SERC-dock,2021-02-12 13:30:00,level_m_cbs,main,GQR
USA-MDA_water-level_SERC-dock,2021-02-12 13:36:00,level_m_cbs,main,GQR
USA-MDA_water-level_SERC-dock,2021-02-12 13:42:00,level_m_cbs,main,GQR
USA-MDA_water-level_SERC-dock,2021-02-12 13:48:00,level_m_cbs,main,GQR
USA-MDA_water-level_SERC-dock,2021-02-12 13:54:00,level_m_cbs,main,GQR
USA-MDA_water-level_SERC-dock,2021-02-12 14:00:00,level_m_cbs,main,GQR
USA-MDA_water-level_SERC-dock,2021-02-12 14:06:00,level_m_cbs,main,GQR
USA-MDA_water-level_SERC-dock,2021-02-12 14:12:00,level_m_cbs,main,GQR
USA-MDA_water-level_SERC-dock,2021-02-12 14:18:00,level_m_cbs,main,GQR
USA-MDA_water-level_SERC-dock,2021-02-12 14:24:00,level_m_cbs,main,GQR
USA-MDA_water-level_SERC-dock,2021-02-12 14:30:00,level_m_cbs,main,GQR
USA-MDA_water-level_SERC-dock,2021-02-12 14:36:00,level_m_cbs,main,GQR
USA-MDA_water-level_SERC-dock,2021-02-12 14:42:00,level_m_cbs,main,GQR
USA-MDA_water-level_SERC-dock,2021-02-12 14:48:00,level_m_cbs,main,GQR
USA-MDA_water-level_SERC-dock,2021-02-12 14:54:00,level_m_cbs,main,GQR
USA-MDA_water-level_SERC-dock,2021-02-12 15:00:00,level_m_cbs,main,GQR
USA-MDA_water-level_SERC-dock,2021-02-12 15:06:00,level_m_cbs,main,GQR
USA-MDA_water-level_SERC-dock,2021-02-12 15:12:00,level_m_cbs,main,GQR
USA-MDA_water-level_SERC-dock,2021-02-12 15:18:00,level_m_cbs,main,GQR
USA-MDA_water-level_SERC-dock,2021-02-12 15:24:00,level_m_cbs,main,GQR
USA-MDA_water-level_SERC-dock,2021-02-12 15:30:00,level_m_cbs,main,GQR
USA-MDA_water-level_SERC-dock,2021-02-12 15:36:00,level_m_cbs,main,GQR
USA-MDA_water-level_SERC-dock,2021-02-12 15:42:00,level_m_cbs,main,GQR
USA-MDA_water-level_SERC-dock,2021-02-12 15:48:00,level_m_cbs,main,GQR
USA-MDA_water-level_SERC-dock,2021-02-12 15:54:00,level_m_cbs,main,GQR
USA-MDA_water-level_SERC-dock,2021-02-12 16:00:00,level_m_cbs,main,GQR
USA-MDA_water-level_SERC-dock,2021-02-12 16:06:00,level_m_cbs,main,GQR
USA-MDA_water-level_SERC-dock,2021-02-12 16:12:00,level_m_cbs,main,GQR
USA-MDA_water-level_SERC-dock,2021-02-12 16:18:00,level_m_cbs,main,GQR
USA-MDA_water-level_SERC-dock,2021-02-12 16:24:00,level_m_cbs,main,GQR
USA-MDA_water-level_SERC-dock,2021-02-12 16:30:00,level_m_cbs,main,GQR
USA-MDA_water-level_SERC-dock,2021-02-12 16:36:00,level_m_cbs,main,GQR
USA-MDA_water-level_SERC-dock,2021-02-12 16:42:00,level_m_cbs,main,GQR
USA-MDA_water-level_SERC-dock,2021-02-12 16:48:00,level_m_cbs,main,GQR
USA-MDA_water-level_SERC-dock,2021-02-12 16:54:00,level_m_cbs,main,GQR
USA-MDA_water-level_SERC-dock,2021-02-12 17:00:00,level_m_cbs,main,GQR
USA-MDA_water-level_SERC-dock,2021-02-12 17:06:00,level_m_cbs,main,GQR
USA-MDA_water-level_SERC-dock,2021-02-12 17:12:00,level_m_cbs,main,GQR
USA-MDA_water-level_SERC-dock,2021-02-12 17:18:00,level_m_cbs,main,GQR
USA-MDA_water-level_SERC-dock,2021-02-12 17:24:00,level_m_cbs,main,GQR
USA-MDA_water-level_SERC-dock,2021-02-12 17:30:00,level_m_cbs,main,GQR
USA-MDA_water-level_SERC-dock,2021-02-12 17:36:00,level_m_cbs,main,GQR
USA-MDA_water-level_SERC-dock,2021-02-12 17:42:00,level_m_cbs,main,GQR
USA-MDA_water-level_SERC-dock,2021-02-12 17:48:00,level_m_cbs,main,GQR
USA-MDA_water-level_SERC-dock,2021-02-12 17:54:00,level_m_cbs,main,GQR
USA-MDA_water-level_SERC-dock,2021-02-12 18:00:00,level_m_cbs,main,GQR
USA-MDA_water-level_SERC-dock,2021-02-12 18:06:00,level_m_cbs,main,GQR
USA-MDA_water-level_SERC-dock,2021-02-12 18:12:00,level_m_cbs,main,GQR
USA-MDA_water-level_SERC-dock,2021-02-12 18:18:00,level_m_cbs,main,GQR
USA-MDA_water-level_SERC-dock,2021-02-12 18:24:00,level_m_cbs,main,GQR
USA-MDA_water-level_SERC-dock,2021-02-12 18:30:00,level_m_cbs,main,GQR
USA-MDA_water-level_SERC-dock,2021-02-12 18:36:00,level_m_cbs,main,GQR
USA-MDA_water-level_SERC-dock,2021-02-12 18:42:00,level_m_cbs,main,GQR
USA-MDA_water-level_SERC-dock,2021-02-12 18:48:00,level_m_cbs,main,GQR
USA-MDA_water-level_SERC-dock,2021-02-12 18:54:00,level_m_cbs,main,GQR
USA-MDA_water-level_SERC-dock,2021-02-12 19:00:00,level_m_cbs,main,GQR
USA-MDA_water-level_SERC-dock,2021-02-12 19:06:00,level_m_cbs,main,GQR
USA-MDA_water-level_SERC-dock,2021-02-12 19:12:00,level_m_cbs,main,GQR
USA-MDA_water-level_SERC-dock,2021-02-12 19:18:00,level_m_cbs,main,GQR
USA-MDA_water-level_SERC-dock,2021-02-12 19:24:00,level_m_cbs,main,GQR
USA-MDA_water-level_SERC-dock,2021-02-12 19:30:00,level_m_cbs,main,GQR
USA-MDA_water-level_SERC-dock,2021-02-12 19:36:00,level_m_cbs,main,GQR
USA-MDA_water-level_SERC-dock,2021-02-12 19:42:00,level_m_cbs,main,GQR
USA-MDA_water-level_SERC-dock,2021-02-12 19:48:00,level_m_cbs,main,GQR
USA-MDA_water-level_SERC-dock,2021-02-12 19:54:00,level_m_cbs,main,GQR
USA-MDA_water-level_SERC-dock,2021-02-12 20:00:00,level_m_cbs,main,GQR
USA-MDA_water-level_SERC-dock,2021-02-12 20:06:00,level_m_cbs,main,GQR
USA-MDA_water-level_SERC-dock,2021-02-12 20:12:00,level_m_cbs,main,GQR
USA-MDA_water-level_SERC-dock,2021-02-12 20:18:00,level_m_cbs,main,GQR
USA-MDA_water-level_SERC-dock,2021-02-12 20:24:00,level_m_cbs,main,GQR
USA-MDA_water-level_SERC-dock,2021-02-12 20:30:00,level_m_cbs,main,GQR
USA-MDA_water-level_SERC-dock,2021-02-12 20:36:00,level_m_cbs,main,GQR
USA-MDA_water-level_SERC-dock,2021-02-12 20:42:00,level_m_cbs,main,GQR
USA-MDA_water-level_SERC-dock,2021-02-12 20:48:00,level_m_cbs,main,GQR
USA-MDA_water-level_SERC-dock,2021-02-12 20:54:00,level_m_cbs,main,GQR
USA-MDA_water-level_SERC-dock,2021-02-12 21:00:00,level_m_cbs,main,GQR
USA-MDA_water-level_SERC-dock,2021-02-12 21:06:00,level_m_cbs,main,GQR
USA-MDA_water-level_SERC-dock,2021-02-12 21:12:00,level_m_cbs,main,GQR
USA-MDA_water-level_SERC-dock,2021-02-12 21:18:00,level_m_cbs,main,GQR
USA-MDA_water-level_SERC-dock,2021-02-12 21:24:00,level_m_cbs,main,GQR
USA-MDA_water-level_SERC-dock,2021-02-12 21:30:00,level_m_cbs,main,GQR
USA-MDA_water-level_SERC-dock,2021-02-12 21:36:00,level_m_cbs,main,GQR
USA-MDA_water-level_SERC-dock,2021-02-12 21:42:00,level_m_cbs,main,GQR
USA-MDA_water-level_SERC-dock,2021-02-12 21:48:00,level_m_cbs,main,GQR
USA-MDA_water-level_SERC-dock,2021-02-12 21:54:00,level_m_cbs,main,GQR
USA-MDA_water-level_SERC-dock,2021-02-12 22:00:00,level_m_cbs,main,GQR
USA-MDA_water-level_SERC-dock,2021-02-12 22:06:00,level_m_cbs,main,GQR
USA-MDA_water-level_SERC-dock,2021-02-12 22:12:00,level_m_cbs,main,GQR
USA-MDA_water-level_SERC-dock,2021-02-12 22:18:00,level_m_cbs,main,GQR
USA-MDA_water-level_SERC-dock,2021-02-12 22:24:00,level_m_cbs,main,GQR
USA-MDA_water-level_SERC-dock,2021-02-12 22:30:00,level_m_cbs,main,GQR
USA-MDA_water-level_SERC-dock,2021-02-12 22:36:00,level_m_cbs,main,GQR
USA-MDA_water-level_SERC-dock,2021-02-12 22:42:00,level_m_cbs,main,GQR
USA-MDA_water-level_SERC-dock,2021-02-12 22:48:00,level_m_cbs,main,GQR
USA-MDA_water-level_SERC-dock,2021-02-12 22:54:00,level_m_cbs,main,GQR
USA-MDA_water-level_SERC-dock,2021-02-12 23:00:00,level_m_cbs,main,GQR
USA-MDA_water-level_SERC-dock,2021-02-12 23:06:00,level_m_cbs,main,GQR
USA-MDA_water-level_SERC-dock,2021-02-12 23:12:00,level_m_cbs,main,GQR
USA-MDA_water-level_SERC-dock,2021-02-12 23:18:00,level_m_cbs,main,GQR
USA-MDA_water-level_SERC-dock,2021-02-12 23:24:00,level_m_cbs,main,GQR
USA-MDA_water-level_SERC-dock,2021-02-12 23:30:00,level_m_cbs,main,GQR
USA-MDA_water-level_SERC-dock,2021-02-12 23:36:00,level_m_cbs,main,GQR
USA-MDA_water-level_SERC-dock,2021-02-12 23:42:00,level_m_cbs,main,GQR
USA-MDA_water-level_SERC-dock,2021-02-12 23:48:00,level_m_cbs,main,GQR
USA-MDA_water-level_SERC-dock,2021-02-12 23:54:00,level_m_cbs,main,GQR
USA-MDA_water-level_SERC-dock,2021-02-13 00:00:00,level_m_cbs,main,GQR
USA-MDA_water-level_SERC-dock,2021-02-13 00:06:00,level_m_cbs,main,GQR
USA-MDA_water-level_SERC-dock,2021-02-13 00:12:00,level_m_cbs,main,GQR
USA-MDA_water-level_SERC-dock,2021-02-13 00:18:00,level_m_cbs,main,GQR
USA-MDA_water-level_SERC-dock,2021-02-13 00:24:00,level_m_cbs,main,GQR
USA-MDA_water-level_SERC-dock,2021-02-13 00:30:00,level_m_cbs,main,GQR
USA-MDA_water-level_SERC-dock,2021-02-13 00:36:00,level_m_cbs,main,GQR
USA-MDA_water-level_SERC-dock,2021-02-13 00:42:00,level_m_cbs,main,GQR
USA-MDA_water-level_SERC-dock,2021-02-13 00:48:00,level_m_cbs,main,GQR
USA-MDA_water-level_SERC-dock,2021-02-13 00:54:00,level_m_cbs,main,GQR
USA-MDA_water-level_SERC-dock,2021-02-13 01:00:00,level_m_cbs,main,GQR
USA-MDA_water-level_SERC-dock,2021-02-13 01:06:00,level_m_cbs,main,GQR
USA-MDA_water-level_SERC-dock,2021-02-13 01:12:00,level_m_cbs,main,GQR
USA-MDA_water-level_SERC-dock,2021-02-13 01:18:00,level_m_cbs,main,GQR
USA-MDA_water-level_SERC-dock,2021-02-13 01:24:00,level_m_cbs,main,GQR
USA-MDA_water-level_SERC-dock,2021-02-13 01:30:00,level_m_cbs,main,GQR
USA-MDA_water-level_SERC-dock,2021-02-13 01:36:00,level_m_cbs,main,GQR
USA-MDA_water-level_SERC-dock,2021-02-13 01:42:00,level_m_cbs,main,GQR
USA-MDA_water-level_SERC-dock,2021-02-13 01:48:00,level_m_cbs,main,GQR
USA-MDA_water-level_SERC-dock,2021-02-13 01:54:00,level_m_cbs,main,GQR
USA-MDA_water-level_SERC-dock,2021-02-13 02:00:00,level_m_cbs,main,GQR
USA-MDA_water-level_SERC-dock,2021-02-13 02:06:00,level_m_cbs,main,GQR
USA-MDA_water-level_SERC-dock,2021-02-13 02:12:00,level_m_cbs,main,GQR
USA-MDA_water-level_SERC-dock,2021-02-13 02:18:00,level_m_cbs,main,GQR
USA-MDA_water-level_SERC-dock,2021-02-13 02:24:00,level_m_cbs,main,GQR
USA-MDA_water-level_SERC-dock,2021-02-13 02:30:00,level_m_cbs,main,GQR
USA-MDA_water-level_SERC-dock,2021-02-13 02:36:00,level_m_cbs,main,GQR
USA-MDA_water-level_SERC-dock,2021-02-13 02:42:00,level_m_cbs,main,GQR
USA-MDA_water-level_SERC-dock,2021-02-13 02:48:00,level_m_cbs,main,GQR
USA-MDA_water-level_SERC-dock,2021-02-13 02:54:00,level_m_cbs,main,GQR
USA-MDA_water-level_SERC-dock,2021-02-13 03:00:00,level_m_cbs,main,GQR
USA-MDA_water-level_SERC-dock,2021-02-13 03:06:00,level_m_cbs,main,GQR
USA-MDA_water-level_SERC-dock,2021-02-13 03:12:00,level_m_cbs,main,GQR
USA-MDA_water-level_SERC-dock,2021-02-13 03:18:00,level_m_cbs,main,GQR
USA-MDA_water-level_SERC-dock,2021-02-13 03:24:00,level_m_cbs,main,GQR
USA-MDA_water-level_SERC-dock,2021-02-13 03:30:00,level_m_cbs,main,GQR
USA-MDA_water-level_SERC-dock,2021-02-13 03:36:00,level_m_cbs,main,GQR
USA-MDA_water-level_SERC-dock,2021-02-13 03:42:00,level_m_cbs,main,GQR
USA-MDA_water-level_SERC-dock,2021-02-13 03:48:00,level_m_cbs,main,GQR
USA-MDA_water-level_SERC-dock,2021-02-13 03:54:00,level_m_cbs,main,GQR
USA-MDA_water-level_SERC-dock,2021-02-13 04:00:00,level_m_cbs,main,GQR
USA-MDA_water-level_SERC-dock,2021-02-13 04:06:00,level_m_cbs,main,GQR
USA-MDA_water-level_SERC-dock,2021-02-13 04:12:00,level_m_cbs,main,GQR
USA-MDA_water-level_SERC-dock,2021-02-13 04:18:00,level_m_cbs,main,GQR
USA-MDA_water-level_SERC-dock,2021-02-13 04:24:00,level_m_cbs,main,GQR
USA-MDA_water-level_SERC-dock,2021-02-13 04:30:00,level_m_cbs,main,GQR
USA-MDA_water-level_SERC-dock,2021-02-13 04:36:00,level_m_cbs,main,GQR
USA-MDA_water-level_SERC-dock,2021-02-13 04:42:00,level_m_cbs,main,GQR
USA-MDA_water-level_SERC-dock,2021-02-13 04:48:00,level_m_cbs,main,GQR
USA-MDA_water-level_SERC-dock,2021-02-13 04:54:00,level_m_cbs,main,GQR
USA-MDA_water-level_SERC-dock,2021-02-13 05:00:00,level_m_cbs,main,GQR
USA-MDA_water-level_SERC-dock,2021-02-13 05:06:00,level_m_cbs,main,GQR
USA-MDA_water-level_SERC-dock,2021-02-13 05:12:00,level_m_cbs,main,GQR
USA-MDA_water-level_SERC-dock,2021-02-13 05:18:00,level_m_cbs,main,GQR
USA-MDA_water-level_SERC-dock,2021-02-13 05:24:00,level_m_cbs,main,GQR
USA-MDA_water-level_SERC-dock,2021-02-13 05:30:00,level_m_cbs,main,GQR
USA-MDA_water-level_SERC-dock,2021-02-13 05:36:00,level_m_cbs,main,GQR
USA-MDA_water-level_SERC-dock,2021-02-13 05:42:00,level_m_cbs,main,GQR
USA-MDA_water-level_SERC-dock,2021-02-13 05:48:00,level_m_cbs,main,GQR
USA-MDA_water-level_SERC-dock,2021-02-13 05:54:00,level_m_cbs,main,GQR
USA-MDA_water-level_SERC-dock,2021-02-13 06:00:00,level_m_cbs,main,GQR
USA-MDA_water-level_SERC-dock,2021-02-13 06:06:00,level_m_cbs,main,GQR
USA-MDA_water-level_SERC-dock,2021-02-13 06:12:00,level_m_cbs,main,GQR
USA-MDA_water-level_SERC-dock,2021-02-13 06:18:00,level_m_cbs,main,GQR
USA-MDA_water-level_SERC-dock,2021-02-13 06:24:00,level_m_cbs,main,GQR
USA-MDA_water-level_SERC-dock,2021-02-13 06:30:00,level_m_cbs,main,GQR
USA-MDA_water-level_SERC-dock,2021-02-13 06:36:00,level_m_cbs,main,GQR
USA-MDA_water-level_SERC-dock,2021-02-13 06:42:00,level_m_cbs,main,GQR
USA-MDA_water-level_SERC-dock,2021-02-13 06:48:00,level_m_cbs,main,GQR
USA-MDA_water-level_SERC-dock,2021-02-13 06:54:00,level_m_cbs,main,GQR
USA-MDA_water-level_SERC-dock,2021-02-13 07:00:00,level_m_cbs,main,GQR
USA-MDA_water-level_SERC-dock,2021-02-13 07:06:00,level_m_cbs,main,GQR
USA-MDA_water-level_SERC-dock,2021-02-13 07:12:00,level_m_cbs,main,GQR
USA-MDA_water-level_SERC-dock,2021-02-13 07:18:00,level_m_cbs,main,GQR
USA-MDA_water-level_SERC-dock,2021-02-13 07:24:00,level_m_cbs,main,GQR
USA-MDA_water-level_SERC-dock,2021-02-13 07:30:00,level_m_cbs,main,GQR
USA-MDA_water-level_SERC-dock,2021-02-13 07:36:00,level_m_cbs,main,GQR
USA-MDA_water-level_SERC-dock,2021-02-13 07:42:00,level_m_cbs,main,GQR
USA-MDA_water-level_SERC-dock,2021-02-13 07:48:00,level_m_cbs,main,GQR
USA-MDA_water-level_SERC-dock,2021-02-13 07:54:00,level_m_cbs,main,GQR
USA-MDA_water-level_SERC-dock,2021-02-13 08:00:00,level_m_cbs,main,GQR
USA-MDA_water-level_SERC-dock,2021-02-13 08:06:00,level_m_cbs,main,GQR
USA-MDA_water-level_SERC-dock,2021-02-13 08:12:00,level_m_cbs,main,GQR
USA-MDA_water-level_SERC-dock,2021-02-13 08:18:00,level_m_cbs,main,GQR
USA-MDA_water-level_SERC-dock,2021-02-13 08:24:00,level_m_cbs,main,GQR
USA-MDA_water-level_SERC-dock,2021-02-13 08:30:00,level_m_cbs,main,GQR
USA-MDA_water-level_SERC-dock,2021-02-13 08:36:00,level_m_cbs,main,GQR
USA-MDA_water-level_SERC-dock,2021-02-13 08:42:00,level_m_cbs,main,GQR
USA-MDA_water-level_SERC-dock,2021-02-13 08:48:00,level_m_cbs,main,GQR
USA-MDA_water-level_SERC-dock,2021-02-13 08:54:00,level_m_cbs,main,GQR
USA-MDA_water-level_SERC-dock,2021-02-13 09:00:00,level_m_cbs,main,GQR
USA-MDA_water-level_SERC-dock,2021-02-13 09:06:00,level_m_cbs,main,GQR
USA-MDA_water-level_SERC-dock,2021-02-13 09:12:00,level_m_cbs,main,GQR
USA-MDA_water-level_SERC-dock,2021-02-13 09:18:00,level_m_cbs,main,GQR
USA-MDA_water-level_SERC-dock,2021-02-13 09:24:00,level_m_cbs,main,GQR
USA-MDA_water-level_SERC-dock,2021-02-13 09:30:00,level_m_cbs,main,GQR
USA-MDA_water-level_SERC-dock,2021-02-13 09:36:00,level_m_cbs,main,GQR
USA-MDA_water-level_SERC-dock,2021-02-13 09:42:00,level_m_cbs,main,GQR
USA-MDA_water-level_SERC-dock,2021-02-13 09:48:00,level_m_cbs,main,GQR
USA-MDA_water-level_SERC-dock,2021-02-13 09:54:00,level_m_cbs,main,GQR
USA-MDA_water-level_SERC-dock,2021-02-13 10:00:00,level_m_cbs,main,GQR
USA-MDA_water-level_SERC-dock,2021-02-13 10:06:00,level_m_cbs,main,GQR
USA-MDA_water-level_SERC-dock,2021-02-13 10:12:00,level_m_cbs,main,GQR
USA-MDA_water-level_SERC-dock,2021-02-13 10:18:00,level_m_cbs,main,GQR
USA-MDA_water-level_SERC-dock,2021-02-13 10:24:00,level_m_cbs,main,GQR
USA-MDA_water-level_SERC-dock,2021-02-13 10:30:00,level_m_cbs,main,GQR
USA-MDA_water-level_SERC-dock,2021-02-13 10:36:00,level_m_cbs,main,GQR
USA-MDA_water-level_SERC-dock,2021-02-13 10:42:00,level_m_cbs,main,GQR
USA-MDA_water-level_SERC-dock,2021-02-13 10:48:00,level_m_cbs,main,GQR
USA-MDA_water-level_SERC-dock,2021-02-13 10:54:00,level_m_cbs,main,GQR
USA-MDA_water-level_SERC-dock,2021-02-13 11:00:00,level_m_cbs,main,GQR
USA-MDA_water-level_SERC-dock,2021-02-13 11:06:00,level_m_cbs,main,GQR
USA-MDA_water-level_SERC-dock,2021-02-13 11:12:00,level_m_cbs,main,GQR
USA-MDA_water-level_SERC-dock,2021-02-13 11:18:00,level_m_cbs,main,GQR
USA-MDA_water-level_SERC-dock,2021-02-13 11:24:00,level_m_cbs,main,GQR
USA-MDA_water-level_SERC-dock,2021-02-13 11:30:00,level_m_cbs,main,GQR
USA-MDA_water-level_SERC-dock,2021-02-13 11:36:00,level_m_cbs,main,GQR
USA-MDA_water-level_SERC-dock,2021-02-13 11:42:00,level_m_cbs,main,GQR
USA-MDA_water-level_SERC-dock,2021-02-13 11:48:00,level_m_cbs,main,GQR
USA-MDA_water-level_SERC-dock,2021-02-13 11:54:00,level_m_cbs,main,GQR
USA-MDA_water-level_SERC-dock,2021-02-13 12:00:00,level_m_cbs,main,GQR
USA-MDA_water-level_SERC-dock,2021-02-13 12:06:00,level_m_cbs,main,GQR
USA-MDA_water-level_SERC-dock,2021-02-13 12:12:00,level_m_cbs,main,GQR
USA-MDA_water-level_SERC-dock,2021-02-13 12:18:00,level_m_cbs,main,GQR
USA-MDA_water-level_SERC-dock,2021-02-13 12:24:00,level_m_cbs,main,GQR
USA-MDA_water-level_SERC-dock,2021-02-13 12:30:00,level_m_cbs,main,GQR
USA-MDA_water-level_SERC-dock,2021-02-13 12:36:00,level_m_cbs,main,GQR
USA-MDA_water-level_SERC-dock,2021-02-13 12:42:00,level_m_cbs,main,GQR
USA-MDA_water-level_SERC-dock,2021-02-13 12:48:00,level_m_cbs,main,GQR
USA-MDA_water-level_SERC-dock,2021-02-13 12:54:00,level_m_cbs,main,GQR
USA-MDA_water-level_SERC-dock,2021-02-13 13:00:00,level_m_cbs,main,GQR
USA-MDA_water-level_SERC-dock,2021-02-13 13:06:00,level_m_cbs,main,GQR
USA-MDA_water-level_SERC-dock,2021-02-13 13:12:00,level_m_cbs,main,GQR
USA-MDA_water-level_SERC-dock,2021-02-13 13:18:00,level_m_cbs,main,GQR
USA-MDA_water-level_SERC-dock,2021-02-13 13:24:00,level_m_cbs,main,GQR
USA-MDA_water-level_SERC-dock,2021-02-13 13:30:00,level_m_cbs,main,GQR
USA-MDA_water-level_SERC-dock,2021-02-13 13:36:00,level_m_cbs,main,GQR
USA-MDA_water-level_SERC-dock,2021-02-13 13:42:00,level_m_cbs,main,GQR
USA-MDA_water-level_SERC-dock,2021-02-13 13:48:00,level_m_cbs,main,GQR
USA-MDA_water-level_SERC-dock,2021-02-13 13:54:00,level_m_cbs,main,GQR
USA-MDA_water-level_SERC-dock,2021-02-13 14:00:00,level_m_cbs,main,GQR
USA-MDA_water-level_SERC-dock,2021-02-13 14:06:00,level_m_cbs,main,GQR
USA-MDA_water-level_SERC-dock,2021-02-13 14:12:00,level_m_cbs,main,GQR
USA-MDA_water-level_SERC-dock,2021-02-13 14:18:00,level_m_cbs,main,GQR
USA-MDA_water-level_SERC-dock,2021-02-13 14:24:00,level_m_cbs,main,GQR
USA-MDA_water-level_SERC-dock,2021-02-13 14:30:00,level_m_cbs,main,GQR
USA-MDA_water-level_SERC-dock,2021-02-13 14:36:00,level_m_cbs,main,GQR
USA-MDA_water-level_SERC-dock,2021-02-13 14:42:00,level_m_cbs,main,GQR
USA-MDA_water-level_SERC-dock,2021-02-13 14:48:00,level_m_cbs,main,GQR
USA-MDA_water-level_SERC-dock,2021-02-13 14:54:00,level_m_cbs,main,GQR
USA-MDA_water-level_SERC-dock,2021-02-13 15:00:00,level_m_cbs,main,GQR
USA-MDA_water-level_SERC-dock,2021-02-13 15:06:00,level_m_cbs,main,GQR
USA-MDA_water-level_SERC-dock,2021-02-13 15:12:00,level_m_cbs,main,GQR
USA-MDA_water-level_SERC-dock,2021-02-13 15:18:00,level_m_cbs,main,GQR
USA-MDA_water-level_SERC-dock,2021-02-13 15:24:00,level_m_cbs,main,GQR
USA-MDA_water-level_SERC-dock,2021-02-13 15:30:00,level_m_cbs,main,GQR
USA-MDA_water-level_SERC-dock,2021-02-13 15:36:00,level_m_cbs,main,GQR
USA-MDA_water-level_SERC-dock,2021-02-13 15:42:00,level_m_cbs,main,GQR
USA-MDA_water-level_SERC-dock,2021-02-13 15:48:00,level_m_cbs,main,GQR
USA-MDA_water-level_SERC-dock,2021-02-13 15:54:00,level_m_cbs,main,GQR
USA-MDA_water-level_SERC-dock,2021-02-13 16:00:00,level_m_cbs,main,GQR
USA-MDA_water-level_SERC-dock,2021-02-13 16:06:00,level_m_cbs,main,GQR
USA-MDA_water-level_SERC-dock,2021-02-13 16:12:00,level_m_cbs,main,GQR
USA-MDA_water-level_SERC-dock,2021-02-13 16:18:00,level_m_cbs,main,GQR
USA-MDA_water-level_SERC-dock,2021-02-13 16:24:00,level_m_cbs,main,GQR
USA-MDA_water-level_SERC-dock,2021-02-13 16:30:00,level_m_cbs,main,GQR
USA-MDA_water-level_SERC-dock,2021-02-13 16:36:00,level_m_cbs,main,GQR
USA-MDA_water-level_SERC-dock,2021-02-13 16:42:00,level_m_cbs,main,GQR
USA-MDA_water-level_SERC-dock,2021-02-13 16:48:00,level_m_cbs,main,GQR
USA-MDA_water-level_SERC-dock,2021-02-13 16:54:00,level_m_cbs,main,GQR
USA-MDA_water-level_SERC-dock,2021-02-13 17:00:00,level_m_cbs,main,GQR
USA-MDA_water-level_SERC-dock,2021-02-13 17:06:00,level_m_cbs,main,GQR
USA-MDA_water-level_SERC-dock,2021-02-13 17:12:00,level_m_cbs,main,GQR
USA-MDA_water-level_SERC-dock,2021-02-13 17:18:00,level_m_cbs,main,GQR
USA-MDA_water-level_SERC-dock,2021-02-13 17:24:00,level_m_cbs,main,GQR
USA-MDA_water-level_SERC-dock,2021-02-13 17:30:00,level_m_cbs,main,GQR
USA-MDA_water-level_SERC-dock,2021-02-13 17:36:00,level_m_cbs,main,GQR
USA-MDA_water-level_SERC-dock,2021-02-13 17:42:00,level_m_cbs,main,GQR
USA-MDA_water-level_SERC-dock,2021-02-13 17:48:00,level_m_cbs,main,GQR
USA-MDA_water-level_SERC-dock,2021-02-13 17:54:00,level_m_cbs,main,GQR
USA-MDA_water-level_SERC-dock,2021-02-13 18:00:00,level_m_cbs,main,GQR
USA-MDA_water-level_SERC-dock,2021-02-13 18:06:00,level_m_cbs,main,GQR
USA-MDA_water-level_SERC-dock,2021-02-13 18:12:00,level_m_cbs,main,GQR
USA-MDA_water-level_SERC-dock,2021-02-13 18:18:00,level_m_cbs,main,GQR
USA-MDA_water-level_SERC-dock,2021-02-13 18:24:00,level_m_cbs,main,GQR
USA-MDA_water-level_SERC-dock,2021-02-13 18:30:00,level_m_cbs,main,GQR
USA-MDA_water-level_SERC-dock,2021-02-13 18:36:00,level_m_cbs,main,GQR
USA-MDA_water-level_SERC-dock,2021-02-13 18:42:00,level_m_cbs,main,GQR
USA-MDA_water-level_SERC-dock,2021-02-13 18:48:00,level_m_cbs,main,GQR
USA-MDA_water-level_SERC-dock,2021-02-13 18:54:00,level_m_cbs,main,GQR
USA-MDA_water-level_SERC-dock,2021-02-13 19:00:00,level_m_cbs,main,GQR
USA-MDA_water-level_SERC-dock,2021-02-13 19:06:00,level_m_cbs,main,GQR
USA-MDA_water-level_SERC-dock,2021-02-13 19:12:00,level_m_cbs,main,GQR
USA-MDA_water-level_SERC-dock,2021-02-13 19:18:00,level_m_cbs,main,GQR
USA-MDA_water-level_SERC-dock,2021-02-13 19:24:00,level_m_cbs,main,GQR
USA-MDA_water-level_SERC-dock,2021-02-13 19:30:00,level_m_cbs,main,GQR
USA-MDA_water-level_SERC-dock,2021-02-13 19:36:00,level_m_cbs,main,GQR
USA-MDA_water-level_SERC-dock,2021-02-13 19:42:00,level_m_cbs,main,GQR
USA-MDA_water-level_SERC-dock,2021-02-13 19:48:00,level_m_cbs,main,GQR
USA-MDA_water-level_SERC-dock,2021-02-13 19:54:00,level_m_cbs,main,GQR
USA-MDA_water-level_SERC-dock,2021-02-13 20:00:00,level_m_cbs,main,GQR
USA-MDA_water-level_SERC-dock,2021-02-13 20:06:00,level_m_cbs,main,GQR
USA-MDA_water-level_SERC-dock,2021-02-13 20:12:00,level_m_cbs,main,GQR
USA-MDA_water-level_SERC-dock,2021-02-13 20:18:00,level_m_cbs,main,GQR
USA-MDA_water-level_SERC-dock,2021-02-13 20:24:00,level_m_cbs,main,GQR
USA-MDA_water-level_SERC-dock,2021-02-13 20:30:00,level_m_cbs,main,GQR
USA-MDA_water-level_SERC-dock,2021-02-13 20:36:00,level_m_cbs,main,GQR
USA-MDA_water-level_SERC-dock,2021-02-13 20:42:00,level_m_cbs,main,GQR
USA-MDA_water-level_SERC-dock,2021-02-13 20:48:00,level_m_cbs,main,GQR
USA-MDA_water-level_SERC-dock,2021-02-13 20:54:00,level_m_cbs,main,GQR
USA-MDA_water-level_SERC-dock,2021-02-13 21:00:00,level_m_cbs,main,GQR
USA-MDA_water-level_SERC-dock,2021-02-13 21:06:00,level_m_cbs,main,GQR
USA-MDA_water-level_SERC-dock,2021-02-13 21:12:00,level_m_cbs,main,GQR
USA-MDA_water-level_SERC-dock,2021-02-13 21:18:00,level_m_cbs,main,GQR
USA-MDA_water-level_SERC-dock,2021-02-13 21:24:00,level_m_cbs,main,GQR
USA-MDA_water-level_SERC-dock,2021-02-13 21:30:00,level_m_cbs,main,GQR
USA-MDA_water-level_SERC-dock,2021-02-13 21:36:00,level_m_cbs,main,GQR
USA-MDA_water-level_SERC-dock,2021-02-13 21:42:00,level_m_cbs,main,GQR
USA-MDA_water-level_SERC-dock,2021-02-13 21:48:00,level_m_cbs,main,GQR
USA-MDA_water-level_SERC-dock,2021-02-13 21:54:00,level_m_cbs,main,GQR
USA-MDA_water-level_SERC-dock,2021-02-13 22:00:00,level_m_cbs,main,GQR
USA-MDA_water-level_SERC-dock,2021-02-13 22:06:00,level_m_cbs,main,GQR
USA-MDA_water-level_SERC-dock,2021-02-13 22:12:00,level_m_cbs,main,GQR
USA-MDA_water-level_SERC-dock,2021-02-13 22:18:00,level_m_cbs,main,GQR
USA-MDA_water-level_SERC-dock,2021-02-13 22:24:00,level_m_cbs,main,GQR
USA-MDA_water-level_SERC-dock,2021-02-13 22:30:00,level_m_cbs,main,GQR
USA-MDA_water-level_SERC-dock,2021-02-13 22:36:00,level_m_cbs,main,GQR
USA-MDA_water-level_SERC-dock,2021-02-13 22:42:00,level_m_cbs,main,GQR
USA-MDA_water-level_SERC-dock,2021-02-13 22:48:00,level_m_cbs,main,GQR
USA-MDA_water-level_SERC-dock,2021-02-13 22:54:00,level_m_cbs,main,GQR
USA-MDA_water-level_SERC-dock,2021-02-13 23:00:00,level_m_cbs,main,GQR
USA-MDA_water-level_SERC-dock,2021-02-13 23:06:00,level_m_cbs,main,GQR
USA-MDA_water-level_SERC-dock,2021-02-13 23:12:00,level_m_cbs,main,GQR
USA-MDA_water-level_SERC-dock,2021-02-13 23:18:00,level_m_cbs,main,GQR
USA-MDA_water-level_SERC-dock,2021-02-13 23:24:00,level_m_cbs,main,GQR
USA-MDA_water-level_SERC-dock,2021-02-13 23:30:00,level_m_cbs,main,GQR
USA-MDA_water-level_SERC-dock,2021-02-13 23:36:00,level_m_cbs,main,GQR
USA-MDA_water-level_SERC-dock,2021-02-13 23:42:00,level_m_cbs,main,GQR
USA-MDA_water-level_SERC-dock,2021-02-13 23:48:00,level_m_cbs,main,GQR
USA-MDA_water-level_SERC-dock,2021-02-13 23:54:00,level_m_cbs,main,GQR
USA-MDA_water-level_SERC-dock,2021-02-14 00:00:00,level_m_cbs,main,GQR
USA-MDA_water-level_SERC-dock,2021-02-14 00:06:00,level_m_cbs,main,GQR
USA-MDA_water-level_SERC-dock,2021-02-14 00:12:00,level_m_cbs,main,GQR
USA-MDA_water-level_SERC-dock,2021-02-14 00:18:00,level_m_cbs,main,GQR
USA-MDA_water-level_SERC-dock,2021-02-14 00:24:00,level_m_cbs,main,GQR
USA-MDA_water-level_SERC-dock,2021-02-14 00:30:00,level_m_cbs,main,GQR
USA-MDA_water-level_SERC-dock,2021-02-14 00:36:00,level_m_cbs,main,GQR
USA-MDA_water-level_SERC-dock,2021-02-14 00:42:00,level_m_cbs,main,GQR
USA-MDA_water-level_SERC-dock,2021-02-14 00:48:00,level_m_cbs,main,GQR
USA-MDA_water-level_SERC-dock,2021-02-14 00:54:00,level_m_cbs,main,GQR
USA-MDA_water-level_SERC-dock,2021-02-14 01:00:00,level_m_cbs,main,GQR
USA-MDA_water-level_SERC-dock,2021-02-14 01:06:00,level_m_cbs,main,GQR
USA-MDA_water-level_SERC-dock,2021-02-14 01:12:00,level_m_cbs,main,GQR
USA-MDA_water-level_SERC-dock,2021-02-14 01:18:00,level_m_cbs,main,GQR
USA-MDA_water-level_SERC-dock,2021-02-14 01:24:00,level_m_cbs,main,GQR
USA-MDA_water-level_SERC-dock,2021-02-14 01:30:00,level_m_cbs,main,GQR
USA-MDA_water-level_SERC-dock,2021-02-14 01:36:00,level_m_cbs,main,GQR
USA-MDA_water-level_SERC-dock,2021-02-14 01:42:00,level_m_cbs,main,GQR
USA-MDA_water-level_SERC-dock,2021-02-14 01:48:00,level_m_cbs,main,GQR
USA-MDA_water-level_SERC-dock,2021-02-14 01:54:00,level_m_cbs,main,GQR
USA-MDA_water-level_SERC-dock,2021-02-14 02:00:00,level_m_cbs,main,GQR
USA-MDA_water-level_SERC-dock,2021-02-14 02:06:00,level_m_cbs,main,GQR
USA-MDA_water-level_SERC-dock,2021-02-14 02:12:00,level_m_cbs,main,GQR
USA-MDA_water-level_SERC-dock,2021-02-14 02:18:00,level_m_cbs,main,GQR
USA-MDA_water-level_SERC-dock,2021-02-14 02:24:00,level_m_cbs,main,GQR
USA-MDA_water-level_SERC-dock,2021-02-14 02:30:00,level_m_cbs,main,GQR
USA-MDA_water-level_SERC-dock,2021-02-14 02:36:00,level_m_cbs,main,GQR
USA-MDA_water-level_SERC-dock,2021-02-14 02:42:00,level_m_cbs,main,GQR
USA-MDA_water-level_SERC-dock,2021-02-14 02:48:00,level_m_cbs,main,GQR
USA-MDA_water-level_SERC-dock,2021-02-14 02:54:00,level_m_cbs,main,GQR
USA-MDA_water-level_SERC-dock,2021-02-14 03:00:00,level_m_cbs,main,GQR
USA-MDA_water-level_SERC-dock,2021-02-14 03:06:00,level_m_cbs,main,GQR
USA-MDA_water-level_SERC-dock,2021-02-14 03:12:00,level_m_cbs,main,GQR
USA-MDA_water-level_SERC-dock,2021-02-14 03:18:00,level_m_cbs,main,GQR
USA-MDA_water-level_SERC-dock,2021-02-14 03:24:00,level_m_cbs,main,GQR
USA-MDA_water-level_SERC-dock,2021-02-14 03:30:00,level_m_cbs,main,GQR
USA-MDA_water-level_SERC-dock,2021-02-14 03:36:00,level_m_cbs,main,GQR
USA-MDA_water-level_SERC-dock,2021-02-14 03:42:00,level_m_cbs,main,GQR
USA-MDA_water-level_SERC-dock,2021-02-14 03:48:00,level_m_cbs,main,GQR
USA-MDA_water-level_SERC-dock,2021-02-14 03:54:00,level_m_cbs,main,GQR
USA-MDA_water-level_SERC-dock,2021-02-14 04:00:00,level_m_cbs,main,GQR
USA-MDA_water-level_SERC-dock,2021-02-14 04:06:00,level_m_cbs,main,GQR
USA-MDA_water-level_SERC-dock,2021-02-14 04:12:00,level_m_cbs,main,GQR
USA-MDA_water-level_SERC-dock,2021-02-14 04:18:00,level_m_cbs,main,GQR
USA-MDA_water-level_SERC-dock,2021-02-14 04:24:00,level_m_cbs,main,GQR
USA-MDA_water-level_SERC-dock,2021-02-14 04:30:00,level_m_cbs,main,GQR
USA-MDA_water-level_SERC-dock,2021-02-14 04:36:00,level_m_cbs,main,GQR
USA-MDA_water-level_SERC-dock,2021-02-14 04:42:00,level_m_cbs,main,GQR
USA-MDA_water-level_SERC-dock,2021-02-14 04:48:00,level_m_cbs,main,GQR
USA-MDA_water-level_SERC-dock,2021-02-14 04:54:00,level_m_cbs,main,GQR
USA-MDA_water-level_SERC-dock,2021-02-14 05:00:00,level_m_cbs,main,GQR
USA-MDA_water-level_SERC-dock,2021-02-14 05:06:00,level_m_cbs,main,GQR
USA-MDA_water-level_SERC-dock,2021-02-14 05:12:00,level_m_cbs,main,GQR
USA-MDA_water-level_SERC-dock,2021-02-14 05:18:00,level_m_cbs,main,GQR
USA-MDA_water-level_SERC-dock,2021-02-14 05:24:00,level_m_cbs,main,GQR
USA-MDA_water-level_SERC-dock,2021-02-14 05:30:00,level_m_cbs,main,GQR
USA-MDA_water-level_SERC-dock,2021-02-14 05:36:00,level_m_cbs,main,GQR
USA-MDA_water-level_SERC-dock,2021-02-14 05:42:00,level_m_cbs,main,GQR
USA-MDA_water-level_SERC-dock,2021-02-14 05:48:00,level_m_cbs,main,GQR
USA-MDA_water-level_SERC-dock,2021-02-14 05:54:00,level_m_cbs,main,GQR
USA-MDA_water-level_SERC-dock,2021-02-14 06:00:00,level_m_cbs,main,GQR
USA-MDA_water-level_SERC-dock,2021-02-14 06:06:00,level_m_cbs,main,GQR
USA-MDA_water-level_SERC-dock,2021-02-14 06:12:00,level_m_cbs,main,GQR
USA-MDA_water-level_SERC-dock,2021-02-14 06:18:00,level_m_cbs,main,GQR
USA-MDA_water-level_SERC-dock,2021-02-14 06:24:00,level_m_cbs,main,GQR
USA-MDA_water-level_SERC-dock,2021-02-14 06:30:00,level_m_cbs,main,GQR
USA-MDA_water-level_SERC-dock,2021-02-14 06:36:00,level_m_cbs,main,GQR
USA-MDA_water-level_SERC-dock,2021-02-14 06:42:00,level_m_cbs,main,GQR
USA-MDA_water-level_SERC-dock,2021-02-14 06:48:00,level_m_cbs,main,GQR
USA-MDA_water-level_SERC-dock,2021-02-14 06:54:00,level_m_cbs,main,GQR
USA-MDA_water-level_SERC-dock,2021-02-14 07:00:00,level_m_cbs,main,GQR
USA-MDA_water-level_SERC-dock,2021-02-14 07:06:00,level_m_cbs,main,GQR
USA-MDA_water-level_SERC-dock,2021-02-14 07:12:00,level_m_cbs,main,GQR
USA-MDA_water-level_SERC-dock,2021-02-14 07:18:00,level_m_cbs,main,GQR
USA-MDA_water-level_SERC-dock,2021-02-14 07:24:00,level_m_cbs,main,GQR
USA-MDA_water-level_SERC-dock,2021-02-14 07:30:00,level_m_cbs,main,GQR
USA-MDA_water-level_SERC-dock,2021-02-14 07:36:00,level_m_cbs,main,GQR
USA-MDA_water-level_SERC-dock,2021-02-14 07:42:00,level_m_cbs,main,GQR
USA-MDA_water-level_SERC-dock,2021-02-14 07:48:00,level_m_cbs,main,GQR
USA-MDA_water-level_SERC-dock,2021-02-14 07:54:00,level_m_cbs,main,GQR
USA-MDA_water-level_SERC-dock,2021-02-14 08:00:00,level_m_cbs,main,GQR
USA-MDA_water-level_SERC-dock,2021-02-14 08:06:00,level_m_cbs,main,GQR
USA-MDA_water-level_SERC-dock,2021-02-14 08:12:00,level_m_cbs,main,GQR
USA-MDA_water-level_SERC-dock,2021-02-14 08:18:00,level_m_cbs,main,GQR
USA-MDA_water-level_SERC-dock,2021-02-14 08:24:00,level_m_cbs,main,GQR
USA-MDA_water-level_SERC-dock,2021-02-14 08:30:00,level_m_cbs,main,GQR
USA-MDA_water-level_SERC-dock,2021-02-14 08:36:00,level_m_cbs,main,GQR
USA-MDA_water-level_SERC-dock,2021-02-14 08:42:00,level_m_cbs,main,GQR
USA-MDA_water-level_SERC-dock,2021-02-14 08:48:00,level_m_cbs,main,GQR
USA-MDA_water-level_SERC-dock,2021-02-14 08:54:00,level_m_cbs,main,GQR
USA-MDA_water-level_SERC-dock,2021-02-14 09:00:00,level_m_cbs,main,GQR
USA-MDA_water-level_SERC-dock,2021-02-14 09:06:00,level_m_cbs,main,GQR
USA-MDA_water-level_SERC-dock,2021-02-14 09:12:00,level_m_cbs,main,GQR
USA-MDA_water-level_SERC-dock,2021-02-14 09:18:00,level_m_cbs,main,GQR
USA-MDA_water-level_SERC-dock,2021-02-14 09:24:00,level_m_cbs,main,GQR
USA-MDA_water-level_SERC-dock,2021-02-14 09:30:00,level_m_cbs,main,GQR
USA-MDA_water-level_SERC-dock,2021-02-14 09:36:00,level_m_cbs,main,GQR
USA-MDA_water-level_SERC-dock,2021-02-14 09:42:00,level_m_cbs,main,GQR
USA-MDA_water-level_SERC-dock,2021-02-14 09:48:00,level_m_cbs,main,GQR
USA-MDA_water-level_SERC-dock,2021-02-14 09:54:00,level_m_cbs,main,GQR
USA-MDA_water-level_SERC-dock,2021-02-14 10:00:00,level_m_cbs,main,GQR
USA-MDA_water-level_SERC-dock,2021-02-14 10:06:00,level_m_cbs,main,GQR
USA-MDA_water-level_SERC-dock,2021-02-14 10:12:00,level_m_cbs,main,GQR
USA-MDA_water-level_SERC-dock,2021-02-14 10:18:00,level_m_cbs,main,GQR
USA-MDA_water-level_SERC-dock,2021-02-14 10:24:00,level_m_cbs,main,GQR
USA-MDA_water-level_SERC-dock,2021-02-14 10:30:00,level_m_cbs,main,GQR
USA-MDA_water-level_SERC-dock,2021-02-14 10:36:00,level_m_cbs,main,GQR
USA-MDA_water-level_SERC-dock,2021-02-14 10:42:00,level_m_cbs,main,GQR
USA-MDA_water-level_SERC-dock,2021-02-14 10:48:00,level_m_cbs,main,GQR
USA-MDA_water-level_SERC-dock,2021-02-14 10:54:00,level_m_cbs,main,GQR
USA-MDA_water-level_SERC-dock,2021-02-14 11:00:00,level_m_cbs,main,GQR
USA-MDA_water-level_SERC-dock,2021-02-14 11:06:00,level_m_cbs,main,GQR
USA-MDA_water-level_SERC-dock,2021-02-14 11:12:00,level_m_cbs,main,GQR
USA-MDA_water-level_SERC-dock,2021-02-14 11:18:00,level_m_cbs,main,GQR
USA-MDA_water-level_SERC-dock,2021-02-14 11:24:00,level_m_cbs,main,GQR
USA-MDA_water-level_SERC-dock,2021-02-14 11:30:00,level_m_cbs,main,GQR
USA-MDA_water-level_SERC-dock,2021-02-14 11:36:00,level_m_cbs,main,GQR
USA-MDA_water-level_SERC-dock,2021-02-14 11:42:00,level_m_cbs,main,GQR
USA-MDA_water-level_SERC-dock,2021-02-14 11:48:00,level_m_cbs,main,GQR
USA-MDA_water-level_SERC-dock,2021-02-14 11:54:00,level_m_cbs,main,GQR
USA-MDA_water-level_SERC-dock,2021-02-14 12:00:00,level_m_cbs,main,GQR
USA-MDA_water-level_SERC-dock,2021-02-14 12:06:00,level_m_cbs,main,GQR
USA-MDA_water-level_SERC-dock,2021-02-14 12:12:00,level_m_cbs,main,GQR
USA-MDA_water-level_SERC-dock,2021-02-14 12:18:00,level_m_cbs,main,GQR
USA-MDA_water-level_SERC-dock,2021-02-14 12:24:00,level_m_cbs,main,GQR
USA-MDA_water-level_SERC-dock,2021-02-14 12:30:00,level_m_cbs,main,GQR
USA-MDA_water-level_SERC-dock,2021-02-14 12:36:00,level_m_cbs,main,GQR
USA-MDA_water-level_SERC-dock,2021-02-14 12:42:00,level_m_cbs,main,GQR
USA-MDA_water-level_SERC-dock,2021-02-14 12:48:00,level_m_cbs,main,GQR
USA-MDA_water-level_SERC-dock,2021-02-14 12:54:00,level_m_cbs,main,GQR
USA-MDA_water-level_SERC-dock,2021-02-14 13:00:00,level_m_cbs,main,GQR
USA-MDA_water-level_SERC-dock,2021-02-14 13:06:00,level_m_cbs,main,GQR
USA-MDA_water-level_SERC-dock,2021-02-14 13:12:00,level_m_cbs,main,GQR
USA-MDA_water-level_SERC-dock,2021-02-14 13:18:00,level_m_cbs,main,GQR
USA-MDA_water-level_SERC-dock,2021-02-14 13:24:00,level_m_cbs,main,GQR
USA-MDA_water-level_SERC-dock,2021-02-14 13:30:00,level_m_cbs,main,GQR
USA-MDA_water-level_SERC-dock,2021-02-14 13:36:00,level_m_cbs,main,GQR
USA-MDA_water-level_SERC-dock,2021-02-14 13:42:00,level_m_cbs,main,GQR
USA-MDA_water-level_SERC-dock,2021-02-14 13:48:00,level_m_cbs,main,GQR
USA-MDA_water-level_SERC-dock,2021-02-14 13:54:00,level_m_cbs,main,GQR
USA-MDA_water-level_SERC-dock,2021-02-14 14:00:00,level_m_cbs,main,GQR
USA-MDA_water-level_SERC-dock,2021-02-14 14:06:00,level_m_cbs,main,GQR
USA-MDA_water-level_SERC-dock,2021-02-14 14:12:00,level_m_cbs,main,GQR
USA-MDA_water-level_SERC-dock,2021-02-14 14:18:00,level_m_cbs,main,GQR
USA-MDA_water-level_SERC-dock,2021-02-14 14:24:00,level_m_cbs,main,GQR
USA-MDA_water-level_SERC-dock,2021-02-14 14:30:00,level_m_cbs,main,GQR
USA-MDA_water-level_SERC-dock,2021-02-14 14:36:00,level_m_cbs,main,GQR
USA-MDA_water-level_SERC-dock,2021-02-14 14:42:00,level_m_cbs,main,GQR
USA-MDA_water-level_SERC-dock,2021-02-14 14:48:00,level_m_cbs,main,GQR
USA-MDA_water-level_SERC-dock,2021-02-14 14:54:00,level_m_cbs,main,GQR
USA-MDA_water-level_SERC-dock,2021-02-14 15:00:00,level_m_cbs,main,GQR
USA-MDA_water-level_SERC-dock,2021-02-14 15:06:00,level_m_cbs,main,GQR
USA-MDA_water-level_SERC-dock,2021-02-14 15:12:00,level_m_cbs,main,GQR
USA-MDA_water-level_SERC-dock,2021-02-14 15:18:00,level_m_cbs,main,GQR
USA-MDA_water-level_SERC-dock,2021-02-14 15:24:00,level_m_cbs,main,GQR
USA-MDA_water-level_SERC-dock,2021-02-14 15:30:00,level_m_cbs,main,GQR
USA-MDA_water-level_SERC-dock,2021-02-14 15:36:00,level_m_cbs,main,GQR
USA-MDA_water-level_SERC-dock,2021-02-14 15:42:00,level_m_cbs,main,GQR
USA-MDA_water-level_SERC-dock,2021-02-14 15:48:00,level_m_cbs,main,GQR
USA-MDA_water-level_SERC-dock,2021-02-14 15:54:00,level_m_cbs,main,GQR
USA-MDA_water-level_SERC-dock,2021-02-14 16:00:00,level_m_cbs,main,GQR
USA-MDA_water-level_SERC-dock,2021-02-14 16:06:00,level_m_cbs,main,GQR
USA-MDA_water-level_SERC-dock,2021-02-14 16:12:00,level_m_cbs,main,GQR
USA-MDA_water-level_SERC-dock,2021-02-14 16:18:00,level_m_cbs,main,GQR
USA-MDA_water-level_SERC-dock,2021-02-14 16:24:00,level_m_cbs,main,GQR
USA-MDA_water-level_SERC-dock,2021-02-14 16:30:00,level_m_cbs,main,GQR
USA-MDA_water-level_SERC-dock,2021-02-14 16:36:00,level_m_cbs,main,GQR
USA-MDA_water-level_SERC-dock,2021-02-14 16:42:00,level_m_cbs,main,GQR
USA-MDA_water-level_SERC-dock,2021-02-14 16:48:00,level_m_cbs,main,GQR
USA-MDA_water-level_SERC-dock,2021-02-14 16:54:00,level_m_cbs,main,GQR
USA-MDA_water-level_SERC-dock,2021-02-14 17:00:00,level_m_cbs,main,GQR
USA-MDA_water-level_SERC-dock,2021-02-14 17:06:00,level_m_cbs,main,GQR
USA-MDA_water-level_SERC-dock,2021-02-14 17:12:00,level_m_cbs,main,GQR
USA-MDA_water-level_SERC-dock,2021-02-14 17:18:00,level_m_cbs,main,GQR
USA-MDA_water-level_SERC-dock,2021-02-14 17:24:00,level_m_cbs,main,GQR
USA-MDA_water-level_SERC-dock,2021-02-14 17:30:00,level_m_cbs,main,GQR
USA-MDA_water-level_SERC-dock,2021-02-14 17:36:00,level_m_cbs,main,GQR
USA-MDA_water-level_SERC-dock,2021-02-14 17:42:00,level_m_cbs,main,GQR
USA-MDA_water-level_SERC-dock,2021-02-14 17:48:00,level_m_cbs,main,GQR
USA-MDA_water-level_SERC-dock,2021-02-14 17:54:00,level_m_cbs,main,GQR
USA-MDA_water-level_SERC-dock,2021-02-14 18:00:00,level_m_cbs,main,GQR
USA-MDA_water-level_SERC-dock,2021-02-14 18:06:00,level_m_cbs,main,GQR
USA-MDA_water-level_SERC-dock,2021-02-14 18:12:00,level_m_cbs,main,GQR
USA-MDA_water-level_SERC-dock,2021-02-14 18:18:00,level_m_cbs,main,GQR
USA-MDA_water-level_SERC-dock,2021-02-14 18:24:00,level_m_cbs,main,GQR
USA-MDA_water-level_SERC-dock,2021-02-14 18:30:00,level_m_cbs,main,GQR
USA-MDA_water-level_SERC-dock,2021-02-14 18:36:00,level_m_cbs,main,GQR
USA-MDA_water-level_SERC-dock,2021-02-14 18:42:00,level_m_cbs,main,GQR
USA-MDA_water-level_SERC-dock,2021-02-14 18:48:00,level_m_cbs,main,GQR
USA-MDA_water-level_SERC-dock,2021-02-14 18:54:00,level_m_cbs,main,GQR
USA-MDA_water-level_SERC-dock,2021-02-14 19:00:00,level_m_cbs,main,GQR
USA-MDA_water-level_SERC-dock,2021-02-14 19:06:00,level_m_cbs,main,GQR
USA-MDA_water-level_SERC-dock,2021-02-14 19:12:00,level_m_cbs,main,GQR
USA-MDA_water-level_SERC-dock,2021-02-14 19:18:00,level_m_cbs,main,GQR
USA-MDA_water-level_SERC-dock,2021-02-14 19:24:00,level_m_cbs,main,GQR
USA-MDA_water-level_SERC-dock,2021-02-14 19:30:00,level_m_cbs,main,GQR
USA-MDA_water-level_SERC-dock,2021-02-14 19:36:00,level_m_cbs,main,GQR
USA-MDA_water-level_SERC-dock,2021-02-14 19:42:00,level_m_cbs,main,GQR
USA-MDA_water-level_SERC-dock,2021-02-14 19:48:00,level_m_cbs,main,GQR
USA-MDA_water-level_SERC-dock,2021-02-14 19:54:00,level_m_cbs,main,GQR
USA-MDA_water-level_SERC-dock,2021-02-14 20:00:00,level_m_cbs,main,GQR
USA-MDA_water-level_SERC-dock,2021-02-14 20:06:00,level_m_cbs,main,GQR
USA-MDA_water-level_SERC-dock,2021-02-14 20:12:00,level_m_cbs,main,GQR
USA-MDA_water-level_SERC-dock,2021-02-14 20:18:00,level_m_cbs,main,GQR
USA-MDA_water-level_SERC-dock,2021-02-14 20:24:00,level_m_cbs,main,GQR
USA-MDA_water-level_SERC-dock,2021-02-14 20:30:00,level_m_cbs,main,GQR
USA-MDA_water-level_SERC-dock,2021-02-14 20:36:00,level_m_cbs,main,GQR
USA-MDA_water-level_SERC-dock,2021-02-14 20:42:00,level_m_cbs,main,GQR
USA-MDA_water-level_SERC-dock,2021-02-14 20:48:00,level_m_cbs,main,GQR
USA-MDA_water-level_SERC-dock,2021-02-14 20:54:00,level_m_cbs,main,GQR
USA-MDA_water-level_SERC-dock,2021-02-14 21:00:00,level_m_cbs,main,GQR
USA-MDA_water-level_SERC-dock,2021-02-14 21:06:00,level_m_cbs,main,GQR
USA-MDA_water-level_SERC-dock,2021-02-14 21:12:00,level_m_cbs,main,GQR
USA-MDA_water-level_SERC-dock,2021-02-14 21:18:00,level_m_cbs,main,GQR
USA-MDA_water-level_SERC-dock,2021-02-14 21:24:00,level_m_cbs,main,GQR
USA-MDA_water-level_SERC-dock,2021-02-14 21:30:00,level_m_cbs,main,GQR
USA-MDA_water-level_SERC-dock,2021-02-14 21:36:00,level_m_cbs,main,GQR
USA-MDA_water-level_SERC-dock,2021-02-14 21:42:00,level_m_cbs,main,GQR
USA-MDA_water-level_SERC-dock,2021-02-14 21:48:00,level_m_cbs,main,GQR
USA-MDA_water-level_SERC-dock,2021-02-14 21:54:00,level_m_cbs,main,GQR
USA-MDA_water-level_SERC-dock,2021-02-14 22:00:00,level_m_cbs,main,GQR
USA-MDA_water-level_SERC-dock,2021-02-14 22:06:00,level_m_cbs,main,GQR
USA-MDA_water-level_SERC-dock,2021-02-14 22:12:00,level_m_cbs,main,GQR
USA-MDA_water-level_SERC-dock,2021-02-14 22:18:00,level_m_cbs,main,GQR
USA-MDA_water-level_SERC-dock,2021-02-14 22:24:00,level_m_cbs,main,GQR
USA-MDA_water-level_SERC-dock,2021-02-14 22:30:00,level_m_cbs,main,GQR
USA-MDA_water-level_SERC-dock,2021-02-14 22:36:00,level_m_cbs,main,GQR
USA-MDA_water-level_SERC-dock,2021-02-14 22:42:00,level_m_cbs,main,GQR
USA-MDA_water-level_SERC-dock,2021-02-14 22:48:00,level_m_cbs,main,GQR
USA-MDA_water-level_SERC-dock,2021-02-14 22:54:00,level_m_cbs,main,GQR
USA-MDA_water-level_SERC-dock,2021-02-14 23:00:00,level_m_cbs,main,GQR
USA-MDA_water-level_SERC-dock,2021-02-14 23:06:00,level_m_cbs,main,GQR
USA-MDA_water-level_SERC-dock,2021-02-14 23:12:00,level_m_cbs,main,GQR
USA-MDA_water-level_SERC-dock,2021-02-14 23:18:00,level_m_cbs,main,GQR
USA-MDA_water-level_SERC-dock,2021-02-14 23:24:00,level_m_cbs,main,GQR
USA-MDA_water-level_SERC-dock,2021-02-14 23:30:00,level_m_cbs,main,GQR
USA-MDA_water-level_SERC-dock,2021-02-14 23:36:00,level_m_cbs,main,GQR
USA-MDA_water-level_SERC-dock,2021-02-14 23:42:00,level_m_cbs,main,GQR
USA-MDA_water-level_SERC-dock,2021-02-14 23:48:00,level_m_cbs,main,GQR
USA-MDA_water-level_SERC-dock,2021-02-14 23:54:00,level_m_cbs,main,GQR
USA-MDA_water-level_SERC-dock,2021-02-15 00:00:00,level_m_cbs,main,GQR
USA-MDA_water-level_SERC-dock,2021-02-15 00:06:00,level_m_cbs,main,GQR
USA-MDA_water-level_SERC-dock,2021-02-15 00:12:00,level_m_cbs,main,GQR
USA-MDA_water-level_SERC-dock,2021-02-15 00:18:00,level_m_cbs,main,GQR
USA-MDA_water-level_SERC-dock,2021-02-15 00:24:00,level_m_cbs,main,GQR
USA-MDA_water-level_SERC-dock,2021-02-15 00:30:00,level_m_cbs,main,GQR
USA-MDA_water-level_SERC-dock,2021-02-15 00:36:00,level_m_cbs,main,GQR
USA-MDA_water-level_SERC-dock,2021-02-15 00:42:00,level_m_cbs,main,GQR
USA-MDA_water-level_SERC-dock,2021-02-15 00:48:00,level_m_cbs,main,GQR
USA-MDA_water-level_SERC-dock,2021-02-15 00:54:00,level_m_cbs,main,GQR
USA-MDA_water-level_SERC-dock,2021-02-15 01:00:00,level_m_cbs,main,GQR
USA-MDA_water-level_SERC-dock,2021-02-15 01:06:00,level_m_cbs,main,GQR
USA-MDA_water-level_SERC-dock,2021-02-15 01:12:00,level_m_cbs,main,GQR
USA-MDA_water-level_SERC-dock,2021-02-15 01:18:00,level_m_cbs,main,GQR
USA-MDA_water-level_SERC-dock,2021-02-15 01:24:00,level_m_cbs,main,GQR
USA-MDA_water-level_SERC-dock,2021-02-15 01:30:00,level_m_cbs,main,GQR
USA-MDA_water-level_SERC-dock,2021-02-15 01:36:00,level_m_cbs,main,GQR
USA-MDA_water-level_SERC-dock,2021-02-15 01:42:00,level_m_cbs,main,GQR
USA-MDA_water-level_SERC-dock,2021-02-15 01:48:00,level_m_cbs,main,GQR
USA-MDA_water-level_SERC-dock,2021-02-15 01:54:00,level_m_cbs,main,GQR
USA-MDA_water-level_SERC-dock,2021-02-15 02:00:00,level_m_cbs,main,GQR
USA-MDA_water-level_SERC-dock,2021-02-15 02:06:00,level_m_cbs,main,GQR
USA-MDA_water-level_SERC-dock,2021-02-15 02:12:00,level_m_cbs,main,GQR
USA-MDA_water-level_SERC-dock,2021-02-15 02:18:00,level_m_cbs,main,GQR
USA-MDA_water-level_SERC-dock,2021-02-15 02:24:00,level_m_cbs,main,GQR
USA-MDA_water-level_SERC-dock,2021-02-15 02:30:00,level_m_cbs,main,GQR
USA-MDA_water-level_SERC-dock,2021-02-15 02:36:00,level_m_cbs,main,GQR
USA-MDA_water-level_SERC-dock,2021-02-15 02:42:00,level_m_cbs,main,GQR
USA-MDA_water-level_SERC-dock,2021-02-15 02:48:00,level_m_cbs,main,GQR
USA-MDA_water-level_SERC-dock,2021-02-15 02:54:00,level_m_cbs,main,GQR
USA-MDA_water-level_SERC-dock,2021-02-15 03:00:00,level_m_cbs,main,GQR
USA-MDA_water-level_SERC-dock,2021-02-15 03:06:00,level_m_cbs,main,GQR
USA-MDA_water-level_SERC-dock,2021-02-15 03:12:00,level_m_cbs,main,GQR
USA-MDA_water-level_SERC-dock,2021-02-15 03:18:00,level_m_cbs,main,GQR
USA-MDA_water-level_SERC-dock,2021-02-15 03:24:00,level_m_cbs,main,GQR
USA-MDA_water-level_SERC-dock,2021-02-15 03:30:00,level_m_cbs,main,GQR
USA-MDA_water-level_SERC-dock,2021-02-15 03:36:00,level_m_cbs,main,GQR
USA-MDA_water-level_SERC-dock,2021-02-15 03:42:00,level_m_cbs,main,GQR
USA-MDA_water-level_SERC-dock,2021-02-15 03:48:00,level_m_cbs,main,GQR
USA-MDA_water-level_SERC-dock,2021-02-15 03:54:00,level_m_cbs,main,GQR
USA-MDA_water-level_SERC-dock,2021-02-15 04:00:00,level_m_cbs,main,GQR
USA-MDA_water-level_SERC-dock,2021-02-15 04:06:00,level_m_cbs,main,GQR
USA-MDA_water-level_SERC-dock,2021-02-15 04:12:00,level_m_cbs,main,GQR
USA-MDA_water-level_SERC-dock,2021-02-15 04:18:00,level_m_cbs,main,GQR
USA-MDA_water-level_SERC-dock,2021-02-15 04:24:00,level_m_cbs,main,GQR
USA-MDA_water-level_SERC-dock,2021-02-15 04:30:00,level_m_cbs,main,GQR
USA-MDA_water-level_SERC-dock,2021-02-15 04:36:00,level_m_cbs,main,GQR
USA-MDA_water-level_SERC-dock,2021-02-15 04:42:00,level_m_cbs,main,GQR
USA-MDA_water-level_SERC-dock,2021-02-15 04:48:00,level_m_cbs,main,GQR
USA-MDA_water-level_SERC-dock,2021-02-15 04:54:00,level_m_cbs,main,GQR
USA-MDA_water-level_SERC-dock,2021-02-15 05:00:00,level_m_cbs,main,GQR
USA-MDA_water-level_SERC-dock,2021-02-15 05:06:00,level_m_cbs,main,GQR
USA-MDA_water-level_SERC-dock,2021-02-15 05:12:00,level_m_cbs,main,GQR
USA-MDA_water-level_SERC-dock,2021-02-15 05:18:00,level_m_cbs,main,GQR
USA-MDA_water-level_SERC-dock,2021-02-15 05:24:00,level_m_cbs,main,GQR
USA-MDA_water-level_SERC-dock,2021-02-15 05:30:00,level_m_cbs,main,GQR
USA-MDA_water-level_SERC-dock,2021-02-15 05:36:00,level_m_cbs,main,GQR
USA-MDA_water-level_SERC-dock,2021-02-15 05:42:00,level_m_cbs,main,GQR
USA-MDA_water-level_SERC-dock,2021-02-15 05:48:00,level_m_cbs,main,GQR
USA-MDA_water-level_SERC-dock,2021-02-15 05:54:00,level_m_cbs,main,GQR
USA-MDA_water-level_SERC-dock,2021-02-15 06:00:00,level_m_cbs,main,GQR
USA-MDA_water-level_SERC-dock,2021-02-15 06:06:00,level_m_cbs,main,GQR
USA-MDA_water-level_SERC-dock,2021-02-15 06:12:00,level_m_cbs,main,GQR
USA-MDA_water-level_SERC-dock,2021-02-15 06:18:00,level_m_cbs,main,GQR
USA-MDA_water-level_SERC-dock,2021-02-15 06:24:00,level_m_cbs,main,GQR
USA-MDA_water-level_SERC-dock,2021-02-15 06:30:00,level_m_cbs,main,GQR
USA-MDA_water-level_SERC-dock,2021-02-15 06:36:00,level_m_cbs,main,GQR
USA-MDA_water-level_SERC-dock,2021-02-15 06:42:00,level_m_cbs,main,GQR
USA-MDA_water-level_SERC-dock,2021-02-15 06:48:00,level_m_cbs,main,GQR
USA-MDA_water-level_SERC-dock,2021-02-15 06:54:00,level_m_cbs,main,GQR
USA-MDA_water-level_SERC-dock,2021-02-15 07:00:00,level_m_cbs,main,GQR
USA-MDA_water-level_SERC-dock,2021-02-15 07:06:00,level_m_cbs,main,GQR
USA-MDA_water-level_SERC-dock,2021-02-15 07:12:00,level_m_cbs,main,GQR
USA-MDA_water-level_SERC-dock,2021-02-15 07:18:00,level_m_cbs,main,GQR
USA-MDA_water-level_SERC-dock,2021-02-15 07:24:00,level_m_cbs,main,GQR
USA-MDA_water-level_SERC-dock,2021-02-15 07:30:00,level_m_cbs,main,GQR
USA-MDA_water-level_SERC-dock,2021-02-15 07:36:00,level_m_cbs,main,GQR
USA-MDA_water-level_SERC-dock,2021-02-15 07:42:00,level_m_cbs,main,GQR
USA-MDA_water-level_SERC-dock,2021-02-15 07:48:00,level_m_cbs,main,GQR
USA-MDA_water-level_SERC-dock,2021-02-15 07:54:00,level_m_cbs,main,GQR
USA-MDA_water-level_SERC-dock,2021-02-15 08:00:00,level_m_cbs,main,GQR
USA-MDA_water-level_SERC-dock,2021-02-15 08:06:00,level_m_cbs,main,GQR
USA-MDA_water-level_SERC-dock,2021-02-15 08:12:00,level_m_cbs,main,GQR
USA-MDA_water-level_SERC-dock,2021-02-15 08:18:00,level_m_cbs,main,GQR
USA-MDA_water-level_SERC-dock,2021-02-15 08:24:00,level_m_cbs,main,GQR
USA-MDA_water-level_SERC-dock,2021-02-15 08:30:00,level_m_cbs,main,GQR
USA-MDA_water-level_SERC-dock,2021-02-15 08:36:00,level_m_cbs,main,GQR
USA-MDA_water-level_SERC-dock,2021-02-15 08:42:00,level_m_cbs,main,GQR
USA-MDA_water-level_SERC-dock,2021-02-15 08:48:00,level_m_cbs,main,GQR
USA-MDA_water-level_SERC-dock,2021-02-15 08:54:00,level_m_cbs,main,GQR
USA-MDA_water-level_SERC-dock,2021-02-15 09:00:00,level_m_cbs,main,GQR
USA-MDA_water-level_SERC-dock,2021-02-15 09:06:00,level_m_cbs,main,GQR
USA-MDA_water-level_SERC-dock,2021-02-15 09:12:00,level_m_cbs,main,GQR
USA-MDA_water-level_SERC-dock,2021-02-15 09:18:00,level_m_cbs,main,GQR
USA-MDA_water-level_SERC-dock,2021-02-15 09:24:00,level_m_cbs,main,GQR
USA-MDA_water-level_SERC-dock,2021-02-15 09:30:00,level_m_cbs,main,GQR
USA-MDA_water-level_SERC-dock,2021-02-15 09:36:00,level_m_cbs,main,GQR
USA-MDA_water-level_SERC-dock,2021-02-15 09:42:00,level_m_cbs,main,GQR
USA-MDA_water-level_SERC-dock,2021-02-15 09:48:00,level_m_cbs,main,GQR
USA-MDA_water-level_SERC-dock,2021-02-15 09:54:00,level_m_cbs,main,GQR
USA-MDA_water-level_SERC-dock,2021-02-15 10:00:00,level_m_cbs,main,GQR
USA-MDA_water-level_SERC-dock,2021-02-15 10:06:00,level_m_cbs,main,GQR
USA-MDA_water-level_SERC-dock,2021-02-15 10:12:00,level_m_cbs,main,GQR
USA-MDA_water-level_SERC-dock,2021-02-15 10:18:00,level_m_cbs,main,GQR
USA-MDA_water-level_SERC-dock,2021-02-15 10:24:00,level_m_cbs,main,GQR
USA-MDA_water-level_SERC-dock,2021-02-15 10:30:00,level_m_cbs,main,GQR
USA-MDA_water-level_SERC-dock,2021-02-15 10:36:00,level_m_cbs,main,GQR
USA-MDA_water-level_SERC-dock,2021-02-15 10:42:00,level_m_cbs,main,GQR
USA-MDA_water-level_SERC-dock,2021-02-15 10:48:00,level_m_cbs,main,GQR
USA-MDA_water-level_SERC-dock,2021-02-15 10:54:00,level_m_cbs,main,GQR
USA-MDA_water-level_SERC-dock,2021-02-15 11:00:00,level_m_cbs,main,GQR
USA-MDA_water-level_SERC-dock,2021-02-15 11:06:00,level_m_cbs,main,GQR
USA-MDA_water-level_SERC-dock,2021-02-15 11:12:00,level_m_cbs,main,GQR
USA-MDA_water-level_SERC-dock,2021-02-15 11:18:00,level_m_cbs,main,GQR
USA-MDA_water-level_SERC-dock,2021-02-15 11:24:00,level_m_cbs,main,GQR
USA-MDA_water-level_SERC-dock,2021-02-15 11:30:00,level_m_cbs,main,GQR
USA-MDA_water-level_SERC-dock,2021-02-15 11:36:00,level_m_cbs,main,GQR
USA-MDA_water-level_SERC-dock,2021-02-15 11:42:00,level_m_cbs,main,GQR
USA-MDA_water-level_SERC-dock,2021-02-15 11:48:00,level_m_cbs,main,GQR
USA-MDA_water-level_SERC-dock,2021-02-15 11:54:00,level_m_cbs,main,GQR
USA-MDA_water-level_SERC-dock,2021-02-15 12:00:00,level_m_cbs,main,GQR
USA-MDA_water-level_SERC-dock,2021-02-15 12:06:00,level_m_cbs,main,GQR
USA-MDA_water-level_SERC-dock,2021-02-15 12:12:00,level_m_cbs,main,GQR
USA-MDA_water-level_SERC-dock,2021-02-15 12:18:00,level_m_cbs,main,GQR
USA-MDA_water-level_SERC-dock,2021-02-15 12:24:00,level_m_cbs,main,GQR
USA-MDA_water-level_SERC-dock,2021-02-15 12:30:00,level_m_cbs,main,GQR
USA-MDA_water-level_SERC-dock,2021-02-15 12:36:00,level_m_cbs,main,GQR
USA-MDA_water-level_SERC-dock,2021-02-15 12:42:00,level_m_cbs,main,GQR
USA-MDA_water-level_SERC-dock,2021-02-15 12:48:00,level_m_cbs,main,GQR
USA-MDA_water-level_SERC-dock,2021-02-15 12:54:00,level_m_cbs,main,GQR
USA-MDA_water-level_SERC-dock,2021-02-15 13:00:00,level_m_cbs,main,GQR
USA-MDA_water-level_SERC-dock,2021-02-15 13:06:00,level_m_cbs,main,GQR
USA-MDA_water-level_SERC-dock,2021-02-15 13:12:00,level_m_cbs,main,GQR
USA-MDA_water-level_SERC-dock,2021-02-15 13:18:00,level_m_cbs,main,GQR
USA-MDA_water-level_SERC-dock,2021-02-15 13:24:00,level_m_cbs,main,GQR
USA-MDA_water-level_SERC-dock,2021-02-15 13:30:00,level_m_cbs,main,GQR
USA-MDA_water-level_SERC-dock,2021-02-15 13:36:00,level_m_cbs,main,GQR
USA-MDA_water-level_SERC-dock,2021-02-15 13:42:00,level_m_cbs,main,GQR
USA-MDA_water-level_SERC-dock,2021-02-15 13:48:00,level_m_cbs,main,GQR
USA-MDA_water-level_SERC-dock,2021-02-15 13:54:00,level_m_cbs,main,GQR
USA-MDA_water-level_SERC-dock,2021-02-15 14:00:00,level_m_cbs,main,GQR
USA-MDA_water-level_SERC-dock,2021-02-15 14:06:00,level_m_cbs,main,GQR
USA-MDA_water-level_SERC-dock,2021-02-15 14:12:00,level_m_cbs,main,GQR
USA-MDA_water-level_SERC-dock,2021-02-15 14:18:00,level_m_cbs,main,GQR
USA-MDA_water-level_SERC-dock,2021-02-15 14:24:00,level_m_cbs,main,GQR
USA-MDA_water-level_SERC-dock,2021-02-15 14:30:00,level_m_cbs,main,GQR
USA-MDA_water-level_SERC-dock,2021-02-15 14:36:00,level_m_cbs,main,GQR
USA-MDA_water-level_SERC-dock,2021-02-15 14:42:00,level_m_cbs,main,GQR
USA-MDA_water-level_SERC-dock,2021-02-15 14:48:00,level_m_cbs,main,GQR
USA-MDA_water-level_SERC-dock,2021-02-15 14:54:00,level_m_cbs,main,GQR
USA-MDA_water-level_SERC-dock,2021-02-15 15:00:00,level_m_cbs,main,GQR
USA-MDA_water-level_SERC-dock,2021-02-15 15:06:00,level_m_cbs,main,GQR
USA-MDA_water-level_SERC-dock,2021-02-15 15:12:00,level_m_cbs,main,GQR
USA-MDA_water-level_SERC-dock,2021-02-15 15:18:00,level_m_cbs,main,GQR
USA-MDA_water-level_SERC-dock,2021-02-15 15:24:00,level_m_cbs,main,GQR
USA-MDA_water-level_SERC-dock,2021-02-15 15:30:00,level_m_cbs,main,GQR
USA-MDA_water-level_SERC-dock,2021-02-15 15:36:00,level_m_cbs,main,GQR
USA-MDA_water-level_SERC-dock,2021-02-15 15:42:00,level_m_cbs,main,GQR
USA-MDA_water-level_SERC-dock,2021-02-15 15:48:00,level_m_cbs,main,GQR
USA-MDA_water-level_SERC-dock,2021-02-15 15:54:00,level_m_cbs,main,GQR
USA-MDA_water-level_SERC-dock,2021-02-15 16:00:00,level_m_cbs,main,GQR
USA-MDA_water-level_SERC-dock,2021-02-15 16:06:00,level_m_cbs,main,GQR
USA-MDA_water-level_SERC-dock,2021-02-15 16:12:00,level_m_cbs,main,GQR
USA-MDA_water-level_SERC-dock,2021-02-15 16:18:00,level_m_cbs,main,GQR
USA-MDA_water-level_SERC-dock,2021-02-15 16:24:00,level_m_cbs,main,GQR
USA-MDA_water-level_SERC-dock,2021-02-15 16:30:00,level_m_cbs,main,GQR
USA-MDA_water-level_SERC-dock,2021-02-15 16:36:00,level_m_cbs,main,GQR
USA-MDA_water-level_SERC-dock,2021-02-15 16:42:00,level_m_cbs,main,GQR
USA-MDA_water-level_SERC-dock,2021-02-15 16:48:00,level_m_cbs,main,GQR
USA-MDA_water-level_SERC-dock,2021-02-15 16:54:00,level_m_cbs,main,GQR
USA-MDA_water-level_SERC-dock,2021-02-15 17:00:00,level_m_cbs,main,GQR
USA-MDA_water-level_SERC-dock,2021-02-15 17:06:00,level_m_cbs,main,GQR
USA-MDA_water-level_SERC-dock,2021-02-15 17:12:00,level_m_cbs,main,GQR
USA-MDA_water-level_SERC-dock,2021-02-15 17:18:00,level_m_cbs,main,GQR
USA-MDA_water-level_SERC-dock,2021-02-15 17:24:00,level_m_cbs,main,GQR
USA-MDA_water-level_SERC-dock,2021-02-15 17:30:00,level_m_cbs,main,GQR
USA-MDA_water-level_SERC-dock,2021-02-15 17:36:00,level_m_cbs,main,GQR
USA-MDA_water-level_SERC-dock,2021-02-15 17:42:00,level_m_cbs,main,GQR
USA-MDA_water-level_SERC-dock,2021-02-15 17:48:00,level_m_cbs,main,GQR
USA-MDA_water-level_SERC-dock,2021-02-15 17:54:00,level_m_cbs,main,GQR
USA-MDA_water-level_SERC-dock,2021-02-15 18:00:00,level_m_cbs,main,GQR
USA-MDA_water-level_SERC-dock,2021-02-15 18:06:00,level_m_cbs,main,GQR
USA-MDA_water-level_SERC-dock,2021-02-15 18:12:00,level_m_cbs,main,GQR
USA-MDA_water-level_SERC-dock,2021-02-15 18:18:00,level_m_cbs,main,GQR
USA-MDA_water-level_SERC-dock,2021-02-15 18:24:00,level_m_cbs,main,GQR
USA-MDA_water-level_SERC-dock,2021-02-15 18:30:00,level_m_cbs,main,GQR
USA-MDA_water-level_SERC-dock,2021-02-15 18:36:00,level_m_cbs,main,GQR
USA-MDA_water-level_SERC-dock,2021-02-15 18:42:00,level_m_cbs,main,GQR
USA-MDA_water-level_SERC-dock,2021-02-15 18:48:00,level_m_cbs,main,GQR
USA-MDA_water-level_SERC-dock,2021-02-15 18:54:00,level_m_cbs,main,GQR
USA-MDA_water-level_SERC-dock,2021-02-15 19:00:00,level_m_cbs,main,GQR
USA-MDA_water-level_SERC-dock,2021-02-15 19:06:00,level_m_cbs,main,GQR
USA-MDA_water-level_SERC-dock,2021-02-15 19:12:00,level_m_cbs,main,GQR
USA-MDA_water-level_SERC-dock,2021-02-15 19:18:00,level_m_cbs,main,GQR
USA-MDA_water-level_SERC-dock,2021-02-15 19:24:00,level_m_cbs,main,GQR
USA-MDA_water-level_SERC-dock,2021-02-15 19:30:00,level_m_cbs,main,GQR
USA-MDA_water-level_SERC-dock,2021-02-15 19:36:00,level_m_cbs,main,GQR
USA-MDA_water-level_SERC-dock,2021-02-15 19:42:00,level_m_cbs,main,GQR
USA-MDA_water-level_SERC-dock,2021-02-15 19:48:00,level_m_cbs,main,GQR
USA-MDA_water-level_SERC-dock,2021-02-15 19:54:00,level_m_cbs,main,GQR
USA-MDA_water-level_SERC-dock,2021-02-15 20:00:00,level_m_cbs,main,GQR
USA-MDA_water-level_SERC-dock,2021-02-15 20:06:00,level_m_cbs,main,GQR
USA-MDA_water-level_SERC-dock,2021-02-15 20:12:00,level_m_cbs,main,GQR
USA-MDA_water-level_SERC-dock,2021-02-15 20:18:00,level_m_cbs,main,GQR
USA-MDA_water-level_SERC-dock,2021-02-15 20:24:00,level_m_cbs,main,GQR
USA-MDA_water-level_SERC-dock,2021-02-15 20:30:00,level_m_cbs,main,GQR
USA-MDA_water-level_SERC-dock,2021-02-15 20:36:00,level_m_cbs,main,GQR
USA-MDA_water-level_SERC-dock,2021-02-15 20:42:00,level_m_cbs,main,GQR
USA-MDA_water-level_SERC-dock,2021-02-15 20:48:00,level_m_cbs,main,GQR
USA-MDA_water-level_SERC-dock,2021-02-15 20:54:00,level_m_cbs,main,GQR
USA-MDA_water-level_SERC-dock,2021-02-15 21:00:00,level_m_cbs,main,GQR
USA-MDA_water-level_SERC-dock,2021-02-15 21:06:00,level_m_cbs,main,GQR
USA-MDA_water-level_SERC-dock,2021-02-15 21:12:00,level_m_cbs,main,GQR
USA-MDA_water-level_SERC-dock,2021-02-15 21:18:00,level_m_cbs,main,GQR
USA-MDA_water-level_SERC-dock,2021-02-15 21:24:00,level_m_cbs,main,GQR
USA-MDA_water-level_SERC-dock,2021-02-15 21:30:00,level_m_cbs,main,GQR
USA-MDA_water-level_SERC-dock,2021-02-15 21:36:00,level_m_cbs,main,GQR
USA-MDA_water-level_SERC-dock,2021-02-15 21:42:00,level_m_cbs,main,GQR
USA-MDA_water-level_SERC-dock,2021-02-15 21:48:00,level_m_cbs,main,GQR
USA-MDA_water-level_SERC-dock,2021-02-15 21:54:00,level_m_cbs,main,GQR
USA-MDA_water-level_SERC-dock,2021-02-15 22:00:00,level_m_cbs,main,GQR
USA-MDA_water-level_SERC-dock,2021-02-15 22:06:00,level_m_cbs,main,GQR
USA-MDA_water-level_SERC-dock,2021-02-15 22:12:00,level_m_cbs,main,GQR
USA-MDA_water-level_SERC-dock,2021-02-15 22:18:00,level_m_cbs,main,GQR
USA-MDA_water-level_SERC-dock,2021-02-15 22:24:00,level_m_cbs,main,GQR
USA-MDA_water-level_SERC-dock,2021-02-15 22:30:00,level_m_cbs,main,GQR
USA-MDA_water-level_SERC-dock,2021-02-15 22:36:00,level_m_cbs,main,GQR
USA-MDA_water-level_SERC-dock,2021-02-15 22:42:00,level_m_cbs,main,GQR
USA-MDA_water-level_SERC-dock,2021-02-15 22:48:00,level_m_cbs,main,GQR
USA-MDA_water-level_SERC-dock,2021-02-15 22:54:00,level_m_cbs,main,GQR
USA-MDA_water-level_SERC-dock,2021-02-15 23:00:00,level_m_cbs,main,GQR
USA-MDA_water-level_SERC-dock,2021-02-15 23:06:00,level_m_cbs,main,GQR
USA-MDA_water-level_SERC-dock,2021-02-15 23:12:00,level_m_cbs,main,GQR
USA-MDA_water-level_SERC-dock,2021-02-15 23:18:00,level_m_cbs,main,GQR
USA-MDA_water-level_SERC-dock,2021-02-15 23:24:00,level_m_cbs,main,GQR
USA-MDA_water-level_SERC-dock,2021-02-15 23:30:00,level_m_cbs,main,GQR
USA-MDA_water-level_SERC-dock,2021-02-15 23:36:00,level_m_cbs,main,GQR
USA-MDA_water-level_SERC-dock,2021-02-15 23:42:00,level_m_cbs,main,GQR
USA-MDA_water-level_SERC-dock,2021-02-15 23:48:00,level_m_cbs,main,GQR
USA-MDA_water-level_SERC-dock,2021-02-15 23:54:00,level_m_cbs,main,GQR
USA-MDA_water-level_SERC-dock,2021-02-16 00:00:00,level_m_cbs,main,GQR
USA-MDA_water-level_SERC-dock,2021-02-16 00:06:00,level_m_cbs,main,GQR
USA-MDA_water-level_SERC-dock,2021-02-16 00:12:00,level_m_cbs,main,GQR
USA-MDA_water-level_SERC-dock,2021-02-16 00:18:00,level_m_cbs,main,GQR
USA-MDA_water-level_SERC-dock,2021-02-16 00:24:00,level_m_cbs,main,GQR
USA-MDA_water-level_SERC-dock,2021-02-16 00:30:00,level_m_cbs,main,GQR
USA-MDA_water-level_SERC-dock,2021-02-16 00:36:00,level_m_cbs,main,GQR
USA-MDA_water-level_SERC-dock,2021-02-16 00:42:00,level_m_cbs,main,GQR
USA-MDA_water-level_SERC-dock,2021-02-16 00:48:00,level_m_cbs,main,GQR
USA-MDA_water-level_SERC-dock,2021-02-16 00:54:00,level_m_cbs,main,GQR
USA-MDA_water-level_SERC-dock,2021-02-16 01:00:00,level_m_cbs,main,GQR
USA-MDA_water-level_SERC-dock,2021-02-16 01:06:00,level_m_cbs,main,GQR
USA-MDA_water-level_SERC-dock,2021-02-16 01:12:00,level_m_cbs,main,GQR
USA-MDA_water-level_SERC-dock,2021-02-16 01:18:00,level_m_cbs,main,GQR
USA-MDA_water-level_SERC-dock,2021-02-16 01:24:00,level_m_cbs,main,GQR
USA-MDA_water-level_SERC-dock,2021-02-16 01:30:00,level_m_cbs,main,GQR
USA-MDA_water-level_SERC-dock,2021-02-16 01:36:00,level_m_cbs,main,GQR
USA-MDA_water-level_SERC-dock,2021-02-16 01:42:00,level_m_cbs,main,GQR
USA-MDA_water-level_SERC-dock,2021-02-16 01:48:00,level_m_cbs,main,GQR
USA-MDA_water-level_SERC-dock,2021-02-16 01:54:00,level_m_cbs,main,GQR
USA-MDA_water-level_SERC-dock,2021-02-16 02:00:00,level_m_cbs,main,GQR
USA-MDA_water-level_SERC-dock,2021-02-16 02:06:00,level_m_cbs,main,GQR
USA-MDA_water-level_SERC-dock,2021-02-16 02:12:00,level_m_cbs,main,GQR
USA-MDA_water-level_SERC-dock,2021-02-16 02:18:00,level_m_cbs,main,GQR
USA-MDA_water-level_SERC-dock,2021-02-16 02:24:00,level_m_cbs,main,GQR
USA-MDA_water-level_SERC-dock,2021-02-16 02:30:00,level_m_cbs,main,GQR
USA-MDA_water-level_SERC-dock,2021-02-16 02:36:00,level_m_cbs,main,GQR
USA-MDA_water-level_SERC-dock,2021-02-16 02:42:00,level_m_cbs,main,GQR
USA-MDA_water-level_SERC-dock,2021-02-16 02:48:00,level_m_cbs,main,GQR
USA-MDA_water-level_SERC-dock,2021-02-16 02:54:00,level_m_cbs,main,GQR
USA-MDA_water-level_SERC-dock,2021-02-16 03:00:00,level_m_cbs,main,GQR
USA-MDA_water-level_SERC-dock,2021-02-16 03:06:00,level_m_cbs,main,GQR
USA-MDA_water-level_SERC-dock,2021-02-16 03:12:00,level_m_cbs,main,GQR
USA-MDA_water-level_SERC-dock,2021-02-16 03:18:00,level_m_cbs,main,GQR
USA-MDA_water-level_SERC-dock,2021-02-16 03:24:00,level_m_cbs,main,GQR
USA-MDA_water-level_SERC-dock,2021-02-16 03:30:00,level_m_cbs,main,GQR
USA-MDA_water-level_SERC-dock,2021-02-16 03:36:00,level_m_cbs,main,GQR
USA-MDA_water-level_SERC-dock,2021-02-16 03:42:00,level_m_cbs,main,GQR
USA-MDA_water-level_SERC-dock,2021-02-16 03:48:00,level_m_cbs,main,GQR
USA-MDA_water-level_SERC-dock,2021-02-16 03:54:00,level_m_cbs,main,GQR
USA-MDA_water-level_SERC-dock,2021-02-16 04:00:00,level_m_cbs,main,GQR
USA-MDA_water-level_SERC-dock,2021-02-16 04:06:00,level_m_cbs,main,GQR
USA-MDA_water-level_SERC-dock,2021-02-16 04:12:00,level_m_cbs,main,GQR
USA-MDA_water-level_SERC-dock,2021-02-16 04:18:00,level_m_cbs,main,GQR
USA-MDA_water-level_SERC-dock,2021-02-16 04:24:00,level_m_cbs,main,GQR
USA-MDA_water-level_SERC-dock,2021-02-16 04:30:00,level_m_cbs,main,GQR
USA-MDA_water-level_SERC-dock,2021-02-16 04:36:00,level_m_cbs,main,GQR
USA-MDA_water-level_SERC-dock,2021-02-16 04:42:00,level_m_cbs,main,GQR
USA-MDA_water-level_SERC-dock,2021-02-16 04:48:00,level_m_cbs,main,GQR
USA-MDA_water-level_SERC-dock,2021-02-16 04:54:00,level_m_cbs,main,GQR
USA-MDA_water-level_SERC-dock,2021-02-16 05:00:00,level_m_cbs,main,GQR
USA-MDA_water-level_SERC-dock,2021-02-16 05:06:00,level_m_cbs,main,GQR
USA-MDA_water-level_SERC-dock,2021-02-16 05:12:00,level_m_cbs,main,GQR
USA-MDA_water-level_SERC-dock,2021-02-16 05:18:00,level_m_cbs,main,GQR
USA-MDA_water-level_SERC-dock,2021-02-16 05:24:00,level_m_cbs,main,GQR
USA-MDA_water-level_SERC-dock,2021-02-16 05:30:00,level_m_cbs,main,GQR
USA-MDA_water-level_SERC-dock,2021-02-16 05:36:00,level_m_cbs,main,GQR
USA-MDA_water-level_SERC-dock,2021-02-16 05:42:00,level_m_cbs,main,GQR
USA-MDA_water-level_SERC-dock,2021-02-16 05:48:00,level_m_cbs,main,GQR
USA-MDA_water-level_SERC-dock,2021-02-16 05:54:00,level_m_cbs,main,GQR
USA-MDA_water-level_SERC-dock,2021-02-16 06:00:00,level_m_cbs,main,GQR
USA-MDA_water-level_SERC-dock,2021-02-16 06:06:00,level_m_cbs,main,GQR
USA-MDA_water-level_SERC-dock,2021-02-16 06:12:00,level_m_cbs,main,GQR
USA-MDA_water-level_SERC-dock,2021-02-16 06:18:00,level_m_cbs,main,GQR
USA-MDA_water-level_SERC-dock,2021-02-16 06:24:00,level_m_cbs,main,GQR
USA-MDA_water-level_SERC-dock,2021-02-16 06:30:00,level_m_cbs,main,GQR
USA-MDA_water-level_SERC-dock,2021-02-16 06:36:00,level_m_cbs,main,GQR
USA-MDA_water-level_SERC-dock,2021-02-16 06:42:00,level_m_cbs,main,GQR
USA-MDA_water-level_SERC-dock,2021-02-16 06:48:00,level_m_cbs,main,GQR
USA-MDA_water-level_SERC-dock,2021-02-16 06:54:00,level_m_cbs,main,GQR
USA-MDA_water-level_SERC-dock,2021-02-16 07:00:00,level_m_cbs,main,GQR
USA-MDA_water-level_SERC-dock,2021-02-16 07:06:00,level_m_cbs,main,GQR
USA-MDA_water-level_SERC-dock,2021-02-16 07:12:00,level_m_cbs,main,GQR
USA-MDA_water-level_SERC-dock,2021-02-16 07:18:00,level_m_cbs,main,GQR
USA-MDA_water-level_SERC-dock,2021-02-16 07:24:00,level_m_cbs,main,GQR
USA-MDA_water-level_SERC-dock,2021-02-16 07:30:00,level_m_cbs,main,GQR
USA-MDA_water-level_SERC-dock,2021-02-16 07:36:00,level_m_cbs,main,GQR
USA-MDA_water-level_SERC-dock,2021-02-16 07:42:00,level_m_cbs,main,GQR
USA-MDA_water-level_SERC-dock,2021-02-16 07:48:00,level_m_cbs,main,GQR
USA-MDA_water-level_SERC-dock,2021-02-16 07:54:00,level_m_cbs,main,GQR
USA-MDA_water-level_SERC-dock,2021-02-16 08:00:00,level_m_cbs,main,GQR
USA-MDA_water-level_SERC-dock,2021-02-16 08:06:00,level_m_cbs,main,GQR
USA-MDA_water-level_SERC-dock,2021-02-16 08:12:00,level_m_cbs,main,GQR
USA-MDA_water-level_SERC-dock,2021-02-16 08:18:00,level_m_cbs,main,GQR
USA-MDA_water-level_SERC-dock,2021-02-16 08:24:00,level_m_cbs,main,GQR
USA-MDA_water-level_SERC-dock,2021-02-16 08:30:00,level_m_cbs,main,GQR
USA-MDA_water-level_SERC-dock,2021-02-16 08:36:00,level_m_cbs,main,GQR
USA-MDA_water-level_SERC-dock,2021-02-16 08:42:00,level_m_cbs,main,GQR
USA-MDA_water-level_SERC-dock,2021-02-16 08:48:00,level_m_cbs,main,GQR
USA-MDA_water-level_SERC-dock,2021-02-16 08:54:00,level_m_cbs,main,GQR
USA-MDA_water-level_SERC-dock,2021-02-16 09:00:00,level_m_cbs,main,GQR
USA-MDA_water-level_SERC-dock,2021-02-16 09:06:00,level_m_cbs,main,GQR
USA-MDA_water-level_SERC-dock,2021-02-16 09:12:00,level_m_cbs,main,GQR
USA-MDA_water-level_SERC-dock,2021-02-16 09:18:00,level_m_cbs,main,GQR
USA-MDA_water-level_SERC-dock,2021-02-16 09:24:00,level_m_cbs,main,GQR
USA-MDA_water-level_SERC-dock,2021-02-16 09:30:00,level_m_cbs,main,GQR
USA-MDA_water-level_SERC-dock,2021-02-16 09:36:00,level_m_cbs,main,GQR
USA-MDA_water-level_SERC-dock,2021-02-16 09:42:00,level_m_cbs,main,GQR
USA-MDA_water-level_SERC-dock,2021-02-16 09:48:00,level_m_cbs,main,GQR
USA-MDA_water-level_SERC-dock,2021-02-16 09:54:00,level_m_cbs,main,GQR
USA-MDA_water-level_SERC-dock,2021-02-16 10:00:00,level_m_cbs,main,GQR
USA-MDA_water-level_SERC-dock,2021-02-16 10:06:00,level_m_cbs,main,GQR
USA-MDA_water-level_SERC-dock,2021-02-16 10:12:00,level_m_cbs,main,GQR
USA-MDA_water-level_SERC-dock,2021-02-16 10:18:00,level_m_cbs,main,GQR
USA-MDA_water-level_SERC-dock,2021-02-16 10:24:00,level_m_cbs,main,GQR
USA-MDA_water-level_SERC-dock,2021-02-16 10:30:00,level_m_cbs,main,GQR
USA-MDA_water-level_SERC-dock,2021-02-16 10:36:00,level_m_cbs,main,GQR
USA-MDA_water-level_SERC-dock,2021-02-16 10:42:00,level_m_cbs,main,GQR
USA-MDA_water-level_SERC-dock,2021-02-16 10:48:00,level_m_cbs,main,GQR
USA-MDA_water-level_SERC-dock,2021-02-16 10:54:00,level_m_cbs,main,GQR
USA-MDA_water-level_SERC-dock,2021-02-16 11:00:00,level_m_cbs,main,GQR
USA-MDA_water-level_SERC-dock,2021-02-16 11:06:00,level_m_cbs,main,GQR
USA-MDA_water-level_SERC-dock,2021-02-16 11:12:00,level_m_cbs,main,GQR
USA-MDA_water-level_SERC-dock,2021-02-16 11:18:00,level_m_cbs,main,GQR
USA-MDA_water-level_SERC-dock,2021-02-16 11:24:00,level_m_cbs,main,GQR
USA-MDA_water-level_SERC-dock,2021-02-16 11:30:00,level_m_cbs,main,GQR
USA-MDA_water-level_SERC-dock,2021-02-16 11:36:00,level_m_cbs,main,GQR
USA-MDA_water-level_SERC-dock,2021-02-16 11:42:00,level_m_cbs,main,GQR
USA-MDA_water-level_SERC-dock,2021-02-16 11:48:00,level_m_cbs,main,GQR
USA-MDA_water-level_SERC-dock,2021-02-16 11:54:00,level_m_cbs,main,GQR
USA-MDA_water-level_SERC-dock,2021-02-16 12:00:00,level_m_cbs,main,GQR
USA-MDA_water-level_SERC-dock,2021-02-16 12:06:00,level_m_cbs,main,GQR
USA-MDA_water-level_SERC-dock,2021-02-16 12:12:00,level_m_cbs,main,GQR
USA-MDA_water-level_SERC-dock,2021-02-16 12:18:00,level_m_cbs,main,GQR
USA-MDA_water-level_SERC-dock,2021-02-16 12:24:00,level_m_cbs,main,GQR
USA-MDA_water-level_SERC-dock,2021-02-16 12:30:00,level_m_cbs,main,GQR
USA-MDA_water-level_SERC-dock,2021-02-16 12:36:00,level_m_cbs,main,GQR
USA-MDA_water-level_SERC-dock,2021-02-16 12:42:00,level_m_cbs,main,GQR
USA-MDA_water-level_SERC-dock,2021-02-16 12:48:00,level_m_cbs,main,GQR
USA-MDA_water-level_SERC-dock,2021-02-16 12:54:00,level_m_cbs,main,GQR
USA-MDA_water-level_SERC-dock,2021-02-16 13:00:00,level_m_cbs,main,GQR
USA-MDA_water-level_SERC-dock,2021-02-16 13:06:00,level_m_cbs,main,GQR
USA-MDA_water-level_SERC-dock,2021-02-16 13:12:00,level_m_cbs,main,GQR
USA-MDA_water-level_SERC-dock,2021-02-16 13:18:00,level_m_cbs,main,GQR
USA-MDA_water-level_SERC-dock,2021-02-16 13:24:00,level_m_cbs,main,GQR
USA-MDA_water-level_SERC-dock,2021-02-16 13:30:00,level_m_cbs,main,GQR
USA-MDA_water-level_SERC-dock,2021-02-16 13:36:00,level_m_cbs,main,GQR
USA-MDA_water-level_SERC-dock,2021-02-16 13:42:00,level_m_cbs,main,GQR
USA-MDA_water-level_SERC-dock,2021-02-16 13:48:00,level_m_cbs,main,GQR
USA-MDA_water-level_SERC-dock,2021-02-16 13:54:00,level_m_cbs,main,GQR
USA-MDA_water-level_SERC-dock,2021-02-16 14:00:00,level_m_cbs,main,GQR
USA-MDA_water-level_SERC-dock,2021-02-16 14:06:00,level_m_cbs,main,GQR
USA-MDA_water-level_SERC-dock,2021-02-16 14:12:00,level_m_cbs,main,GQR
USA-MDA_water-level_SERC-dock,2021-02-16 14:18:00,level_m_cbs,main,GQR
USA-MDA_water-level_SERC-dock,2021-02-16 14:24:00,level_m_cbs,main,GQR
USA-MDA_water-level_SERC-dock,2021-02-16 14:30:00,level_m_cbs,main,GQR
USA-MDA_water-level_SERC-dock,2021-02-16 14:36:00,level_m_cbs,main,GQR
